id_teks,sumber_teks,id_kalimat,kalimat,hash_teks
1,cerita_1.txt,1,Pagi itu Rina bangun lebih awal.,e89f05dc2f612da8e34f4d1e777ac15e1582889dd0835dd6db74647410b18dbd
1,cerita_1.txt,2,Rina merapikan tempat tidur di kamarnya.,e89f05dc2f612da8e34f4d1e777ac15e1582889dd0835dd6db74647410b18dbd
1,cerita_1.txt,3,Ibu memanggil Rina dari dapur.,e89f05dc2f612da8e34f4d1e777ac15e1582889dd0835dd6db74647410b18dbd
1,cerita_1.txt,4,Rina berjalan ke dapur dengan cepat.,e89f05dc2f612da8e34f4d1e777ac15e1582889dd0835dd6db74647410b18dbd
1,cerita_1.txt,5,Ibu menyiapkan sarapan nasi goreng.,e89f05dc2f612da8e34f4d1e777ac15e1582889dd0835dd6db74647410b18dbd
1,cerita_1.txt,6,Rina membantu ibu menata meja makan.,e89f05dc2f612da8e34f4d1e777ac15e1582889dd0835dd6db74647410b18dbd
1,cerita_1.txt,7,Ayah membaca koran di ruang tamu.,e89f05dc2f612da8e34f4d1e777ac15e1582889dd0835dd6db74647410b18dbd
1,cerita_1.txt,8,Adik bermain bola di halaman rumah.,e89f05dc2f612da8e34f4d1e777ac15e1582889dd0835dd6db74647410b18dbd
1,cerita_1.txt,9,Rina mengambil piring dari lemari.,e89f05dc2f612da8e34f4d1e777ac15e1582889dd0835dd6db74647410b18dbd
1,cerita_1.txt,10,Ibu menuangkan teh hangat ke gelas.,e89f05dc2f612da8e34f4d1e777ac15e1582889dd0835dd6db74647410b18dbd
1,cerita_1.txt,11,Ayah memanggil semua anggota keluarga.,e89f05dc2f612da8e34f4d1e777ac15e1582889dd0835dd6db74647410b18dbd
1,cerita_1.txt,12,Mereka duduk bersama di meja makan.,e89f05dc2f612da8e34f4d1e777ac15e1582889dd0835dd6db74647410b18dbd
1,cerita_1.txt,13,Rina makan nasi goreng dengan lahap.,e89f05dc2f612da8e34f4d1e777ac15e1582889dd0835dd6db74647410b18dbd
1,cerita_1.txt,14,Adik minum teh dengan hati-hati.,e89f05dc2f612da8e34f4d1e777ac15e1582889dd0835dd6db74647410b18dbd
1,cerita_1.txt,15,Ayah bercerita tentang pekerjaan di kantor.,e89f05dc2f612da8e34f4d1e777ac15e1582889dd0835dd6db74647410b18dbd
1,cerita_1.txt,16,Ibu mendengarkan cerita ayah dengan tenang.,e89f05dc2f612da8e34f4d1e777ac15e1582889dd0835dd6db74647410b18dbd
1,cerita_1.txt,17,Rina bertanya tentang rencana hari ini.,e89f05dc2f612da8e34f4d1e777ac15e1582889dd0835dd6db74647410b18dbd
1,cerita_1.txt,18,Ayah menjawab pertanyaan Rina dengan jelas.,e89f05dc2f612da8e34f4d1e777ac15e1582889dd0835dd6db74647410b18dbd
1,cerita_1.txt,19,Setelah makan mereka membersihkan meja.,e89f05dc2f612da8e34f4d1e777ac15e1582889dd0835dd6db74647410b18dbd
1,cerita_1.txt,20,Rina mencuci piring di wastafel.,e89f05dc2f612da8e34f4d1e777ac15e1582889dd0835dd6db74647410b18dbd
1,cerita_1.txt,21,Ibu mengelap meja dengan kain bersih.,e89f05dc2f612da8e34f4d1e777ac15e1582889dd0835dd6db74647410b18dbd
1,cerita_1.txt,22,Ayah menyapu lantai ruang makan.,e89f05dc2f612da8e34f4d1e777ac15e1582889dd0835dd6db74647410b18dbd
1,cerita_1.txt,23,Adik mengumpulkan sendok ke dalam wadah.,e89f05dc2f612da8e34f4d1e777ac15e1582889dd0835dd6db74647410b18dbd
1,cerita_1.txt,24,Rumah terlihat rapi setelah dibersihkan.,e89f05dc2f612da8e34f4d1e777ac15e1582889dd0835dd6db74647410b18dbd
1,cerita_1.txt,25,Rina merasa senang membantu keluarga.,e89f05dc2f612da8e34f4d1e777ac15e1582889dd0835dd6db74647410b18dbd
2,cerita_2.txt,1,Pagi hari Andi pergi ke sekolah.,53ba282dd19c5043977c582c25f63d4874ac72f3f708b01ce6df90a03dcb6fd9
2,cerita_2.txt,2,Andi berjalan kaki bersama Budi.,53ba282dd19c5043977c582c25f63d4874ac72f3f708b01ce6df90a03dcb6fd9
2,cerita_2.txt,3,Mereka melewati taman di dekat rumah.,53ba282dd19c5043977c582c25f63d4874ac72f3f708b01ce6df90a03dcb6fd9
2,cerita_2.txt,4,Burung bernyanyi di atas pohon.,53ba282dd19c5043977c582c25f63d4874ac72f3f708b01ce6df90a03dcb6fd9
2,cerita_2.txt,5,Andi membawa tas berwarna biru.,53ba282dd19c5043977c582c25f63d4874ac72f3f708b01ce6df90a03dcb6fd9
2,cerita_2.txt,6,Budi membawa bekal dari ibunya.,53ba282dd19c5043977c582c25f63d4874ac72f3f708b01ce6df90a03dcb6fd9
2,cerita_2.txt,7,Mereka tiba di gerbang sekolah.,53ba282dd19c5043977c582c25f63d4874ac72f3f708b01ce6df90a03dcb6fd9
2,cerita_2.txt,8,Guru menyambut siswa di depan kelas.,53ba282dd19c5043977c582c25f63d4874ac72f3f708b01ce6df90a03dcb6fd9
2,cerita_2.txt,9,Andi masuk ke kelas dengan tertib.,53ba282dd19c5043977c582c25f63d4874ac72f3f708b01ce6df90a03dcb6fd9
2,cerita_2.txt,10,Budi duduk di bangku sebelah Andi.,53ba282dd19c5043977c582c25f63d4874ac72f3f708b01ce6df90a03dcb6fd9
2,cerita_2.txt,11,Guru menjelaskan pelajaran matematika.,53ba282dd19c5043977c582c25f63d4874ac72f3f708b01ce6df90a03dcb6fd9
2,cerita_2.txt,12,Andi mendengarkan penjelasan guru.,53ba282dd19c5043977c582c25f63d4874ac72f3f708b01ce6df90a03dcb6fd9
2,cerita_2.txt,13,Budi mencatat di buku tulis.,53ba282dd19c5043977c582c25f63d4874ac72f3f708b01ce6df90a03dcb6fd9
2,cerita_2.txt,14,Mereka mengerjakan soal dengan serius.,53ba282dd19c5043977c582c25f63d4874ac72f3f708b01ce6df90a03dcb6fd9
2,cerita_2.txt,15,Guru memeriksa hasil pekerjaan siswa.,53ba282dd19c5043977c582c25f63d4874ac72f3f708b01ce6df90a03dcb6fd9
2,cerita_2.txt,16,Andi mendapat nilai yang baik.,53ba282dd19c5043977c582c25f63d4874ac72f3f708b01ce6df90a03dcb6fd9
2,cerita_2.txt,17,Budi juga mendapat nilai bagus.,53ba282dd19c5043977c582c25f63d4874ac72f3f708b01ce6df90a03dcb6fd9
2,cerita_2.txt,18,Saat istirahat mereka makan bersama.,53ba282dd19c5043977c582c25f63d4874ac72f3f708b01ce6df90a03dcb6fd9
2,cerita_2.txt,19,Andi membuka bekal nasi goreng.,53ba282dd19c5043977c582c25f63d4874ac72f3f708b01ce6df90a03dcb6fd9
2,cerita_2.txt,20,Budi membuka bekal roti isi.,53ba282dd19c5043977c582c25f63d4874ac72f3f708b01ce6df90a03dcb6fd9
2,cerita_2.txt,21,Mereka berbagi makanan di kantin.,53ba282dd19c5043977c582c25f63d4874ac72f3f708b01ce6df90a03dcb6fd9
2,cerita_2.txt,22,Setelah istirahat mereka kembali ke kelas.,53ba282dd19c5043977c582c25f63d4874ac72f3f708b01ce6df90a03dcb6fd9
2,cerita_2.txt,23,Guru mengajar pelajaran bahasa Indonesia.,53ba282dd19c5043977c582c25f63d4874ac72f3f708b01ce6df90a03dcb6fd9
2,cerita_2.txt,24,Andi membaca teks dengan lantang.,53ba282dd19c5043977c582c25f63d4874ac72f3f708b01ce6df90a03dcb6fd9
2,cerita_2.txt,25,Budi menulis jawaban di buku.,53ba282dd19c5043977c582c25f63d4874ac72f3f708b01ce6df90a03dcb6fd9
3,cerita_3.txt,1,Sore hari Siti bermain di halaman.,f8e13a3fc06a3ac26b44b77daecee918600bb0e8967a65155c52865b52f02b33
3,cerita_3.txt,2,Siti membawa boneka kesayangannya.,f8e13a3fc06a3ac26b44b77daecee918600bb0e8967a65155c52865b52f02b33
3,cerita_3.txt,3,Teman Siti datang ke rumah.,f8e13a3fc06a3ac26b44b77daecee918600bb0e8967a65155c52865b52f02b33
3,cerita_3.txt,4,Mereka bermain bersama di bawah pohon.,f8e13a3fc06a3ac26b44b77daecee918600bb0e8967a65155c52865b52f02b33
3,cerita_3.txt,5,Siti duduk di atas tikar.,f8e13a3fc06a3ac26b44b77daecee918600bb0e8967a65155c52865b52f02b33
3,cerita_3.txt,6,Temannya membawa mainan baru.,f8e13a3fc06a3ac26b44b77daecee918600bb0e8967a65155c52865b52f02b33
3,cerita_3.txt,7,Mereka saling bertukar mainan.,f8e13a3fc06a3ac26b44b77daecee918600bb0e8967a65155c52865b52f02b33
3,cerita_3.txt,8,Ibu memanggil mereka dari dalam rumah.,f8e13a3fc06a3ac26b44b77daecee918600bb0e8967a65155c52865b52f02b33
3,cerita_3.txt,9,Ibu menyajikan kue di meja.,f8e13a3fc06a3ac26b44b77daecee918600bb0e8967a65155c52865b52f02b33
3,cerita_3.txt,10,Siti mengambil kue dengan sopan.,f8e13a3fc06a3ac26b44b77daecee918600bb0e8967a65155c52865b52f02b33
3,cerita_3.txt,11,Temannya minum air putih.,f8e13a3fc06a3ac26b44b77daecee918600bb0e8967a65155c52865b52f02b33
3,cerita_3.txt,12,Mereka berbicara tentang sekolah.,f8e13a3fc06a3ac26b44b77daecee918600bb0e8967a65155c52865b52f02b33
3,cerita_3.txt,13,Siti menceritakan pelajaran hari ini.,f8e13a3fc06a3ac26b44b77daecee918600bb0e8967a65155c52865b52f02b33
3,cerita_3.txt,14,Temannya mendengarkan dengan antusias.,f8e13a3fc06a3ac26b44b77daecee918600bb0e8967a65155c52865b52f02b33
3,cerita_3.txt,15,Mereka tertawa bersama di halaman.,f8e13a3fc06a3ac26b44b77daecee918600bb0e8967a65155c52865b52f02b33
3,cerita_3.txt,16,Angin bertiup sejuk di sore hari.,f8e13a3fc06a3ac26b44b77daecee918600bb0e8967a65155c52865b52f02b33
3,cerita_3.txt,17,Daun bergoyang di atas pohon.,f8e13a3fc06a3ac26b44b77daecee918600bb0e8967a65155c52865b52f02b33
3,cerita_3.txt,18,Siti merasa senang bermain.,f8e13a3fc06a3ac26b44b77daecee918600bb0e8967a65155c52865b52f02b33
3,cerita_3.txt,19,Temannya juga merasa gembira.,f8e13a3fc06a3ac26b44b77daecee918600bb0e8967a65155c52865b52f02b33
3,cerita_3.txt,20,Matahari mulai terbenam di barat.,f8e13a3fc06a3ac26b44b77daecee918600bb0e8967a65155c52865b52f02b33
3,cerita_3.txt,21,Ibu mengajak mereka masuk ke rumah.,f8e13a3fc06a3ac26b44b77daecee918600bb0e8967a65155c52865b52f02b33
3,cerita_3.txt,22,Siti merapikan mainannya.,f8e13a3fc06a3ac26b44b77daecee918600bb0e8967a65155c52865b52f02b33
3,cerita_3.txt,23,Temannya berpamitan kepada ibu Siti.,f8e13a3fc06a3ac26b44b77daecee918600bb0e8967a65155c52865b52f02b33
3,cerita_3.txt,24,Siti mengantar temannya ke depan rumah.,f8e13a3fc06a3ac26b44b77daecee918600bb0e8967a65155c52865b52f02b33
3,cerita_3.txt,25,Siti kembali ke rumah dengan bahagia.,f8e13a3fc06a3ac26b44b77daecee918600bb0e8967a65155c52865b52f02b33
4,cerita_4.txt,1,Pagi hari Dina membantu ibu.,c8487fc6bccb2a6d8739d04308e3544117bee66942ceae2ddd91161ad32c17d9
4,cerita_4.txt,2,Dina menyapu lantai ruang tamu.,c8487fc6bccb2a6d8739d04308e3544117bee66942ceae2ddd91161ad32c17d9
4,cerita_4.txt,3,Ibu mencuci pakaian di halaman.,c8487fc6bccb2a6d8739d04308e3544117bee66942ceae2ddd91161ad32c17d9
4,cerita_4.txt,4,Dina mengambil sapu dari gudang.,c8487fc6bccb2a6d8739d04308e3544117bee66942ceae2ddd91161ad32c17d9
4,cerita_4.txt,5,Ibu menjemur pakaian di tali.,c8487fc6bccb2a6d8739d04308e3544117bee66942ceae2ddd91161ad32c17d9
4,cerita_4.txt,6,Dina membersihkan debu di meja.,c8487fc6bccb2a6d8739d04308e3544117bee66942ceae2ddd91161ad32c17d9
4,cerita_4.txt,7,Ayah memperbaiki kursi di teras.,c8487fc6bccb2a6d8739d04308e3544117bee66942ceae2ddd91161ad32c17d9
4,cerita_4.txt,8,Adik menggambar di buku gambar.,c8487fc6bccb2a6d8739d04308e3544117bee66942ceae2ddd91161ad32c17d9
4,cerita_4.txt,9,Dina mengelap jendela dengan kain.,c8487fc6bccb2a6d8739d04308e3544117bee66942ceae2ddd91161ad32c17d9
4,cerita_4.txt,10,Ibu memasak sayur di dapur.,c8487fc6bccb2a6d8739d04308e3544117bee66942ceae2ddd91161ad32c17d9
4,cerita_4.txt,11,Aroma masakan terasa harum.,c8487fc6bccb2a6d8739d04308e3544117bee66942ceae2ddd91161ad32c17d9
4,cerita_4.txt,12,Dina menata kursi di ruang makan.,c8487fc6bccb2a6d8739d04308e3544117bee66942ceae2ddd91161ad32c17d9
4,cerita_4.txt,13,Ayah masuk ke dalam rumah.,c8487fc6bccb2a6d8739d04308e3544117bee66942ceae2ddd91161ad32c17d9
4,cerita_4.txt,14,Adik menunjukkan gambar kepada ayah.,c8487fc6bccb2a6d8739d04308e3544117bee66942ceae2ddd91161ad32c17d9
4,cerita_4.txt,15,Ayah memuji hasil gambar adik.,c8487fc6bccb2a6d8739d04308e3544117bee66942ceae2ddd91161ad32c17d9
4,cerita_4.txt,16,Dina membantu ibu menyiapkan makan siang.,c8487fc6bccb2a6d8739d04308e3544117bee66942ceae2ddd91161ad32c17d9
4,cerita_4.txt,17,Mereka makan bersama di meja.,c8487fc6bccb2a6d8739d04308e3544117bee66942ceae2ddd91161ad32c17d9
4,cerita_4.txt,18,Ibu menuangkan air ke gelas.,c8487fc6bccb2a6d8739d04308e3544117bee66942ceae2ddd91161ad32c17d9
4,cerita_4.txt,19,Dina makan dengan tertib.,c8487fc6bccb2a6d8739d04308e3544117bee66942ceae2ddd91161ad32c17d9
4,cerita_4.txt,20,Adik duduk dengan rapi.,c8487fc6bccb2a6d8739d04308e3544117bee66942ceae2ddd91161ad32c17d9
4,cerita_4.txt,21,Ayah bercerita tentang pekerjaan.,c8487fc6bccb2a6d8739d04308e3544117bee66942ceae2ddd91161ad32c17d9
4,cerita_4.txt,22,Dina mendengarkan dengan baik.,c8487fc6bccb2a6d8739d04308e3544117bee66942ceae2ddd91161ad32c17d9
4,cerita_4.txt,23,Setelah makan Dina mencuci piring.,c8487fc6bccb2a6d8739d04308e3544117bee66942ceae2ddd91161ad32c17d9
4,cerita_4.txt,24,Ibu mengelap meja makan.,c8487fc6bccb2a6d8739d04308e3544117bee66942ceae2ddd91161ad32c17d9
4,cerita_4.txt,25,Rumah menjadi bersih dan rapi.,c8487fc6bccb2a6d8739d04308e3544117bee66942ceae2ddd91161ad32c17d9
5,cerita_5.txt,1,Rudi pergi ke pasar bersama ibu.,02c4a71c0b935ca82e3968c8778cbb5dbb84509543971e2758d51e95fa5c5d0d
5,cerita_5.txt,2,Rudi berjalan di samping ibu.,02c4a71c0b935ca82e3968c8778cbb5dbb84509543971e2758d51e95fa5c5d0d
5,cerita_5.txt,3,Pasar terlihat ramai pada pagi hari.,02c4a71c0b935ca82e3968c8778cbb5dbb84509543971e2758d51e95fa5c5d0d
5,cerita_5.txt,4,Ibu membeli sayur dari pedagang.,02c4a71c0b935ca82e3968c8778cbb5dbb84509543971e2758d51e95fa5c5d0d
5,cerita_5.txt,5,Rudi membawa kantong belanja.,02c4a71c0b935ca82e3968c8778cbb5dbb84509543971e2758d51e95fa5c5d0d
5,cerita_5.txt,6,Pedagang menawarkan buah segar.,02c4a71c0b935ca82e3968c8778cbb5dbb84509543971e2758d51e95fa5c5d0d
5,cerita_5.txt,7,Ibu memilih apel merah.,02c4a71c0b935ca82e3968c8778cbb5dbb84509543971e2758d51e95fa5c5d0d
5,cerita_5.txt,8,Rudi menghitung jumlah buah.,02c4a71c0b935ca82e3968c8778cbb5dbb84509543971e2758d51e95fa5c5d0d
5,cerita_5.txt,9,Ibu membayar di kasir pasar.,02c4a71c0b935ca82e3968c8778cbb5dbb84509543971e2758d51e95fa5c5d0d
5,cerita_5.txt,10,Rudi membantu membawa barang.,02c4a71c0b935ca82e3968c8778cbb5dbb84509543971e2758d51e95fa5c5d0d
5,cerita_5.txt,11,Mereka keluar dari pasar bersama.,02c4a71c0b935ca82e3968c8778cbb5dbb84509543971e2758d51e95fa5c5d0d
5,cerita_5.txt,12,Rudi melihat penjual mainan.,02c4a71c0b935ca82e3968c8778cbb5dbb84509543971e2758d51e95fa5c5d0d
5,cerita_5.txt,13,Rudi meminta izin kepada ibu.,02c4a71c0b935ca82e3968c8778cbb5dbb84509543971e2758d51e95fa5c5d0d
5,cerita_5.txt,14,Ibu mengizinkan Rudi melihat mainan.,02c4a71c0b935ca82e3968c8778cbb5dbb84509543971e2758d51e95fa5c5d0d
5,cerita_5.txt,15,Rudi memilih bola kecil.,02c4a71c0b935ca82e3968c8778cbb5dbb84509543971e2758d51e95fa5c5d0d
5,cerita_5.txt,16,Ibu membeli bola untuk Rudi.,02c4a71c0b935ca82e3968c8778cbb5dbb84509543971e2758d51e95fa5c5d0d
5,cerita_5.txt,17,Rudi merasa sangat senang.,02c4a71c0b935ca82e3968c8778cbb5dbb84509543971e2758d51e95fa5c5d0d
5,cerita_5.txt,18,Mereka berjalan pulang ke rumah.,02c4a71c0b935ca82e3968c8778cbb5dbb84509543971e2758d51e95fa5c5d0d
5,cerita_5.txt,19,Rudi membawa bola di tangan.,02c4a71c0b935ca82e3968c8778cbb5dbb84509543971e2758d51e95fa5c5d0d
5,cerita_5.txt,20,Ibu membawa belanjaan di tas.,02c4a71c0b935ca82e3968c8778cbb5dbb84509543971e2758d51e95fa5c5d0d
5,cerita_5.txt,21,Sesampainya di rumah mereka beristirahat.,02c4a71c0b935ca82e3968c8778cbb5dbb84509543971e2758d51e95fa5c5d0d
5,cerita_5.txt,22,Rudi bermain bola di halaman.,02c4a71c0b935ca82e3968c8778cbb5dbb84509543971e2758d51e95fa5c5d0d
5,cerita_5.txt,23,Ibu menyimpan belanjaan di dapur.,02c4a71c0b935ca82e3968c8778cbb5dbb84509543971e2758d51e95fa5c5d0d
5,cerita_5.txt,24,Ayah datang dari kantor.,02c4a71c0b935ca82e3968c8778cbb5dbb84509543971e2758d51e95fa5c5d0d
5,cerita_5.txt,25,Rudi menunjukkan bola kepada ayah.,02c4a71c0b935ca82e3968c8778cbb5dbb84509543971e2758d51e95fa5c5d0d
6,cerita_6.txt,1,Pagi hari Beni membaca buku.,a0bb74dcda79cc1801b0d14f9eb563dbb24896ec4fcf9c52537665698cd2db06
6,cerita_6.txt,2,Beni duduk di kursi belajar.,a0bb74dcda79cc1801b0d14f9eb563dbb24896ec4fcf9c52537665698cd2db06
6,cerita_6.txt,3,Ibu memanggil Beni dari dapur.,a0bb74dcda79cc1801b0d14f9eb563dbb24896ec4fcf9c52537665698cd2db06
6,cerita_6.txt,4,Beni menutup buku pelajaran.,a0bb74dcda79cc1801b0d14f9eb563dbb24896ec4fcf9c52537665698cd2db06
6,cerita_6.txt,5,Ibu meminta bantuan Beni.,a0bb74dcda79cc1801b0d14f9eb563dbb24896ec4fcf9c52537665698cd2db06
6,cerita_6.txt,6,Beni mengambil air di sumur.,a0bb74dcda79cc1801b0d14f9eb563dbb24896ec4fcf9c52537665698cd2db06
6,cerita_6.txt,7,Ibu memasak sayur di dapur.,a0bb74dcda79cc1801b0d14f9eb563dbb24896ec4fcf9c52537665698cd2db06
6,cerita_6.txt,8,Beni menuangkan air ke dalam panci.,a0bb74dcda79cc1801b0d14f9eb563dbb24896ec4fcf9c52537665698cd2db06
6,cerita_6.txt,9,Ibu mengaduk masakan dengan sendok.,a0bb74dcda79cc1801b0d14f9eb563dbb24896ec4fcf9c52537665698cd2db06
6,cerita_6.txt,10,Aroma masakan terasa enak.,a0bb74dcda79cc1801b0d14f9eb563dbb24896ec4fcf9c52537665698cd2db06
6,cerita_6.txt,11,Beni mencuci tangan di wastafel.,a0bb74dcda79cc1801b0d14f9eb563dbb24896ec4fcf9c52537665698cd2db06
6,cerita_6.txt,12,Ibu menyiapkan makan pagi.,a0bb74dcda79cc1801b0d14f9eb563dbb24896ec4fcf9c52537665698cd2db06
6,cerita_6.txt,13,Ayah duduk di ruang makan.,a0bb74dcda79cc1801b0d14f9eb563dbb24896ec4fcf9c52537665698cd2db06
6,cerita_6.txt,14,Beni membawa piring ke meja.,a0bb74dcda79cc1801b0d14f9eb563dbb24896ec4fcf9c52537665698cd2db06
6,cerita_6.txt,15,Mereka makan bersama di pagi hari.,a0bb74dcda79cc1801b0d14f9eb563dbb24896ec4fcf9c52537665698cd2db06
6,cerita_6.txt,16,Ayah berbicara tentang pekerjaan.,a0bb74dcda79cc1801b0d14f9eb563dbb24896ec4fcf9c52537665698cd2db06
6,cerita_6.txt,17,Ibu mendengarkan dengan tenang.,a0bb74dcda79cc1801b0d14f9eb563dbb24896ec4fcf9c52537665698cd2db06
6,cerita_6.txt,18,Beni menghabiskan makanannya.,a0bb74dcda79cc1801b0d14f9eb563dbb24896ec4fcf9c52537665698cd2db06
6,cerita_6.txt,19,Setelah makan Beni kembali belajar.,a0bb74dcda79cc1801b0d14f9eb563dbb24896ec4fcf9c52537665698cd2db06
6,cerita_6.txt,20,Beni membuka buku di meja.,a0bb74dcda79cc1801b0d14f9eb563dbb24896ec4fcf9c52537665698cd2db06
6,cerita_6.txt,21,Ibu membersihkan dapur.,a0bb74dcda79cc1801b0d14f9eb563dbb24896ec4fcf9c52537665698cd2db06
6,cerita_6.txt,22,Ayah bersiap pergi ke kantor.,a0bb74dcda79cc1801b0d14f9eb563dbb24896ec4fcf9c52537665698cd2db06
6,cerita_6.txt,23,Beni membaca dengan serius.,a0bb74dcda79cc1801b0d14f9eb563dbb24896ec4fcf9c52537665698cd2db06
6,cerita_6.txt,24,Ibu memberi semangat kepada Beni.,a0bb74dcda79cc1801b0d14f9eb563dbb24896ec4fcf9c52537665698cd2db06
6,cerita_6.txt,25,Beni merasa termotivasi untuk belajar.,a0bb74dcda79cc1801b0d14f9eb563dbb24896ec4fcf9c52537665698cd2db06
7,cerita_7.txt,1,Pagi hari Tono pergi ke sekolah.,4f497478b960c272e23d53606c36795e3b5c44125e2af0c3139e2f471eb3104f
7,cerita_7.txt,2,Tono memakai seragam rapi.,4f497478b960c272e23d53606c36795e3b5c44125e2af0c3139e2f471eb3104f
7,cerita_7.txt,3,Ibu menyiapkan bekal untuk Tono.,4f497478b960c272e23d53606c36795e3b5c44125e2af0c3139e2f471eb3104f
7,cerita_7.txt,4,Tono memasukkan buku ke tas.,4f497478b960c272e23d53606c36795e3b5c44125e2af0c3139e2f471eb3104f
7,cerita_7.txt,5,Ayah mengantar Tono ke sekolah.,4f497478b960c272e23d53606c36795e3b5c44125e2af0c3139e2f471eb3104f
7,cerita_7.txt,6,Tono duduk di belakang sepeda.,4f497478b960c272e23d53606c36795e3b5c44125e2af0c3139e2f471eb3104f
7,cerita_7.txt,7,Mereka melewati jalan desa.,4f497478b960c272e23d53606c36795e3b5c44125e2af0c3139e2f471eb3104f
7,cerita_7.txt,8,Angin bertiup di pagi hari.,4f497478b960c272e23d53606c36795e3b5c44125e2af0c3139e2f471eb3104f
7,cerita_7.txt,9,Tono tiba di sekolah tepat waktu.,4f497478b960c272e23d53606c36795e3b5c44125e2af0c3139e2f471eb3104f
7,cerita_7.txt,10,Guru menyambut siswa di gerbang.,4f497478b960c272e23d53606c36795e3b5c44125e2af0c3139e2f471eb3104f
7,cerita_7.txt,11,Tono masuk ke kelas dengan tertib.,4f497478b960c272e23d53606c36795e3b5c44125e2af0c3139e2f471eb3104f
7,cerita_7.txt,12,Temannya menyapa Tono dengan ramah.,4f497478b960c272e23d53606c36795e3b5c44125e2af0c3139e2f471eb3104f
7,cerita_7.txt,13,Guru mengajar pelajaran sains.,4f497478b960c272e23d53606c36795e3b5c44125e2af0c3139e2f471eb3104f
7,cerita_7.txt,14,Tono mendengarkan dengan fokus.,4f497478b960c272e23d53606c36795e3b5c44125e2af0c3139e2f471eb3104f
7,cerita_7.txt,15,Temannya mencatat di buku.,4f497478b960c272e23d53606c36795e3b5c44125e2af0c3139e2f471eb3104f
7,cerita_7.txt,16,Guru memberi tugas kepada siswa.,4f497478b960c272e23d53606c36795e3b5c44125e2af0c3139e2f471eb3104f
7,cerita_7.txt,17,Tono mengerjakan tugas dengan teliti.,4f497478b960c272e23d53606c36795e3b5c44125e2af0c3139e2f471eb3104f
7,cerita_7.txt,18,Saat istirahat Tono bermain di lapangan.,4f497478b960c272e23d53606c36795e3b5c44125e2af0c3139e2f471eb3104f
7,cerita_7.txt,19,Temannya bermain bola bersama.,4f497478b960c272e23d53606c36795e3b5c44125e2af0c3139e2f471eb3104f
7,cerita_7.txt,20,Tono berlari di lapangan sekolah.,4f497478b960c272e23d53606c36795e3b5c44125e2af0c3139e2f471eb3104f
7,cerita_7.txt,21,Setelah istirahat mereka kembali ke kelas.,4f497478b960c272e23d53606c36795e3b5c44125e2af0c3139e2f471eb3104f
7,cerita_7.txt,22,Guru melanjutkan pelajaran.,4f497478b960c272e23d53606c36795e3b5c44125e2af0c3139e2f471eb3104f
7,cerita_7.txt,23,Tono menjawab pertanyaan guru.,4f497478b960c272e23d53606c36795e3b5c44125e2af0c3139e2f471eb3104f
7,cerita_7.txt,24,Guru memberi pujian kepada Tono.,4f497478b960c272e23d53606c36795e3b5c44125e2af0c3139e2f471eb3104f
7,cerita_7.txt,25,Tono pulang ke rumah dengan senang.,4f497478b960c272e23d53606c36795e3b5c44125e2af0c3139e2f471eb3104f
8,cerita_8.txt,1,Pagi hari Lani membantu ibu di dapur.,b5b5a52277ff4624c94937cbf59b30654e4ff09347ebcd5a9d1d4a1ab4a8e231
8,cerita_8.txt,2,Lani mencuci sayur di wastafel.,b5b5a52277ff4624c94937cbf59b30654e4ff09347ebcd5a9d1d4a1ab4a8e231
8,cerita_8.txt,3,Ibu memotong wortel di meja.,b5b5a52277ff4624c94937cbf59b30654e4ff09347ebcd5a9d1d4a1ab4a8e231
8,cerita_8.txt,4,Lani menaruh sayur ke dalam mangkuk.,b5b5a52277ff4624c94937cbf59b30654e4ff09347ebcd5a9d1d4a1ab4a8e231
8,cerita_8.txt,5,Ibu menyalakan kompor di dapur.,b5b5a52277ff4624c94937cbf59b30654e4ff09347ebcd5a9d1d4a1ab4a8e231
8,cerita_8.txt,6,Air mendidih di dalam panci.,b5b5a52277ff4624c94937cbf59b30654e4ff09347ebcd5a9d1d4a1ab4a8e231
8,cerita_8.txt,7,Lani mengaduk sayur dengan sendok.,b5b5a52277ff4624c94937cbf59b30654e4ff09347ebcd5a9d1d4a1ab4a8e231
8,cerita_8.txt,8,Aroma masakan terasa harum.,b5b5a52277ff4624c94937cbf59b30654e4ff09347ebcd5a9d1d4a1ab4a8e231
8,cerita_8.txt,9,Ayah duduk di ruang makan.,b5b5a52277ff4624c94937cbf59b30654e4ff09347ebcd5a9d1d4a1ab4a8e231
8,cerita_8.txt,10,Adik bermain mobil-mobilan di lantai.,b5b5a52277ff4624c94937cbf59b30654e4ff09347ebcd5a9d1d4a1ab4a8e231
8,cerita_8.txt,11,Lani menyiapkan piring di meja.,b5b5a52277ff4624c94937cbf59b30654e4ff09347ebcd5a9d1d4a1ab4a8e231
8,cerita_8.txt,12,Ibu menuangkan sup ke mangkuk.,b5b5a52277ff4624c94937cbf59b30654e4ff09347ebcd5a9d1d4a1ab4a8e231
8,cerita_8.txt,13,Mereka makan bersama di pagi hari.,b5b5a52277ff4624c94937cbf59b30654e4ff09347ebcd5a9d1d4a1ab4a8e231
8,cerita_8.txt,14,Lani makan dengan rapi.,b5b5a52277ff4624c94937cbf59b30654e4ff09347ebcd5a9d1d4a1ab4a8e231
8,cerita_8.txt,15,Adik minum air putih.,b5b5a52277ff4624c94937cbf59b30654e4ff09347ebcd5a9d1d4a1ab4a8e231
8,cerita_8.txt,16,Ayah bercerita tentang pekerjaan.,b5b5a52277ff4624c94937cbf59b30654e4ff09347ebcd5a9d1d4a1ab4a8e231
8,cerita_8.txt,17,Ibu mendengarkan dengan tenang.,b5b5a52277ff4624c94937cbf59b30654e4ff09347ebcd5a9d1d4a1ab4a8e231
8,cerita_8.txt,18,Setelah makan Lani mencuci piring.,b5b5a52277ff4624c94937cbf59b30654e4ff09347ebcd5a9d1d4a1ab4a8e231
8,cerita_8.txt,19,Ibu mengelap meja makan.,b5b5a52277ff4624c94937cbf59b30654e4ff09347ebcd5a9d1d4a1ab4a8e231
8,cerita_8.txt,20,Adik mengumpulkan sendok.,b5b5a52277ff4624c94937cbf59b30654e4ff09347ebcd5a9d1d4a1ab4a8e231
8,cerita_8.txt,21,Rumah menjadi bersih setelah dibersihkan.,b5b5a52277ff4624c94937cbf59b30654e4ff09347ebcd5a9d1d4a1ab4a8e231
8,cerita_8.txt,22,Lani merasa senang membantu ibu.,b5b5a52277ff4624c94937cbf59b30654e4ff09347ebcd5a9d1d4a1ab4a8e231
8,cerita_8.txt,23,Ibu memuji kerja Lani.,b5b5a52277ff4624c94937cbf59b30654e4ff09347ebcd5a9d1d4a1ab4a8e231
8,cerita_8.txt,24,Lani tersenyum bahagia.,b5b5a52277ff4624c94937cbf59b30654e4ff09347ebcd5a9d1d4a1ab4a8e231
8,cerita_8.txt,25,Hari terasa menyenangkan bagi Lani.,b5b5a52277ff4624c94937cbf59b30654e4ff09347ebcd5a9d1d4a1ab4a8e231
9,cerita_9.txt,1,Pagi hari Riko bermain di halaman.,ea69513d8453398aaa1485ff0ad97d73638ced10fdabe77d7bf5305f63139017
9,cerita_9.txt,2,Riko membawa bola kecil.,ea69513d8453398aaa1485ff0ad97d73638ced10fdabe77d7bf5305f63139017
9,cerita_9.txt,3,Temannya datang ke rumah Riko.,ea69513d8453398aaa1485ff0ad97d73638ced10fdabe77d7bf5305f63139017
9,cerita_9.txt,4,Mereka bermain bersama di lapangan kecil.,ea69513d8453398aaa1485ff0ad97d73638ced10fdabe77d7bf5305f63139017
9,cerita_9.txt,5,Riko menendang bola ke arah teman.,ea69513d8453398aaa1485ff0ad97d73638ced10fdabe77d7bf5305f63139017
9,cerita_9.txt,6,Temannya menangkap bola dengan tangan.,ea69513d8453398aaa1485ff0ad97d73638ced10fdabe77d7bf5305f63139017
9,cerita_9.txt,7,Mereka tertawa dengan gembira.,ea69513d8453398aaa1485ff0ad97d73638ced10fdabe77d7bf5305f63139017
9,cerita_9.txt,8,Ibu memanggil Riko dari dalam rumah.,ea69513d8453398aaa1485ff0ad97d73638ced10fdabe77d7bf5305f63139017
9,cerita_9.txt,9,Ibu memberi minum air putih.,ea69513d8453398aaa1485ff0ad97d73638ced10fdabe77d7bf5305f63139017
9,cerita_9.txt,10,Riko duduk di kursi teras.,ea69513d8453398aaa1485ff0ad97d73638ced10fdabe77d7bf5305f63139017
9,cerita_9.txt,11,Temannya duduk di samping Riko.,ea69513d8453398aaa1485ff0ad97d73638ced10fdabe77d7bf5305f63139017
9,cerita_9.txt,12,Mereka minum air bersama.,ea69513d8453398aaa1485ff0ad97d73638ced10fdabe77d7bf5305f63139017
9,cerita_9.txt,13,Angin bertiup sejuk di siang hari.,ea69513d8453398aaa1485ff0ad97d73638ced10fdabe77d7bf5305f63139017
9,cerita_9.txt,14,Riko melihat burung di pohon.,ea69513d8453398aaa1485ff0ad97d73638ced10fdabe77d7bf5305f63139017
9,cerita_9.txt,15,Temannya menunjuk ke arah langit.,ea69513d8453398aaa1485ff0ad97d73638ced10fdabe77d7bf5305f63139017
9,cerita_9.txt,16,Mereka berbicara tentang burung.,ea69513d8453398aaa1485ff0ad97d73638ced10fdabe77d7bf5305f63139017
9,cerita_9.txt,17,Riko kembali bermain bola.,ea69513d8453398aaa1485ff0ad97d73638ced10fdabe77d7bf5305f63139017
9,cerita_9.txt,18,Temannya ikut bermain bersama.,ea69513d8453398aaa1485ff0ad97d73638ced10fdabe77d7bf5305f63139017
9,cerita_9.txt,19,Matahari mulai terik di siang hari.,ea69513d8453398aaa1485ff0ad97d73638ced10fdabe77d7bf5305f63139017
9,cerita_9.txt,20,Ibu meminta mereka beristirahat.,ea69513d8453398aaa1485ff0ad97d73638ced10fdabe77d7bf5305f63139017
9,cerita_9.txt,21,Riko masuk ke dalam rumah.,ea69513d8453398aaa1485ff0ad97d73638ced10fdabe77d7bf5305f63139017
9,cerita_9.txt,22,Temannya berpamitan kepada ibu Riko.,ea69513d8453398aaa1485ff0ad97d73638ced10fdabe77d7bf5305f63139017
9,cerita_9.txt,23,Riko mengantar temannya ke depan rumah.,ea69513d8453398aaa1485ff0ad97d73638ced10fdabe77d7bf5305f63139017
9,cerita_9.txt,24,Riko melambaikan tangan kepada temannya.,ea69513d8453398aaa1485ff0ad97d73638ced10fdabe77d7bf5305f63139017
9,cerita_9.txt,25,Riko kembali bermain di halaman.,ea69513d8453398aaa1485ff0ad97d73638ced10fdabe77d7bf5305f63139017
10,cerita_10.txt,1,Pagi hari Sari pergi ke perpustakaan.,efb620d525dd9d93dd0707e333e3a94c17365bb261a4b0a08502e3718962105c
10,cerita_10.txt,2,Sari berjalan kaki bersama temannya.,efb620d525dd9d93dd0707e333e3a94c17365bb261a4b0a08502e3718962105c
10,cerita_10.txt,3,Mereka membawa buku di tas.,efb620d525dd9d93dd0707e333e3a94c17365bb261a4b0a08502e3718962105c
10,cerita_10.txt,4,Perpustakaan terlihat tenang.,efb620d525dd9d93dd0707e333e3a94c17365bb261a4b0a08502e3718962105c
10,cerita_10.txt,5,Petugas menyapa mereka dengan ramah.,efb620d525dd9d93dd0707e333e3a94c17365bb261a4b0a08502e3718962105c
10,cerita_10.txt,6,Sari mencari buku cerita di rak.,efb620d525dd9d93dd0707e333e3a94c17365bb261a4b0a08502e3718962105c
10,cerita_10.txt,7,Temannya mencari buku pelajaran.,efb620d525dd9d93dd0707e333e3a94c17365bb261a4b0a08502e3718962105c
10,cerita_10.txt,8,Sari menemukan buku bergambar.,efb620d525dd9d93dd0707e333e3a94c17365bb261a4b0a08502e3718962105c
10,cerita_10.txt,9,Temannya duduk di kursi baca.,efb620d525dd9d93dd0707e333e3a94c17365bb261a4b0a08502e3718962105c
10,cerita_10.txt,10,Sari membaca buku dengan serius.,efb620d525dd9d93dd0707e333e3a94c17365bb261a4b0a08502e3718962105c
10,cerita_10.txt,11,Temannya mencatat isi buku.,efb620d525dd9d93dd0707e333e3a94c17365bb261a4b0a08502e3718962105c
10,cerita_10.txt,12,Suasana perpustakaan sangat nyaman.,efb620d525dd9d93dd0707e333e3a94c17365bb261a4b0a08502e3718962105c
10,cerita_10.txt,13,Sari membalik halaman buku.,efb620d525dd9d93dd0707e333e3a94c17365bb261a4b0a08502e3718962105c
10,cerita_10.txt,14,Temannya membaca dengan fokus.,efb620d525dd9d93dd0707e333e3a94c17365bb261a4b0a08502e3718962105c
10,cerita_10.txt,15,Waktu terasa cepat berlalu.,efb620d525dd9d93dd0707e333e3a94c17365bb261a4b0a08502e3718962105c
10,cerita_10.txt,16,Sari meminjam buku dari petugas.,efb620d525dd9d93dd0707e333e3a94c17365bb261a4b0a08502e3718962105c
10,cerita_10.txt,17,Temannya juga meminjam buku.,efb620d525dd9d93dd0707e333e3a94c17365bb261a4b0a08502e3718962105c
10,cerita_10.txt,18,Mereka keluar dari perpustakaan.,efb620d525dd9d93dd0707e333e3a94c17365bb261a4b0a08502e3718962105c
10,cerita_10.txt,19,Sari membawa buku di tangan.,efb620d525dd9d93dd0707e333e3a94c17365bb261a4b0a08502e3718962105c
10,cerita_10.txt,20,Temannya menyimpan buku di tas.,efb620d525dd9d93dd0707e333e3a94c17365bb261a4b0a08502e3718962105c
10,cerita_10.txt,21,Mereka berjalan pulang bersama.,efb620d525dd9d93dd0707e333e3a94c17365bb261a4b0a08502e3718962105c
10,cerita_10.txt,22,Sari merasa senang membaca.,efb620d525dd9d93dd0707e333e3a94c17365bb261a4b0a08502e3718962105c
10,cerita_10.txt,23,Temannya juga merasa puas.,efb620d525dd9d93dd0707e333e3a94c17365bb261a4b0a08502e3718962105c
10,cerita_10.txt,24,Mereka berjanji kembali lagi.,efb620d525dd9d93dd0707e333e3a94c17365bb261a4b0a08502e3718962105c
10,cerita_10.txt,25,Hari terasa menyenangkan bagi mereka.,efb620d525dd9d93dd0707e333e3a94c17365bb261a4b0a08502e3718962105c
11,cerita_11.txt,1,Pagi hari Doni membantu ayah di kebun.,2866882eda44f7785e91e9c0a1f57074c6ce75fd92e82c1c27f188160d628a22
11,cerita_11.txt,2,Doni membawa cangkul kecil.,2866882eda44f7785e91e9c0a1f57074c6ce75fd92e82c1c27f188160d628a22
11,cerita_11.txt,3,Ayah menggali tanah di kebun.,2866882eda44f7785e91e9c0a1f57074c6ce75fd92e82c1c27f188160d628a22
11,cerita_11.txt,4,Doni menanam bibit sayur.,2866882eda44f7785e91e9c0a1f57074c6ce75fd92e82c1c27f188160d628a22
11,cerita_11.txt,5,Ayah menyiram tanaman dengan air.,2866882eda44f7785e91e9c0a1f57074c6ce75fd92e82c1c27f188160d628a22
11,cerita_11.txt,6,Doni mengambil air dari sumur.,2866882eda44f7785e91e9c0a1f57074c6ce75fd92e82c1c27f188160d628a22
11,cerita_11.txt,7,Tanaman tumbuh di tanah subur.,2866882eda44f7785e91e9c0a1f57074c6ce75fd92e82c1c27f188160d628a22
11,cerita_11.txt,8,Ayah memberi pupuk ke tanaman.,2866882eda44f7785e91e9c0a1f57074c6ce75fd92e82c1c27f188160d628a22
11,cerita_11.txt,9,Doni membersihkan rumput liar.,2866882eda44f7785e91e9c0a1f57074c6ce75fd92e82c1c27f188160d628a22
11,cerita_11.txt,10,Matahari bersinar di pagi hari.,2866882eda44f7785e91e9c0a1f57074c6ce75fd92e82c1c27f188160d628a22
11,cerita_11.txt,11,Doni merasa senang bekerja.,2866882eda44f7785e91e9c0a1f57074c6ce75fd92e82c1c27f188160d628a22
11,cerita_11.txt,12,Ayah memuji kerja Doni.,2866882eda44f7785e91e9c0a1f57074c6ce75fd92e82c1c27f188160d628a22
11,cerita_11.txt,13,Doni tersenyum bangga.,2866882eda44f7785e91e9c0a1f57074c6ce75fd92e82c1c27f188160d628a22
11,cerita_11.txt,14,Mereka beristirahat di bawah pohon.,2866882eda44f7785e91e9c0a1f57074c6ce75fd92e82c1c27f188160d628a22
11,cerita_11.txt,15,Ayah minum air dari botol.,2866882eda44f7785e91e9c0a1f57074c6ce75fd92e82c1c27f188160d628a22
11,cerita_11.txt,16,Doni duduk di samping ayah.,2866882eda44f7785e91e9c0a1f57074c6ce75fd92e82c1c27f188160d628a22
11,cerita_11.txt,17,Angin bertiup sejuk di kebun.,2866882eda44f7785e91e9c0a1f57074c6ce75fd92e82c1c27f188160d628a22
11,cerita_11.txt,18,Burung terbang di atas pohon.,2866882eda44f7785e91e9c0a1f57074c6ce75fd92e82c1c27f188160d628a22
11,cerita_11.txt,19,Doni melihat bunga di taman.,2866882eda44f7785e91e9c0a1f57074c6ce75fd92e82c1c27f188160d628a22
11,cerita_11.txt,20,Ayah menjelaskan jenis tanaman.,2866882eda44f7785e91e9c0a1f57074c6ce75fd92e82c1c27f188160d628a22
11,cerita_11.txt,21,Doni mendengarkan dengan baik.,2866882eda44f7785e91e9c0a1f57074c6ce75fd92e82c1c27f188160d628a22
11,cerita_11.txt,22,Mereka melanjutkan pekerjaan di kebun.,2866882eda44f7785e91e9c0a1f57074c6ce75fd92e82c1c27f188160d628a22
11,cerita_11.txt,23,Tanaman terlihat rapi setelah dirawat.,2866882eda44f7785e91e9c0a1f57074c6ce75fd92e82c1c27f188160d628a22
11,cerita_11.txt,24,Doni merasa bangga membantu ayah.,2866882eda44f7785e91e9c0a1f57074c6ce75fd92e82c1c27f188160d628a22
11,cerita_11.txt,25,Hari terasa menyenangkan di kebun.,2866882eda44f7785e91e9c0a1f57074c6ce75fd92e82c1c27f188160d628a22
12,cerita_12.txt,1,Pagi hari Mira belajar di rumah.,61e9e86490c951e6557d7138d9d1a4a55eb4369324749c9ad4f1cc23720ab810
12,cerita_12.txt,2,Mira membuka buku pelajaran.,61e9e86490c951e6557d7138d9d1a4a55eb4369324749c9ad4f1cc23720ab810
12,cerita_12.txt,3,Ibu duduk di samping Mira.,61e9e86490c951e6557d7138d9d1a4a55eb4369324749c9ad4f1cc23720ab810
12,cerita_12.txt,4,Mira membaca dengan suara pelan.,61e9e86490c951e6557d7138d9d1a4a55eb4369324749c9ad4f1cc23720ab810
12,cerita_12.txt,5,Ibu menjelaskan soal matematika.,61e9e86490c951e6557d7138d9d1a4a55eb4369324749c9ad4f1cc23720ab810
12,cerita_12.txt,6,Mira mencoba mengerjakan soal.,61e9e86490c951e6557d7138d9d1a4a55eb4369324749c9ad4f1cc23720ab810
12,cerita_12.txt,7,Ibu memberi contoh di kertas.,61e9e86490c951e6557d7138d9d1a4a55eb4369324749c9ad4f1cc23720ab810
12,cerita_12.txt,8,Mira menulis jawaban di buku.,61e9e86490c951e6557d7138d9d1a4a55eb4369324749c9ad4f1cc23720ab810
12,cerita_12.txt,9,Mira bertanya kepada ibu.,61e9e86490c951e6557d7138d9d1a4a55eb4369324749c9ad4f1cc23720ab810
12,cerita_12.txt,10,Ibu menjawab dengan sabar.,61e9e86490c951e6557d7138d9d1a4a55eb4369324749c9ad4f1cc23720ab810
12,cerita_12.txt,11,Mira memahami pelajaran dengan baik.,61e9e86490c951e6557d7138d9d1a4a55eb4369324749c9ad4f1cc23720ab810
12,cerita_12.txt,12,Ibu tersenyum melihat Mira.,61e9e86490c951e6557d7138d9d1a4a55eb4369324749c9ad4f1cc23720ab810
12,cerita_12.txt,13,Mira merasa percaya diri.,61e9e86490c951e6557d7138d9d1a4a55eb4369324749c9ad4f1cc23720ab810
12,cerita_12.txt,14,Setelah belajar Mira beristirahat.,61e9e86490c951e6557d7138d9d1a4a55eb4369324749c9ad4f1cc23720ab810
12,cerita_12.txt,15,Mira minum susu di dapur.,61e9e86490c951e6557d7138d9d1a4a55eb4369324749c9ad4f1cc23720ab810
12,cerita_12.txt,16,Ibu menyiapkan makanan ringan.,61e9e86490c951e6557d7138d9d1a4a55eb4369324749c9ad4f1cc23720ab810
12,cerita_12.txt,17,Mira duduk di kursi makan.,61e9e86490c951e6557d7138d9d1a4a55eb4369324749c9ad4f1cc23720ab810
12,cerita_12.txt,18,Ibu berbicara dengan Mira.,61e9e86490c951e6557d7138d9d1a4a55eb4369324749c9ad4f1cc23720ab810
12,cerita_12.txt,19,Mira menceritakan pelajaran hari ini.,61e9e86490c951e6557d7138d9d1a4a55eb4369324749c9ad4f1cc23720ab810
12,cerita_12.txt,20,Ibu mendengarkan dengan perhatian.,61e9e86490c951e6557d7138d9d1a4a55eb4369324749c9ad4f1cc23720ab810
12,cerita_12.txt,21,Mira kembali belajar di kamar.,61e9e86490c951e6557d7138d9d1a4a55eb4369324749c9ad4f1cc23720ab810
12,cerita_12.txt,22,Ibu membersihkan rumah.,61e9e86490c951e6557d7138d9d1a4a55eb4369324749c9ad4f1cc23720ab810
12,cerita_12.txt,23,Mira membaca buku cerita.,61e9e86490c951e6557d7138d9d1a4a55eb4369324749c9ad4f1cc23720ab810
12,cerita_12.txt,24,Ibu memberi semangat kepada Mira.,61e9e86490c951e6557d7138d9d1a4a55eb4369324749c9ad4f1cc23720ab810
12,cerita_12.txt,25,Mira merasa senang belajar.,61e9e86490c951e6557d7138d9d1a4a55eb4369324749c9ad4f1cc23720ab810
13,cerita_13.txt,1,Kancil bangun pada pagi hari.,78743fb256639b3d41fa4b1ad0d0a7509c5f9183db297324d689e8538d8b720e
13,cerita_13.txt,2,Kancil merasa sangat lapar.,78743fb256639b3d41fa4b1ad0d0a7509c5f9183db297324d689e8538d8b720e
13,cerita_13.txt,3,Kancil berjalan ke arah hutan.,78743fb256639b3d41fa4b1ad0d0a7509c5f9183db297324d689e8538d8b720e
13,cerita_13.txt,4,Matahari bersinar sangat terang.,78743fb256639b3d41fa4b1ad0d0a7509c5f9183db297324d689e8538d8b720e
13,cerita_13.txt,5,Burung berkicau di atas pohon.,78743fb256639b3d41fa4b1ad0d0a7509c5f9183db297324d689e8538d8b720e
13,cerita_13.txt,6,Kancil mencari buah segar.,78743fb256639b3d41fa4b1ad0d0a7509c5f9183db297324d689e8538d8b720e
13,cerita_13.txt,7,Kancil melihat sebuah apel merah.,78743fb256639b3d41fa4b1ad0d0a7509c5f9183db297324d689e8538d8b720e
13,cerita_13.txt,8,Apel itu jatuh di tanah.,78743fb256639b3d41fa4b1ad0d0a7509c5f9183db297324d689e8538d8b720e
13,cerita_13.txt,9,Kancil memakan apel itu perlahan.,78743fb256639b3d41fa4b1ad0d0a7509c5f9183db297324d689e8538d8b720e
13,cerita_13.txt,10,Rasa apel itu sangat manis.,78743fb256639b3d41fa4b1ad0d0a7509c5f9183db297324d689e8538d8b720e
13,cerita_13.txt,11,Kancil melanjutkan perjalanan.,78743fb256639b3d41fa4b1ad0d0a7509c5f9183db297324d689e8538d8b720e
13,cerita_13.txt,12,Kancil sampai di pinggir sungai.,78743fb256639b3d41fa4b1ad0d0a7509c5f9183db297324d689e8538d8b720e
13,cerita_13.txt,13,Air sungai mengalir sangat jernih.,78743fb256639b3d41fa4b1ad0d0a7509c5f9183db297324d689e8538d8b720e
13,cerita_13.txt,14,Kancil meminum air sungai tersebut.,78743fb256639b3d41fa4b1ad0d0a7509c5f9183db297324d689e8538d8b720e
13,cerita_13.txt,15,Kancil merasa sangat segar.,78743fb256639b3d41fa4b1ad0d0a7509c5f9183db297324d689e8538d8b720e
13,cerita_13.txt,16,"Tiba-tiba, kancil mendengar suara ranting.",78743fb256639b3d41fa4b1ad0d0a7509c5f9183db297324d689e8538d8b720e
13,cerita_13.txt,17,Harimau muncul dari balik semak.,78743fb256639b3d41fa4b1ad0d0a7509c5f9183db297324d689e8538d8b720e
13,cerita_13.txt,18,Harimau menatap kancil dengan tajam.,78743fb256639b3d41fa4b1ad0d0a7509c5f9183db297324d689e8538d8b720e
13,cerita_13.txt,19,Kancil merasa sangat takut.,78743fb256639b3d41fa4b1ad0d0a7509c5f9183db297324d689e8538d8b720e
13,cerita_13.txt,20,Kancil berpikir sangat cepat.,78743fb256639b3d41fa4b1ad0d0a7509c5f9183db297324d689e8538d8b720e
13,cerita_13.txt,21,Kancil berlari ke arah gua.,78743fb256639b3d41fa4b1ad0d0a7509c5f9183db297324d689e8538d8b720e
13,cerita_13.txt,22,Harimau mengejar kancil dengan cepat.,78743fb256639b3d41fa4b1ad0d0a7509c5f9183db297324d689e8538d8b720e
13,cerita_13.txt,23,Kancil bersembunyi di dalam gua.,78743fb256639b3d41fa4b1ad0d0a7509c5f9183db297324d689e8538d8b720e
13,cerita_13.txt,24,Harimau kehilangan jejak kancil.,78743fb256639b3d41fa4b1ad0d0a7509c5f9183db297324d689e8538d8b720e
13,cerita_13.txt,25,Kancil selamat dari bahaya.,78743fb256639b3d41fa4b1ad0d0a7509c5f9183db297324d689e8538d8b720e
14,cerita_14.txt,1,Rina bangun tidur pada pukul enam.,33941968dfd87c9759a6358c8ebdfb18e4b7d668b548fcc27b4f3fb6659da62f
14,cerita_14.txt,2,Rina merapikan tempat tidur.,33941968dfd87c9759a6358c8ebdfb18e4b7d668b548fcc27b4f3fb6659da62f
14,cerita_14.txt,3,Rina mandi di kamar mandi.,33941968dfd87c9759a6358c8ebdfb18e4b7d668b548fcc27b4f3fb6659da62f
14,cerita_14.txt,4,Rina memakai seragam sekolah.,33941968dfd87c9759a6358c8ebdfb18e4b7d668b548fcc27b4f3fb6659da62f
14,cerita_14.txt,5,Ibu menyiapkan sarapan di meja.,33941968dfd87c9759a6358c8ebdfb18e4b7d668b548fcc27b4f3fb6659da62f
14,cerita_14.txt,6,Rina memakan roti isi selai.,33941968dfd87c9759a6358c8ebdfb18e4b7d668b548fcc27b4f3fb6659da62f
14,cerita_14.txt,7,Rina meminum segelas susu hangat.,33941968dfd87c9759a6358c8ebdfb18e4b7d668b548fcc27b4f3fb6659da62f
14,cerita_14.txt,8,Rina mengambil tas ransel.,33941968dfd87c9759a6358c8ebdfb18e4b7d668b548fcc27b4f3fb6659da62f
14,cerita_14.txt,9,Rina berpamitan kepada ayah.,33941968dfd87c9759a6358c8ebdfb18e4b7d668b548fcc27b4f3fb6659da62f
14,cerita_14.txt,10,Rina berpamitan kepada ibu.,33941968dfd87c9759a6358c8ebdfb18e4b7d668b548fcc27b4f3fb6659da62f
14,cerita_14.txt,11,Rina berjalan menuju sekolah.,33941968dfd87c9759a6358c8ebdfb18e4b7d668b548fcc27b4f3fb6659da62f
14,cerita_14.txt,12,Jarak sekolah sangat dekat.,33941968dfd87c9759a6358c8ebdfb18e4b7d668b548fcc27b4f3fb6659da62f
14,cerita_14.txt,13,Rina bertemu teman-teman di jalan.,33941968dfd87c9759a6358c8ebdfb18e4b7d668b548fcc27b4f3fb6659da62f
14,cerita_14.txt,14,Mereka berjalan bersama-sama.,33941968dfd87c9759a6358c8ebdfb18e4b7d668b548fcc27b4f3fb6659da62f
14,cerita_14.txt,15,Rina tiba di gerbang sekolah.,33941968dfd87c9759a6358c8ebdfb18e4b7d668b548fcc27b4f3fb6659da62f
14,cerita_14.txt,16,Rina menyapa guru piket.,33941968dfd87c9759a6358c8ebdfb18e4b7d668b548fcc27b4f3fb6659da62f
14,cerita_14.txt,17,Rina masuk ke ruang kelas.,33941968dfd87c9759a6358c8ebdfb18e4b7d668b548fcc27b4f3fb6659da62f
14,cerita_14.txt,18,Rina meletakkan tas di meja.,33941968dfd87c9759a6358c8ebdfb18e4b7d668b548fcc27b4f3fb6659da62f
14,cerita_14.txt,19,Rina duduk di kursi kayu.,33941968dfd87c9759a6358c8ebdfb18e4b7d668b548fcc27b4f3fb6659da62f
14,cerita_14.txt,20,Bel sekolah berbunyi keras.,33941968dfd87c9759a6358c8ebdfb18e4b7d668b548fcc27b4f3fb6659da62f
14,cerita_14.txt,21,Siswa-siswa masuk ke kelas.,33941968dfd87c9759a6358c8ebdfb18e4b7d668b548fcc27b4f3fb6659da62f
14,cerita_14.txt,22,Guru masuk ke dalam ruangan.,33941968dfd87c9759a6358c8ebdfb18e4b7d668b548fcc27b4f3fb6659da62f
14,cerita_14.txt,23,Guru mengucapkan salam.,33941968dfd87c9759a6358c8ebdfb18e4b7d668b548fcc27b4f3fb6659da62f
14,cerita_14.txt,24,Siswa-siswa menjawab salam guru.,33941968dfd87c9759a6358c8ebdfb18e4b7d668b548fcc27b4f3fb6659da62f
14,cerita_14.txt,25,Mereka mulai belajar dengan tenang.,33941968dfd87c9759a6358c8ebdfb18e4b7d668b548fcc27b4f3fb6659da62f
15,cerita_15.txt,1,Budi memiliki sepeda baru.,6d3420b32f28ca434711ca1e132f7448f03eda2ca057516f9f74d164113baabd
15,cerita_15.txt,2,Sepeda itu berwarna merah.,6d3420b32f28ca434711ca1e132f7448f03eda2ca057516f9f74d164113baabd
15,cerita_15.txt,3,Ayah membelikan sepeda itu kemarin.,6d3420b32f28ca434711ca1e132f7448f03eda2ca057516f9f74d164113baabd
15,cerita_15.txt,4,Budi merasa sangat senang.,6d3420b32f28ca434711ca1e132f7448f03eda2ca057516f9f74d164113baabd
15,cerita_15.txt,5,Budi membawa sepeda ke lapangan.,6d3420b32f28ca434711ca1e132f7448f03eda2ca057516f9f74d164113baabd
15,cerita_15.txt,6,Lapangan itu berada di belakang rumah.,6d3420b32f28ca434711ca1e132f7448f03eda2ca057516f9f74d164113baabd
15,cerita_15.txt,7,Cuaca sore ini sangat cerah.,6d3420b32f28ca434711ca1e132f7448f03eda2ca057516f9f74d164113baabd
15,cerita_15.txt,8,Budi menaiki sepeda dengan hati-hati.,6d3420b32f28ca434711ca1e132f7448f03eda2ca057516f9f74d164113baabd
15,cerita_15.txt,9,Budi mengayuh pedal sepeda.,6d3420b32f28ca434711ca1e132f7448f03eda2ca057516f9f74d164113baabd
15,cerita_15.txt,10,Sepeda melaju dengan pelan.,6d3420b32f28ca434711ca1e132f7448f03eda2ca057516f9f74d164113baabd
15,cerita_15.txt,11,Budi melewati pohon mangga.,6d3420b32f28ca434711ca1e132f7448f03eda2ca057516f9f74d164113baabd
15,cerita_15.txt,12,Budi melihat seekor kucing.,6d3420b32f28ca434711ca1e132f7448f03eda2ca057516f9f74d164113baabd
15,cerita_15.txt,13,Kucing itu berlari kencang.,6d3420b32f28ca434711ca1e132f7448f03eda2ca057516f9f74d164113baabd
15,cerita_15.txt,14,Budi terus mengayuh sepeda.,6d3420b32f28ca434711ca1e132f7448f03eda2ca057516f9f74d164113baabd
15,cerita_15.txt,15,Keringat membasahi dahi Budi.,6d3420b32f28ca434711ca1e132f7448f03eda2ca057516f9f74d164113baabd
15,cerita_15.txt,16,Budi merasa sedikit lelah.,6d3420b32f28ca434711ca1e132f7448f03eda2ca057516f9f74d164113baabd
15,cerita_15.txt,17,Budi menghentikan sepeda di bawah pohon.,6d3420b32f28ca434711ca1e132f7448f03eda2ca057516f9f74d164113baabd
15,cerita_15.txt,18,Budi duduk di atas rumput.,6d3420b32f28ca434711ca1e132f7448f03eda2ca057516f9f74d164113baabd
15,cerita_15.txt,19,Budi meminum air dari botol.,6d3420b32f28ca434711ca1e132f7448f03eda2ca057516f9f74d164113baabd
15,cerita_15.txt,20,Angin bertiup sangat sejuk.,6d3420b32f28ca434711ca1e132f7448f03eda2ca057516f9f74d164113baabd
15,cerita_15.txt,21,Budi beristirahat selama lima menit.,6d3420b32f28ca434711ca1e132f7448f03eda2ca057516f9f74d164113baabd
15,cerita_15.txt,22,Budi kembali menaiki sepeda.,6d3420b32f28ca434711ca1e132f7448f03eda2ca057516f9f74d164113baabd
15,cerita_15.txt,23,Budi pulang ke rumah.,6d3420b32f28ca434711ca1e132f7448f03eda2ca057516f9f74d164113baabd
15,cerita_15.txt,24,Budi memarkir sepeda di garasi.,6d3420b32f28ca434711ca1e132f7448f03eda2ca057516f9f74d164113baabd
15,cerita_15.txt,25,Budi segera mandi air hangat.,6d3420b32f28ca434711ca1e132f7448f03eda2ca057516f9f74d164113baabd
16,cerita_16.txt,1,Hari ini adalah hari Minggu.,6336769364e398e2b2cf213a72000987b4844e0bf5a944271832f6bff2f7ebcd
16,cerita_16.txt,2,Ibu mengajak Sita ke taman depan.,6336769364e398e2b2cf213a72000987b4844e0bf5a944271832f6bff2f7ebcd
16,cerita_16.txt,3,Ibu membawa bibit bunga mawar.,6336769364e398e2b2cf213a72000987b4844e0bf5a944271832f6bff2f7ebcd
16,cerita_16.txt,4,Sita membawa sekop kecil.,6336769364e398e2b2cf213a72000987b4844e0bf5a944271832f6bff2f7ebcd
16,cerita_16.txt,5,Sita menggali tanah dengan sekop.,6336769364e398e2b2cf213a72000987b4844e0bf5a944271832f6bff2f7ebcd
16,cerita_16.txt,6,Tanah itu sangat gembur.,6336769364e398e2b2cf213a72000987b4844e0bf5a944271832f6bff2f7ebcd
16,cerita_16.txt,7,Ibu memasukkan bibit bunga.,6336769364e398e2b2cf213a72000987b4844e0bf5a944271832f6bff2f7ebcd
16,cerita_16.txt,8,Ibu menutup akar dengan tanah.,6336769364e398e2b2cf213a72000987b4844e0bf5a944271832f6bff2f7ebcd
16,cerita_16.txt,9,Sita mengambil teko air.,6336769364e398e2b2cf213a72000987b4844e0bf5a944271832f6bff2f7ebcd
16,cerita_16.txt,10,Sita menyiram bibit bunga itu.,6336769364e398e2b2cf213a72000987b4844e0bf5a944271832f6bff2f7ebcd
16,cerita_16.txt,11,Air membasahi tanah kering.,6336769364e398e2b2cf213a72000987b4844e0bf5a944271832f6bff2f7ebcd
16,cerita_16.txt,12,Mereka menanam lima bibit mawar.,6336769364e398e2b2cf213a72000987b4844e0bf5a944271832f6bff2f7ebcd
16,cerita_16.txt,13,Sita merasa sangat kotor.,6336769364e398e2b2cf213a72000987b4844e0bf5a944271832f6bff2f7ebcd
16,cerita_16.txt,14,Tangan Sita penuh dengan tanah.,6336769364e398e2b2cf213a72000987b4844e0bf5a944271832f6bff2f7ebcd
16,cerita_16.txt,15,Ibu mencuci tangan di keran.,6336769364e398e2b2cf213a72000987b4844e0bf5a944271832f6bff2f7ebcd
16,cerita_16.txt,16,Sita ikut mencuci tangan.,6336769364e398e2b2cf213a72000987b4844e0bf5a944271832f6bff2f7ebcd
16,cerita_16.txt,17,Taman terlihat lebih rapi.,6336769364e398e2b2cf213a72000987b4844e0bf5a944271832f6bff2f7ebcd
16,cerita_16.txt,18,Ibu membuang daun kering ke tempat sampah.,6336769364e398e2b2cf213a72000987b4844e0bf5a944271832f6bff2f7ebcd
16,cerita_16.txt,19,Sita membersihkan alat berkebun.,6336769364e398e2b2cf213a72000987b4844e0bf5a944271832f6bff2f7ebcd
16,cerita_16.txt,20,Matahari mulai bersinar terik.,6336769364e398e2b2cf213a72000987b4844e0bf5a944271832f6bff2f7ebcd
16,cerita_16.txt,21,Mereka masuk ke dalam rumah.,6336769364e398e2b2cf213a72000987b4844e0bf5a944271832f6bff2f7ebcd
16,cerita_16.txt,22,Ibu membuat jus jeruk dingin.,6336769364e398e2b2cf213a72000987b4844e0bf5a944271832f6bff2f7ebcd
16,cerita_16.txt,23,Sita meminum jus jeruk itu.,6336769364e398e2b2cf213a72000987b4844e0bf5a944271832f6bff2f7ebcd
16,cerita_16.txt,24,Sita berharap bunga segera mekar.,6336769364e398e2b2cf213a72000987b4844e0bf5a944271832f6bff2f7ebcd
16,cerita_16.txt,25,Berkebun adalah kegiatan yang menyenangkan.,6336769364e398e2b2cf213a72000987b4844e0bf5a944271832f6bff2f7ebcd
17,cerita_17.txt,1,Keluarga Anton pergi ke pantai.,ed7c1bb9cbbdba5594b95bbf28a81c94a685d2165d9ce8ff014fffab3fef819e
17,cerita_17.txt,2,Mereka berangkat pada pagi hari.,ed7c1bb9cbbdba5594b95bbf28a81c94a685d2165d9ce8ff014fffab3fef819e
17,cerita_17.txt,3,Ayah menyetir mobil dengan hati-hati.,ed7c1bb9cbbdba5594b95bbf28a81c94a685d2165d9ce8ff014fffab3fef819e
17,cerita_17.txt,4,Anton melihat pemandangan dari jendela.,ed7c1bb9cbbdba5594b95bbf28a81c94a685d2165d9ce8ff014fffab3fef819e
17,cerita_17.txt,5,Mobil tiba di pantai pada siang hari.,ed7c1bb9cbbdba5594b95bbf28a81c94a685d2165d9ce8ff014fffab3fef819e
17,cerita_17.txt,6,Angin pantai bertiup sangat kencang.,ed7c1bb9cbbdba5594b95bbf28a81c94a685d2165d9ce8ff014fffab3fef819e
17,cerita_17.txt,7,Anton mendengar suara ombak.,ed7c1bb9cbbdba5594b95bbf28a81c94a685d2165d9ce8ff014fffab3fef819e
17,cerita_17.txt,8,Anton berlari menuju tepi pantai.,ed7c1bb9cbbdba5594b95bbf28a81c94a685d2165d9ce8ff014fffab3fef819e
17,cerita_17.txt,9,Pasir pantai terasa sangat lembut.,ed7c1bb9cbbdba5594b95bbf28a81c94a685d2165d9ce8ff014fffab3fef819e
17,cerita_17.txt,10,Anton membangun istana pasir.,ed7c1bb9cbbdba5594b95bbf28a81c94a685d2165d9ce8ff014fffab3fef819e
17,cerita_17.txt,11,Adik mengumpulkan kerang kecil.,ed7c1bb9cbbdba5594b95bbf28a81c94a685d2165d9ce8ff014fffab3fef819e
17,cerita_17.txt,12,Ibu menggelar tikar di bawah pohon.,ed7c1bb9cbbdba5594b95bbf28a81c94a685d2165d9ce8ff014fffab3fef819e
17,cerita_17.txt,13,Ayah memotret Anton dan adik.,ed7c1bb9cbbdba5594b95bbf28a81c94a685d2165d9ce8ff014fffab3fef819e
17,cerita_17.txt,14,Mereka bermain air di pinggir laut.,ed7c1bb9cbbdba5594b95bbf28a81c94a685d2165d9ce8ff014fffab3fef819e
17,cerita_17.txt,15,Air laut terasa sangat dingin.,ed7c1bb9cbbdba5594b95bbf28a81c94a685d2165d9ce8ff014fffab3fef819e
17,cerita_17.txt,16,Anton melihat kepiting kecil berjalan.,ed7c1bb9cbbdba5594b95bbf28a81c94a685d2165d9ce8ff014fffab3fef819e
17,cerita_17.txt,17,Kepiting itu bersembunyi di balik batu.,ed7c1bb9cbbdba5594b95bbf28a81c94a685d2165d9ce8ff014fffab3fef819e
17,cerita_17.txt,18,Ibu memanggil mereka untuk makan.,ed7c1bb9cbbdba5594b95bbf28a81c94a685d2165d9ce8ff014fffab3fef819e
17,cerita_17.txt,19,Mereka duduk di atas tikar.,ed7c1bb9cbbdba5594b95bbf28a81c94a685d2165d9ce8ff014fffab3fef819e
17,cerita_17.txt,20,Ibu menyajikan ikan bakar lezat.,ed7c1bb9cbbdba5594b95bbf28a81c94a685d2165d9ce8ff014fffab3fef819e
17,cerita_17.txt,21,Mereka memakan ikan bakar bersama.,ed7c1bb9cbbdba5594b95bbf28a81c94a685d2165d9ce8ff014fffab3fef819e
17,cerita_17.txt,22,Langit mulai berwarna jingga.,ed7c1bb9cbbdba5594b95bbf28a81c94a685d2165d9ce8ff014fffab3fef819e
17,cerita_17.txt,23,Matahari terbenam di ufuk barat.,ed7c1bb9cbbdba5594b95bbf28a81c94a685d2165d9ce8ff014fffab3fef819e
17,cerita_17.txt,24,Mereka merapikan barang bawaan.,ed7c1bb9cbbdba5594b95bbf28a81c94a685d2165d9ce8ff014fffab3fef819e
17,cerita_17.txt,25,Keluarga Anton pulang dengan gembira.,ed7c1bb9cbbdba5594b95bbf28a81c94a685d2165d9ce8ff014fffab3fef819e
18,cerita_18.txt,1,Dinda bangun tidur pada hari libur.,ee3d0a05080918bbb55949ca0a611a43b9a12257cf64de726a8f9698919df14e
18,cerita_18.txt,2,Dinda pergi ke dapur.,ee3d0a05080918bbb55949ca0a611a43b9a12257cf64de726a8f9698919df14e
18,cerita_18.txt,3,Ibu sedang menyiapkan bahan makanan.,ee3d0a05080918bbb55949ca0a611a43b9a12257cf64de726a8f9698919df14e
18,cerita_18.txt,4,Ibu ingin memasak sayur sop.,ee3d0a05080918bbb55949ca0a611a43b9a12257cf64de726a8f9698919df14e
18,cerita_18.txt,5,Dinda menawarkan bantuan kepada ibu.,ee3d0a05080918bbb55949ca0a611a43b9a12257cf64de726a8f9698919df14e
18,cerita_18.txt,6,Ibu memberikan wortel kepada Dinda.,ee3d0a05080918bbb55949ca0a611a43b9a12257cf64de726a8f9698919df14e
18,cerita_18.txt,7,Dinda mencuci wortel di wastafel.,ee3d0a05080918bbb55949ca0a611a43b9a12257cf64de726a8f9698919df14e
18,cerita_18.txt,8,Dinda mengupas kulit wortel.,ee3d0a05080918bbb55949ca0a611a43b9a12257cf64de726a8f9698919df14e
18,cerita_18.txt,9,Dinda memotong wortel menjadi bulat.,ee3d0a05080918bbb55949ca0a611a43b9a12257cf64de726a8f9698919df14e
18,cerita_18.txt,10,Ibu memotong kentang dan buncis.,ee3d0a05080918bbb55949ca0a611a43b9a12257cf64de726a8f9698919df14e
18,cerita_18.txt,11,Ibu merebus air di dalam panci.,ee3d0a05080918bbb55949ca0a611a43b9a12257cf64de726a8f9698919df14e
18,cerita_18.txt,12,Air di panci mulai mendidih.,ee3d0a05080918bbb55949ca0a611a43b9a12257cf64de726a8f9698919df14e
18,cerita_18.txt,13,Ibu memasukkan potongan sayuran.,ee3d0a05080918bbb55949ca0a611a43b9a12257cf64de726a8f9698919df14e
18,cerita_18.txt,14,Dinda menambahkan sedikit garam.,ee3d0a05080918bbb55949ca0a611a43b9a12257cf64de726a8f9698919df14e
18,cerita_18.txt,15,Ibu mengaduk sayur sop dengan sendok.,ee3d0a05080918bbb55949ca0a611a43b9a12257cf64de726a8f9698919df14e
18,cerita_18.txt,16,Aroma sedap memenuhi ruang dapur.,ee3d0a05080918bbb55949ca0a611a43b9a12257cf64de726a8f9698919df14e
18,cerita_18.txt,17,Dinda menyiapkan piring di meja makan.,ee3d0a05080918bbb55949ca0a611a43b9a12257cf64de726a8f9698919df14e
18,cerita_18.txt,18,Sayur sop sudah matang.,ee3d0a05080918bbb55949ca0a611a43b9a12257cf64de726a8f9698919df14e
18,cerita_18.txt,19,Ibu menuangkan sayur ke dalam mangkuk.,ee3d0a05080918bbb55949ca0a611a43b9a12257cf64de726a8f9698919df14e
18,cerita_18.txt,20,Ayah datang ke ruang makan.,ee3d0a05080918bbb55949ca0a611a43b9a12257cf64de726a8f9698919df14e
18,cerita_18.txt,21,Ayah duduk di kursi makan.,ee3d0a05080918bbb55949ca0a611a43b9a12257cf64de726a8f9698919df14e
18,cerita_18.txt,22,Mereka berdoa sebelum makan.,ee3d0a05080918bbb55949ca0a611a43b9a12257cf64de726a8f9698919df14e
18,cerita_18.txt,23,Ayah memuji masakan ibu dan Dinda.,ee3d0a05080918bbb55949ca0a611a43b9a12257cf64de726a8f9698919df14e
18,cerita_18.txt,24,Dinda merasa sangat bangga.,ee3d0a05080918bbb55949ca0a611a43b9a12257cf64de726a8f9698919df14e
18,cerita_18.txt,25,Dinda memakan sayur sop dengan lahap.,ee3d0a05080918bbb55949ca0a611a43b9a12257cf64de726a8f9698919df14e
19,cerita_19.txt,1,Edo bermain di halaman rumah.,d9cef06a2fdcf0f957d6978cf905e22c9687030e746e514d825ccd4057c0eb19
19,cerita_19.txt,2,Edo melihat seekor burung pipit.,d9cef06a2fdcf0f957d6978cf905e22c9687030e746e514d825ccd4057c0eb19
19,cerita_19.txt,3,Burung pipit itu tergeletak di rumput.,d9cef06a2fdcf0f957d6978cf905e22c9687030e746e514d825ccd4057c0eb19
19,cerita_19.txt,4,Sayap burung pipit itu terluka.,d9cef06a2fdcf0f957d6978cf905e22c9687030e746e514d825ccd4057c0eb19
19,cerita_19.txt,5,Edo merasa kasihan pada burung itu.,d9cef06a2fdcf0f957d6978cf905e22c9687030e746e514d825ccd4057c0eb19
19,cerita_19.txt,6,Edo mengambil burung pipit dengan pelan.,d9cef06a2fdcf0f957d6978cf905e22c9687030e746e514d825ccd4057c0eb19
19,cerita_19.txt,7,Edo membawa burung pipit ke dalam rumah.,d9cef06a2fdcf0f957d6978cf905e22c9687030e746e514d825ccd4057c0eb19
19,cerita_19.txt,8,Edo meminta bantuan kepada ayah.,d9cef06a2fdcf0f957d6978cf905e22c9687030e746e514d825ccd4057c0eb19
19,cerita_19.txt,9,Ayah mengambil kotak sepatu bekas.,d9cef06a2fdcf0f957d6978cf905e22c9687030e746e514d825ccd4057c0eb19
19,cerita_19.txt,10,Ayah meletakkan kain lembut di dalam kotak.,d9cef06a2fdcf0f957d6978cf905e22c9687030e746e514d825ccd4057c0eb19
19,cerita_19.txt,11,Edo menaruh burung pipit di kotak.,d9cef06a2fdcf0f957d6978cf905e22c9687030e746e514d825ccd4057c0eb19
19,cerita_19.txt,12,Burung pipit itu tampak ketakutan.,d9cef06a2fdcf0f957d6978cf905e22c9687030e746e514d825ccd4057c0eb19
19,cerita_19.txt,13,Edo mengambil air di tutup botol.,d9cef06a2fdcf0f957d6978cf905e22c9687030e746e514d825ccd4057c0eb19
19,cerita_19.txt,14,Edo memberikan air kepada burung pipit.,d9cef06a2fdcf0f957d6978cf905e22c9687030e746e514d825ccd4057c0eb19
19,cerita_19.txt,15,Ayah mengobati luka di sayap burung.,d9cef06a2fdcf0f957d6978cf905e22c9687030e746e514d825ccd4057c0eb19
19,cerita_19.txt,16,Edo menaburkan biji-bijian di dekat burung.,d9cef06a2fdcf0f957d6978cf905e22c9687030e746e514d825ccd4057c0eb19
19,cerita_19.txt,17,Burung pipit mematuk biji-bijian itu.,d9cef06a2fdcf0f957d6978cf905e22c9687030e746e514d825ccd4057c0eb19
19,cerita_19.txt,18,Edo merawat burung pipit setiap hari.,d9cef06a2fdcf0f957d6978cf905e22c9687030e746e514d825ccd4057c0eb19
19,cerita_19.txt,19,"Seminggu kemudian, luka burung pipit sembuh.",d9cef06a2fdcf0f957d6978cf905e22c9687030e746e514d825ccd4057c0eb19
19,cerita_19.txt,20,Burung pipit mulai mengepakkan sayap.,d9cef06a2fdcf0f957d6978cf905e22c9687030e746e514d825ccd4057c0eb19
19,cerita_19.txt,21,Edo membawa kotak ke halaman.,d9cef06a2fdcf0f957d6978cf905e22c9687030e746e514d825ccd4057c0eb19
19,cerita_19.txt,22,Edo membuka tutup kotak sepatu.,d9cef06a2fdcf0f957d6978cf905e22c9687030e746e514d825ccd4057c0eb19
19,cerita_19.txt,23,Burung pipit melompat keluar.,d9cef06a2fdcf0f957d6978cf905e22c9687030e746e514d825ccd4057c0eb19
19,cerita_19.txt,24,Burung pipit terbang ke udara.,d9cef06a2fdcf0f957d6978cf905e22c9687030e746e514d825ccd4057c0eb19
19,cerita_19.txt,25,Edo tersenyum melihat burung itu bebas.,d9cef06a2fdcf0f957d6978cf905e22c9687030e746e514d825ccd4057c0eb19
20,cerita_20.txt,1,Pak Tani bangun sebelum matahari terbit.,8cec97d5b8492284b65ca178c2cedb856fefc65229185e972635883f5bd1d4fc
20,cerita_20.txt,2,Pak Tani meminum secangkir kopi panas.,8cec97d5b8492284b65ca178c2cedb856fefc65229185e972635883f5bd1d4fc
20,cerita_20.txt,3,Pak Tani mengambil cangkul di gudang.,8cec97d5b8492284b65ca178c2cedb856fefc65229185e972635883f5bd1d4fc
20,cerita_20.txt,4,Pak Tani berjalan menuju kandang.,8cec97d5b8492284b65ca178c2cedb856fefc65229185e972635883f5bd1d4fc
20,cerita_20.txt,5,Di kandang terdapat seekor kerbau hitam.,8cec97d5b8492284b65ca178c2cedb856fefc65229185e972635883f5bd1d4fc
20,cerita_20.txt,6,Kerbau hitam itu bertubuh sangat besar.,8cec97d5b8492284b65ca178c2cedb856fefc65229185e972635883f5bd1d4fc
20,cerita_20.txt,7,Pak Tani menuntun kerbau menuju sawah.,8cec97d5b8492284b65ca178c2cedb856fefc65229185e972635883f5bd1d4fc
20,cerita_20.txt,8,Sawah Pak Tani sangat luas.,8cec97d5b8492284b65ca178c2cedb856fefc65229185e972635883f5bd1d4fc
20,cerita_20.txt,9,Udara pagi terasa sangat dingin.,8cec97d5b8492284b65ca178c2cedb856fefc65229185e972635883f5bd1d4fc
20,cerita_20.txt,10,Pak Tani memasang alat bajak pada kerbau.,8cec97d5b8492284b65ca178c2cedb856fefc65229185e972635883f5bd1d4fc
20,cerita_20.txt,11,Kerbau mulai menarik alat bajak.,8cec97d5b8492284b65ca178c2cedb856fefc65229185e972635883f5bd1d4fc
20,cerita_20.txt,12,Tanah sawah menjadi gembur.,8cec97d5b8492284b65ca178c2cedb856fefc65229185e972635883f5bd1d4fc
20,cerita_20.txt,13,Pak Tani bekerja tanpa kenal lelah.,8cec97d5b8492284b65ca178c2cedb856fefc65229185e972635883f5bd1d4fc
20,cerita_20.txt,14,Matahari mulai terasa panas.,8cec97d5b8492284b65ca178c2cedb856fefc65229185e972635883f5bd1d4fc
20,cerita_20.txt,15,Burung bangau mencari makan di sawah.,8cec97d5b8492284b65ca178c2cedb856fefc65229185e972635883f5bd1d4fc
20,cerita_20.txt,16,Pak Tani menghentikan kerbau di bawah pohon.,8cec97d5b8492284b65ca178c2cedb856fefc65229185e972635883f5bd1d4fc
20,cerita_20.txt,17,Pak Tani memberikan rumput segar kepada kerbau.,8cec97d5b8492284b65ca178c2cedb856fefc65229185e972635883f5bd1d4fc
20,cerita_20.txt,18,Kerbau memakan rumput dengan lahap.,8cec97d5b8492284b65ca178c2cedb856fefc65229185e972635883f5bd1d4fc
20,cerita_20.txt,19,Pak Tani memakan bekal dari rumah.,8cec97d5b8492284b65ca178c2cedb856fefc65229185e972635883f5bd1d4fc
20,cerita_20.txt,20,Istri Pak Tani membawakan teh manis.,8cec97d5b8492284b65ca178c2cedb856fefc65229185e972635883f5bd1d4fc
20,cerita_20.txt,21,Pak Tani melanjutkan pekerjaan pada sore hari.,8cec97d5b8492284b65ca178c2cedb856fefc65229185e972635883f5bd1d4fc
20,cerita_20.txt,22,Semua tanah sawah selesai dibajak.,8cec97d5b8492284b65ca178c2cedb856fefc65229185e972635883f5bd1d4fc
20,cerita_20.txt,23,Pak Tani melepaskan alat bajak.,8cec97d5b8492284b65ca178c2cedb856fefc65229185e972635883f5bd1d4fc
20,cerita_20.txt,24,Pak Tani membawa kerbau pulang ke kandang.,8cec97d5b8492284b65ca178c2cedb856fefc65229185e972635883f5bd1d4fc
20,cerita_20.txt,25,Pak Tani merasa sangat bersyukur.,8cec97d5b8492284b65ca178c2cedb856fefc65229185e972635883f5bd1d4fc
21,cerita_21.txt,1,Langit sore ini terlihat sangat gelap.,723e70285d009effcbc1ff4d737f4f5bd5cd8e413c7ea5e88104952c00309c8d
21,cerita_21.txt,2,Awan hitam menutupi sinar matahari.,723e70285d009effcbc1ff4d737f4f5bd5cd8e413c7ea5e88104952c00309c8d
21,cerita_21.txt,3,Angin bertiup cukup kencang.,723e70285d009effcbc1ff4d737f4f5bd5cd8e413c7ea5e88104952c00309c8d
21,cerita_21.txt,4,Daun-daun berguguran di halaman rumah.,723e70285d009effcbc1ff4d737f4f5bd5cd8e413c7ea5e88104952c00309c8d
21,cerita_21.txt,5,"Tiba-tiba, suara petir terdengar keras.",723e70285d009effcbc1ff4d737f4f5bd5cd8e413c7ea5e88104952c00309c8d
21,cerita_21.txt,6,Rintik hujan mulai turun membasahi bumi.,723e70285d009effcbc1ff4d737f4f5bd5cd8e413c7ea5e88104952c00309c8d
21,cerita_21.txt,7,Hujan berubah menjadi sangat deras.,723e70285d009effcbc1ff4d737f4f5bd5cd8e413c7ea5e88104952c00309c8d
21,cerita_21.txt,8,Dina sedang berada di teras rumah.,723e70285d009effcbc1ff4d737f4f5bd5cd8e413c7ea5e88104952c00309c8d
21,cerita_21.txt,9,Dina melihat air hujan mengalir di selokan.,723e70285d009effcbc1ff4d737f4f5bd5cd8e413c7ea5e88104952c00309c8d
21,cerita_21.txt,10,Suara hujan terdengar sangat bising.,723e70285d009effcbc1ff4d737f4f5bd5cd8e413c7ea5e88104952c00309c8d
21,cerita_21.txt,11,Udara berubah menjadi sangat dingin.,723e70285d009effcbc1ff4d737f4f5bd5cd8e413c7ea5e88104952c00309c8d
21,cerita_21.txt,12,Dina masuk ke dalam rumah.,723e70285d009effcbc1ff4d737f4f5bd5cd8e413c7ea5e88104952c00309c8d
21,cerita_21.txt,13,Dina menutup pintu rapat-rapat.,723e70285d009effcbc1ff4d737f4f5bd5cd8e413c7ea5e88104952c00309c8d
21,cerita_21.txt,14,Ibu membuatkan susu cokelat hangat.,723e70285d009effcbc1ff4d737f4f5bd5cd8e413c7ea5e88104952c00309c8d
21,cerita_21.txt,15,Dina meminum susu di ruang keluarga.,723e70285d009effcbc1ff4d737f4f5bd5cd8e413c7ea5e88104952c00309c8d
21,cerita_21.txt,16,Ayah membaca koran di sofa.,723e70285d009effcbc1ff4d737f4f5bd5cd8e413c7ea5e88104952c00309c8d
21,cerita_21.txt,17,Kucing peliharaan tidur di bawah meja.,723e70285d009effcbc1ff4d737f4f5bd5cd8e413c7ea5e88104952c00309c8d
21,cerita_21.txt,18,Hujan turun selama dua jam penuh.,723e70285d009effcbc1ff4d737f4f5bd5cd8e413c7ea5e88104952c00309c8d
21,cerita_21.txt,19,"Akhirnya, hujan mulai mereda.",723e70285d009effcbc1ff4d737f4f5bd5cd8e413c7ea5e88104952c00309c8d
21,cerita_21.txt,20,Rintik hujan berubah menjadi gerimis kecil.,723e70285d009effcbc1ff4d737f4f5bd5cd8e413c7ea5e88104952c00309c8d
21,cerita_21.txt,21,Langit kembali terlihat terang.,723e70285d009effcbc1ff4d737f4f5bd5cd8e413c7ea5e88104952c00309c8d
21,cerita_21.txt,22,Dina membuka jendela kamar.,723e70285d009effcbc1ff4d737f4f5bd5cd8e413c7ea5e88104952c00309c8d
21,cerita_21.txt,23,Aroma tanah basah tercium sangat segar.,723e70285d009effcbc1ff4d737f4f5bd5cd8e413c7ea5e88104952c00309c8d
21,cerita_21.txt,24,Dina melihat pelangi di langit.,723e70285d009effcbc1ff4d737f4f5bd5cd8e413c7ea5e88104952c00309c8d
21,cerita_21.txt,25,Pelangi itu memiliki warna yang indah.,723e70285d009effcbc1ff4d737f4f5bd5cd8e413c7ea5e88104952c00309c8d
22,cerita_22.txt,1,Desa Sukamaju mengadakan perayaan hari kemerdekaan.,adddfdc03a8a7a62988b6a73969fb467177da81273a22a4e8b039fc1f95a5117
22,cerita_22.txt,2,Banyak perlombaan diadakan di lapangan desa.,adddfdc03a8a7a62988b6a73969fb467177da81273a22a4e8b039fc1f95a5117
22,cerita_22.txt,3,Doni mendaftar lomba lari karung.,adddfdc03a8a7a62988b6a73969fb467177da81273a22a4e8b039fc1f95a5117
22,cerita_22.txt,4,Doni berdiri di garis awal.,adddfdc03a8a7a62988b6a73969fb467177da81273a22a4e8b039fc1f95a5117
22,cerita_22.txt,5,Panitia membagikan karung goni kepada peserta.,adddfdc03a8a7a62988b6a73969fb467177da81273a22a4e8b039fc1f95a5117
22,cerita_22.txt,6,Doni masuk ke dalam karung goni.,adddfdc03a8a7a62988b6a73969fb467177da81273a22a4e8b039fc1f95a5117
22,cerita_22.txt,7,Doni memegang ujung karung dengan erat.,adddfdc03a8a7a62988b6a73969fb467177da81273a22a4e8b039fc1f95a5117
22,cerita_22.txt,8,Wasit meniup peluit panjang.,adddfdc03a8a7a62988b6a73969fb467177da81273a22a4e8b039fc1f95a5117
22,cerita_22.txt,9,Perlombaan lari karung dimulai.,adddfdc03a8a7a62988b6a73969fb467177da81273a22a4e8b039fc1f95a5117
22,cerita_22.txt,10,Doni melompat dengan sangat cepat.,adddfdc03a8a7a62988b6a73969fb467177da81273a22a4e8b039fc1f95a5117
22,cerita_22.txt,11,Teman-teman memberi semangat dari pinggir lapangan.,adddfdc03a8a7a62988b6a73969fb467177da81273a22a4e8b039fc1f95a5117
22,cerita_22.txt,12,Seorang peserta terjatuh di tengah lapangan.,adddfdc03a8a7a62988b6a73969fb467177da81273a22a4e8b039fc1f95a5117
22,cerita_22.txt,13,Doni terus melompat ke depan.,adddfdc03a8a7a62988b6a73969fb467177da81273a22a4e8b039fc1f95a5117
22,cerita_22.txt,14,Keringat bercucuran di wajah Doni.,adddfdc03a8a7a62988b6a73969fb467177da81273a22a4e8b039fc1f95a5117
22,cerita_22.txt,15,Garis akhir sudah terlihat dekat.,adddfdc03a8a7a62988b6a73969fb467177da81273a22a4e8b039fc1f95a5117
22,cerita_22.txt,16,Doni mengerahkan seluruh tenaga.,adddfdc03a8a7a62988b6a73969fb467177da81273a22a4e8b039fc1f95a5117
22,cerita_22.txt,17,Doni melewati garis akhir pertama kali.,adddfdc03a8a7a62988b6a73969fb467177da81273a22a4e8b039fc1f95a5117
22,cerita_22.txt,18,Penonton bertepuk tangan dengan meriah.,adddfdc03a8a7a62988b6a73969fb467177da81273a22a4e8b039fc1f95a5117
22,cerita_22.txt,19,Doni keluar dari karung goni.,adddfdc03a8a7a62988b6a73969fb467177da81273a22a4e8b039fc1f95a5117
22,cerita_22.txt,20,Doni mengambil napas dalam-dalam.,adddfdc03a8a7a62988b6a73969fb467177da81273a22a4e8b039fc1f95a5117
22,cerita_22.txt,21,Kepala desa menyerahkan hadiah lomba.,adddfdc03a8a7a62988b6a73969fb467177da81273a22a4e8b039fc1f95a5117
22,cerita_22.txt,22,Doni menerima sebuah piala kecil.,adddfdc03a8a7a62988b6a73969fb467177da81273a22a4e8b039fc1f95a5117
22,cerita_22.txt,23,Doni juga mendapatkan buku tulis baru.,adddfdc03a8a7a62988b6a73969fb467177da81273a22a4e8b039fc1f95a5117
22,cerita_22.txt,24,Doni merasa sangat gembira.,adddfdc03a8a7a62988b6a73969fb467177da81273a22a4e8b039fc1f95a5117
22,cerita_22.txt,25,Doni membawa pulang hadiah tersebut.,adddfdc03a8a7a62988b6a73969fb467177da81273a22a4e8b039fc1f95a5117
23,cerita_23.txt,1,Tino pergi ke kebun binatang.,682c31ad82277912808867c032ca2b8de5e0425758f86690b1e2ba0d1b5850af
23,cerita_23.txt,2,Tino pergi bersama ayah dan ibu.,682c31ad82277912808867c032ca2b8de5e0425758f86690b1e2ba0d1b5850af
23,cerita_23.txt,3,Ayah membeli tiket di loket.,682c31ad82277912808867c032ca2b8de5e0425758f86690b1e2ba0d1b5850af
23,cerita_23.txt,4,Mereka masuk melewati pintu gerbang utama.,682c31ad82277912808867c032ca2b8de5e0425758f86690b1e2ba0d1b5850af
23,cerita_23.txt,5,Tino melihat kandang gajah yang besar.,682c31ad82277912808867c032ca2b8de5e0425758f86690b1e2ba0d1b5850af
23,cerita_23.txt,6,Gajah itu memiliki belalai yang panjang.,682c31ad82277912808867c032ca2b8de5e0425758f86690b1e2ba0d1b5850af
23,cerita_23.txt,7,Gajah menyemprotkan air ke tubuhnya.,682c31ad82277912808867c032ca2b8de5e0425758f86690b1e2ba0d1b5850af
23,cerita_23.txt,8,Tino berjalan ke kandang jerapah.,682c31ad82277912808867c032ca2b8de5e0425758f86690b1e2ba0d1b5850af
23,cerita_23.txt,9,Jerapah memakan daun di pohon tinggi.,682c31ad82277912808867c032ca2b8de5e0425758f86690b1e2ba0d1b5850af
23,cerita_23.txt,10,Tino sangat kagum melihat jerapah.,682c31ad82277912808867c032ca2b8de5e0425758f86690b1e2ba0d1b5850af
23,cerita_23.txt,11,Ibu mengajak Tino melihat monyet.,682c31ad82277912808867c032ca2b8de5e0425758f86690b1e2ba0d1b5850af
23,cerita_23.txt,12,Monyet-monyet itu melompat dari dahan ke dahan.,682c31ad82277912808867c032ca2b8de5e0425758f86690b1e2ba0d1b5850af
23,cerita_23.txt,13,Tino tertawa melihat tingkah monyet.,682c31ad82277912808867c032ca2b8de5e0425758f86690b1e2ba0d1b5850af
23,cerita_23.txt,14,Mereka beristirahat di kursi taman.,682c31ad82277912808867c032ca2b8de5e0425758f86690b1e2ba0d1b5850af
23,cerita_23.txt,15,Ayah membelikan es krim cokelat.,682c31ad82277912808867c032ca2b8de5e0425758f86690b1e2ba0d1b5850af
23,cerita_23.txt,16,Tino memakan es krim dengan senang.,682c31ad82277912808867c032ca2b8de5e0425758f86690b1e2ba0d1b5850af
23,cerita_23.txt,17,Mereka melanjutkan perjalanan ke kandang singa.,682c31ad82277912808867c032ca2b8de5e0425758f86690b1e2ba0d1b5850af
23,cerita_23.txt,18,Singa jantan sedang tidur siang.,682c31ad82277912808867c032ca2b8de5e0425758f86690b1e2ba0d1b5850af
23,cerita_23.txt,19,Singa itu memiliki surai yang lebat.,682c31ad82277912808867c032ca2b8de5e0425758f86690b1e2ba0d1b5850af
23,cerita_23.txt,20,Tino mengambil foto singa dari jauh.,682c31ad82277912808867c032ca2b8de5e0425758f86690b1e2ba0d1b5850af
23,cerita_23.txt,21,Waktu menunjukkan pukul empat sore.,682c31ad82277912808867c032ca2b8de5e0425758f86690b1e2ba0d1b5850af
23,cerita_23.txt,22,Kebun binatang akan segera tutup.,682c31ad82277912808867c032ca2b8de5e0425758f86690b1e2ba0d1b5850af
23,cerita_23.txt,23,Tino berjalan menuju pintu keluar.,682c31ad82277912808867c032ca2b8de5e0425758f86690b1e2ba0d1b5850af
23,cerita_23.txt,24,Tino merasa lelah tetapi bahagia.,682c31ad82277912808867c032ca2b8de5e0425758f86690b1e2ba0d1b5850af
23,cerita_23.txt,25,Mereka pulang ke rumah dengan taksi.,682c31ad82277912808867c032ca2b8de5e0425758f86690b1e2ba0d1b5850af
24,cerita_24.txt,1,Paman memiliki seekor anjing penjaga.,0191e771be5a840fae27444846c921f63b596dce66e96568894b8b1d12f67c01
24,cerita_24.txt,2,Anjing itu bernama Bruno.,0191e771be5a840fae27444846c921f63b596dce66e96568894b8b1d12f67c01
24,cerita_24.txt,3,Bruno memiliki bulu berwarna cokelat.,0191e771be5a840fae27444846c921f63b596dce66e96568894b8b1d12f67c01
24,cerita_24.txt,4,Bruno sangat cerdas dan setia.,0191e771be5a840fae27444846c921f63b596dce66e96568894b8b1d12f67c01
24,cerita_24.txt,5,"Setiap malam, Bruno menjaga rumah paman.",0191e771be5a840fae27444846c921f63b596dce66e96568894b8b1d12f67c01
24,cerita_24.txt,6,Bruno tidur di teras depan.,0191e771be5a840fae27444846c921f63b596dce66e96568894b8b1d12f67c01
24,cerita_24.txt,7,Bruno memiliki pendengaran yang tajam.,0191e771be5a840fae27444846c921f63b596dce66e96568894b8b1d12f67c01
24,cerita_24.txt,8,"Pada suatu malam, cuaca sangat gelap.",0191e771be5a840fae27444846c921f63b596dce66e96568894b8b1d12f67c01
24,cerita_24.txt,9,Bruno mendengar suara langkah kaki.,0191e771be5a840fae27444846c921f63b596dce66e96568894b8b1d12f67c01
24,cerita_24.txt,10,Suara itu berasal dari pagar belakang.,0191e771be5a840fae27444846c921f63b596dce66e96568894b8b1d12f67c01
24,cerita_24.txt,11,Bruno segera berdiri.,0191e771be5a840fae27444846c921f63b596dce66e96568894b8b1d12f67c01
24,cerita_24.txt,12,Bruno berlari ke arah halaman belakang.,0191e771be5a840fae27444846c921f63b596dce66e96568894b8b1d12f67c01
24,cerita_24.txt,13,Bruno melihat bayangan orang asing.,0191e771be5a840fae27444846c921f63b596dce66e96568894b8b1d12f67c01
24,cerita_24.txt,14,Bruno menggonggong dengan sangat keras.,0191e771be5a840fae27444846c921f63b596dce66e96568894b8b1d12f67c01
24,cerita_24.txt,15,Gonggongan Bruno membangunkan paman.,0191e771be5a840fae27444846c921f63b596dce66e96568894b8b1d12f67c01
24,cerita_24.txt,16,Paman menyalakan lampu senter.,0191e771be5a840fae27444846c921f63b596dce66e96568894b8b1d12f67c01
24,cerita_24.txt,17,Paman berjalan ke halaman belakang.,0191e771be5a840fae27444846c921f63b596dce66e96568894b8b1d12f67c01
24,cerita_24.txt,18,Orang asing itu lari ketakutan.,0191e771be5a840fae27444846c921f63b596dce66e96568894b8b1d12f67c01
24,cerita_24.txt,19,Orang asing itu melompati pagar.,0191e771be5a840fae27444846c921f63b596dce66e96568894b8b1d12f67c01
24,cerita_24.txt,20,Paman mengelus kepala Bruno.,0191e771be5a840fae27444846c921f63b596dce66e96568894b8b1d12f67c01
24,cerita_24.txt,21,Paman memuji keberanian Bruno.,0191e771be5a840fae27444846c921f63b596dce66e96568894b8b1d12f67c01
24,cerita_24.txt,22,Bruno mengibaskan ekornya.,0191e771be5a840fae27444846c921f63b596dce66e96568894b8b1d12f67c01
24,cerita_24.txt,23,Rumah paman kembali aman.,0191e771be5a840fae27444846c921f63b596dce66e96568894b8b1d12f67c01
24,cerita_24.txt,24,Paman memberi Bruno biskuit anjing.,0191e771be5a840fae27444846c921f63b596dce66e96568894b8b1d12f67c01
24,cerita_24.txt,25,Bruno kembali tidur di teras.,0191e771be5a840fae27444846c921f63b596dce66e96568894b8b1d12f67c01
25,cerita_25.txt,1,Udin dan teman-teman pergi ke sungai.,78447453df6e94a95e0ff015120f30fc912e3bd272860b091f58286351faf3bd
25,cerita_25.txt,2,Sungai itu terletak di pinggir desa.,78447453df6e94a95e0ff015120f30fc912e3bd272860b091f58286351faf3bd
25,cerita_25.txt,3,Air sungai itu sangat dangkal.,78447453df6e94a95e0ff015120f30fc912e3bd272860b091f58286351faf3bd
25,cerita_25.txt,4,Udin membawa sebuah jaring kecil.,78447453df6e94a95e0ff015120f30fc912e3bd272860b091f58286351faf3bd
25,cerita_25.txt,5,Teman Udin membawa ember plastik.,78447453df6e94a95e0ff015120f30fc912e3bd272860b091f58286351faf3bd
25,cerita_25.txt,6,Mereka turun ke dalam sungai.,78447453df6e94a95e0ff015120f30fc912e3bd272860b091f58286351faf3bd
25,cerita_25.txt,7,Air sungai terasa sangat sejuk.,78447453df6e94a95e0ff015120f30fc912e3bd272860b091f58286351faf3bd
25,cerita_25.txt,8,Udin melihat sekelompok ikan kecil.,78447453df6e94a95e0ff015120f30fc912e3bd272860b091f58286351faf3bd
25,cerita_25.txt,9,Ikan-ikan itu berenang di dekat batu.,78447453df6e94a95e0ff015120f30fc912e3bd272860b091f58286351faf3bd
25,cerita_25.txt,10,Udin mengayunkan jaring ke dalam air.,78447453df6e94a95e0ff015120f30fc912e3bd272860b091f58286351faf3bd
25,cerita_25.txt,11,Udin berhasil menangkap tiga ekor ikan.,78447453df6e94a95e0ff015120f30fc912e3bd272860b091f58286351faf3bd
25,cerita_25.txt,12,Ikan itu berwarna perak.,78447453df6e94a95e0ff015120f30fc912e3bd272860b091f58286351faf3bd
25,cerita_25.txt,13,Udin memasukkan ikan ke dalam ember.,78447453df6e94a95e0ff015120f30fc912e3bd272860b091f58286351faf3bd
25,cerita_25.txt,14,Teman-teman ikut mencari ikan.,78447453df6e94a95e0ff015120f30fc912e3bd272860b091f58286351faf3bd
25,cerita_25.txt,15,Mereka sangat fokus mencari ikan.,78447453df6e94a95e0ff015120f30fc912e3bd272860b091f58286351faf3bd
25,cerita_25.txt,16,Udin menemukan udang sungai di balik batu.,78447453df6e94a95e0ff015120f30fc912e3bd272860b091f58286351faf3bd
25,cerita_25.txt,17,Udin menangkap udang itu dengan tangan.,78447453df6e94a95e0ff015120f30fc912e3bd272860b091f58286351faf3bd
25,cerita_25.txt,18,Mereka bermain air bersama-sama.,78447453df6e94a95e0ff015120f30fc912e3bd272860b091f58286351faf3bd
25,cerita_25.txt,19,Pakaian mereka menjadi sangat basah.,78447453df6e94a95e0ff015120f30fc912e3bd272860b091f58286351faf3bd
25,cerita_25.txt,20,Matahari mulai terbenam di barat.,78447453df6e94a95e0ff015120f30fc912e3bd272860b091f58286351faf3bd
25,cerita_25.txt,21,Ember plastik sudah berisi banyak ikan.,78447453df6e94a95e0ff015120f30fc912e3bd272860b091f58286351faf3bd
25,cerita_25.txt,22,Mereka naik ke pinggir sungai.,78447453df6e94a95e0ff015120f30fc912e3bd272860b091f58286351faf3bd
25,cerita_25.txt,23,Mereka membawa ikan itu pulang.,78447453df6e94a95e0ff015120f30fc912e3bd272860b091f58286351faf3bd
25,cerita_25.txt,24,Ibu menggoreng ikan tersebut di rumah.,78447453df6e94a95e0ff015120f30fc912e3bd272860b091f58286351faf3bd
25,cerita_25.txt,25,Udin memakan ikan goreng dengan nasi.,78447453df6e94a95e0ff015120f30fc912e3bd272860b091f58286351faf3bd
26,cerita_26.txt,1,Hari ini adalah hari ulang tahun Andi.,58f56019741881ecc2e5b515fafeb4959453da22a45291965e5650af165c89fe
26,cerita_26.txt,2,Andi berusia sembilan tahun.,58f56019741881ecc2e5b515fafeb4959453da22a45291965e5650af165c89fe
26,cerita_26.txt,3,Ibu membuat kue ulang tahun cokelat.,58f56019741881ecc2e5b515fafeb4959453da22a45291965e5650af165c89fe
26,cerita_26.txt,4,Kue itu dihias dengan lilin.,58f56019741881ecc2e5b515fafeb4959453da22a45291965e5650af165c89fe
26,cerita_26.txt,5,Ayah memberikan sebuah kotak kado.,58f56019741881ecc2e5b515fafeb4959453da22a45291965e5650af165c89fe
26,cerita_26.txt,6,Kotak kado itu dibungkus kertas biru.,58f56019741881ecc2e5b515fafeb4959453da22a45291965e5650af165c89fe
26,cerita_26.txt,7,Andi menerima kotak kado itu.,58f56019741881ecc2e5b515fafeb4959453da22a45291965e5650af165c89fe
26,cerita_26.txt,8,Andi mengucapkan terima kasih kepada ayah.,58f56019741881ecc2e5b515fafeb4959453da22a45291965e5650af165c89fe
26,cerita_26.txt,9,Andi membuka kotak kado dengan antusias.,58f56019741881ecc2e5b515fafeb4959453da22a45291965e5650af165c89fe
26,cerita_26.txt,10,Di dalam kotak terdapat sepasang sepatu.,58f56019741881ecc2e5b515fafeb4959453da22a45291965e5650af165c89fe
26,cerita_26.txt,11,Sepatu itu berwarna hitam dan putih.,58f56019741881ecc2e5b515fafeb4959453da22a45291965e5650af165c89fe
26,cerita_26.txt,12,Sepatu itu memiliki tali merah.,58f56019741881ecc2e5b515fafeb4959453da22a45291965e5650af165c89fe
26,cerita_26.txt,13,Andi sangat menyukai sepatu baru itu.,58f56019741881ecc2e5b515fafeb4959453da22a45291965e5650af165c89fe
26,cerita_26.txt,14,Andi langsung mencoba sepatu tersebut.,58f56019741881ecc2e5b515fafeb4959453da22a45291965e5650af165c89fe
26,cerita_26.txt,15,Ukuran sepatu itu sangat pas.,58f56019741881ecc2e5b515fafeb4959453da22a45291965e5650af165c89fe
26,cerita_26.txt,16,Teman-teman Andi datang ke rumah.,58f56019741881ecc2e5b515fafeb4959453da22a45291965e5650af165c89fe
26,cerita_26.txt,17,Mereka menyanyikan lagu selamat ulang tahun.,58f56019741881ecc2e5b515fafeb4959453da22a45291965e5650af165c89fe
26,cerita_26.txt,18,Andi meniup lilin di atas kue.,58f56019741881ecc2e5b515fafeb4959453da22a45291965e5650af165c89fe
26,cerita_26.txt,19,Andi memotong kue cokelat itu.,58f56019741881ecc2e5b515fafeb4959453da22a45291965e5650af165c89fe
26,cerita_26.txt,20,Ibu membagikan potongan kue kepada teman-teman.,58f56019741881ecc2e5b515fafeb4959453da22a45291965e5650af165c89fe
26,cerita_26.txt,21,Mereka makan kue dengan gembira.,58f56019741881ecc2e5b515fafeb4959453da22a45291965e5650af165c89fe
26,cerita_26.txt,22,Andi mengajak teman-teman bermain di halaman.,58f56019741881ecc2e5b515fafeb4959453da22a45291965e5650af165c89fe
26,cerita_26.txt,23,Andi memakai sepatu baru saat bermain.,58f56019741881ecc2e5b515fafeb4959453da22a45291965e5650af165c89fe
26,cerita_26.txt,24,Pesta ulang tahun berjalan sangat meriah.,58f56019741881ecc2e5b515fafeb4959453da22a45291965e5650af165c89fe
26,cerita_26.txt,25,Andi merasa hari ini sangat spesial.,58f56019741881ecc2e5b515fafeb4959453da22a45291965e5650af165c89fe
27,cerita_27.txt,1,Guru mengajak siswa ke perpustakaan daerah.,0464d2172a3721e813cdbf35286e594a2c9e1c263cafbad2c5ee3d72cc86439a
27,cerita_27.txt,2,Perpustakaan itu berada di pusat kota.,0464d2172a3721e813cdbf35286e594a2c9e1c263cafbad2c5ee3d72cc86439a
27,cerita_27.txt,3,Siswa berangkat menggunakan bus sekolah.,0464d2172a3721e813cdbf35286e594a2c9e1c263cafbad2c5ee3d72cc86439a
27,cerita_27.txt,4,Bus tiba di perpustakaan pada pukul sembilan.,0464d2172a3721e813cdbf35286e594a2c9e1c263cafbad2c5ee3d72cc86439a
27,cerita_27.txt,5,Gedung perpustakaan itu sangat besar.,0464d2172a3721e813cdbf35286e594a2c9e1c263cafbad2c5ee3d72cc86439a
27,cerita_27.txt,6,Siswa masuk dengan tertib.,0464d2172a3721e813cdbf35286e594a2c9e1c263cafbad2c5ee3d72cc86439a
27,cerita_27.txt,7,Petugas perpustakaan menyambut mereka dengan senyum.,0464d2172a3721e813cdbf35286e594a2c9e1c263cafbad2c5ee3d72cc86439a
27,cerita_27.txt,8,Petugas menjelaskan aturan di perpustakaan.,0464d2172a3721e813cdbf35286e594a2c9e1c263cafbad2c5ee3d72cc86439a
27,cerita_27.txt,9,Pengunjung tidak boleh membuat keributan.,0464d2172a3721e813cdbf35286e594a2c9e1c263cafbad2c5ee3d72cc86439a
27,cerita_27.txt,10,Rak buku tersusun sangat rapi.,0464d2172a3721e813cdbf35286e594a2c9e1c263cafbad2c5ee3d72cc86439a
27,cerita_27.txt,11,Rio mencari buku tentang dinosaurus.,0464d2172a3721e813cdbf35286e594a2c9e1c263cafbad2c5ee3d72cc86439a
27,cerita_27.txt,12,Rio menemukan buku itu di rak sejarah.,0464d2172a3721e813cdbf35286e594a2c9e1c263cafbad2c5ee3d72cc86439a
27,cerita_27.txt,13,Buku itu memiliki gambar yang bagus.,0464d2172a3721e813cdbf35286e594a2c9e1c263cafbad2c5ee3d72cc86439a
27,cerita_27.txt,14,Rio duduk di kursi baca.,0464d2172a3721e813cdbf35286e594a2c9e1c263cafbad2c5ee3d72cc86439a
27,cerita_27.txt,15,Rio membaca buku dengan tenang.,0464d2172a3721e813cdbf35286e594a2c9e1c263cafbad2c5ee3d72cc86439a
27,cerita_27.txt,16,Siti meminjam buku cerita rakyat.,0464d2172a3721e813cdbf35286e594a2c9e1c263cafbad2c5ee3d72cc86439a
27,cerita_27.txt,17,Siti membawa buku itu ke meja petugas.,0464d2172a3721e813cdbf35286e594a2c9e1c263cafbad2c5ee3d72cc86439a
27,cerita_27.txt,18,Petugas mencatat peminjaman buku Siti.,0464d2172a3721e813cdbf35286e594a2c9e1c263cafbad2c5ee3d72cc86439a
27,cerita_27.txt,19,Waktu kunjungan berlangsung selama dua jam.,0464d2172a3721e813cdbf35286e594a2c9e1c263cafbad2c5ee3d72cc86439a
27,cerita_27.txt,20,Guru mengumpulkan seluruh siswa.,0464d2172a3721e813cdbf35286e594a2c9e1c263cafbad2c5ee3d72cc86439a
27,cerita_27.txt,21,Siswa merapikan kembali kursi baca.,0464d2172a3721e813cdbf35286e594a2c9e1c263cafbad2c5ee3d72cc86439a
27,cerita_27.txt,22,Mereka keluar dari gedung perpustakaan.,0464d2172a3721e813cdbf35286e594a2c9e1c263cafbad2c5ee3d72cc86439a
27,cerita_27.txt,23,Siswa kembali naik ke dalam bus.,0464d2172a3721e813cdbf35286e594a2c9e1c263cafbad2c5ee3d72cc86439a
27,cerita_27.txt,24,Bus melaju kembali ke sekolah.,0464d2172a3721e813cdbf35286e594a2c9e1c263cafbad2c5ee3d72cc86439a
27,cerita_27.txt,25,Rio mendapat banyak ilmu baru.,0464d2172a3721e813cdbf35286e594a2c9e1c263cafbad2c5ee3d72cc86439a
28,cerita_28.txt,1,Fajar mengikuti kursus berenang.,02a9fbc876cedc86574a0c28fcf3769b85385fdfd8e8d77b3793a369db5925b6
28,cerita_28.txt,2,Latihan diadakan setiap hari Sabtu.,02a9fbc876cedc86574a0c28fcf3769b85385fdfd8e8d77b3793a369db5925b6
28,cerita_28.txt,3,Fajar menyiapkan pakaian renang di tas.,02a9fbc876cedc86574a0c28fcf3769b85385fdfd8e8d77b3793a369db5925b6
28,cerita_28.txt,4,Fajar tiba di kolam renang pagi hari.,02a9fbc876cedc86574a0c28fcf3769b85385fdfd8e8d77b3793a369db5925b6
28,cerita_28.txt,5,Pelatih renang sudah menunggu di tepi kolam.,02a9fbc876cedc86574a0c28fcf3769b85385fdfd8e8d77b3793a369db5925b6
28,cerita_28.txt,6,Fajar melakukan pemanasan terlebih dahulu.,02a9fbc876cedc86574a0c28fcf3769b85385fdfd8e8d77b3793a369db5925b6
28,cerita_28.txt,7,Pemanasan mencegah kram otot.,02a9fbc876cedc86574a0c28fcf3769b85385fdfd8e8d77b3793a369db5925b6
28,cerita_28.txt,8,Fajar turun ke dalam kolam renang.,02a9fbc876cedc86574a0c28fcf3769b85385fdfd8e8d77b3793a369db5925b6
28,cerita_28.txt,9,Air kolam terasa sangat dingin.,02a9fbc876cedc86574a0c28fcf3769b85385fdfd8e8d77b3793a369db5925b6
28,cerita_28.txt,10,Pelatih mengajarkan gaya bebas.,02a9fbc876cedc86574a0c28fcf3769b85385fdfd8e8d77b3793a369db5925b6
28,cerita_28.txt,11,Fajar menggerakkan kaki ke atas dan bawah.,02a9fbc876cedc86574a0c28fcf3769b85385fdfd8e8d77b3793a369db5925b6
28,cerita_28.txt,12,Fajar memutar tangan ke depan.,02a9fbc876cedc86574a0c28fcf3769b85385fdfd8e8d77b3793a369db5925b6
28,cerita_28.txt,13,Fajar mengambil napas dari samping.,02a9fbc876cedc86574a0c28fcf3769b85385fdfd8e8d77b3793a369db5925b6
28,cerita_28.txt,14,Gerakan Fajar masih sedikit kaku.,02a9fbc876cedc86574a0c28fcf3769b85385fdfd8e8d77b3793a369db5925b6
28,cerita_28.txt,15,Pelatih memberikan contoh yang benar.,02a9fbc876cedc86574a0c28fcf3769b85385fdfd8e8d77b3793a369db5925b6
28,cerita_28.txt,16,Fajar mengulangi gerakan tersebut.,02a9fbc876cedc86574a0c28fcf3769b85385fdfd8e8d77b3793a369db5925b6
28,cerita_28.txt,17,Fajar berenang sejauh sepuluh meter.,02a9fbc876cedc86574a0c28fcf3769b85385fdfd8e8d77b3793a369db5925b6
28,cerita_28.txt,18,Fajar merasa napasnya sangat tersengal.,02a9fbc876cedc86574a0c28fcf3769b85385fdfd8e8d77b3793a369db5925b6
28,cerita_28.txt,19,Fajar beristirahat di pinggir kolam.,02a9fbc876cedc86574a0c28fcf3769b85385fdfd8e8d77b3793a369db5925b6
28,cerita_28.txt,20,Pelatih memberikan pujian kepada Fajar.,02a9fbc876cedc86574a0c28fcf3769b85385fdfd8e8d77b3793a369db5925b6
28,cerita_28.txt,21,Fajar kembali berlatih dengan semangat.,02a9fbc876cedc86574a0c28fcf3769b85385fdfd8e8d77b3793a369db5925b6
28,cerita_28.txt,22,Latihan berenang selesai pada pukul sepuluh.,02a9fbc876cedc86574a0c28fcf3769b85385fdfd8e8d77b3793a369db5925b6
28,cerita_28.txt,23,Fajar membilas tubuh di kamar mandi.,02a9fbc876cedc86574a0c28fcf3769b85385fdfd8e8d77b3793a369db5925b6
28,cerita_28.txt,24,Fajar mengganti pakaian dengan baju bersih.,02a9fbc876cedc86574a0c28fcf3769b85385fdfd8e8d77b3793a369db5925b6
28,cerita_28.txt,25,Fajar pulang ke rumah bersama ayah.,02a9fbc876cedc86574a0c28fcf3769b85385fdfd8e8d77b3793a369db5925b6
29,cerita_29.txt,1,Desa Pak Hasan berada di dekat hutan.,fd6403d0d8e175e16efaedee76f3ca83eeab393b7f7780aa861c50514081549a
29,cerita_29.txt,2,Pak Hasan membutuhkan kayu bakar.,fd6403d0d8e175e16efaedee76f3ca83eeab393b7f7780aa861c50514081549a
29,cerita_29.txt,3,Pak Hasan pergi ke hutan membawa parang.,fd6403d0d8e175e16efaedee76f3ca83eeab393b7f7780aa861c50514081549a
29,cerita_29.txt,4,Pak Hasan mencari dahan pohon kering.,fd6403d0d8e175e16efaedee76f3ca83eeab393b7f7780aa861c50514081549a
29,cerita_29.txt,5,Hutan itu memiliki banyak pohon rindang.,fd6403d0d8e175e16efaedee76f3ca83eeab393b7f7780aa861c50514081549a
29,cerita_29.txt,6,Pak Hasan menemukan sebuah pohon tumbang.,fd6403d0d8e175e16efaedee76f3ca83eeab393b7f7780aa861c50514081549a
29,cerita_29.txt,7,Pohon itu sudah sangat kering.,fd6403d0d8e175e16efaedee76f3ca83eeab393b7f7780aa861c50514081549a
29,cerita_29.txt,8,Pak Hasan memotong dahan dengan parang.,fd6403d0d8e175e16efaedee76f3ca83eeab393b7f7780aa861c50514081549a
29,cerita_29.txt,9,Pak Hasan mengumpulkan potongan kayu.,fd6403d0d8e175e16efaedee76f3ca83eeab393b7f7780aa861c50514081549a
29,cerita_29.txt,10,Potongan kayu itu diikat dengan tali rotan.,fd6403d0d8e175e16efaedee76f3ca83eeab393b7f7780aa861c50514081549a
29,cerita_29.txt,11,Pak Hasan memanggul ikatan kayu di pundak.,fd6403d0d8e175e16efaedee76f3ca83eeab393b7f7780aa861c50514081549a
29,cerita_29.txt,12,Beban kayu itu cukup berat.,fd6403d0d8e175e16efaedee76f3ca83eeab393b7f7780aa861c50514081549a
29,cerita_29.txt,13,Pak Hasan berjalan kembali ke desa.,fd6403d0d8e175e16efaedee76f3ca83eeab393b7f7780aa861c50514081549a
29,cerita_29.txt,14,Pak Hasan beristirahat di dekat sungai.,fd6403d0d8e175e16efaedee76f3ca83eeab393b7f7780aa861c50514081549a
29,cerita_29.txt,15,Pak Hasan membasuh wajah dengan air sungai.,fd6403d0d8e175e16efaedee76f3ca83eeab393b7f7780aa861c50514081549a
29,cerita_29.txt,16,Pak Hasan melanjutkan perjalanan pulang.,fd6403d0d8e175e16efaedee76f3ca83eeab393b7f7780aa861c50514081549a
29,cerita_29.txt,17,Pak Hasan tiba di rumah pada siang hari.,fd6403d0d8e175e16efaedee76f3ca83eeab393b7f7780aa861c50514081549a
29,cerita_29.txt,18,Pak Hasan meletakkan kayu di belakang rumah.,fd6403d0d8e175e16efaedee76f3ca83eeab393b7f7780aa861c50514081549a
29,cerita_29.txt,19,Istri Pak Hasan menyalakan tungku api.,fd6403d0d8e175e16efaedee76f3ca83eeab393b7f7780aa861c50514081549a
29,cerita_29.txt,20,Istri Pak Hasan menggunakan kayu bakar tersebut.,fd6403d0d8e175e16efaedee76f3ca83eeab393b7f7780aa861c50514081549a
29,cerita_29.txt,21,Api menyala dengan sangat terang.,fd6403d0d8e175e16efaedee76f3ca83eeab393b7f7780aa861c50514081549a
29,cerita_29.txt,22,Istri Pak Hasan merebus air minum.,fd6403d0d8e175e16efaedee76f3ca83eeab393b7f7780aa861c50514081549a
29,cerita_29.txt,23,Kayu kering menghasilkan api yang panas.,fd6403d0d8e175e16efaedee76f3ca83eeab393b7f7780aa861c50514081549a
29,cerita_29.txt,24,Pak Hasan meminum teh hangat di teras.,fd6403d0d8e175e16efaedee76f3ca83eeab393b7f7780aa861c50514081549a
29,cerita_29.txt,25,Pekerjaan Pak Hasan hari ini selesai.,fd6403d0d8e175e16efaedee76f3ca83eeab393b7f7780aa861c50514081549a
30,cerita_30.txt,1,Paman memanen pisang di kebun.,a94c66dd613afc2821b23da12c7fddf57deafbc4f0526e1a61eef9c16da1d140
30,cerita_30.txt,2,Pisang itu berwarna kuning cerah.,a94c66dd613afc2821b23da12c7fddf57deafbc4f0526e1a61eef9c16da1d140
30,cerita_30.txt,3,Paman meletakkan pisang di keranjang rotan.,a94c66dd613afc2821b23da12c7fddf57deafbc4f0526e1a61eef9c16da1d140
30,cerita_30.txt,4,Paman meletakkan keranjang di bawah pohon.,a94c66dd613afc2821b23da12c7fddf57deafbc4f0526e1a61eef9c16da1d140
30,cerita_30.txt,5,Paman pergi mengambil air minum di gubuk.,a94c66dd613afc2821b23da12c7fddf57deafbc4f0526e1a61eef9c16da1d140
30,cerita_30.txt,6,Seekor monyet mengawasi dari atas pohon.,a94c66dd613afc2821b23da12c7fddf57deafbc4f0526e1a61eef9c16da1d140
30,cerita_30.txt,7,Monyet itu memiliki ekor panjang.,a94c66dd613afc2821b23da12c7fddf57deafbc4f0526e1a61eef9c16da1d140
30,cerita_30.txt,8,Monyet turun secara perlahan.,a94c66dd613afc2821b23da12c7fddf57deafbc4f0526e1a61eef9c16da1d140
30,cerita_30.txt,9,Monyet mendekati keranjang pisang.,a94c66dd613afc2821b23da12c7fddf57deafbc4f0526e1a61eef9c16da1d140
30,cerita_30.txt,10,Monyet mengambil dua buah pisang.,a94c66dd613afc2821b23da12c7fddf57deafbc4f0526e1a61eef9c16da1d140
30,cerita_30.txt,11,Monyet segera memanjat pohon kembali.,a94c66dd613afc2821b23da12c7fddf57deafbc4f0526e1a61eef9c16da1d140
30,cerita_30.txt,12,Paman kembali dari gubuk.,a94c66dd613afc2821b23da12c7fddf57deafbc4f0526e1a61eef9c16da1d140
30,cerita_30.txt,13,Paman melihat keranjang pisangnya berantakan.,a94c66dd613afc2821b23da12c7fddf57deafbc4f0526e1a61eef9c16da1d140
30,cerita_30.txt,14,Paman menghitung jumlah pisang.,a94c66dd613afc2821b23da12c7fddf57deafbc4f0526e1a61eef9c16da1d140
30,cerita_30.txt,15,Beberapa pisang telah hilang.,a94c66dd613afc2821b23da12c7fddf57deafbc4f0526e1a61eef9c16da1d140
30,cerita_30.txt,16,Paman mendengar suara dari atas dahan.,a94c66dd613afc2821b23da12c7fddf57deafbc4f0526e1a61eef9c16da1d140
30,cerita_30.txt,17,Paman melihat monyet sedang memakan pisang.,a94c66dd613afc2821b23da12c7fddf57deafbc4f0526e1a61eef9c16da1d140
30,cerita_30.txt,18,Monyet itu mengupas kulit pisang.,a94c66dd613afc2821b23da12c7fddf57deafbc4f0526e1a61eef9c16da1d140
30,cerita_30.txt,19,Paman hanya bisa tersenyum.,a94c66dd613afc2821b23da12c7fddf57deafbc4f0526e1a61eef9c16da1d140
30,cerita_30.txt,20,Paman membiarkan monyet itu memakan pisangnya.,a94c66dd613afc2821b23da12c7fddf57deafbc4f0526e1a61eef9c16da1d140
30,cerita_30.txt,21,Paman membawa keranjang ke dalam gubuk.,a94c66dd613afc2821b23da12c7fddf57deafbc4f0526e1a61eef9c16da1d140
30,cerita_30.txt,22,Paman menutup pintu gubuk rapat-rapat.,a94c66dd613afc2821b23da12c7fddf57deafbc4f0526e1a61eef9c16da1d140
30,cerita_30.txt,23,Monyet membuang kulit pisang ke tanah.,a94c66dd613afc2821b23da12c7fddf57deafbc4f0526e1a61eef9c16da1d140
30,cerita_30.txt,24,Paman membersihkan kulit pisang itu.,a94c66dd613afc2821b23da12c7fddf57deafbc4f0526e1a61eef9c16da1d140
30,cerita_30.txt,25,Paman membawa pisang yang tersisa pulang.,a94c66dd613afc2821b23da12c7fddf57deafbc4f0526e1a61eef9c16da1d140
31,cerita_31.txt,1,Hari Jumat adalah hari kerja bakti.,0d0f3f34494fbe257042dea5ead2f8c3b9ed394fa825288c2773984ac55bfef5
31,cerita_31.txt,2,Siswa kelas empat membersihkan halaman sekolah.,0d0f3f34494fbe257042dea5ead2f8c3b9ed394fa825288c2773984ac55bfef5
31,cerita_31.txt,3,Guru membagi tugas kepada para siswa.,0d0f3f34494fbe257042dea5ead2f8c3b9ed394fa825288c2773984ac55bfef5
31,cerita_31.txt,4,Budi bertugas menyapu daun kering.,0d0f3f34494fbe257042dea5ead2f8c3b9ed394fa825288c2773984ac55bfef5
31,cerita_31.txt,5,Budi menggunakan sapu lidi yang panjang.,0d0f3f34494fbe257042dea5ead2f8c3b9ed394fa825288c2773984ac55bfef5
31,cerita_31.txt,6,Ani bertugas mencabut rumput liar.,0d0f3f34494fbe257042dea5ead2f8c3b9ed394fa825288c2773984ac55bfef5
31,cerita_31.txt,7,Ani menggunakan sarung tangan kain.,0d0f3f34494fbe257042dea5ead2f8c3b9ed394fa825288c2773984ac55bfef5
31,cerita_31.txt,8,Toni bertugas membuang sampah.,0d0f3f34494fbe257042dea5ead2f8c3b9ed394fa825288c2773984ac55bfef5
31,cerita_31.txt,9,Toni membawa tempat sampah plastik.,0d0f3f34494fbe257042dea5ead2f8c3b9ed394fa825288c2773984ac55bfef5
31,cerita_31.txt,10,Mereka bekerja sama dengan baik.,0d0f3f34494fbe257042dea5ead2f8c3b9ed394fa825288c2773984ac55bfef5
31,cerita_31.txt,11,Daun kering terkumpul menjadi tumpukan besar.,0d0f3f34494fbe257042dea5ead2f8c3b9ed394fa825288c2773984ac55bfef5
31,cerita_31.txt,12,Toni memasukkan daun kering ke tempat sampah.,0d0f3f34494fbe257042dea5ead2f8c3b9ed394fa825288c2773984ac55bfef5
31,cerita_31.txt,13,Halaman sekolah menjadi sangat bersih.,0d0f3f34494fbe257042dea5ead2f8c3b9ed394fa825288c2773984ac55bfef5
31,cerita_31.txt,14,Pot bunga dirapikan oleh siswa perempuan.,0d0f3f34494fbe257042dea5ead2f8c3b9ed394fa825288c2773984ac55bfef5
31,cerita_31.txt,15,Tanaman disiram menggunakan selang air.,0d0f3f34494fbe257042dea5ead2f8c3b9ed394fa825288c2773984ac55bfef5
31,cerita_31.txt,16,Kepala sekolah berkeliling melihat halaman.,0d0f3f34494fbe257042dea5ead2f8c3b9ed394fa825288c2773984ac55bfef5
31,cerita_31.txt,17,Kepala sekolah memuji kerja keras siswa.,0d0f3f34494fbe257042dea5ead2f8c3b9ed394fa825288c2773984ac55bfef5
31,cerita_31.txt,18,Pekerjaan selesai dalam waktu satu jam.,0d0f3f34494fbe257042dea5ead2f8c3b9ed394fa825288c2773984ac55bfef5
31,cerita_31.txt,19,Siswa mencuci tangan di wastafel.,0d0f3f34494fbe257042dea5ead2f8c3b9ed394fa825288c2773984ac55bfef5
31,cerita_31.txt,20,Sabun membersihkan kotoran di tangan.,0d0f3f34494fbe257042dea5ead2f8c3b9ed394fa825288c2773984ac55bfef5
31,cerita_31.txt,21,Guru memberikan minuman dingin kepada siswa.,0d0f3f34494fbe257042dea5ead2f8c3b9ed394fa825288c2773984ac55bfef5
31,cerita_31.txt,22,Siswa meminum air di teras kelas.,0d0f3f34494fbe257042dea5ead2f8c3b9ed394fa825288c2773984ac55bfef5
31,cerita_31.txt,23,Lingkungan sekolah yang bersih sangat nyaman.,0d0f3f34494fbe257042dea5ead2f8c3b9ed394fa825288c2773984ac55bfef5
31,cerita_31.txt,24,Bel istirahat berbunyi nyaring.,0d0f3f34494fbe257042dea5ead2f8c3b9ed394fa825288c2773984ac55bfef5
31,cerita_31.txt,25,Siswa pergi ke kantin sekolah.,0d0f3f34494fbe257042dea5ead2f8c3b9ed394fa825288c2773984ac55bfef5
32,cerita_32.txt,1,Pasukan pramuka mengadakan kegiatan berkemah.,6485c20351f14970d4ca4f7b0598e29712ef266530b07a6675d9ccf13cd843ff
32,cerita_32.txt,2,Perkemahan berlokasi di kaki gunung.,6485c20351f14970d4ca4f7b0598e29712ef266530b07a6675d9ccf13cd843ff
32,cerita_32.txt,3,Siswa mendirikan tenda di tanah datar.,6485c20351f14970d4ca4f7b0598e29712ef266530b07a6675d9ccf13cd843ff
32,cerita_32.txt,4,Tenda itu berwarna hijau tua.,6485c20351f14970d4ca4f7b0598e29712ef266530b07a6675d9ccf13cd843ff
32,cerita_32.txt,5,Andi memasang pasak tenda dengan palu.,6485c20351f14970d4ca4f7b0598e29712ef266530b07a6675d9ccf13cd843ff
32,cerita_32.txt,6,Tenda berdiri dengan sangat kokoh.,6485c20351f14970d4ca4f7b0598e29712ef266530b07a6675d9ccf13cd843ff
32,cerita_32.txt,7,Udara di gunung sangat sejuk.,6485c20351f14970d4ca4f7b0598e29712ef266530b07a6675d9ccf13cd843ff
32,cerita_32.txt,8,"Sore hari, siswa mencari kayu bakar.",6485c20351f14970d4ca4f7b0598e29712ef266530b07a6675d9ccf13cd843ff
32,cerita_32.txt,9,Mereka mengumpulkan ranting-ranting kecil.,6485c20351f14970d4ca4f7b0598e29712ef266530b07a6675d9ccf13cd843ff
32,cerita_32.txt,10,"Malam hari, api unggun dinyalakan.",6485c20351f14970d4ca4f7b0598e29712ef266530b07a6675d9ccf13cd843ff
32,cerita_32.txt,11,Api unggun menghangatkan tubuh mereka.,6485c20351f14970d4ca4f7b0598e29712ef266530b07a6675d9ccf13cd843ff
32,cerita_32.txt,12,Siswa bernyanyi bersama di sekitar api.,6485c20351f14970d4ca4f7b0598e29712ef266530b07a6675d9ccf13cd843ff
32,cerita_32.txt,13,Guru bercerita tentang pahlawan nasional.,6485c20351f14970d4ca4f7b0598e29712ef266530b07a6675d9ccf13cd843ff
32,cerita_32.txt,14,Langit malam dipenuhi banyak bintang.,6485c20351f14970d4ca4f7b0598e29712ef266530b07a6675d9ccf13cd843ff
32,cerita_32.txt,15,Suara jangkrik terdengar saling bersahutan.,6485c20351f14970d4ca4f7b0598e29712ef266530b07a6675d9ccf13cd843ff
32,cerita_32.txt,16,Waktu tidur telah tiba.,6485c20351f14970d4ca4f7b0598e29712ef266530b07a6675d9ccf13cd843ff
32,cerita_32.txt,17,Siswa masuk ke dalam tenda.,6485c20351f14970d4ca4f7b0598e29712ef266530b07a6675d9ccf13cd843ff
32,cerita_32.txt,18,Mereka memakai jaket tebal.,6485c20351f14970d4ca4f7b0598e29712ef266530b07a6675d9ccf13cd843ff
32,cerita_32.txt,19,Mereka tidur menggunakan kantong tidur.,6485c20351f14970d4ca4f7b0598e29712ef266530b07a6675d9ccf13cd843ff
32,cerita_32.txt,20,"Pagi hari, matahari terbit sangat indah.",6485c20351f14970d4ca4f7b0598e29712ef266530b07a6675d9ccf13cd843ff
32,cerita_32.txt,21,Siswa melakukan senam pagi.,6485c20351f14970d4ca4f7b0598e29712ef266530b07a6675d9ccf13cd843ff
32,cerita_32.txt,22,Mereka memasak mi instan untuk sarapan.,6485c20351f14970d4ca4f7b0598e29712ef266530b07a6675d9ccf13cd843ff
32,cerita_32.txt,23,"Setelah sarapan, mereka membongkar tenda.",6485c20351f14970d4ca4f7b0598e29712ef266530b07a6675d9ccf13cd843ff
32,cerita_32.txt,24,Mereka membersihkan sampah di sekitar area.,6485c20351f14970d4ca4f7b0598e29712ef266530b07a6675d9ccf13cd843ff
32,cerita_32.txt,25,Pasukan pramuka pulang dengan pengalaman berharga.,6485c20351f14970d4ca4f7b0598e29712ef266530b07a6675d9ccf13cd843ff
33,cerita_33.txt,1,Kura-kura berjalan di pinggir danau.,1eb53d8b1b32da13402a7f9c6b30f6db0565e6075b73c884358ce65d23267d88
33,cerita_33.txt,2,Kura-kura membawa tempurung yang berat.,1eb53d8b1b32da13402a7f9c6b30f6db0565e6075b73c884358ce65d23267d88
33,cerita_33.txt,3,Langkah kura-kura sangat lambat.,1eb53d8b1b32da13402a7f9c6b30f6db0565e6075b73c884358ce65d23267d88
33,cerita_33.txt,4,Seekor kelinci datang menghampiri kura-kura.,1eb53d8b1b32da13402a7f9c6b30f6db0565e6075b73c884358ce65d23267d88
33,cerita_33.txt,5,Kelinci itu melompat dengan cepat.,1eb53d8b1b32da13402a7f9c6b30f6db0565e6075b73c884358ce65d23267d88
33,cerita_33.txt,6,Kelinci mengejek jalan kura-kura.,1eb53d8b1b32da13402a7f9c6b30f6db0565e6075b73c884358ce65d23267d88
33,cerita_33.txt,7,Kura-kura tidak merasa marah.,1eb53d8b1b32da13402a7f9c6b30f6db0565e6075b73c884358ce65d23267d88
33,cerita_33.txt,8,Kura-kura tetap berjalan dengan tenang.,1eb53d8b1b32da13402a7f9c6b30f6db0565e6075b73c884358ce65d23267d88
33,cerita_33.txt,9,Kelinci menantang kura-kura lomba lari.,1eb53d8b1b32da13402a7f9c6b30f6db0565e6075b73c884358ce65d23267d88
33,cerita_33.txt,10,Kura-kura menerima tantangan kelinci.,1eb53d8b1b32da13402a7f9c6b30f6db0565e6075b73c884358ce65d23267d88
33,cerita_33.txt,11,Perlombaan dimulai dari pohon beringin.,1eb53d8b1b32da13402a7f9c6b30f6db0565e6075b73c884358ce65d23267d88
33,cerita_33.txt,12,Garis akhir berada di dekat batu besar.,1eb53d8b1b32da13402a7f9c6b30f6db0565e6075b73c884358ce65d23267d88
33,cerita_33.txt,13,Kelinci berlari sangat kencang.,1eb53d8b1b32da13402a7f9c6b30f6db0565e6075b73c884358ce65d23267d88
33,cerita_33.txt,14,Kelinci meninggalkan kura-kura jauh di belakang.,1eb53d8b1b32da13402a7f9c6b30f6db0565e6075b73c884358ce65d23267d88
33,cerita_33.txt,15,Kelinci merasa sangat lelah.,1eb53d8b1b32da13402a7f9c6b30f6db0565e6075b73c884358ce65d23267d88
33,cerita_33.txt,16,Kelinci beristirahat di bawah pohon rindang.,1eb53d8b1b32da13402a7f9c6b30f6db0565e6075b73c884358ce65d23267d88
33,cerita_33.txt,17,Kelinci tertidur dengan pulas.,1eb53d8b1b32da13402a7f9c6b30f6db0565e6075b73c884358ce65d23267d88
33,cerita_33.txt,18,Kura-kura terus berjalan tanpa henti.,1eb53d8b1b32da13402a7f9c6b30f6db0565e6075b73c884358ce65d23267d88
33,cerita_33.txt,19,Kura-kura melewati kelinci yang sedang tidur.,1eb53d8b1b32da13402a7f9c6b30f6db0565e6075b73c884358ce65d23267d88
33,cerita_33.txt,20,Kura-kura mendekati garis akhir.,1eb53d8b1b32da13402a7f9c6b30f6db0565e6075b73c884358ce65d23267d88
33,cerita_33.txt,21,Kelinci terbangun dari tidurnya.,1eb53d8b1b32da13402a7f9c6b30f6db0565e6075b73c884358ce65d23267d88
33,cerita_33.txt,22,Kelinci berlari mengejar kura-kura.,1eb53d8b1b32da13402a7f9c6b30f6db0565e6075b73c884358ce65d23267d88
33,cerita_33.txt,23,Kura-kura sudah menyentuh garis akhir.,1eb53d8b1b32da13402a7f9c6b30f6db0565e6075b73c884358ce65d23267d88
33,cerita_33.txt,24,Kura-kura memenangkan perlombaan itu.,1eb53d8b1b32da13402a7f9c6b30f6db0565e6075b73c884358ce65d23267d88
33,cerita_33.txt,25,Kelinci meminta maaf kepada kura-kura.,1eb53d8b1b32da13402a7f9c6b30f6db0565e6075b73c884358ce65d23267d88
34,cerita_34.txt,1,Paman memelihara seekor ayam jago.,5cba12f745454f4c93153eb855f0cbf081a41b36020eb79c1fb213f7902a67ae
34,cerita_34.txt,2,Ayam jago itu memiliki bulu yang mengkilap.,5cba12f745454f4c93153eb855f0cbf081a41b36020eb79c1fb213f7902a67ae
34,cerita_34.txt,3,Jengger ayam jago berwarna merah menyala.,5cba12f745454f4c93153eb855f0cbf081a41b36020eb79c1fb213f7902a67ae
34,cerita_34.txt,4,"Setiap pagi, ayam jago bangun paling awal.",5cba12f745454f4c93153eb855f0cbf081a41b36020eb79c1fb213f7902a67ae
34,cerita_34.txt,5,Ayam jago melompat ke atas pagar kayu.,5cba12f745454f4c93153eb855f0cbf081a41b36020eb79c1fb213f7902a67ae
34,cerita_34.txt,6,Ayam jago berkokok dengan sangat nyaring.,5cba12f745454f4c93153eb855f0cbf081a41b36020eb79c1fb213f7902a67ae
34,cerita_34.txt,7,Suara kokokan membangunkan seluruh warga desa.,5cba12f745454f4c93153eb855f0cbf081a41b36020eb79c1fb213f7902a67ae
34,cerita_34.txt,8,Matahari pagi mulai terbit dari timur.,5cba12f745454f4c93153eb855f0cbf081a41b36020eb79c1fb213f7902a67ae
34,cerita_34.txt,9,Paman keluar dari dalam rumah.,5cba12f745454f4c93153eb855f0cbf081a41b36020eb79c1fb213f7902a67ae
34,cerita_34.txt,10,Paman membawa mangkuk berisi jagung kering.,5cba12f745454f4c93153eb855f0cbf081a41b36020eb79c1fb213f7902a67ae
34,cerita_34.txt,11,Paman menebarkan jagung di halaman.,5cba12f745454f4c93153eb855f0cbf081a41b36020eb79c1fb213f7902a67ae
34,cerita_34.txt,12,Ayam jago mematuk biji jagung dengan cepat.,5cba12f745454f4c93153eb855f0cbf081a41b36020eb79c1fb213f7902a67ae
34,cerita_34.txt,13,Ayam betina ikut berkumpul di halaman.,5cba12f745454f4c93153eb855f0cbf081a41b36020eb79c1fb213f7902a67ae
34,cerita_34.txt,14,Mereka memakan jagung bersama-sama.,5cba12f745454f4c93153eb855f0cbf081a41b36020eb79c1fb213f7902a67ae
34,cerita_34.txt,15,Ayam jago menjaga ayam betina.,5cba12f745454f4c93153eb855f0cbf081a41b36020eb79c1fb213f7902a67ae
34,cerita_34.txt,16,Ayam jago mengusir burung liar di halaman.,5cba12f745454f4c93153eb855f0cbf081a41b36020eb79c1fb213f7902a67ae
34,cerita_34.txt,17,Paman membersihkan kandang ayam.,5cba12f745454f4c93153eb855f0cbf081a41b36020eb79c1fb213f7902a67ae
34,cerita_34.txt,18,Kotoran ayam dijadikan pupuk tanaman.,5cba12f745454f4c93153eb855f0cbf081a41b36020eb79c1fb213f7902a67ae
34,cerita_34.txt,19,Kandang ayam menjadi bersih dan tidak bau.,5cba12f745454f4c93153eb855f0cbf081a41b36020eb79c1fb213f7902a67ae
34,cerita_34.txt,20,"Siang hari, ayam jago berteduh di bawah pohon.",5cba12f745454f4c93153eb855f0cbf081a41b36020eb79c1fb213f7902a67ae
34,cerita_34.txt,21,Ayam jago mencari cacing di tanah.,5cba12f745454f4c93153eb855f0cbf081a41b36020eb79c1fb213f7902a67ae
34,cerita_34.txt,22,Ayam jago menggali tanah menggunakan cakar.,5cba12f745454f4c93153eb855f0cbf081a41b36020eb79c1fb213f7902a67ae
34,cerita_34.txt,23,"Sore hari, ayam jago kembali ke kandang.",5cba12f745454f4c93153eb855f0cbf081a41b36020eb79c1fb213f7902a67ae
34,cerita_34.txt,24,Paman menutup pintu kandang ayam.,5cba12f745454f4c93153eb855f0cbf081a41b36020eb79c1fb213f7902a67ae
34,cerita_34.txt,25,Ayam jago tidur bertengger di sebatang kayu.,5cba12f745454f4c93153eb855f0cbf081a41b36020eb79c1fb213f7902a67ae
35,cerita_35.txt,1,Jojo ingin bermain layang-layang.,e204cf3320a8be03ecaba80a860a0a3f8db0715016c0a1ba1fbcb5ab9add12f2
35,cerita_35.txt,2,Jojo meminta ayah membuatkan layang-layang.,e204cf3320a8be03ecaba80a860a0a3f8db0715016c0a1ba1fbcb5ab9add12f2
35,cerita_35.txt,3,Ayah menyiapkan bahan-bahan yang diperlukan.,e204cf3320a8be03ecaba80a860a0a3f8db0715016c0a1ba1fbcb5ab9add12f2
35,cerita_35.txt,4,Ayah mengambil bambu tipis.,e204cf3320a8be03ecaba80a860a0a3f8db0715016c0a1ba1fbcb5ab9add12f2
35,cerita_35.txt,5,Ayah memotong bambu menjadi dua bagian.,e204cf3320a8be03ecaba80a860a0a3f8db0715016c0a1ba1fbcb5ab9add12f2
35,cerita_35.txt,6,Ayah menyilangkan bambu tersebut.,e204cf3320a8be03ecaba80a860a0a3f8db0715016c0a1ba1fbcb5ab9add12f2
35,cerita_35.txt,7,Ayah mengikat bambu dengan benang kasur.,e204cf3320a8be03ecaba80a860a0a3f8db0715016c0a1ba1fbcb5ab9add12f2
35,cerita_35.txt,8,Rangka layang-layang sudah terbentuk.,e204cf3320a8be03ecaba80a860a0a3f8db0715016c0a1ba1fbcb5ab9add12f2
35,cerita_35.txt,9,Jojo memilih kertas minyak berwarna merah.,e204cf3320a8be03ecaba80a860a0a3f8db0715016c0a1ba1fbcb5ab9add12f2
35,cerita_35.txt,10,Ayah mengoleskan lem pada rangka bambu.,e204cf3320a8be03ecaba80a860a0a3f8db0715016c0a1ba1fbcb5ab9add12f2
35,cerita_35.txt,11,Ayah menempelkan kertas minyak ke rangka.,e204cf3320a8be03ecaba80a860a0a3f8db0715016c0a1ba1fbcb5ab9add12f2
35,cerita_35.txt,12,Jojo menggunting sisa kertas yang berlebih.,e204cf3320a8be03ecaba80a860a0a3f8db0715016c0a1ba1fbcb5ab9add12f2
35,cerita_35.txt,13,Layang-layang merah sudah jadi.,e204cf3320a8be03ecaba80a860a0a3f8db0715016c0a1ba1fbcb5ab9add12f2
35,cerita_35.txt,14,Ayah membuat ekor dari potongan kain.,e204cf3320a8be03ecaba80a860a0a3f8db0715016c0a1ba1fbcb5ab9add12f2
35,cerita_35.txt,15,Ekor ditempelkan di bagian bawah layang-layang.,e204cf3320a8be03ecaba80a860a0a3f8db0715016c0a1ba1fbcb5ab9add12f2
35,cerita_35.txt,16,Jojo membawa layang-layang ke lapangan.,e204cf3320a8be03ecaba80a860a0a3f8db0715016c0a1ba1fbcb5ab9add12f2
35,cerita_35.txt,17,Angin sore bertiup sangat kencang.,e204cf3320a8be03ecaba80a860a0a3f8db0715016c0a1ba1fbcb5ab9add12f2
35,cerita_35.txt,18,Jojo memegang benang pancing.,e204cf3320a8be03ecaba80a860a0a3f8db0715016c0a1ba1fbcb5ab9add12f2
35,cerita_35.txt,19,Ayah membantu melepaskan layang-layang.,e204cf3320a8be03ecaba80a860a0a3f8db0715016c0a1ba1fbcb5ab9add12f2
35,cerita_35.txt,20,Layang-layang terbang tinggi di udara.,e204cf3320a8be03ecaba80a860a0a3f8db0715016c0a1ba1fbcb5ab9add12f2
35,cerita_35.txt,21,Jojo menarik benang dengan hati-hati.,e204cf3320a8be03ecaba80a860a0a3f8db0715016c0a1ba1fbcb5ab9add12f2
35,cerita_35.txt,22,Layang-layang menari-nari di langit.,e204cf3320a8be03ecaba80a860a0a3f8db0715016c0a1ba1fbcb5ab9add12f2
35,cerita_35.txt,23,Teman-teman Jojo ikut melihat layang-layang.,e204cf3320a8be03ecaba80a860a0a3f8db0715016c0a1ba1fbcb5ab9add12f2
35,cerita_35.txt,24,Jojo merasa sangat senang dan bangga.,e204cf3320a8be03ecaba80a860a0a3f8db0715016c0a1ba1fbcb5ab9add12f2
35,cerita_35.txt,25,Jojo bermain sampai langit menjadi gelap.,e204cf3320a8be03ecaba80a860a0a3f8db0715016c0a1ba1fbcb5ab9add12f2
36,cerita_36.txt,1,Halaman rumah kakek memiliki pohon mangga.,77995859ef4da355b36ae6a8dca3d4bce2870324295acfcf9abc7c5ab062faf7
36,cerita_36.txt,2,Pohon mangga itu berbuah sangat lebat.,77995859ef4da355b36ae6a8dca3d4bce2870324295acfcf9abc7c5ab062faf7
36,cerita_36.txt,3,Buah mangga terlihat besar dan kekuningan.,77995859ef4da355b36ae6a8dca3d4bce2870324295acfcf9abc7c5ab062faf7
36,cerita_36.txt,4,Kakek ingin memanen buah mangga hari ini.,77995859ef4da355b36ae6a8dca3d4bce2870324295acfcf9abc7c5ab062faf7
36,cerita_36.txt,5,Kakek mengambil sebuah galah bambu panjang.,77995859ef4da355b36ae6a8dca3d4bce2870324295acfcf9abc7c5ab062faf7
36,cerita_36.txt,6,Ujung galah dilengkapi sebuah jaring kecil.,77995859ef4da355b36ae6a8dca3d4bce2870324295acfcf9abc7c5ab062faf7
36,cerita_36.txt,7,Doni membantu kakek di bawah pohon.,77995859ef4da355b36ae6a8dca3d4bce2870324295acfcf9abc7c5ab062faf7
36,cerita_36.txt,8,Doni membawa sebuah keranjang anyaman.,77995859ef4da355b36ae6a8dca3d4bce2870324295acfcf9abc7c5ab062faf7
36,cerita_36.txt,9,Kakek mengarahkan jaring ke buah mangga.,77995859ef4da355b36ae6a8dca3d4bce2870324295acfcf9abc7c5ab062faf7
36,cerita_36.txt,10,Kakek menarik galah dengan kuat.,77995859ef4da355b36ae6a8dca3d4bce2870324295acfcf9abc7c5ab062faf7
36,cerita_36.txt,11,Buah mangga jatuh ke dalam jaring.,77995859ef4da355b36ae6a8dca3d4bce2870324295acfcf9abc7c5ab062faf7
36,cerita_36.txt,12,Kakek menurunkan galah ke bawah.,77995859ef4da355b36ae6a8dca3d4bce2870324295acfcf9abc7c5ab062faf7
36,cerita_36.txt,13,Doni mengambil mangga dari dalam jaring.,77995859ef4da355b36ae6a8dca3d4bce2870324295acfcf9abc7c5ab062faf7
36,cerita_36.txt,14,Doni memasukkan mangga ke dalam keranjang.,77995859ef4da355b36ae6a8dca3d4bce2870324295acfcf9abc7c5ab062faf7
36,cerita_36.txt,15,Mangga itu memiliki aroma yang harum.,77995859ef4da355b36ae6a8dca3d4bce2870324295acfcf9abc7c5ab062faf7
36,cerita_36.txt,16,Kakek memetik dua puluh buah mangga.,77995859ef4da355b36ae6a8dca3d4bce2870324295acfcf9abc7c5ab062faf7
36,cerita_36.txt,17,Keranjang anyaman menjadi sangat penuh.,77995859ef4da355b36ae6a8dca3d4bce2870324295acfcf9abc7c5ab062faf7
36,cerita_36.txt,18,Kakek dan Doni duduk di teras rumah.,77995859ef4da355b36ae6a8dca3d4bce2870324295acfcf9abc7c5ab062faf7
36,cerita_36.txt,19,Kakek mengupas satu buah mangga matang.,77995859ef4da355b36ae6a8dca3d4bce2870324295acfcf9abc7c5ab062faf7
36,cerita_36.txt,20,Daging mangga berwarna oranye terang.,77995859ef4da355b36ae6a8dca3d4bce2870324295acfcf9abc7c5ab062faf7
36,cerita_36.txt,21,Kakek memotong mangga menjadi potongan kecil.,77995859ef4da355b36ae6a8dca3d4bce2870324295acfcf9abc7c5ab062faf7
36,cerita_36.txt,22,Doni memakan potongan mangga tersebut.,77995859ef4da355b36ae6a8dca3d4bce2870324295acfcf9abc7c5ab062faf7
36,cerita_36.txt,23,Rasa mangga itu sangat manis dan segar.,77995859ef4da355b36ae6a8dca3d4bce2870324295acfcf9abc7c5ab062faf7
36,cerita_36.txt,24,Nenek membagikan mangga kepada tetangga.,77995859ef4da355b36ae6a8dca3d4bce2870324295acfcf9abc7c5ab062faf7
36,cerita_36.txt,25,Semua orang menikmati hasil panen kakek.,77995859ef4da355b36ae6a8dca3d4bce2870324295acfcf9abc7c5ab062faf7
37,cerita_37.txt,1,Budi bermain sepak bola pada sore hari.,412b42a5ccffc3935c5a2086f2127428062e0cadef7bee5467d292def0430645
37,cerita_37.txt,2,Budi bermain bersama teman-teman.,412b42a5ccffc3935c5a2086f2127428062e0cadef7bee5467d292def0430645
37,cerita_37.txt,3,Mereka bermain di lapangan desa.,412b42a5ccffc3935c5a2086f2127428062e0cadef7bee5467d292def0430645
37,cerita_37.txt,4,Cuaca sore itu sangat cerah.,412b42a5ccffc3935c5a2086f2127428062e0cadef7bee5467d292def0430645
37,cerita_37.txt,5,Budi memakai sepatu bola hitam.,412b42a5ccffc3935c5a2086f2127428062e0cadef7bee5467d292def0430645
37,cerita_37.txt,6,Budi menendang bola dengan kuat.,412b42a5ccffc3935c5a2086f2127428062e0cadef7bee5467d292def0430645
37,cerita_37.txt,7,Bola melambung tinggi ke udara.,412b42a5ccffc3935c5a2086f2127428062e0cadef7bee5467d292def0430645
37,cerita_37.txt,8,Kiper melompat menangkap bola.,412b42a5ccffc3935c5a2086f2127428062e0cadef7bee5467d292def0430645
37,cerita_37.txt,9,Kiper gagal menangkap bola itu.,412b42a5ccffc3935c5a2086f2127428062e0cadef7bee5467d292def0430645
37,cerita_37.txt,10,Bola masuk ke dalam gawang.,412b42a5ccffc3935c5a2086f2127428062e0cadef7bee5467d292def0430645
37,cerita_37.txt,11,Budi mencetak sebuah gol.,412b42a5ccffc3935c5a2086f2127428062e0cadef7bee5467d292def0430645
37,cerita_37.txt,12,Teman-teman bersorak dengan sangat gembira.,412b42a5ccffc3935c5a2086f2127428062e0cadef7bee5467d292def0430645
37,cerita_37.txt,13,Mereka melanjutkan permainan dengan semangat.,412b42a5ccffc3935c5a2086f2127428062e0cadef7bee5467d292def0430645
37,cerita_37.txt,14,Peluh membasahi baju mereka.,412b42a5ccffc3935c5a2086f2127428062e0cadef7bee5467d292def0430645
37,cerita_37.txt,15,Waktu permainan sudah hampir habis.,412b42a5ccffc3935c5a2086f2127428062e0cadef7bee5467d292def0430645
37,cerita_37.txt,16,Wasit meniup peluit panjang.,412b42a5ccffc3935c5a2086f2127428062e0cadef7bee5467d292def0430645
37,cerita_37.txt,17,Pertandingan selesai pada pukul lima.,412b42a5ccffc3935c5a2086f2127428062e0cadef7bee5467d292def0430645
37,cerita_37.txt,18,Tim Budi memenangkan pertandingan itu.,412b42a5ccffc3935c5a2086f2127428062e0cadef7bee5467d292def0430645
37,cerita_37.txt,19,Mereka bersalaman di tengah lapangan.,412b42a5ccffc3935c5a2086f2127428062e0cadef7bee5467d292def0430645
37,cerita_37.txt,20,Budi merasa sangat lelah.,412b42a5ccffc3935c5a2086f2127428062e0cadef7bee5467d292def0430645
37,cerita_37.txt,21,Budi berjalan pulang ke rumah.,412b42a5ccffc3935c5a2086f2127428062e0cadef7bee5467d292def0430645
37,cerita_37.txt,22,Ibu sudah menyiapkan air minum.,412b42a5ccffc3935c5a2086f2127428062e0cadef7bee5467d292def0430645
37,cerita_37.txt,23,Budi meminum air putih dingin.,412b42a5ccffc3935c5a2086f2127428062e0cadef7bee5467d292def0430645
37,cerita_37.txt,24,Budi segera mandi dengan bersih.,412b42a5ccffc3935c5a2086f2127428062e0cadef7bee5467d292def0430645
37,cerita_37.txt,25,Budi menceritakan kemenangan itu kepada ayah.,412b42a5ccffc3935c5a2086f2127428062e0cadef7bee5467d292def0430645
38,cerita_38.txt,1,Ibu mengajak Rini ke pasar.,be5016b3c9be17a86c8de1af7dde5b514b307c187f179d3c8fd2d155f52d4669
38,cerita_38.txt,2,Mereka berangkat naik becak.,be5016b3c9be17a86c8de1af7dde5b514b307c187f179d3c8fd2d155f52d4669
38,cerita_38.txt,3,Becak melaju dengan sangat pelan.,be5016b3c9be17a86c8de1af7dde5b514b307c187f179d3c8fd2d155f52d4669
38,cerita_38.txt,4,Udara pagi terasa sangat segar.,be5016b3c9be17a86c8de1af7dde5b514b307c187f179d3c8fd2d155f52d4669
38,cerita_38.txt,5,Mereka tiba di pasar tradisional.,be5016b3c9be17a86c8de1af7dde5b514b307c187f179d3c8fd2d155f52d4669
38,cerita_38.txt,6,Suasana pasar sangat ramai.,be5016b3c9be17a86c8de1af7dde5b514b307c187f179d3c8fd2d155f52d4669
38,cerita_38.txt,7,Ibu berjalan menuju los sayuran.,be5016b3c9be17a86c8de1af7dde5b514b307c187f179d3c8fd2d155f52d4669
38,cerita_38.txt,8,Ibu membeli bayam dan wortel.,be5016b3c9be17a86c8de1af7dde5b514b307c187f179d3c8fd2d155f52d4669
38,cerita_38.txt,9,Penjual menimbang sayuran itu.,be5016b3c9be17a86c8de1af7dde5b514b307c187f179d3c8fd2d155f52d4669
38,cerita_38.txt,10,Ibu membayar dengan uang kertas.,be5016b3c9be17a86c8de1af7dde5b514b307c187f179d3c8fd2d155f52d4669
38,cerita_38.txt,11,Rini melihat pedagang buah.,be5016b3c9be17a86c8de1af7dde5b514b307c187f179d3c8fd2d155f52d4669
38,cerita_38.txt,12,Pedagang buah menjual apel manis.,be5016b3c9be17a86c8de1af7dde5b514b307c187f179d3c8fd2d155f52d4669
38,cerita_38.txt,13,Ibu membeli dua kilogram apel.,be5016b3c9be17a86c8de1af7dde5b514b307c187f179d3c8fd2d155f52d4669
38,cerita_38.txt,14,Rini membawa kantong plastik buah.,be5016b3c9be17a86c8de1af7dde5b514b307c187f179d3c8fd2d155f52d4669
38,cerita_38.txt,15,Mereka berjalan ke bagian ikan.,be5016b3c9be17a86c8de1af7dde5b514b307c187f179d3c8fd2d155f52d4669
38,cerita_38.txt,16,Ibu memilih ikan segar.,be5016b3c9be17a86c8de1af7dde5b514b307c187f179d3c8fd2d155f52d4669
38,cerita_38.txt,17,Penjual membersihkan sisik ikan.,be5016b3c9be17a86c8de1af7dde5b514b307c187f179d3c8fd2d155f52d4669
38,cerita_38.txt,18,Ibu memasukkan ikan ke keranjang.,be5016b3c9be17a86c8de1af7dde5b514b307c187f179d3c8fd2d155f52d4669
38,cerita_38.txt,19,Mereka juga membeli bumbu dapur.,be5016b3c9be17a86c8de1af7dde5b514b307c187f179d3c8fd2d155f52d4669
38,cerita_38.txt,20,Keranjang belanjaan ibu sudah penuh.,be5016b3c9be17a86c8de1af7dde5b514b307c187f179d3c8fd2d155f52d4669
38,cerita_38.txt,21,Rini merasa sedikit capek.,be5016b3c9be17a86c8de1af7dde5b514b307c187f179d3c8fd2d155f52d4669
38,cerita_38.txt,22,Ibu membelikan kue putu.,be5016b3c9be17a86c8de1af7dde5b514b307c187f179d3c8fd2d155f52d4669
38,cerita_38.txt,23,Rini memakan kue putu itu.,be5016b3c9be17a86c8de1af7dde5b514b307c187f179d3c8fd2d155f52d4669
38,cerita_38.txt,24,Mereka kembali memanggil becak.,be5016b3c9be17a86c8de1af7dde5b514b307c187f179d3c8fd2d155f52d4669
38,cerita_38.txt,25,Mereka pulang ke rumah dengan senang.,be5016b3c9be17a86c8de1af7dde5b514b307c187f179d3c8fd2d155f52d4669
39,cerita_39.txt,1,Tika membantu ibu di dapur.,8d0d028b5dd2ad9e16c40ac825166d50a97e9069b0ba9c75f320afca787e1c6a
39,cerita_39.txt,2,Ibu ingin membuat kue bolu.,8d0d028b5dd2ad9e16c40ac825166d50a97e9069b0ba9c75f320afca787e1c6a
39,cerita_39.txt,3,Tika mengambil telur dari kulkas.,8d0d028b5dd2ad9e16c40ac825166d50a97e9069b0ba9c75f320afca787e1c6a
39,cerita_39.txt,4,Ibu menyiapkan tepung terigu.,8d0d028b5dd2ad9e16c40ac825166d50a97e9069b0ba9c75f320afca787e1c6a
39,cerita_39.txt,5,Tika memecahkan tiga butir telur.,8d0d028b5dd2ad9e16c40ac825166d50a97e9069b0ba9c75f320afca787e1c6a
39,cerita_39.txt,6,Ibu memasukkan gula pasir ke mangkuk.,8d0d028b5dd2ad9e16c40ac825166d50a97e9069b0ba9c75f320afca787e1c6a
39,cerita_39.txt,7,Ibu menyalakan mesin pengaduk.,8d0d028b5dd2ad9e16c40ac825166d50a97e9069b0ba9c75f320afca787e1c6a
39,cerita_39.txt,8,Adonan berubah menjadi warna putih.,8d0d028b5dd2ad9e16c40ac825166d50a97e9069b0ba9c75f320afca787e1c6a
39,cerita_39.txt,9,Tika menambahkan sedikit margarin cair.,8d0d028b5dd2ad9e16c40ac825166d50a97e9069b0ba9c75f320afca787e1c6a
39,cerita_39.txt,10,Ibu menuangkan tepung secara perlahan.,8d0d028b5dd2ad9e16c40ac825166d50a97e9069b0ba9c75f320afca787e1c6a
39,cerita_39.txt,11,Adonan kue tercampur dengan rata.,8d0d028b5dd2ad9e16c40ac825166d50a97e9069b0ba9c75f320afca787e1c6a
39,cerita_39.txt,12,Tika menyiapkan sebuah loyang bundar.,8d0d028b5dd2ad9e16c40ac825166d50a97e9069b0ba9c75f320afca787e1c6a
39,cerita_39.txt,13,Tika mengoleskan mentega pada loyang.,8d0d028b5dd2ad9e16c40ac825166d50a97e9069b0ba9c75f320afca787e1c6a
39,cerita_39.txt,14,Ibu menuangkan adonan ke loyang.,8d0d028b5dd2ad9e16c40ac825166d50a97e9069b0ba9c75f320afca787e1c6a
39,cerita_39.txt,15,Ibu memasukkan loyang ke dalam oven.,8d0d028b5dd2ad9e16c40ac825166d50a97e9069b0ba9c75f320afca787e1c6a
39,cerita_39.txt,16,Oven memanaskan adonan kue itu.,8d0d028b5dd2ad9e16c40ac825166d50a97e9069b0ba9c75f320afca787e1c6a
39,cerita_39.txt,17,Aroma kue tercium sangat wangi.,8d0d028b5dd2ad9e16c40ac825166d50a97e9069b0ba9c75f320afca787e1c6a
39,cerita_39.txt,18,Tika menunggu selama tiga puluh menit.,8d0d028b5dd2ad9e16c40ac825166d50a97e9069b0ba9c75f320afca787e1c6a
39,cerita_39.txt,19,Ibu mengeluarkan loyang dari oven.,8d0d028b5dd2ad9e16c40ac825166d50a97e9069b0ba9c75f320afca787e1c6a
39,cerita_39.txt,20,Kue bolu mengembang dengan sempurna.,8d0d028b5dd2ad9e16c40ac825166d50a97e9069b0ba9c75f320afca787e1c6a
39,cerita_39.txt,21,Ibu memotong kue menjadi beberapa bagian.,8d0d028b5dd2ad9e16c40ac825166d50a97e9069b0ba9c75f320afca787e1c6a
39,cerita_39.txt,22,Tika meletakkan kue di atas piring.,8d0d028b5dd2ad9e16c40ac825166d50a97e9069b0ba9c75f320afca787e1c6a
39,cerita_39.txt,23,Tika memakan sepotong kue hangat.,8d0d028b5dd2ad9e16c40ac825166d50a97e9069b0ba9c75f320afca787e1c6a
39,cerita_39.txt,24,Rasa kue itu sangat manis.,8d0d028b5dd2ad9e16c40ac825166d50a97e9069b0ba9c75f320afca787e1c6a
39,cerita_39.txt,25,Tika menyukai kue buatan ibu.,8d0d028b5dd2ad9e16c40ac825166d50a97e9069b0ba9c75f320afca787e1c6a
40,cerita_40.txt,1,Sekolah mengadakan karyawisata ke museum.,e0df133ddb9ad5226393cd3a151df2fd4ff6709695a5b9ee07bf53341d033833
40,cerita_40.txt,2,Siswa berkumpul di halaman sekolah.,e0df133ddb9ad5226393cd3a151df2fd4ff6709695a5b9ee07bf53341d033833
40,cerita_40.txt,3,Guru membagikan tiket masuk.,e0df133ddb9ad5226393cd3a151df2fd4ff6709695a5b9ee07bf53341d033833
40,cerita_40.txt,4,Mereka naik ke dalam bus.,e0df133ddb9ad5226393cd3a151df2fd4ff6709695a5b9ee07bf53341d033833
40,cerita_40.txt,5,Bus melaju menuju museum sejarah.,e0df133ddb9ad5226393cd3a151df2fd4ff6709695a5b9ee07bf53341d033833
40,cerita_40.txt,6,Perjalanan memakan waktu satu jam.,e0df133ddb9ad5226393cd3a151df2fd4ff6709695a5b9ee07bf53341d033833
40,cerita_40.txt,7,Mereka tiba di gedung museum.,e0df133ddb9ad5226393cd3a151df2fd4ff6709695a5b9ee07bf53341d033833
40,cerita_40.txt,8,Gedung itu terlihat sangat megah.,e0df133ddb9ad5226393cd3a151df2fd4ff6709695a5b9ee07bf53341d033833
40,cerita_40.txt,9,Siswa masuk dengan sangat tertib.,e0df133ddb9ad5226393cd3a151df2fd4ff6709695a5b9ee07bf53341d033833
40,cerita_40.txt,10,Pemandu museum menyambut para siswa.,e0df133ddb9ad5226393cd3a151df2fd4ff6709695a5b9ee07bf53341d033833
40,cerita_40.txt,11,Pemandu menjelaskan aturan di museum.,e0df133ddb9ad5226393cd3a151df2fd4ff6709695a5b9ee07bf53341d033833
40,cerita_40.txt,12,Siswa melihat benda-benda kuno.,e0df133ddb9ad5226393cd3a151df2fd4ff6709695a5b9ee07bf53341d033833
40,cerita_40.txt,13,Fajar melihat sebuah pedang tua.,e0df133ddb9ad5226393cd3a151df2fd4ff6709695a5b9ee07bf53341d033833
40,cerita_40.txt,14,Pedang itu berada di dalam kaca.,e0df133ddb9ad5226393cd3a151df2fd4ff6709695a5b9ee07bf53341d033833
40,cerita_40.txt,15,Siti mencatat informasi di buku tulis.,e0df133ddb9ad5226393cd3a151df2fd4ff6709695a5b9ee07bf53341d033833
40,cerita_40.txt,16,Mereka masuk ke ruang pahlawan.,e0df133ddb9ad5226393cd3a151df2fd4ff6709695a5b9ee07bf53341d033833
40,cerita_40.txt,17,Ruangan itu memiliki banyak lukisan pahlawan.,e0df133ddb9ad5226393cd3a151df2fd4ff6709695a5b9ee07bf53341d033833
40,cerita_40.txt,18,Fajar memotret lukisan itu.,e0df133ddb9ad5226393cd3a151df2fd4ff6709695a5b9ee07bf53341d033833
40,cerita_40.txt,19,Guru mengajak siswa ke taman museum.,e0df133ddb9ad5226393cd3a151df2fd4ff6709695a5b9ee07bf53341d033833
40,cerita_40.txt,20,Mereka duduk di kursi panjang.,e0df133ddb9ad5226393cd3a151df2fd4ff6709695a5b9ee07bf53341d033833
40,cerita_40.txt,21,Mereka memakan bekal makan siang.,e0df133ddb9ad5226393cd3a151df2fd4ff6709695a5b9ee07bf53341d033833
40,cerita_40.txt,22,Siswa membersihkan sisa makanan.,e0df133ddb9ad5226393cd3a151df2fd4ff6709695a5b9ee07bf53341d033833
40,cerita_40.txt,23,Mereka kembali ke bus sekolah.,e0df133ddb9ad5226393cd3a151df2fd4ff6709695a5b9ee07bf53341d033833
40,cerita_40.txt,24,Bus membawa mereka pulang.,e0df133ddb9ad5226393cd3a151df2fd4ff6709695a5b9ee07bf53341d033833
40,cerita_40.txt,25,Fajar belajar banyak tentang sejarah.,e0df133ddb9ad5226393cd3a151df2fd4ff6709695a5b9ee07bf53341d033833
41,cerita_41.txt,1,Sore ini anak-anak berkumpul.,641836b4e0311c44c49434c7f8a0f5bc47228f36278051f1a1e014fc54978a85
41,cerita_41.txt,2,Mereka bermain petak umpet.,641836b4e0311c44c49434c7f8a0f5bc47228f36278051f1a1e014fc54978a85
41,cerita_41.txt,3,Riko bertugas menjadi penjaga.,641836b4e0311c44c49434c7f8a0f5bc47228f36278051f1a1e014fc54978a85
41,cerita_41.txt,4,Riko menutup mata di dekat pohon.,641836b4e0311c44c49434c7f8a0f5bc47228f36278051f1a1e014fc54978a85
41,cerita_41.txt,5,Riko menghitung sampai sepuluh.,641836b4e0311c44c49434c7f8a0f5bc47228f36278051f1a1e014fc54978a85
41,cerita_41.txt,6,Teman-teman berlari mencari tempat sembunyi.,641836b4e0311c44c49434c7f8a0f5bc47228f36278051f1a1e014fc54978a85
41,cerita_41.txt,7,Andi bersembunyi di balik semak.,641836b4e0311c44c49434c7f8a0f5bc47228f36278051f1a1e014fc54978a85
41,cerita_41.txt,8,Tini bersembunyi di belakang drum air.,641836b4e0311c44c49434c7f8a0f5bc47228f36278051f1a1e014fc54978a85
41,cerita_41.txt,9,Riko selesai menghitung angka.,641836b4e0311c44c49434c7f8a0f5bc47228f36278051f1a1e014fc54978a85
41,cerita_41.txt,10,Riko membuka kedua matanya.,641836b4e0311c44c49434c7f8a0f5bc47228f36278051f1a1e014fc54978a85
41,cerita_41.txt,11,Riko mulai mencari teman-teman.,641836b4e0311c44c49434c7f8a0f5bc47228f36278051f1a1e014fc54978a85
41,cerita_41.txt,12,Riko melihat ujung sepatu Andi.,641836b4e0311c44c49434c7f8a0f5bc47228f36278051f1a1e014fc54978a85
41,cerita_41.txt,13,Riko berlari menuju pohon penjaga.,641836b4e0311c44c49434c7f8a0f5bc47228f36278051f1a1e014fc54978a85
41,cerita_41.txt,14,Riko menyebut nama Andi dengan keras.,641836b4e0311c44c49434c7f8a0f5bc47228f36278051f1a1e014fc54978a85
41,cerita_41.txt,15,Andi keluar dari balik semak.,641836b4e0311c44c49434c7f8a0f5bc47228f36278051f1a1e014fc54978a85
41,cerita_41.txt,16,Riko mencari teman yang lain.,641836b4e0311c44c49434c7f8a0f5bc47228f36278051f1a1e014fc54978a85
41,cerita_41.txt,17,Riko mendengar suara tawa kecil.,641836b4e0311c44c49434c7f8a0f5bc47228f36278051f1a1e014fc54978a85
41,cerita_41.txt,18,Suara itu berasal dari belakang drum.,641836b4e0311c44c49434c7f8a0f5bc47228f36278051f1a1e014fc54978a85
41,cerita_41.txt,19,Riko menemukan Tini di sana.,641836b4e0311c44c49434c7f8a0f5bc47228f36278051f1a1e014fc54978a85
41,cerita_41.txt,20,Tini keluar dengan wajah cemberut.,641836b4e0311c44c49434c7f8a0f5bc47228f36278051f1a1e014fc54978a85
41,cerita_41.txt,21,Semua teman sudah ditemukan.,641836b4e0311c44c49434c7f8a0f5bc47228f36278051f1a1e014fc54978a85
41,cerita_41.txt,22,Permainan dimulai kembali dari awal.,641836b4e0311c44c49434c7f8a0f5bc47228f36278051f1a1e014fc54978a85
41,cerita_41.txt,23,Kali ini Andi menjadi penjaga.,641836b4e0311c44c49434c7f8a0f5bc47228f36278051f1a1e014fc54978a85
41,cerita_41.txt,24,Mereka bermain dengan sangat riang.,641836b4e0311c44c49434c7f8a0f5bc47228f36278051f1a1e014fc54978a85
41,cerita_41.txt,25,Hari mulai menjadi gelap.,641836b4e0311c44c49434c7f8a0f5bc47228f36278051f1a1e014fc54978a85
42,cerita_42.txt,1,Kakek memiliki kebun tomat kecil.,ed3efee3311344e2a0d98b7580eaf6247ef593970d8432cd093e3b2d687fc1e7
42,cerita_42.txt,2,Kebun itu berada di samping rumah.,ed3efee3311344e2a0d98b7580eaf6247ef593970d8432cd093e3b2d687fc1e7
42,cerita_42.txt,3,Doni sering membantu kakek di kebun.,ed3efee3311344e2a0d98b7580eaf6247ef593970d8432cd093e3b2d687fc1e7
42,cerita_42.txt,4,Hari ini Doni menyiram tanaman.,ed3efee3311344e2a0d98b7580eaf6247ef593970d8432cd093e3b2d687fc1e7
42,cerita_42.txt,5,Doni menggunakan selang air.,ed3efee3311344e2a0d98b7580eaf6247ef593970d8432cd093e3b2d687fc1e7
42,cerita_42.txt,6,Tanaman tomat tumbuh sangat subur.,ed3efee3311344e2a0d98b7580eaf6247ef593970d8432cd093e3b2d687fc1e7
42,cerita_42.txt,7,Daun tomat terlihat sangat hijau.,ed3efee3311344e2a0d98b7580eaf6247ef593970d8432cd093e3b2d687fc1e7
42,cerita_42.txt,8,Beberapa bunga kuning mulai mekar.,ed3efee3311344e2a0d98b7580eaf6247ef593970d8432cd093e3b2d687fc1e7
42,cerita_42.txt,9,Kakek mencabut rumput di sekitar tanaman.,ed3efee3311344e2a0d98b7580eaf6247ef593970d8432cd093e3b2d687fc1e7
42,cerita_42.txt,10,Rumput liar mengganggu pertumbuhan tomat.,ed3efee3311344e2a0d98b7580eaf6247ef593970d8432cd093e3b2d687fc1e7
42,cerita_42.txt,11,Doni melihat seekor ulat daun.,ed3efee3311344e2a0d98b7580eaf6247ef593970d8432cd093e3b2d687fc1e7
42,cerita_42.txt,12,Doni mengambil ulat itu.,ed3efee3311344e2a0d98b7580eaf6247ef593970d8432cd093e3b2d687fc1e7
42,cerita_42.txt,13,Doni membuang ulat jauh dari tanaman.,ed3efee3311344e2a0d98b7580eaf6247ef593970d8432cd093e3b2d687fc1e7
42,cerita_42.txt,14,Kakek memberikan pupuk kandang.,ed3efee3311344e2a0d98b7580eaf6247ef593970d8432cd093e3b2d687fc1e7
42,cerita_42.txt,15,Pupuk menyuburkan tanah kebun.,ed3efee3311344e2a0d98b7580eaf6247ef593970d8432cd093e3b2d687fc1e7
42,cerita_42.txt,16,Tanaman tomat mulai berbuah lebat.,ed3efee3311344e2a0d98b7580eaf6247ef593970d8432cd093e3b2d687fc1e7
42,cerita_42.txt,17,Buah tomat masih berwarna hijau.,ed3efee3311344e2a0d98b7580eaf6247ef593970d8432cd093e3b2d687fc1e7
42,cerita_42.txt,18,Doni menyentuh buah tomat itu.,ed3efee3311344e2a0d98b7580eaf6247ef593970d8432cd093e3b2d687fc1e7
42,cerita_42.txt,19,Buah tomat terasa sangat keras.,ed3efee3311344e2a0d98b7580eaf6247ef593970d8432cd093e3b2d687fc1e7
42,cerita_42.txt,20,Kakek meminta Doni bersabar.,ed3efee3311344e2a0d98b7580eaf6247ef593970d8432cd093e3b2d687fc1e7
42,cerita_42.txt,21,Bulan depan tomat akan matang.,ed3efee3311344e2a0d98b7580eaf6247ef593970d8432cd093e3b2d687fc1e7
42,cerita_42.txt,22,Tomat matang berwarna merah cerah.,ed3efee3311344e2a0d98b7580eaf6247ef593970d8432cd093e3b2d687fc1e7
42,cerita_42.txt,23,Doni membayangkan rasa tomat yang segar.,ed3efee3311344e2a0d98b7580eaf6247ef593970d8432cd093e3b2d687fc1e7
42,cerita_42.txt,24,Mereka selesai merawat kebun.,ed3efee3311344e2a0d98b7580eaf6247ef593970d8432cd093e3b2d687fc1e7
42,cerita_42.txt,25,Mereka mencuci tangan di keran.,ed3efee3311344e2a0d98b7580eaf6247ef593970d8432cd093e3b2d687fc1e7
43,cerita_43.txt,1,Keluarga Siska pergi ke stasiun.,e46171e4d55c146acaefc4caf480a4fd249571bffc2d578beb66dac2045a73a1
43,cerita_43.txt,2,Mereka ingin pergi ke kota Surabaya.,e46171e4d55c146acaefc4caf480a4fd249571bffc2d578beb66dac2045a73a1
43,cerita_43.txt,3,Ayah membeli tiket di loket.,e46171e4d55c146acaefc4caf480a4fd249571bffc2d578beb66dac2045a73a1
43,cerita_43.txt,4,Mereka menunggu di ruang tunggu.,e46171e4d55c146acaefc4caf480a4fd249571bffc2d578beb66dac2045a73a1
43,cerita_43.txt,5,Kereta api datang tepat waktu.,e46171e4d55c146acaefc4caf480a4fd249571bffc2d578beb66dac2045a73a1
43,cerita_43.txt,6,Suara klakson kereta sangat keras.,e46171e4d55c146acaefc4caf480a4fd249571bffc2d578beb66dac2045a73a1
43,cerita_43.txt,7,Siska naik ke dalam gerbong kereta.,e46171e4d55c146acaefc4caf480a4fd249571bffc2d578beb66dac2045a73a1
43,cerita_43.txt,8,Siska mencari nomor kursi tiket.,e46171e4d55c146acaefc4caf480a4fd249571bffc2d578beb66dac2045a73a1
43,cerita_43.txt,9,Siska duduk di dekat jendela.,e46171e4d55c146acaefc4caf480a4fd249571bffc2d578beb66dac2045a73a1
43,cerita_43.txt,10,Kereta mulai bergerak perlahan.,e46171e4d55c146acaefc4caf480a4fd249571bffc2d578beb66dac2045a73a1
43,cerita_43.txt,11,Kereta melaju semakin cepat.,e46171e4d55c146acaefc4caf480a4fd249571bffc2d578beb66dac2045a73a1
43,cerita_43.txt,12,Siska melihat pemandangan sawah.,e46171e4d55c146acaefc4caf480a4fd249571bffc2d578beb66dac2045a73a1
43,cerita_43.txt,13,Pemandangan itu sangat indah.,e46171e4d55c146acaefc4caf480a4fd249571bffc2d578beb66dac2045a73a1
43,cerita_43.txt,14,Petugas memeriksa tiket penumpang.,e46171e4d55c146acaefc4caf480a4fd249571bffc2d578beb66dac2045a73a1
43,cerita_43.txt,15,Ayah menunjukkan tiket tersebut.,e46171e4d55c146acaefc4caf480a4fd249571bffc2d578beb66dac2045a73a1
43,cerita_43.txt,16,Ibu menawarkan roti isi kepada Siska.,e46171e4d55c146acaefc4caf480a4fd249571bffc2d578beb66dac2045a73a1
43,cerita_43.txt,17,Siska memakan roti dengan lahap.,e46171e4d55c146acaefc4caf480a4fd249571bffc2d578beb66dac2045a73a1
43,cerita_43.txt,18,Kereta melewati sebuah terowongan gelap.,e46171e4d55c146acaefc4caf480a4fd249571bffc2d578beb66dac2045a73a1
43,cerita_43.txt,19,Lampu di dalam gerbong menyala.,e46171e4d55c146acaefc4caf480a4fd249571bffc2d578beb66dac2045a73a1
43,cerita_43.txt,20,Siska merasa sangat kagum.,e46171e4d55c146acaefc4caf480a4fd249571bffc2d578beb66dac2045a73a1
43,cerita_43.txt,21,Kereta tiba di stasiun tujuan.,e46171e4d55c146acaefc4caf480a4fd249571bffc2d578beb66dac2045a73a1
43,cerita_43.txt,22,Mereka turun dari gerbong kereta.,e46171e4d55c146acaefc4caf480a4fd249571bffc2d578beb66dac2045a73a1
43,cerita_43.txt,23,Ayah membawa tas koper besar.,e46171e4d55c146acaefc4caf480a4fd249571bffc2d578beb66dac2045a73a1
43,cerita_43.txt,24,Mereka berjalan menuju pintu keluar.,e46171e4d55c146acaefc4caf480a4fd249571bffc2d578beb66dac2045a73a1
43,cerita_43.txt,25,Siska sangat menyukai perjalanan ini.,e46171e4d55c146acaefc4caf480a4fd249571bffc2d578beb66dac2045a73a1
44,cerita_44.txt,1,Dito mengikuti lomba menggambar.,fee4a2209ce9ec1857ed63ad8e57fe5825fb34c24e415af31c7e29585a14c904
44,cerita_44.txt,2,Lomba diadakan di balai desa.,fee4a2209ce9ec1857ed63ad8e57fe5825fb34c24e415af31c7e29585a14c904
44,cerita_44.txt,3,Dito membawa pensil warna dan kertas.,fee4a2209ce9ec1857ed63ad8e57fe5825fb34c24e415af31c7e29585a14c904
44,cerita_44.txt,4,Banyak peserta datang ke balai desa.,fee4a2209ce9ec1857ed63ad8e57fe5825fb34c24e415af31c7e29585a14c904
44,cerita_44.txt,5,Panitia memberikan tema pemandangan alam.,fee4a2209ce9ec1857ed63ad8e57fe5825fb34c24e415af31c7e29585a14c904
44,cerita_44.txt,6,Dito mulai menggambar sebuah gunung.,fee4a2209ce9ec1857ed63ad8e57fe5825fb34c24e415af31c7e29585a14c904
44,cerita_44.txt,7,Dito menambahkan gambar matahari di atas gunung.,fee4a2209ce9ec1857ed63ad8e57fe5825fb34c24e415af31c7e29585a14c904
44,cerita_44.txt,8,Dito menggambar sawah di bawah gunung.,fee4a2209ce9ec1857ed63ad8e57fe5825fb34c24e415af31c7e29585a14c904
44,cerita_44.txt,9,Dito mewarnai gunung dengan warna biru.,fee4a2209ce9ec1857ed63ad8e57fe5825fb34c24e415af31c7e29585a14c904
44,cerita_44.txt,10,Dito mewarnai sawah dengan warna hijau.,fee4a2209ce9ec1857ed63ad8e57fe5825fb34c24e415af31c7e29585a14c904
44,cerita_44.txt,11,Tangan Dito bergerak dengan lincah.,fee4a2209ce9ec1857ed63ad8e57fe5825fb34c24e415af31c7e29585a14c904
44,cerita_44.txt,12,Dito mewarnai langit dengan warna biru muda.,fee4a2209ce9ec1857ed63ad8e57fe5825fb34c24e415af31c7e29585a14c904
44,cerita_44.txt,13,Dito menyelesaikan gambar dengan rapi.,fee4a2209ce9ec1857ed63ad8e57fe5825fb34c24e415af31c7e29585a14c904
44,cerita_44.txt,14,Waktu lomba telah selesai.,fee4a2209ce9ec1857ed63ad8e57fe5825fb34c24e415af31c7e29585a14c904
44,cerita_44.txt,15,Panitia mengumpulkan semua kertas gambar.,fee4a2209ce9ec1857ed63ad8e57fe5825fb34c24e415af31c7e29585a14c904
44,cerita_44.txt,16,Juri menilai gambar para peserta.,fee4a2209ce9ec1857ed63ad8e57fe5825fb34c24e415af31c7e29585a14c904
44,cerita_44.txt,17,Dito menunggu dengan hati berdebar.,fee4a2209ce9ec1857ed63ad8e57fe5825fb34c24e415af31c7e29585a14c904
44,cerita_44.txt,18,Juri mengumumkan para pemenang lomba.,fee4a2209ce9ec1857ed63ad8e57fe5825fb34c24e415af31c7e29585a14c904
44,cerita_44.txt,19,Dito meraih juara pertama.,fee4a2209ce9ec1857ed63ad8e57fe5825fb34c24e415af31c7e29585a14c904
44,cerita_44.txt,20,Juri memberikan piala kepada Dito.,fee4a2209ce9ec1857ed63ad8e57fe5825fb34c24e415af31c7e29585a14c904
44,cerita_44.txt,21,Dito tersenyum dengan sangat lebar.,fee4a2209ce9ec1857ed63ad8e57fe5825fb34c24e415af31c7e29585a14c904
44,cerita_44.txt,22,Dito menunjukkan piala kepada ibu.,fee4a2209ce9ec1857ed63ad8e57fe5825fb34c24e415af31c7e29585a14c904
44,cerita_44.txt,23,Ibu memeluk Dito dengan bangga.,fee4a2209ce9ec1857ed63ad8e57fe5825fb34c24e415af31c7e29585a14c904
44,cerita_44.txt,24,Dito pulang dengan perasaan senang.,fee4a2209ce9ec1857ed63ad8e57fe5825fb34c24e415af31c7e29585a14c904
45,cerita_45.txt,1,Kota ini mengadakan pawai budaya.,1accec81714b9c0ba18f75e4b7a2e594ec844156de20907c4aaa3a52ba6425f1
45,cerita_45.txt,2,Warga berkumpul di pinggir jalan.,1accec81714b9c0ba18f75e4b7a2e594ec844156de20907c4aaa3a52ba6425f1
45,cerita_45.txt,3,Rina berdiri di barisan paling depan.,1accec81714b9c0ba18f75e4b7a2e594ec844156de20907c4aaa3a52ba6425f1
45,cerita_45.txt,4,Rina datang bersama kakek.,1accec81714b9c0ba18f75e4b7a2e594ec844156de20907c4aaa3a52ba6425f1
45,cerita_45.txt,5,Suara musik tradisional terdengar keras.,1accec81714b9c0ba18f75e4b7a2e594ec844156de20907c4aaa3a52ba6425f1
45,cerita_45.txt,6,Rombongan pertama mulai lewat.,1accec81714b9c0ba18f75e4b7a2e594ec844156de20907c4aaa3a52ba6425f1
45,cerita_45.txt,7,Mereka memakai pakaian adat Bali.,1accec81714b9c0ba18f75e4b7a2e594ec844156de20907c4aaa3a52ba6425f1
45,cerita_45.txt,8,Beberapa orang menari dengan lincah.,1accec81714b9c0ba18f75e4b7a2e594ec844156de20907c4aaa3a52ba6425f1
45,cerita_45.txt,9,Rina bertepuk tangan melihat tarian itu.,1accec81714b9c0ba18f75e4b7a2e594ec844156de20907c4aaa3a52ba6425f1
45,cerita_45.txt,10,Rombongan kedua membawa alat musik angklung.,1accec81714b9c0ba18f75e4b7a2e594ec844156de20907c4aaa3a52ba6425f1
45,cerita_45.txt,11,Mereka memainkan angklung dengan kompak.,1accec81714b9c0ba18f75e4b7a2e594ec844156de20907c4aaa3a52ba6425f1
45,cerita_45.txt,12,Suara angklung sangat merdu.,1accec81714b9c0ba18f75e4b7a2e594ec844156de20907c4aaa3a52ba6425f1
45,cerita_45.txt,13,Kakek membelikan Rina minuman dingin.,1accec81714b9c0ba18f75e4b7a2e594ec844156de20907c4aaa3a52ba6425f1
45,cerita_45.txt,14,Rina meminum es teh manis.,1accec81714b9c0ba18f75e4b7a2e594ec844156de20907c4aaa3a52ba6425f1
45,cerita_45.txt,15,Rombongan ketiga menampilkan Reog Ponorogo.,1accec81714b9c0ba18f75e4b7a2e594ec844156de20907c4aaa3a52ba6425f1
45,cerita_45.txt,16,Topeng reog itu sangat besar.,1accec81714b9c0ba18f75e4b7a2e594ec844156de20907c4aaa3a52ba6425f1
45,cerita_45.txt,17,Penari mengangkat topeng dengan kuat.,1accec81714b9c0ba18f75e4b7a2e594ec844156de20907c4aaa3a52ba6425f1
45,cerita_45.txt,18,Rina merasa sangat takjub.,1accec81714b9c0ba18f75e4b7a2e594ec844156de20907c4aaa3a52ba6425f1
45,cerita_45.txt,19,Pawai budaya berlangsung sangat meriah.,1accec81714b9c0ba18f75e4b7a2e594ec844156de20907c4aaa3a52ba6425f1
45,cerita_45.txt,20,Banyak orang memotret peserta pawai.,1accec81714b9c0ba18f75e4b7a2e594ec844156de20907c4aaa3a52ba6425f1
45,cerita_45.txt,21,Rombongan terakhir melewati jalan raya.,1accec81714b9c0ba18f75e4b7a2e594ec844156de20907c4aaa3a52ba6425f1
45,cerita_45.txt,22,Pawai budaya telah selesai.,1accec81714b9c0ba18f75e4b7a2e594ec844156de20907c4aaa3a52ba6425f1
45,cerita_45.txt,23,Jalanan kembali dibuka untuk mobil.,1accec81714b9c0ba18f75e4b7a2e594ec844156de20907c4aaa3a52ba6425f1
45,cerita_45.txt,24,Rina dan kakek berjalan pulang.,1accec81714b9c0ba18f75e4b7a2e594ec844156de20907c4aaa3a52ba6425f1
45,cerita_45.txt,25,Rina menyukai acara pawai itu.,1accec81714b9c0ba18f75e4b7a2e594ec844156de20907c4aaa3a52ba6425f1
46,cerita_46.txt,1,Sore hari cuaca sangat panas.,f8b84fee2b63db5adf79941420816c299552de5235f063bd49c9fd7a713c1e18
46,cerita_46.txt,2,Budi mendengar suara musik kecil.,f8b84fee2b63db5adf79941420816c299552de5235f063bd49c9fd7a713c1e18
46,cerita_46.txt,3,Suara itu berasal dari penjual es krim.,f8b84fee2b63db5adf79941420816c299552de5235f063bd49c9fd7a713c1e18
46,cerita_46.txt,4,Penjual es krim mengendarai sepeda gerobak.,f8b84fee2b63db5adf79941420816c299552de5235f063bd49c9fd7a713c1e18
46,cerita_46.txt,5,Budi berlari meminta uang kepada ibu.,f8b84fee2b63db5adf79941420816c299552de5235f063bd49c9fd7a713c1e18
46,cerita_46.txt,6,Ibu memberikan uang selembar lima ribuan.,f8b84fee2b63db5adf79941420816c299552de5235f063bd49c9fd7a713c1e18
46,cerita_46.txt,7,Budi berlari keluar pagar.,f8b84fee2b63db5adf79941420816c299552de5235f063bd49c9fd7a713c1e18
46,cerita_46.txt,8,Budi memanggil paman penjual es krim.,f8b84fee2b63db5adf79941420816c299552de5235f063bd49c9fd7a713c1e18
46,cerita_46.txt,9,Sepeda gerobak berhenti di depan rumah.,f8b84fee2b63db5adf79941420816c299552de5235f063bd49c9fd7a713c1e18
46,cerita_46.txt,10,Budi memilih es krim rasa stroberi.,f8b84fee2b63db5adf79941420816c299552de5235f063bd49c9fd7a713c1e18
46,cerita_46.txt,11,Paman mengambil es krim dari kotak pendingin.,f8b84fee2b63db5adf79941420816c299552de5235f063bd49c9fd7a713c1e18
46,cerita_46.txt,12,Paman menyerahkan es krim itu.,f8b84fee2b63db5adf79941420816c299552de5235f063bd49c9fd7a713c1e18
46,cerita_46.txt,13,Budi memberikan uang kepada paman.,f8b84fee2b63db5adf79941420816c299552de5235f063bd49c9fd7a713c1e18
46,cerita_46.txt,14,Budi membuka bungkus plastik es krim.,f8b84fee2b63db5adf79941420816c299552de5235f063bd49c9fd7a713c1e18
46,cerita_46.txt,15,Budi menggigit es krim yang dingin.,f8b84fee2b63db5adf79941420816c299552de5235f063bd49c9fd7a713c1e18
46,cerita_46.txt,16,Rasa stroberi terasa sangat manis.,f8b84fee2b63db5adf79941420816c299552de5235f063bd49c9fd7a713c1e18
46,cerita_46.txt,17,Es krim mencair perlahan.,f8b84fee2b63db5adf79941420816c299552de5235f063bd49c9fd7a713c1e18
46,cerita_46.txt,18,Budi memakan es krim dengan cepat.,f8b84fee2b63db5adf79941420816c299552de5235f063bd49c9fd7a713c1e18
46,cerita_46.txt,19,Mulut Budi celemotan es krim.,f8b84fee2b63db5adf79941420816c299552de5235f063bd49c9fd7a713c1e18
46,cerita_46.txt,20,Budi membuang bungkus plastik ke tempat sampah.,f8b84fee2b63db5adf79941420816c299552de5235f063bd49c9fd7a713c1e18
46,cerita_46.txt,21,Budi masuk kembali ke rumah.,f8b84fee2b63db5adf79941420816c299552de5235f063bd49c9fd7a713c1e18
46,cerita_46.txt,22,Budi mencuci muka di kamar mandi.,f8b84fee2b63db5adf79941420816c299552de5235f063bd49c9fd7a713c1e18
46,cerita_46.txt,23,Budi merasa sangat segar.,f8b84fee2b63db5adf79941420816c299552de5235f063bd49c9fd7a713c1e18
46,cerita_46.txt,24,Ibu tersenyum melihat Budi.,f8b84fee2b63db5adf79941420816c299552de5235f063bd49c9fd7a713c1e18
46,cerita_46.txt,25,Budi menonton televisi di ruang tamu.,f8b84fee2b63db5adf79941420816c299552de5235f063bd49c9fd7a713c1e18
47,cerita_47.txt,1,Nina memiliki banyak buku cerita.,f7905c85ad468b1e60746753dff75ccbc465b4a172426220fd1c97bf4568286e
47,cerita_47.txt,2,Nina suka membaca pada waktu luang.,f7905c85ad468b1e60746753dff75ccbc465b4a172426220fd1c97bf4568286e
47,cerita_47.txt,3,Sore ini Nina membaca buku dongeng.,f7905c85ad468b1e60746753dff75ccbc465b4a172426220fd1c97bf4568286e
47,cerita_47.txt,4,Dongeng itu bercerita tentang putri raja.,f7905c85ad468b1e60746753dff75ccbc465b4a172426220fd1c97bf4568286e
47,cerita_47.txt,5,Putri raja tinggal di istana emas.,f7905c85ad468b1e60746753dff75ccbc465b4a172426220fd1c97bf4568286e
47,cerita_47.txt,6,Putri memiliki seekor kuda putih.,f7905c85ad468b1e60746753dff75ccbc465b4a172426220fd1c97bf4568286e
47,cerita_47.txt,7,Kuda putih itu bisa terbang.,f7905c85ad468b1e60746753dff75ccbc465b4a172426220fd1c97bf4568286e
47,cerita_47.txt,8,Nina membaca dengan sangat serius.,f7905c85ad468b1e60746753dff75ccbc465b4a172426220fd1c97bf4568286e
47,cerita_47.txt,9,Nina membalik halaman buku perlahan.,f7905c85ad468b1e60746753dff75ccbc465b4a172426220fd1c97bf4568286e
47,cerita_47.txt,10,Putri raja pergi ke hutan ajaib.,f7905c85ad468b1e60746753dff75ccbc465b4a172426220fd1c97bf4568286e
47,cerita_47.txt,11,Putri raja bertemu kurcaci kecil.,f7905c85ad468b1e60746753dff75ccbc465b4a172426220fd1c97bf4568286e
47,cerita_47.txt,12,Kurcaci itu memberikan sebuah apel ajaib.,f7905c85ad468b1e60746753dff75ccbc465b4a172426220fd1c97bf4568286e
47,cerita_47.txt,13,Nina membayangkan istana yang megah.,f7905c85ad468b1e60746753dff75ccbc465b4a172426220fd1c97bf4568286e
47,cerita_47.txt,14,Ibu masuk ke kamar Nina.,f7905c85ad468b1e60746753dff75ccbc465b4a172426220fd1c97bf4568286e
47,cerita_47.txt,15,Ibu membawakan segelas susu cokelat.,f7905c85ad468b1e60746753dff75ccbc465b4a172426220fd1c97bf4568286e
47,cerita_47.txt,16,Nina mengucapkan terima kasih.,f7905c85ad468b1e60746753dff75ccbc465b4a172426220fd1c97bf4568286e
47,cerita_47.txt,17,Nina meminum susu cokelat itu.,f7905c85ad468b1e60746753dff75ccbc465b4a172426220fd1c97bf4568286e
47,cerita_47.txt,18,Nina melanjutkan membaca cerita dongeng.,f7905c85ad468b1e60746753dff75ccbc465b4a172426220fd1c97bf4568286e
47,cerita_47.txt,19,Cerita itu berakhir sangat bahagia.,f7905c85ad468b1e60746753dff75ccbc465b4a172426220fd1c97bf4568286e
47,cerita_47.txt,20,Putri raja kembali ke istana.,f7905c85ad468b1e60746753dff75ccbc465b4a172426220fd1c97bf4568286e
47,cerita_47.txt,21,Nina menutup buku ceritanya.,f7905c85ad468b1e60746753dff75ccbc465b4a172426220fd1c97bf4568286e
47,cerita_47.txt,22,Nina menyimpan buku di rak kayu.,f7905c85ad468b1e60746753dff75ccbc465b4a172426220fd1c97bf4568286e
47,cerita_47.txt,23,Nina merasa sangat senang.,f7905c85ad468b1e60746753dff75ccbc465b4a172426220fd1c97bf4568286e
47,cerita_47.txt,24,Nina menceritakan dongeng itu kepada adik.,f7905c85ad468b1e60746753dff75ccbc465b4a172426220fd1c97bf4568286e
47,cerita_47.txt,25,Adik mendengarkan cerita Nina dengan antusias.,f7905c85ad468b1e60746753dff75ccbc465b4a172426220fd1c97bf4568286e
48,cerita_48.txt,1,Hari Minggu sore terasa santai.,26016453576ad7c95d92b6bd64840cdfe6fd8af3854366e4affae08a1e556fe0
48,cerita_48.txt,2,Anton mengajak ayah bermain catur.,26016453576ad7c95d92b6bd64840cdfe6fd8af3854366e4affae08a1e556fe0
48,cerita_48.txt,3,Ayah mengambil papan catur di lemari.,26016453576ad7c95d92b6bd64840cdfe6fd8af3854366e4affae08a1e556fe0
48,cerita_48.txt,4,Mereka duduk berhadapan di ruang tamu.,26016453576ad7c95d92b6bd64840cdfe6fd8af3854366e4affae08a1e556fe0
48,cerita_48.txt,5,Anton menyusun bidak catur putih.,26016453576ad7c95d92b6bd64840cdfe6fd8af3854366e4affae08a1e556fe0
48,cerita_48.txt,6,Ayah menyusun bidak catur hitam.,26016453576ad7c95d92b6bd64840cdfe6fd8af3854366e4affae08a1e556fe0
48,cerita_48.txt,7,Bidak pion berada di barisan depan.,26016453576ad7c95d92b6bd64840cdfe6fd8af3854366e4affae08a1e556fe0
48,cerita_48.txt,8,Anton memajukan pion dua langkah.,26016453576ad7c95d92b6bd64840cdfe6fd8af3854366e4affae08a1e556fe0
48,cerita_48.txt,9,Ayah membalas dengan memajukan pion hitam.,26016453576ad7c95d92b6bd64840cdfe6fd8af3854366e4affae08a1e556fe0
48,cerita_48.txt,10,Permainan berlangsung dengan seru.,26016453576ad7c95d92b6bd64840cdfe6fd8af3854366e4affae08a1e556fe0
48,cerita_48.txt,11,Anton memakan kuda hitam milik ayah.,26016453576ad7c95d92b6bd64840cdfe6fd8af3854366e4affae08a1e556fe0
48,cerita_48.txt,12,Ayah tersenyum melihat strategi Anton.,26016453576ad7c95d92b6bd64840cdfe6fd8af3854366e4affae08a1e556fe0
48,cerita_48.txt,13,Ayah memajukan menteri hitam.,26016453576ad7c95d92b6bd64840cdfe6fd8af3854366e4affae08a1e556fe0
48,cerita_48.txt,14,Menteri ayah mengancam raja putih.,26016453576ad7c95d92b6bd64840cdfe6fd8af3854366e4affae08a1e556fe0
48,cerita_48.txt,15,Anton memindahkan raja untuk berlindung.,26016453576ad7c95d92b6bd64840cdfe6fd8af3854366e4affae08a1e556fe0
48,cerita_48.txt,16,Anton berpikir dengan sangat keras.,26016453576ad7c95d92b6bd64840cdfe6fd8af3854366e4affae08a1e556fe0
48,cerita_48.txt,17,Anton memajukan benteng putih.,26016453576ad7c95d92b6bd64840cdfe6fd8af3854366e4affae08a1e556fe0
48,cerita_48.txt,18,Benteng putih menyerang menteri hitam.,26016453576ad7c95d92b6bd64840cdfe6fd8af3854366e4affae08a1e556fe0
48,cerita_48.txt,19,Ayah menyelamatkan menteri tersebut.,26016453576ad7c95d92b6bd64840cdfe6fd8af3854366e4affae08a1e556fe0
48,cerita_48.txt,20,Pertandingan ini memakan waktu lama.,26016453576ad7c95d92b6bd64840cdfe6fd8af3854366e4affae08a1e556fe0
48,cerita_48.txt,21,Ibu membawakan camilan pisang goreng.,26016453576ad7c95d92b6bd64840cdfe6fd8af3854366e4affae08a1e556fe0
48,cerita_48.txt,22,Mereka memakan camilan sambil bermain.,26016453576ad7c95d92b6bd64840cdfe6fd8af3854366e4affae08a1e556fe0
48,cerita_48.txt,23,Akhirnya ayah berhasil mengalahkan Anton.,26016453576ad7c95d92b6bd64840cdfe6fd8af3854366e4affae08a1e556fe0
48,cerita_48.txt,24,Ayah memberikan skakmat pada raja putih.,26016453576ad7c95d92b6bd64840cdfe6fd8af3854366e4affae08a1e556fe0
48,cerita_48.txt,25,Anton mengakui kehebatan ayah bermain catur.,26016453576ad7c95d92b6bd64840cdfe6fd8af3854366e4affae08a1e556fe0
49,cerita_49.txt,1,Taman desa memiliki banyak bunga mekar.,021d0d29eb226b1e9b1c04acad7d9264fb96fd2cfe1d086da502b9a102ce9298
49,cerita_49.txt,2,Bunga-bunga itu berwarna-warni.,021d0d29eb226b1e9b1c04acad7d9264fb96fd2cfe1d086da502b9a102ce9298
49,cerita_49.txt,3,Lisa pergi ke taman membawa jaring.,021d0d29eb226b1e9b1c04acad7d9264fb96fd2cfe1d086da502b9a102ce9298
49,cerita_49.txt,4,Lisa ingin melihat kupu-kupu terbang.,021d0d29eb226b1e9b1c04acad7d9264fb96fd2cfe1d086da502b9a102ce9298
49,cerita_49.txt,5,Banyak kupu-kupu hinggap di atas bunga.,021d0d29eb226b1e9b1c04acad7d9264fb96fd2cfe1d086da502b9a102ce9298
49,cerita_49.txt,6,Kupu-kupu menghisap madu bunga.,021d0d29eb226b1e9b1c04acad7d9264fb96fd2cfe1d086da502b9a102ce9298
49,cerita_49.txt,7,Lisa melihat kupu-kupu bersayap biru.,021d0d29eb226b1e9b1c04acad7d9264fb96fd2cfe1d086da502b9a102ce9298
49,cerita_49.txt,8,Kupu-kupu biru itu sangat indah.,021d0d29eb226b1e9b1c04acad7d9264fb96fd2cfe1d086da502b9a102ce9298
49,cerita_49.txt,9,Lisa mengendap-endap mendekati bunga mawar.,021d0d29eb226b1e9b1c04acad7d9264fb96fd2cfe1d086da502b9a102ce9298
49,cerita_49.txt,10,Kupu-kupu biru hinggap di daun mawar.,021d0d29eb226b1e9b1c04acad7d9264fb96fd2cfe1d086da502b9a102ce9298
49,cerita_49.txt,11,Lisa mengayunkan jaring dengan cepat.,021d0d29eb226b1e9b1c04acad7d9264fb96fd2cfe1d086da502b9a102ce9298
49,cerita_49.txt,12,Jaring berhasil menangkap kupu-kupu itu.,021d0d29eb226b1e9b1c04acad7d9264fb96fd2cfe1d086da502b9a102ce9298
49,cerita_49.txt,13,Lisa melihat kupu-kupu dari luar jaring.,021d0d29eb226b1e9b1c04acad7d9264fb96fd2cfe1d086da502b9a102ce9298
49,cerita_49.txt,14,Sayap kupu-kupu bergerak dengan pelan.,021d0d29eb226b1e9b1c04acad7d9264fb96fd2cfe1d086da502b9a102ce9298
49,cerita_49.txt,15,Lisa merasa kasihan melihat kupu-kupu terkurung.,021d0d29eb226b1e9b1c04acad7d9264fb96fd2cfe1d086da502b9a102ce9298
49,cerita_49.txt,16,Ibu guru pernah berpesan tentang hewan.,021d0d29eb226b1e9b1c04acad7d9264fb96fd2cfe1d086da502b9a102ce9298
49,cerita_49.txt,17,Hewan liar harus hidup bebas.,021d0d29eb226b1e9b1c04acad7d9264fb96fd2cfe1d086da502b9a102ce9298
49,cerita_49.txt,18,Lisa membuka ujung jaring perlahan.,021d0d29eb226b1e9b1c04acad7d9264fb96fd2cfe1d086da502b9a102ce9298
49,cerita_49.txt,19,Kupu-kupu biru terbang keluar jaring.,021d0d29eb226b1e9b1c04acad7d9264fb96fd2cfe1d086da502b9a102ce9298
49,cerita_49.txt,20,Kupu-kupu itu kembali ke udara bebas.,021d0d29eb226b1e9b1c04acad7d9264fb96fd2cfe1d086da502b9a102ce9298
49,cerita_49.txt,21,Lisa tersenyum melihatnya terbang jauh.,021d0d29eb226b1e9b1c04acad7d9264fb96fd2cfe1d086da502b9a102ce9298
49,cerita_49.txt,22,Lisa mengejar kupu-kupu kuning.,021d0d29eb226b1e9b1c04acad7d9264fb96fd2cfe1d086da502b9a102ce9298
49,cerita_49.txt,23,Lisa hanya melihat kupu-kupu tanpa menangkapnya.,021d0d29eb226b1e9b1c04acad7d9264fb96fd2cfe1d086da502b9a102ce9298
49,cerita_49.txt,24,Lisa berlari-lari di taman luas.,021d0d29eb226b1e9b1c04acad7d9264fb96fd2cfe1d086da502b9a102ce9298
49,cerita_49.txt,25,Lisa pulang saat hari mulai sore.,021d0d29eb226b1e9b1c04acad7d9264fb96fd2cfe1d086da502b9a102ce9298
50,cerita_50.txt,1,Sepeda Yoga terlihat sangat kotor.,b1ccae60fb35e4793bcb8b6306729fd7c8a15ffbe134d12e316a409a99eebf6c
50,cerita_50.txt,2,Yoga baru saja bersepeda di jalan tanah.,b1ccae60fb35e4793bcb8b6306729fd7c8a15ffbe134d12e316a409a99eebf6c
50,cerita_50.txt,3,Yoga memutuskan mencuci sepeda itu.,b1ccae60fb35e4793bcb8b6306729fd7c8a15ffbe134d12e316a409a99eebf6c
50,cerita_50.txt,4,Yoga membawa sepeda ke halaman rumah.,b1ccae60fb35e4793bcb8b6306729fd7c8a15ffbe134d12e316a409a99eebf6c
50,cerita_50.txt,5,Yoga mengambil ember merah.,b1ccae60fb35e4793bcb8b6306729fd7c8a15ffbe134d12e316a409a99eebf6c
50,cerita_50.txt,6,Yoga mengisi ember dengan air bersih.,b1ccae60fb35e4793bcb8b6306729fd7c8a15ffbe134d12e316a409a99eebf6c
50,cerita_50.txt,7,Yoga menuangkan sabun cair ke ember.,b1ccae60fb35e4793bcb8b6306729fd7c8a15ffbe134d12e316a409a99eebf6c
50,cerita_50.txt,8,Yoga mengaduk air hingga berbusa.,b1ccae60fb35e4793bcb8b6306729fd7c8a15ffbe134d12e316a409a99eebf6c
50,cerita_50.txt,9,Yoga menyiram sepeda menggunakan gayung air.,b1ccae60fb35e4793bcb8b6306729fd7c8a15ffbe134d12e316a409a99eebf6c
50,cerita_50.txt,10,Yoga menggosok ban sepeda dengan sikat.,b1ccae60fb35e4793bcb8b6306729fd7c8a15ffbe134d12e316a409a99eebf6c
50,cerita_50.txt,11,Tanah di ban mulai rontok.,b1ccae60fb35e4793bcb8b6306729fd7c8a15ffbe134d12e316a409a99eebf6c
50,cerita_50.txt,12,Yoga mencuci rangka sepeda dengan spons basah.,b1ccae60fb35e4793bcb8b6306729fd7c8a15ffbe134d12e316a409a99eebf6c
50,cerita_50.txt,13,Rangka sepeda menjadi bersih kembali.,b1ccae60fb35e4793bcb8b6306729fd7c8a15ffbe134d12e316a409a99eebf6c
50,cerita_50.txt,14,Busa sabun menutupi seluruh sepeda.,b1ccae60fb35e4793bcb8b6306729fd7c8a15ffbe134d12e316a409a99eebf6c
50,cerita_50.txt,15,Yoga membilas sepeda dengan air bersih.,b1ccae60fb35e4793bcb8b6306729fd7c8a15ffbe134d12e316a409a99eebf6c
50,cerita_50.txt,16,Air sabun mengalir ke saluran pembuangan.,b1ccae60fb35e4793bcb8b6306729fd7c8a15ffbe134d12e316a409a99eebf6c
50,cerita_50.txt,17,Sepeda Yoga terlihat sangat bersih.,b1ccae60fb35e4793bcb8b6306729fd7c8a15ffbe134d12e316a409a99eebf6c
50,cerita_50.txt,18,Sepeda itu mengkilap di bawah sinar matahari.,b1ccae60fb35e4793bcb8b6306729fd7c8a15ffbe134d12e316a409a99eebf6c
50,cerita_50.txt,19,Yoga mengelap sepeda menggunakan kain kering.,b1ccae60fb35e4793bcb8b6306729fd7c8a15ffbe134d12e316a409a99eebf6c
50,cerita_50.txt,20,Yoga memastikan semua bagian kering.,b1ccae60fb35e4793bcb8b6306729fd7c8a15ffbe134d12e316a409a99eebf6c
50,cerita_50.txt,21,Yoga membersihkan sisa air di lantai.,b1ccae60fb35e4793bcb8b6306729fd7c8a15ffbe134d12e316a409a99eebf6c
50,cerita_50.txt,22,Yoga menyimpan alat cuci di gudang.,b1ccae60fb35e4793bcb8b6306729fd7c8a15ffbe134d12e316a409a99eebf6c
50,cerita_50.txt,23,Yoga memarkir sepeda di garasi.,b1ccae60fb35e4793bcb8b6306729fd7c8a15ffbe134d12e316a409a99eebf6c
50,cerita_50.txt,24,Sepeda Yoga siap digunakan kembali.,b1ccae60fb35e4793bcb8b6306729fd7c8a15ffbe134d12e316a409a99eebf6c
50,cerita_50.txt,25,Yoga merasa puas dengan hasil kerjanya.,b1ccae60fb35e4793bcb8b6306729fd7c8a15ffbe134d12e316a409a99eebf6c
51,cerita_51.txt,1,Gigi adik terasa sangat sakit.,3b4d8f99c5f5864a2cedce476c1b79a82e883f0bd80e02dda22241553f3af91f
51,cerita_51.txt,2,Adik menangis pada malam hari.,3b4d8f99c5f5864a2cedce476c1b79a82e883f0bd80e02dda22241553f3af91f
51,cerita_51.txt,3,Ibu membawa adik ke dokter gigi.,3b4d8f99c5f5864a2cedce476c1b79a82e883f0bd80e02dda22241553f3af91f
51,cerita_51.txt,4,Klinik dokter gigi berada di dekat rumah.,3b4d8f99c5f5864a2cedce476c1b79a82e883f0bd80e02dda22241553f3af91f
51,cerita_51.txt,5,Adik duduk di ruang tunggu.,3b4d8f99c5f5864a2cedce476c1b79a82e883f0bd80e02dda22241553f3af91f
51,cerita_51.txt,6,Suster memanggil nama adik.,3b4d8f99c5f5864a2cedce476c1b79a82e883f0bd80e02dda22241553f3af91f
51,cerita_51.txt,7,Adik masuk ke ruang periksa.,3b4d8f99c5f5864a2cedce476c1b79a82e883f0bd80e02dda22241553f3af91f
51,cerita_51.txt,8,Dokter gigi menyapa adik dengan ramah.,3b4d8f99c5f5864a2cedce476c1b79a82e883f0bd80e02dda22241553f3af91f
51,cerita_51.txt,9,Adik duduk di kursi periksa hijau.,3b4d8f99c5f5864a2cedce476c1b79a82e883f0bd80e02dda22241553f3af91f
51,cerita_51.txt,10,Dokter meminta adik membuka mulut lebar.,3b4d8f99c5f5864a2cedce476c1b79a82e883f0bd80e02dda22241553f3af91f
51,cerita_51.txt,11,Dokter menyalakan lampu terang.,3b4d8f99c5f5864a2cedce476c1b79a82e883f0bd80e02dda22241553f3af91f
51,cerita_51.txt,12,Dokter memeriksa gigi adik menggunakan kaca kecil.,3b4d8f99c5f5864a2cedce476c1b79a82e883f0bd80e02dda22241553f3af91f
51,cerita_51.txt,13,Ada gigi berlubang di bagian belakang.,3b4d8f99c5f5864a2cedce476c1b79a82e883f0bd80e02dda22241553f3af91f
51,cerita_51.txt,14,Dokter membersihkan gigi berlubang itu.,3b4d8f99c5f5864a2cedce476c1b79a82e883f0bd80e02dda22241553f3af91f
51,cerita_51.txt,15,Adik menutup mata karena takut.,3b4d8f99c5f5864a2cedce476c1b79a82e883f0bd80e02dda22241553f3af91f
51,cerita_51.txt,16,Dokter bekerja dengan sangat lembut.,3b4d8f99c5f5864a2cedce476c1b79a82e883f0bd80e02dda22241553f3af91f
51,cerita_51.txt,17,Dokter menambal gigi berlubang tersebut.,3b4d8f99c5f5864a2cedce476c1b79a82e883f0bd80e02dda22241553f3af91f
51,cerita_51.txt,18,Proses penambalan selesai dalam waktu singkat.,3b4d8f99c5f5864a2cedce476c1b79a82e883f0bd80e02dda22241553f3af91f
51,cerita_51.txt,19,Adik berkumur dengan air bersih.,3b4d8f99c5f5864a2cedce476c1b79a82e883f0bd80e02dda22241553f3af91f
51,cerita_51.txt,20,Rasa sakit pada gigi sudah hilang.,3b4d8f99c5f5864a2cedce476c1b79a82e883f0bd80e02dda22241553f3af91f
51,cerita_51.txt,21,Dokter memberikan sikat gigi baru untuk adik.,3b4d8f99c5f5864a2cedce476c1b79a82e883f0bd80e02dda22241553f3af91f
51,cerita_51.txt,22,Dokter berpesan agar adik rajin menyikat gigi.,3b4d8f99c5f5864a2cedce476c1b79a82e883f0bd80e02dda22241553f3af91f
51,cerita_51.txt,23,Ibu membayar biaya periksa di kasir.,3b4d8f99c5f5864a2cedce476c1b79a82e883f0bd80e02dda22241553f3af91f
51,cerita_51.txt,24,Adik tidak menangis lagi.,3b4d8f99c5f5864a2cedce476c1b79a82e883f0bd80e02dda22241553f3af91f
51,cerita_51.txt,25,Mereka pulang ke rumah dengan lega.,3b4d8f99c5f5864a2cedce476c1b79a82e883f0bd80e02dda22241553f3af91f
52,cerita_52.txt,1,Siswa kelas lima belajar kesenian.,9708802d9ae4c6a9c4aa4d69faf129825021ea8f2ac4dbebdd1d403b3eb8aef4
52,cerita_52.txt,2,Guru membawa sebongkah tanah liat.,9708802d9ae4c6a9c4aa4d69faf129825021ea8f2ac4dbebdd1d403b3eb8aef4
52,cerita_52.txt,3,Tanah liat itu berwarna cokelat keabuan.,9708802d9ae4c6a9c4aa4d69faf129825021ea8f2ac4dbebdd1d403b3eb8aef4
52,cerita_52.txt,4,Siswa memegang tanah liat tersebut.,9708802d9ae4c6a9c4aa4d69faf129825021ea8f2ac4dbebdd1d403b3eb8aef4
52,cerita_52.txt,5,Tekstur tanah liat sangat lembek.,9708802d9ae4c6a9c4aa4d69faf129825021ea8f2ac4dbebdd1d403b3eb8aef4
52,cerita_52.txt,6,Guru mengajarkan cara membuat asbak.,9708802d9ae4c6a9c4aa4d69faf129825021ea8f2ac4dbebdd1d403b3eb8aef4
52,cerita_52.txt,7,Bayu mengambil segenggam tanah liat.,9708802d9ae4c6a9c4aa4d69faf129825021ea8f2ac4dbebdd1d403b3eb8aef4
52,cerita_52.txt,8,Bayu membentuk tanah menjadi bola.,9708802d9ae4c6a9c4aa4d69faf129825021ea8f2ac4dbebdd1d403b3eb8aef4
52,cerita_52.txt,9,Bayu menekan bagian tengah bola.,9708802d9ae4c6a9c4aa4d69faf129825021ea8f2ac4dbebdd1d403b3eb8aef4
52,cerita_52.txt,10,Tanah liat berubah bentuk menjadi mangkuk kecil.,9708802d9ae4c6a9c4aa4d69faf129825021ea8f2ac4dbebdd1d403b3eb8aef4
52,cerita_52.txt,11,Bayu merapikan pinggiran mangkuk dengan jari.,9708802d9ae4c6a9c4aa4d69faf129825021ea8f2ac4dbebdd1d403b3eb8aef4
52,cerita_52.txt,12,Bayu menambahkan hiasan bunga di luar mangkuk.,9708802d9ae4c6a9c4aa4d69faf129825021ea8f2ac4dbebdd1d403b3eb8aef4
52,cerita_52.txt,13,Bayu menggunakan tusuk gigi untuk menggambar pola.,9708802d9ae4c6a9c4aa4d69faf129825021ea8f2ac4dbebdd1d403b3eb8aef4
52,cerita_52.txt,14,Asbak buatan Bayu terlihat bagus.,9708802d9ae4c6a9c4aa4d69faf129825021ea8f2ac4dbebdd1d403b3eb8aef4
52,cerita_52.txt,15,Siswa lain membuat bentuk hewan.,9708802d9ae4c6a9c4aa4d69faf129825021ea8f2ac4dbebdd1d403b3eb8aef4
52,cerita_52.txt,16,Ani membuat kura-kura kecil dari tanah liat.,9708802d9ae4c6a9c4aa4d69faf129825021ea8f2ac4dbebdd1d403b3eb8aef4
52,cerita_52.txt,17,Guru mengumpulkan semua hasil karya siswa.,9708802d9ae4c6a9c4aa4d69faf129825021ea8f2ac4dbebdd1d403b3eb8aef4
52,cerita_52.txt,18,Karya tanah liat dijemur di bawah matahari.,9708802d9ae4c6a9c4aa4d69faf129825021ea8f2ac4dbebdd1d403b3eb8aef4
52,cerita_52.txt,19,Tanah liat akan mengeras setelah kering.,9708802d9ae4c6a9c4aa4d69faf129825021ea8f2ac4dbebdd1d403b3eb8aef4
52,cerita_52.txt,20,Tangan para siswa dipenuhi noda tanah.,9708802d9ae4c6a9c4aa4d69faf129825021ea8f2ac4dbebdd1d403b3eb8aef4
52,cerita_52.txt,21,Mereka mencuci tangan di keran luar kelas.,9708802d9ae4c6a9c4aa4d69faf129825021ea8f2ac4dbebdd1d403b3eb8aef4
52,cerita_52.txt,22,Mereka menggunakan sabun untuk membersihkan kotoran.,9708802d9ae4c6a9c4aa4d69faf129825021ea8f2ac4dbebdd1d403b3eb8aef4
52,cerita_52.txt,23,Karya kerajinan akan dinilai minggu depan.,9708802d9ae4c6a9c4aa4d69faf129825021ea8f2ac4dbebdd1d403b3eb8aef4
52,cerita_52.txt,24,Bayu berharap mendapat nilai bagus.,9708802d9ae4c6a9c4aa4d69faf129825021ea8f2ac4dbebdd1d403b3eb8aef4
52,cerita_52.txt,25,Pelajaran kesenian sangat menyenangkan.,9708802d9ae4c6a9c4aa4d69faf129825021ea8f2ac4dbebdd1d403b3eb8aef4
53,cerita_53.txt,1,Kulkas di rumah sudah kosong.,1ec82662349ca8f89cefe9386156dc8b7ed75aa3e038868da773411a713c4f03
53,cerita_53.txt,2,Ibu mengajak Tiara pergi berbelanja.,1ec82662349ca8f89cefe9386156dc8b7ed75aa3e038868da773411a713c4f03
53,cerita_53.txt,3,Mereka pergi ke swalayan besar.,1ec82662349ca8f89cefe9386156dc8b7ed75aa3e038868da773411a713c4f03
53,cerita_53.txt,4,Tiara mengambil sebuah troli belanja.,1ec82662349ca8f89cefe9386156dc8b7ed75aa3e038868da773411a713c4f03
53,cerita_53.txt,5,Ibu berjalan ke rak susu.,1ec82662349ca8f89cefe9386156dc8b7ed75aa3e038868da773411a713c4f03
53,cerita_53.txt,6,Ibu mengambil dua kotak susu cair.,1ec82662349ca8f89cefe9386156dc8b7ed75aa3e038868da773411a713c4f03
53,cerita_53.txt,7,Tiara mendorong troli dengan semangat.,1ec82662349ca8f89cefe9386156dc8b7ed75aa3e038868da773411a713c4f03
53,cerita_53.txt,8,Mereka menuju lorong makanan ringan.,1ec82662349ca8f89cefe9386156dc8b7ed75aa3e038868da773411a713c4f03
53,cerita_53.txt,9,Tiara memilih sebungkus biskuit cokelat.,1ec82662349ca8f89cefe9386156dc8b7ed75aa3e038868da773411a713c4f03
53,cerita_53.txt,10,Tiara memasukkan biskuit ke dalam troli.,1ec82662349ca8f89cefe9386156dc8b7ed75aa3e038868da773411a713c4f03
53,cerita_53.txt,11,Ibu mencari sabun cuci pakaian.,1ec82662349ca8f89cefe9386156dc8b7ed75aa3e038868da773411a713c4f03
53,cerita_53.txt,12,Ibu menemukan sabun cuci di rak bawah.,1ec82662349ca8f89cefe9386156dc8b7ed75aa3e038868da773411a713c4f03
53,cerita_53.txt,13,Ibu mengambil minyak goreng dan beras.,1ec82662349ca8f89cefe9386156dc8b7ed75aa3e038868da773411a713c4f03
53,cerita_53.txt,14,Troli belanjaan menjadi semakin berat.,1ec82662349ca8f89cefe9386156dc8b7ed75aa3e038868da773411a713c4f03
53,cerita_53.txt,15,Tiara membantu ibu mendorong troli.,1ec82662349ca8f89cefe9386156dc8b7ed75aa3e038868da773411a713c4f03
53,cerita_53.txt,16,Mereka berjalan ke kasir pembayaran.,1ec82662349ca8f89cefe9386156dc8b7ed75aa3e038868da773411a713c4f03
53,cerita_53.txt,17,Ibu mengeluarkan barang dari troli.,1ec82662349ca8f89cefe9386156dc8b7ed75aa3e038868da773411a713c4f03
53,cerita_53.txt,18,Kasir memindai kode barang tersebut.,1ec82662349ca8f89cefe9386156dc8b7ed75aa3e038868da773411a713c4f03
53,cerita_53.txt,19,Mesin kasir mengeluarkan bunyi bip.,1ec82662349ca8f89cefe9386156dc8b7ed75aa3e038868da773411a713c4f03
53,cerita_53.txt,20,Tiara memasukkan barang ke kantong kain.,1ec82662349ca8f89cefe9386156dc8b7ed75aa3e038868da773411a713c4f03
53,cerita_53.txt,21,Ibu membayar menggunakan kartu debit.,1ec82662349ca8f89cefe9386156dc8b7ed75aa3e038868da773411a713c4f03
53,cerita_53.txt,22,Kasir menyerahkan struk belanja kepada ibu.,1ec82662349ca8f89cefe9386156dc8b7ed75aa3e038868da773411a713c4f03
53,cerita_53.txt,23,Mereka membawa barang belanjaan ke mobil.,1ec82662349ca8f89cefe9386156dc8b7ed75aa3e038868da773411a713c4f03
53,cerita_53.txt,24,Ayah membantu memasukkan barang ke bagasi.,1ec82662349ca8f89cefe9386156dc8b7ed75aa3e038868da773411a713c4f03
53,cerita_53.txt,25,Mereka langsung pulang ke rumah.,1ec82662349ca8f89cefe9386156dc8b7ed75aa3e038868da773411a713c4f03
54,cerita_54.txt,1,Liburan sekolah telah tiba.,c8a8973d77e1abc671d464b5925a6e628043c7c9e62194ae5d03db1bf4e21bb2
54,cerita_54.txt,2,Keluarga Feri berkunjung ke kebun stroberi.,c8a8973d77e1abc671d464b5925a6e628043c7c9e62194ae5d03db1bf4e21bb2
54,cerita_54.txt,3,Kebun itu berada di dataran tinggi.,c8a8973d77e1abc671d464b5925a6e628043c7c9e62194ae5d03db1bf4e21bb2
54,cerita_54.txt,4,Udara di sana sangat sejuk.,c8a8973d77e1abc671d464b5925a6e628043c7c9e62194ae5d03db1bf4e21bb2
54,cerita_54.txt,5,Petugas kebun membagikan keranjang kecil.,c8a8973d77e1abc671d464b5925a6e628043c7c9e62194ae5d03db1bf4e21bb2
54,cerita_54.txt,6,Feri membawa gunting khusus.,c8a8973d77e1abc671d464b5925a6e628043c7c9e62194ae5d03db1bf4e21bb2
54,cerita_54.txt,7,Mereka berjalan menyusuri barisan tanaman stroberi.,c8a8973d77e1abc671d464b5925a6e628043c7c9e62194ae5d03db1bf4e21bb2
54,cerita_54.txt,8,Tanaman stroberi tumbuh merambat di tanah.,c8a8973d77e1abc671d464b5925a6e628043c7c9e62194ae5d03db1bf4e21bb2
54,cerita_54.txt,9,Feri mencari buah stroberi matang.,c8a8973d77e1abc671d464b5925a6e628043c7c9e62194ae5d03db1bf4e21bb2
54,cerita_54.txt,10,Feri menemukan stroberi berwarna merah tua.,c8a8973d77e1abc671d464b5925a6e628043c7c9e62194ae5d03db1bf4e21bb2
54,cerita_54.txt,11,Feri memotong tangkai stroberi dengan gunting.,c8a8973d77e1abc671d464b5925a6e628043c7c9e62194ae5d03db1bf4e21bb2
54,cerita_54.txt,12,Feri memasukkan stroberi ke keranjang.,c8a8973d77e1abc671d464b5925a6e628043c7c9e62194ae5d03db1bf4e21bb2
54,cerita_54.txt,13,Ibu menemukan stroberi ukuran besar.,c8a8973d77e1abc671d464b5925a6e628043c7c9e62194ae5d03db1bf4e21bb2
54,cerita_54.txt,14,Adik memetik stroberi yang masih sedikit hijau.,c8a8973d77e1abc671d464b5925a6e628043c7c9e62194ae5d03db1bf4e21bb2
54,cerita_54.txt,15,Ibu mengingatkan adik untuk memilih warna merah.,c8a8973d77e1abc671d464b5925a6e628043c7c9e62194ae5d03db1bf4e21bb2
54,cerita_54.txt,16,Keranjang Feri hampir penuh dengan buah.,c8a8973d77e1abc671d464b5925a6e628043c7c9e62194ae5d03db1bf4e21bb2
54,cerita_54.txt,17,Aroma stroberi tercium sangat segar.,c8a8973d77e1abc671d464b5925a6e628043c7c9e62194ae5d03db1bf4e21bb2
54,cerita_54.txt,18,Ayah memotret Feri di tengah kebun.,c8a8973d77e1abc671d464b5925a6e628043c7c9e62194ae5d03db1bf4e21bb2
54,cerita_54.txt,19,Mereka memetik stroberi selama satu jam.,c8a8973d77e1abc671d464b5925a6e628043c7c9e62194ae5d03db1bf4e21bb2
54,cerita_54.txt,20,Mereka membawa keranjang ke tempat penimbangan.,c8a8973d77e1abc671d464b5925a6e628043c7c9e62194ae5d03db1bf4e21bb2
54,cerita_54.txt,21,Petugas menimbang semua stroberi tersebut.,c8a8973d77e1abc671d464b5925a6e628043c7c9e62194ae5d03db1bf4e21bb2
54,cerita_54.txt,22,Ayah membayar sesuai berat stroberi.,c8a8973d77e1abc671d464b5925a6e628043c7c9e62194ae5d03db1bf4e21bb2
54,cerita_54.txt,23,Feri mencuci buah stroberi di tempat pencucian.,c8a8973d77e1abc671d464b5925a6e628043c7c9e62194ae5d03db1bf4e21bb2
54,cerita_54.txt,24,Feri memakan satu buah stroberi manis.,c8a8973d77e1abc671d464b5925a6e628043c7c9e62194ae5d03db1bf4e21bb2
54,cerita_54.txt,25,Mereka membawa sisa stroberi pulang.,c8a8973d77e1abc671d464b5925a6e628043c7c9e62194ae5d03db1bf4e21bb2
55,cerita_55.txt,1,Hujan turun sangat deras di siang hari.,763de8fd675e57786f5900d0cfea21d25bbe005ab63d88f4d3a841c96a0c8623
55,cerita_55.txt,2,Halaman rumah tergenang air bersih.,763de8fd675e57786f5900d0cfea21d25bbe005ab63d88f4d3a841c96a0c8623
55,cerita_55.txt,3,Rudi meminta izin kepada ibu.,763de8fd675e57786f5900d0cfea21d25bbe005ab63d88f4d3a841c96a0c8623
55,cerita_55.txt,4,Rudi ingin bermain hujan-hujanan.,763de8fd675e57786f5900d0cfea21d25bbe005ab63d88f4d3a841c96a0c8623
55,cerita_55.txt,5,Ibu memberikan izin kepada Rudi.,763de8fd675e57786f5900d0cfea21d25bbe005ab63d88f4d3a841c96a0c8623
55,cerita_55.txt,6,Rudi berlari keluar rumah.,763de8fd675e57786f5900d0cfea21d25bbe005ab63d88f4d3a841c96a0c8623
55,cerita_55.txt,7,Air hujan membasahi tubuh Rudi.,763de8fd675e57786f5900d0cfea21d25bbe005ab63d88f4d3a841c96a0c8623
55,cerita_55.txt,8,Rudi melompat ke dalam genangan air.,763de8fd675e57786f5900d0cfea21d25bbe005ab63d88f4d3a841c96a0c8623
55,cerita_55.txt,9,Air memercik ke segala arah.,763de8fd675e57786f5900d0cfea21d25bbe005ab63d88f4d3a841c96a0c8623
55,cerita_55.txt,10,Rudi tertawa dengan sangat riang.,763de8fd675e57786f5900d0cfea21d25bbe005ab63d88f4d3a841c96a0c8623
55,cerita_55.txt,11,Edo tetangga sebelah ikut keluar rumah.,763de8fd675e57786f5900d0cfea21d25bbe005ab63d88f4d3a841c96a0c8623
55,cerita_55.txt,12,Edo dan Rudi bermain bersama.,763de8fd675e57786f5900d0cfea21d25bbe005ab63d88f4d3a841c96a0c8623
55,cerita_55.txt,13,Mereka membuat perahu dari daun pisang.,763de8fd675e57786f5900d0cfea21d25bbe005ab63d88f4d3a841c96a0c8623
55,cerita_55.txt,14,Mereka meletakkan perahu di aliran selokan.,763de8fd675e57786f5900d0cfea21d25bbe005ab63d88f4d3a841c96a0c8623
55,cerita_55.txt,15,Perahu daun mengalir terbawa arus air.,763de8fd675e57786f5900d0cfea21d25bbe005ab63d88f4d3a841c96a0c8623
55,cerita_55.txt,16,Mereka mengejar perahu daun itu.,763de8fd675e57786f5900d0cfea21d25bbe005ab63d88f4d3a841c96a0c8623
55,cerita_55.txt,17,Hujan mulai mereda secara perlahan.,763de8fd675e57786f5900d0cfea21d25bbe005ab63d88f4d3a841c96a0c8623
55,cerita_55.txt,18,Udara terasa sangat dingin di kulit.,763de8fd675e57786f5900d0cfea21d25bbe005ab63d88f4d3a841c96a0c8623
55,cerita_55.txt,19,Tubuh Rudi menggigil kedinginan.,763de8fd675e57786f5900d0cfea21d25bbe005ab63d88f4d3a841c96a0c8623
55,cerita_55.txt,20,Ibu memanggil Rudi dari teras rumah.,763de8fd675e57786f5900d0cfea21d25bbe005ab63d88f4d3a841c96a0c8623
55,cerita_55.txt,21,Rudi dan Edo berhenti bermain.,763de8fd675e57786f5900d0cfea21d25bbe005ab63d88f4d3a841c96a0c8623
55,cerita_55.txt,22,Rudi masuk ke kamar mandi.,763de8fd675e57786f5900d0cfea21d25bbe005ab63d88f4d3a841c96a0c8623
55,cerita_55.txt,23,Rudi mandi menggunakan air hangat.,763de8fd675e57786f5900d0cfea21d25bbe005ab63d88f4d3a841c96a0c8623
55,cerita_55.txt,24,Ibu menyuguhkan teh manis hangat.,763de8fd675e57786f5900d0cfea21d25bbe005ab63d88f4d3a841c96a0c8623
55,cerita_55.txt,25,Rudi meminum teh itu dengan perlahan.,763de8fd675e57786f5900d0cfea21d25bbe005ab63d88f4d3a841c96a0c8623
56,cerita_56.txt,1,Taman kota memiliki sebuah kolam besar.,7de3acba948c1ed8cd86eee1671d91afc9108ba0966270e6c7c64850654af473
56,cerita_56.txt,2,Kolam itu berisi banyak ikan koi.,7de3acba948c1ed8cd86eee1671d91afc9108ba0966270e6c7c64850654af473
56,cerita_56.txt,3,Dika datang ke taman bersama ayah.,7de3acba948c1ed8cd86eee1671d91afc9108ba0966270e6c7c64850654af473
56,cerita_56.txt,4,Dika membawa sebungkus pelet ikan.,7de3acba948c1ed8cd86eee1671d91afc9108ba0966270e6c7c64850654af473
56,cerita_56.txt,5,Dika berdiri di pinggir kolam.,7de3acba948c1ed8cd86eee1671d91afc9108ba0966270e6c7c64850654af473
56,cerita_56.txt,6,Ikan-ikan koi berenang mendekati Dika.,7de3acba948c1ed8cd86eee1671d91afc9108ba0966270e6c7c64850654af473
56,cerita_56.txt,7,Ikan koi memiliki warna merah dan putih.,7de3acba948c1ed8cd86eee1671d91afc9108ba0966270e6c7c64850654af473
56,cerita_56.txt,8,Dika mengambil segenggam pelet ikan.,7de3acba948c1ed8cd86eee1671d91afc9108ba0966270e6c7c64850654af473
56,cerita_56.txt,9,Dika melempar pelet ke tengah kolam.,7de3acba948c1ed8cd86eee1671d91afc9108ba0966270e6c7c64850654af473
56,cerita_56.txt,10,Ikan-ikan koi berebut memakan pelet.,7de3acba948c1ed8cd86eee1671d91afc9108ba0966270e6c7c64850654af473
56,cerita_56.txt,11,Air kolam beriak karena gerakan ikan.,7de3acba948c1ed8cd86eee1671d91afc9108ba0966270e6c7c64850654af473
56,cerita_56.txt,12,Mulut ikan koi terbuka lebar.,7de3acba948c1ed8cd86eee1671d91afc9108ba0966270e6c7c64850654af473
56,cerita_56.txt,13,Dika merasa sangat terhibur melihatnya.,7de3acba948c1ed8cd86eee1671d91afc9108ba0966270e6c7c64850654af473
56,cerita_56.txt,14,Dika kembali melempar pelet ikan.,7de3acba948c1ed8cd86eee1671d91afc9108ba0966270e6c7c64850654af473
56,cerita_56.txt,15,Ikan koi berkumpul semakin banyak.,7de3acba948c1ed8cd86eee1671d91afc9108ba0966270e6c7c64850654af473
56,cerita_56.txt,16,Ayah merekam kejadian itu dengan ponsel.,7de3acba948c1ed8cd86eee1671d91afc9108ba0966270e6c7c64850654af473
56,cerita_56.txt,17,Pelet ikan di bungkus sudah habis.,7de3acba948c1ed8cd86eee1671d91afc9108ba0966270e6c7c64850654af473
56,cerita_56.txt,18,Ikan-ikan berenang menjauhi pinggir kolam.,7de3acba948c1ed8cd86eee1671d91afc9108ba0966270e6c7c64850654af473
56,cerita_56.txt,19,Dika membuang bungkus kosong ke tempat sampah.,7de3acba948c1ed8cd86eee1671d91afc9108ba0966270e6c7c64850654af473
56,cerita_56.txt,20,Dika mencuci tangan di keran taman.,7de3acba948c1ed8cd86eee1671d91afc9108ba0966270e6c7c64850654af473
56,cerita_56.txt,21,Mereka duduk di bangku taman.,7de3acba948c1ed8cd86eee1671d91afc9108ba0966270e6c7c64850654af473
56,cerita_56.txt,22,Ayah membelikan Dika kacang rebus.,7de3acba948c1ed8cd86eee1671d91afc9108ba0966270e6c7c64850654af473
56,cerita_56.txt,23,Mereka menikmati suasana taman yang sejuk.,7de3acba948c1ed8cd86eee1671d91afc9108ba0966270e6c7c64850654af473
56,cerita_56.txt,24,Angin berhembus sangat pelan.,7de3acba948c1ed8cd86eee1671d91afc9108ba0966270e6c7c64850654af473
56,cerita_56.txt,25,Dika mengajak ayah pulang.,7de3acba948c1ed8cd86eee1671d91afc9108ba0966270e6c7c64850654af473
57,cerita_57.txt,1,Rombongan sirkus datang ke kota.,bac924b9a079b6e52d9a90494756797b3e6a804769b75603c34288a08a413c82
57,cerita_57.txt,2,Ayah membeli tiga lembar tiket sirkus.,bac924b9a079b6e52d9a90494756797b3e6a804769b75603c34288a08a413c82
57,cerita_57.txt,3,Tenda sirkus berdiri di lapangan besar.,bac924b9a079b6e52d9a90494756797b3e6a804769b75603c34288a08a413c82
57,cerita_57.txt,4,Tenda itu memiliki warna merah dan putih.,bac924b9a079b6e52d9a90494756797b3e6a804769b75603c34288a08a413c82
57,cerita_57.txt,5,Malam hari keluarga Gilang pergi ke sirkus.,bac924b9a079b6e52d9a90494756797b3e6a804769b75603c34288a08a413c82
57,cerita_57.txt,6,Mereka masuk ke dalam tenda.,bac924b9a079b6e52d9a90494756797b3e6a804769b75603c34288a08a413c82
57,cerita_57.txt,7,Banyak penonton duduk di kursi melingkar.,bac924b9a079b6e52d9a90494756797b3e6a804769b75603c34288a08a413c82
57,cerita_57.txt,8,Lampu panggung menyala dengan terang.,bac924b9a079b6e52d9a90494756797b3e6a804769b75603c34288a08a413c82
57,cerita_57.txt,9,Pertunjukan sirkus mulai pada pukul delapan.,bac924b9a079b6e52d9a90494756797b3e6a804769b75603c34288a08a413c82
57,cerita_57.txt,10,Badut muncul dari balik tirai.,bac924b9a079b6e52d9a90494756797b3e6a804769b75603c34288a08a413c82
57,cerita_57.txt,11,Badut itu memakai sepatu sangat besar.,bac924b9a079b6e52d9a90494756797b3e6a804769b75603c34288a08a413c82
57,cerita_57.txt,12,Badut melempar bola ke udara.,bac924b9a079b6e52d9a90494756797b3e6a804769b75603c34288a08a413c82
57,cerita_57.txt,13,Badut menangkap bola dengan lucu.,bac924b9a079b6e52d9a90494756797b3e6a804769b75603c34288a08a413c82
57,cerita_57.txt,14,Gilang tertawa terbahak-bahak.,bac924b9a079b6e52d9a90494756797b3e6a804769b75603c34288a08a413c82
57,cerita_57.txt,15,Pertunjukan selanjutnya adalah akrobat tali.,bac924b9a079b6e52d9a90494756797b3e6a804769b75603c34288a08a413c82
57,cerita_57.txt,16,Pemain akrobat berjalan di atas tali kecil.,bac924b9a079b6e52d9a90494756797b3e6a804769b75603c34288a08a413c82
57,cerita_57.txt,17,Pemain itu memegang tongkat panjang untuk keseimbangan.,bac924b9a079b6e52d9a90494756797b3e6a804769b75603c34288a08a413c82
57,cerita_57.txt,18,Penonton menahan napas dengan tegang.,bac924b9a079b6e52d9a90494756797b3e6a804769b75603c34288a08a413c82
57,cerita_57.txt,19,Pemain akrobat berhasil menyeberangi tali.,bac924b9a079b6e52d9a90494756797b3e6a804769b75603c34288a08a413c82
57,cerita_57.txt,20,Semua orang bertepuk tangan meriah.,bac924b9a079b6e52d9a90494756797b3e6a804769b75603c34288a08a413c82
57,cerita_57.txt,21,Pertunjukan menampilkan gajah pintar menari.,bac924b9a079b6e52d9a90494756797b3e6a804769b75603c34288a08a413c82
57,cerita_57.txt,22,Gajah mengangkat kaki depan ke atas.,bac924b9a079b6e52d9a90494756797b3e6a804769b75603c34288a08a413c82
57,cerita_57.txt,23,Sirkus berlangsung selama dua jam.,bac924b9a079b6e52d9a90494756797b3e6a804769b75603c34288a08a413c82
57,cerita_57.txt,24,Acara sirkus ditutup dengan kembang api kecil.,bac924b9a079b6e52d9a90494756797b3e6a804769b75603c34288a08a413c82
57,cerita_57.txt,25,Gilang keluar dari tenda dengan bahagia.,bac924b9a079b6e52d9a90494756797b3e6a804769b75603c34288a08a413c82
58,cerita_58.txt,1,Hari raya telah tiba.,1723095d49908f0dd3cde443ecb35daf2fdb469c398de0191ca3e014988adf61
58,cerita_58.txt,2,Keluarga Rani pergi ke rumah nenek.,1723095d49908f0dd3cde443ecb35daf2fdb469c398de0191ca3e014988adf61
58,cerita_58.txt,3,Rumah nenek berada di desa terpencil.,1723095d49908f0dd3cde443ecb35daf2fdb469c398de0191ca3e014988adf61
58,cerita_58.txt,4,Ayah mengemudikan mobil melewati jalan berliku.,1723095d49908f0dd3cde443ecb35daf2fdb469c398de0191ca3e014988adf61
58,cerita_58.txt,5,Pemandangan gunung terlihat dari jauh.,1723095d49908f0dd3cde443ecb35daf2fdb469c398de0191ca3e014988adf61
58,cerita_58.txt,6,Mobil ayah tiba di halaman rumah nenek.,1723095d49908f0dd3cde443ecb35daf2fdb469c398de0191ca3e014988adf61
58,cerita_58.txt,7,Nenek menyambut mereka di teras.,1723095d49908f0dd3cde443ecb35daf2fdb469c398de0191ca3e014988adf61
58,cerita_58.txt,8,Rani memeluk nenek dengan erat.,1723095d49908f0dd3cde443ecb35daf2fdb469c398de0191ca3e014988adf61
58,cerita_58.txt,9,Nenek terlihat sangat sehat.,1723095d49908f0dd3cde443ecb35daf2fdb469c398de0191ca3e014988adf61
58,cerita_58.txt,10,Nenek memasak opor ayam lezat.,1723095d49908f0dd3cde443ecb35daf2fdb469c398de0191ca3e014988adf61
58,cerita_58.txt,11,Rani masuk ke dalam rumah.,1723095d49908f0dd3cde443ecb35daf2fdb469c398de0191ca3e014988adf61
58,cerita_58.txt,12,Meja makan sudah penuh dengan makanan.,1723095d49908f0dd3cde443ecb35daf2fdb469c398de0191ca3e014988adf61
58,cerita_58.txt,13,Rani memakan opor ayam dengan ketupat.,1723095d49908f0dd3cde443ecb35daf2fdb469c398de0191ca3e014988adf61
58,cerita_58.txt,14,Rasa masakan nenek selalu enak.,1723095d49908f0dd3cde443ecb35daf2fdb469c398de0191ca3e014988adf61
58,cerita_58.txt,15,"Setelah makan, Rani pergi ke halaman belakang.",1723095d49908f0dd3cde443ecb35daf2fdb469c398de0191ca3e014988adf61
58,cerita_58.txt,16,Nenek memelihara banyak ayam petelur.,1723095d49908f0dd3cde443ecb35daf2fdb469c398de0191ca3e014988adf61
58,cerita_58.txt,17,Rani membantu nenek mengumpulkan telur ayam.,1723095d49908f0dd3cde443ecb35daf2fdb469c398de0191ca3e014988adf61
58,cerita_58.txt,18,Rani memasukkan telur ke dalam keranjang rotan.,1723095d49908f0dd3cde443ecb35daf2fdb469c398de0191ca3e014988adf61
58,cerita_58.txt,19,Rani mendapat dua puluh butir telur.,1723095d49908f0dd3cde443ecb35daf2fdb469c398de0191ca3e014988adf61
58,cerita_58.txt,20,Nenek memberikan Rani hadiah uang saku.,1723095d49908f0dd3cde443ecb35daf2fdb469c398de0191ca3e014988adf61
58,cerita_58.txt,21,Rani mengucapkan terima kasih kepada nenek.,1723095d49908f0dd3cde443ecb35daf2fdb469c398de0191ca3e014988adf61
58,cerita_58.txt,22,Sore hari Rani bermain di sawah dekat rumah.,1723095d49908f0dd3cde443ecb35daf2fdb469c398de0191ca3e014988adf61
58,cerita_58.txt,23,Rani menikmati udara desa yang bersih.,1723095d49908f0dd3cde443ecb35daf2fdb469c398de0191ca3e014988adf61
58,cerita_58.txt,24,Malam hari mereka berkumpul di ruang tamu.,1723095d49908f0dd3cde443ecb35daf2fdb469c398de0191ca3e014988adf61
58,cerita_58.txt,25,Mereka mengobrol dengan sangat hangat.,1723095d49908f0dd3cde443ecb35daf2fdb469c398de0191ca3e014988adf61
59,cerita_59.txt,1,Sekolah Santi mengadakan kegiatan ekstrakurikuler tari.,ed44ffae3c3e16c90667d1ab6baab2b8ed47fb026394209157a8058b08d5c5ce
59,cerita_59.txt,2,Santi memilih ekstrakurikuler tari piring.,ed44ffae3c3e16c90667d1ab6baab2b8ed47fb026394209157a8058b08d5c5ce
59,cerita_59.txt,3,Tari piring berasal dari Sumatera Barat.,ed44ffae3c3e16c90667d1ab6baab2b8ed47fb026394209157a8058b08d5c5ce
59,cerita_59.txt,4,Pelatih tari membawa banyak piring kecil.,ed44ffae3c3e16c90667d1ab6baab2b8ed47fb026394209157a8058b08d5c5ce
59,cerita_59.txt,5,Santi memegang dua piring di kedua tangan.,ed44ffae3c3e16c90667d1ab6baab2b8ed47fb026394209157a8058b08d5c5ce
59,cerita_59.txt,6,Piring dipasang pada jari telunjuk.,ed44ffae3c3e16c90667d1ab6baab2b8ed47fb026394209157a8058b08d5c5ce
59,cerita_59.txt,7,Pelatih memutar musik tradisional Minang.,ed44ffae3c3e16c90667d1ab6baab2b8ed47fb026394209157a8058b08d5c5ce
59,cerita_59.txt,8,Santi mulai menggerakkan kaki mengikuti irama.,ed44ffae3c3e16c90667d1ab6baab2b8ed47fb026394209157a8058b08d5c5ce
59,cerita_59.txt,9,Tangan Santi berayun ke atas dan bawah.,ed44ffae3c3e16c90667d1ab6baab2b8ed47fb026394209157a8058b08d5c5ce
59,cerita_59.txt,10,Piring tidak boleh jatuh ke lantai.,ed44ffae3c3e16c90667d1ab6baab2b8ed47fb026394209157a8058b08d5c5ce
59,cerita_59.txt,11,Gerakan pertama terasa sangat sulit.,ed44ffae3c3e16c90667d1ab6baab2b8ed47fb026394209157a8058b08d5c5ce
59,cerita_59.txt,12,Santi memutar pergelangan tangan perlahan.,ed44ffae3c3e16c90667d1ab6baab2b8ed47fb026394209157a8058b08d5c5ce
59,cerita_59.txt,13,Bunyi piring berdenting menyentuh cincin.,ed44ffae3c3e16c90667d1ab6baab2b8ed47fb026394209157a8058b08d5c5ce
59,cerita_59.txt,14,Santi berlatih gerakan langkah maju mundur.,ed44ffae3c3e16c90667d1ab6baab2b8ed47fb026394209157a8058b08d5c5ce
59,cerita_59.txt,15,Pelatih mencontohkan putaran tubuh yang cepat.,ed44ffae3c3e16c90667d1ab6baab2b8ed47fb026394209157a8058b08d5c5ce
59,cerita_59.txt,16,Santi mencoba memutar tubuhnya.,ed44ffae3c3e16c90667d1ab6baab2b8ed47fb026394209157a8058b08d5c5ce
59,cerita_59.txt,17,Piring di tangan Santi hampir terjatuh.,ed44ffae3c3e16c90667d1ab6baab2b8ed47fb026394209157a8058b08d5c5ce
59,cerita_59.txt,18,Santi menggenggam piring lebih kuat.,ed44ffae3c3e16c90667d1ab6baab2b8ed47fb026394209157a8058b08d5c5ce
59,cerita_59.txt,19,Teman-teman Santi juga giat berlatih.,ed44ffae3c3e16c90667d1ab6baab2b8ed47fb026394209157a8058b08d5c5ce
59,cerita_59.txt,20,Mereka bergerak serempak mengikuti musik.,ed44ffae3c3e16c90667d1ab6baab2b8ed47fb026394209157a8058b08d5c5ce
59,cerita_59.txt,21,Peluh membasahi wajah Santi.,ed44ffae3c3e16c90667d1ab6baab2b8ed47fb026394209157a8058b08d5c5ce
59,cerita_59.txt,22,Latihan tari piring selesai sore hari.,ed44ffae3c3e16c90667d1ab6baab2b8ed47fb026394209157a8058b08d5c5ce
59,cerita_59.txt,23,Santi meletakkan piring di kotak penyimpanan.,ed44ffae3c3e16c90667d1ab6baab2b8ed47fb026394209157a8058b08d5c5ce
59,cerita_59.txt,24,Santi merasa gerakan tarinya semakin bagus.,ed44ffae3c3e16c90667d1ab6baab2b8ed47fb026394209157a8058b08d5c5ce
59,cerita_59.txt,25,Santi berjalan pulang ke rumah bersama teman-teman.,ed44ffae3c3e16c90667d1ab6baab2b8ed47fb026394209157a8058b08d5c5ce
60,cerita_60.txt,1,Kakak membelikan Vina sebuah mainan baru.,8d8d1916da7d7fac7c9c7a4f7c711cdbff3156a75398ea2b1a24eee4517815f9
60,cerita_60.txt,2,Mainan itu adalah sebuah puzzle gambar pemandangan.,8d8d1916da7d7fac7c9c7a4f7c711cdbff3156a75398ea2b1a24eee4517815f9
60,cerita_60.txt,3,Kotak puzzle berisi lima ratus kepingan kecil.,8d8d1916da7d7fac7c9c7a4f7c711cdbff3156a75398ea2b1a24eee4517815f9
60,cerita_60.txt,4,Vina menuangkan kepingan puzzle di atas karpet.,8d8d1916da7d7fac7c9c7a4f7c711cdbff3156a75398ea2b1a24eee4517815f9
60,cerita_60.txt,5,Kepingan puzzle berserakan di mana-mana.,8d8d1916da7d7fac7c9c7a4f7c711cdbff3156a75398ea2b1a24eee4517815f9
60,cerita_60.txt,6,Vina mencari kepingan bagian sudut terlebih dahulu.,8d8d1916da7d7fac7c9c7a4f7c711cdbff3156a75398ea2b1a24eee4517815f9
60,cerita_60.txt,7,Vina menemukan empat sudut gambar.,8d8d1916da7d7fac7c9c7a4f7c711cdbff3156a75398ea2b1a24eee4517815f9
60,cerita_60.txt,8,Vina mencari kepingan yang memiliki tepi lurus.,8d8d1916da7d7fac7c9c7a4f7c711cdbff3156a75398ea2b1a24eee4517815f9
60,cerita_60.txt,9,Vina merangkai bingkai luar gambar pemandangan.,8d8d1916da7d7fac7c9c7a4f7c711cdbff3156a75398ea2b1a24eee4517815f9
60,cerita_60.txt,10,Bingkai luar selesai disusun dengan cepat.,8d8d1916da7d7fac7c9c7a4f7c711cdbff3156a75398ea2b1a24eee4517815f9
60,cerita_60.txt,11,Vina mulai menyusun gambar bagian langit.,8d8d1916da7d7fac7c9c7a4f7c711cdbff3156a75398ea2b1a24eee4517815f9
60,cerita_60.txt,12,Vina mencari kepingan berwarna biru cerah.,8d8d1916da7d7fac7c9c7a4f7c711cdbff3156a75398ea2b1a24eee4517815f9
60,cerita_60.txt,13,Kakak datang membantu Vina menyusun kepingan.,8d8d1916da7d7fac7c9c7a4f7c711cdbff3156a75398ea2b1a24eee4517815f9
60,cerita_60.txt,14,Kakak menemukan bagian gambar matahari.,8d8d1916da7d7fac7c9c7a4f7c711cdbff3156a75398ea2b1a24eee4517815f9
60,cerita_60.txt,15,Mereka mencari bagian gambar pegunungan hijau.,8d8d1916da7d7fac7c9c7a4f7c711cdbff3156a75398ea2b1a24eee4517815f9
60,cerita_60.txt,16,Vina mencocokkan potongan-potongan kecil.,8d8d1916da7d7fac7c9c7a4f7c711cdbff3156a75398ea2b1a24eee4517815f9
60,cerita_60.txt,17,Gambar pemandangan mulai terlihat jelas.,8d8d1916da7d7fac7c9c7a4f7c711cdbff3156a75398ea2b1a24eee4517815f9
60,cerita_60.txt,18,Menyusun puzzle membutuhkan kesabaran tinggi.,8d8d1916da7d7fac7c9c7a4f7c711cdbff3156a75398ea2b1a24eee4517815f9
60,cerita_60.txt,19,Ibu membawakan minuman jus mangga segar.,8d8d1916da7d7fac7c9c7a4f7c711cdbff3156a75398ea2b1a24eee4517815f9
60,cerita_60.txt,20,Vina dan kakak meminum jus tersebut.,8d8d1916da7d7fac7c9c7a4f7c711cdbff3156a75398ea2b1a24eee4517815f9
60,cerita_60.txt,21,Mereka melanjutkan menyusun puzzle kembali.,8d8d1916da7d7fac7c9c7a4f7c711cdbff3156a75398ea2b1a24eee4517815f9
60,cerita_60.txt,22,Satu kepingan terakhir diletakkan oleh Vina.,8d8d1916da7d7fac7c9c7a4f7c711cdbff3156a75398ea2b1a24eee4517815f9
60,cerita_60.txt,23,Gambar pemandangan pegunungan telah sempurna.,8d8d1916da7d7fac7c9c7a4f7c711cdbff3156a75398ea2b1a24eee4517815f9
60,cerita_60.txt,24,Vina merasa sangat bangga.,8d8d1916da7d7fac7c9c7a4f7c711cdbff3156a75398ea2b1a24eee4517815f9
60,cerita_60.txt,25,Ibu membingkai hasil puzzle Vina di dinding.,8d8d1916da7d7fac7c9c7a4f7c711cdbff3156a75398ea2b1a24eee4517815f9
61,cerita_61.txt,1,Musim tanam padi telah selesai.,6df6f3d48ddee1d4d62fdaed395baa0b2d085487fe3e37c0f940bb95491fb140
61,cerita_61.txt,2,Air sawah masih menggenang dangkal.,6df6f3d48ddee1d4d62fdaed395baa0b2d085487fe3e37c0f940bb95491fb140
61,cerita_61.txt,3,Ujang pergi ke sawah membawa ember hitam.,6df6f3d48ddee1d4d62fdaed395baa0b2d085487fe3e37c0f940bb95491fb140
61,cerita_61.txt,4,Ujang ingin mencari siput sawah.,6df6f3d48ddee1d4d62fdaed395baa0b2d085487fe3e37c0f940bb95491fb140
61,cerita_61.txt,5,Siput bersembunyi di pangkal batang padi.,6df6f3d48ddee1d4d62fdaed395baa0b2d085487fe3e37c0f940bb95491fb140
61,cerita_61.txt,6,Ujang menggulung celana panjang ke atas lutut.,6df6f3d48ddee1d4d62fdaed395baa0b2d085487fe3e37c0f940bb95491fb140
61,cerita_61.txt,7,Ujang turun ke lumpur sawah perlahan.,6df6f3d48ddee1d4d62fdaed395baa0b2d085487fe3e37c0f940bb95491fb140
61,cerita_61.txt,8,Lumpur sawah terasa sangat lembek.,6df6f3d48ddee1d4d62fdaed395baa0b2d085487fe3e37c0f940bb95491fb140
61,cerita_61.txt,9,Ujang berjalan menyusuri pematang sawah.,6df6f3d48ddee1d4d62fdaed395baa0b2d085487fe3e37c0f940bb95491fb140
61,cerita_61.txt,10,Ujang melihat cangkang hitam di dalam air.,6df6f3d48ddee1d4d62fdaed395baa0b2d085487fe3e37c0f940bb95491fb140
61,cerita_61.txt,11,Ujang memungut siput sawah tersebut.,6df6f3d48ddee1d4d62fdaed395baa0b2d085487fe3e37c0f940bb95491fb140
61,cerita_61.txt,12,Ujang memasukkan siput ke dalam ember.,6df6f3d48ddee1d4d62fdaed395baa0b2d085487fe3e37c0f940bb95491fb140
61,cerita_61.txt,13,Ujang melangkah pelan agar padi tidak rusak.,6df6f3d48ddee1d4d62fdaed395baa0b2d085487fe3e37c0f940bb95491fb140
61,cerita_61.txt,14,Banyak siput menempel di daun padi.,6df6f3d48ddee1d4d62fdaed395baa0b2d085487fe3e37c0f940bb95491fb140
61,cerita_61.txt,15,Ember Ujang semakin berat berisi siput.,6df6f3d48ddee1d4d62fdaed395baa0b2d085487fe3e37c0f940bb95491fb140
61,cerita_61.txt,16,Terik matahari siang menyengat punggung Ujang.,6df6f3d48ddee1d4d62fdaed395baa0b2d085487fe3e37c0f940bb95491fb140
61,cerita_61.txt,17,Ujang memakai topi caping bambu.,6df6f3d48ddee1d4d62fdaed395baa0b2d085487fe3e37c0f940bb95491fb140
61,cerita_61.txt,18,Ujang menemukan seekor belut kecil.,6df6f3d48ddee1d4d62fdaed395baa0b2d085487fe3e37c0f940bb95491fb140
61,cerita_61.txt,19,Belut kecil meluncur cepat masuk ke lumpur.,6df6f3d48ddee1d4d62fdaed395baa0b2d085487fe3e37c0f940bb95491fb140
61,cerita_61.txt,20,Ujang kembali fokus mencari siput.,6df6f3d48ddee1d4d62fdaed395baa0b2d085487fe3e37c0f940bb95491fb140
61,cerita_61.txt,21,Ember Ujang sudah terisi setengah penuh.,6df6f3d48ddee1d4d62fdaed395baa0b2d085487fe3e37c0f940bb95491fb140
61,cerita_61.txt,22,Ujang naik dari lumpur sawah.,6df6f3d48ddee1d4d62fdaed395baa0b2d085487fe3e37c0f940bb95491fb140
61,cerita_61.txt,23,Ujang mencuci kaki di saluran irigasi.,6df6f3d48ddee1d4d62fdaed395baa0b2d085487fe3e37c0f940bb95491fb140
61,cerita_61.txt,24,Ujang membawa ember berisi siput pulang.,6df6f3d48ddee1d4d62fdaed395baa0b2d085487fe3e37c0f940bb95491fb140
61,cerita_61.txt,25,Ibu akan memasak siput itu menjadi lauk lezat.,6df6f3d48ddee1d4d62fdaed395baa0b2d085487fe3e37c0f940bb95491fb140
62,cerita_62.txt,1,Bel istirahat berbunyi tanda istirahat pertama.,b7ce42470be71602c6974415890d04af999b298b00884827c2b9cbf163879af0
62,cerita_62.txt,2,Anak-anak berlarian keluar kelas.,b7ce42470be71602c6974415890d04af999b298b00884827c2b9cbf163879af0
62,cerita_62.txt,3,Edo dan Dika berlari menuju lapangan bola.,b7ce42470be71602c6974415890d04af999b298b00884827c2b9cbf163879af0
62,cerita_62.txt,4,Mereka berdua berlomba lari cepat.,b7ce42470be71602c6974415890d04af999b298b00884827c2b9cbf163879af0
62,cerita_62.txt,5,Tiba-tiba Dika tersandung sebuah batu besar.,b7ce42470be71602c6974415890d04af999b298b00884827c2b9cbf163879af0
62,cerita_62.txt,6,Dika jatuh tengkurap di tanah lapangan.,b7ce42470be71602c6974415890d04af999b298b00884827c2b9cbf163879af0
62,cerita_62.txt,7,Lutut Dika bergesekan dengan kerikil tajam.,b7ce42470be71602c6974415890d04af999b298b00884827c2b9cbf163879af0
62,cerita_62.txt,8,Dika meringis menahan rasa sakit.,b7ce42470be71602c6974415890d04af999b298b00884827c2b9cbf163879af0
62,cerita_62.txt,9,Edo berhenti berlari melihat temannya jatuh.,b7ce42470be71602c6974415890d04af999b298b00884827c2b9cbf163879af0
62,cerita_62.txt,10,Edo berbalik menghampiri Dika dengan segera.,b7ce42470be71602c6974415890d04af999b298b00884827c2b9cbf163879af0
62,cerita_62.txt,11,Edo mengulurkan tangan kanan kepada Dika.,b7ce42470be71602c6974415890d04af999b298b00884827c2b9cbf163879af0
62,cerita_62.txt,12,Edo membantu Dika berdiri perlahan-lanya.,b7ce42470be71602c6974415890d04af999b298b00884827c2b9cbf163879af0
62,cerita_62.txt,13,Lutut celana Dika robek sedikit.,b7ce42470be71602c6974415890d04af999b298b00884827c2b9cbf163879af0
62,cerita_62.txt,14,Darah segar mengalir dari luka lutut Dika.,b7ce42470be71602c6974415890d04af999b298b00884827c2b9cbf163879af0
62,cerita_62.txt,15,Dika menangis terisak-isak pelan.,b7ce42470be71602c6974415890d04af999b298b00884827c2b9cbf163879af0
62,cerita_62.txt,16,Edo merangkul pundak Dika erat.,b7ce42470be71602c6974415890d04af999b298b00884827c2b9cbf163879af0
62,cerita_62.txt,17,Edo membawa Dika menuju ruang kesehatan.,b7ce42470be71602c6974415890d04af999b298b00884827c2b9cbf163879af0
62,cerita_62.txt,18,Guru piket menyambut mereka di ruang kesehatan.,b7ce42470be71602c6974415890d04af999b298b00884827c2b9cbf163879af0
62,cerita_62.txt,19,Guru membersihkan luka Dika dengan obat merah.,b7ce42470be71602c6974415890d04af999b298b00884827c2b9cbf163879af0
62,cerita_62.txt,20,Guru menempelkan plester pada luka lutut.,b7ce42470be71602c6974415890d04af999b298b00884827c2b9cbf163879af0
62,cerita_62.txt,21,Dika berhenti menangis setelah diobati.,b7ce42470be71602c6974415890d04af999b298b00884827c2b9cbf163879af0
62,cerita_62.txt,22,Guru memuji tindakan Edo yang cepat.,b7ce42470be71602c6974415890d04af999b298b00884827c2b9cbf163879af0
62,cerita_62.txt,23,Edo merasa senang bisa membantu teman.,b7ce42470be71602c6974415890d04af999b298b00884827c2b9cbf163879af0
62,cerita_62.txt,24,Mereka duduk beristirahat di kursi panjang.,b7ce42470be71602c6974415890d04af999b298b00884827c2b9cbf163879af0
62,cerita_62.txt,25,Bel masuk kelas kembali berbunyi.,b7ce42470be71602c6974415890d04af999b298b00884827c2b9cbf163879af0
63,cerita_63.txt,1,Ibu bangun pagi menyiapkan sarapan.,f0c05931154ee371e96c4f18d39c45800ad71094afd01bcdd52543a3777732d1
63,cerita_63.txt,2,Ibu juga membuatkan bekal untuk Sinta.,f0c05931154ee371e96c4f18d39c45800ad71094afd01bcdd52543a3777732d1
63,cerita_63.txt,3,Bekal Sinta diletakkan di kotak kuning.,f0c05931154ee371e96c4f18d39c45800ad71094afd01bcdd52543a3777732d1
63,cerita_63.txt,4,Ibu memasukkan nasi goreng ayam ke dalam kotak.,f0c05931154ee371e96c4f18d39c45800ad71094afd01bcdd52543a3777732d1
63,cerita_63.txt,5,Ibu menambahkan telur dadar dan sayur buncis.,f0c05931154ee371e96c4f18d39c45800ad71094afd01bcdd52543a3777732d1
63,cerita_63.txt,6,Ibu menutup kotak bekal tersebut rapat.,f0c05931154ee371e96c4f18d39c45800ad71094afd01bcdd52543a3777732d1
63,cerita_63.txt,7,Sinta memasukkan kotak bekal ke tas ransel.,f0c05931154ee371e96c4f18d39c45800ad71094afd01bcdd52543a3777732d1
63,cerita_63.txt,8,Sinta berangkat ke sekolah berjalan kaki.,f0c05931154ee371e96c4f18d39c45800ad71094afd01bcdd52543a3777732d1
63,cerita_63.txt,9,Sinta belajar di kelas dengan sungguh-sungguh.,f0c05931154ee371e96c4f18d39c45800ad71094afd01bcdd52543a3777732d1
63,cerita_63.txt,10,Waktu istirahat siang telah tiba.,f0c05931154ee371e96c4f18d39c45800ad71094afd01bcdd52543a3777732d1
63,cerita_63.txt,11,Sinta mencuci tangan di wastafel sekolah.,f0c05931154ee371e96c4f18d39c45800ad71094afd01bcdd52543a3777732d1
63,cerita_63.txt,12,Sinta mengambil kotak kuning dari tas ransel.,f0c05931154ee371e96c4f18d39c45800ad71094afd01bcdd52543a3777732d1
63,cerita_63.txt,13,Sinta duduk di bangku taman sekolah.,f0c05931154ee371e96c4f18d39c45800ad71094afd01bcdd52543a3777732d1
63,cerita_63.txt,14,Sari teman sebangku Sinta ikut duduk.,f0c05931154ee371e96c4f18d39c45800ad71094afd01bcdd52543a3777732d1
63,cerita_63.txt,15,Sinta membuka tutup kotak bekalnya.,f0c05931154ee371e96c4f18d39c45800ad71094afd01bcdd52543a3777732d1
63,cerita_63.txt,16,Aroma nasi goreng ayam sangat wangi.,f0c05931154ee371e96c4f18d39c45800ad71094afd01bcdd52543a3777732d1
63,cerita_63.txt,17,Sari membawa bekal roti lapis keju.,f0c05931154ee371e96c4f18d39c45800ad71094afd01bcdd52543a3777732d1
63,cerita_63.txt,18,Sinta menawarkan nasi goreng kepada Sari.,f0c05931154ee371e96c4f18d39c45800ad71094afd01bcdd52543a3777732d1
63,cerita_63.txt,19,Sari memberikan separuh roti lapis kepada Sinta.,f0c05931154ee371e96c4f18d39c45800ad71094afd01bcdd52543a3777732d1
63,cerita_63.txt,20,Mereka saling bertukar makanan ringan.,f0c05931154ee371e96c4f18d39c45800ad71094afd01bcdd52543a3777732d1
63,cerita_63.txt,21,Sinta memakan roti lapis keju lezat.,f0c05931154ee371e96c4f18d39c45800ad71094afd01bcdd52543a3777732d1
63,cerita_63.txt,22,Sari memuji nasi goreng buatan ibu Sinta.,f0c05931154ee371e96c4f18d39c45800ad71094afd01bcdd52543a3777732d1
63,cerita_63.txt,23,Mereka makan siang dengan sangat rukun.,f0c05931154ee371e96c4f18d39c45800ad71094afd01bcdd52543a3777732d1
63,cerita_63.txt,24,Kotak bekal Sinta sudah kosong bersih.,f0c05931154ee371e96c4f18d39c45800ad71094afd01bcdd52543a3777732d1
63,cerita_63.txt,25,Sinta menutup kembali kotak bekalnya.,f0c05931154ee371e96c4f18d39c45800ad71094afd01bcdd52543a3777732d1
64,cerita_64.txt,1,Kamar Dito terlihat sangat berantakan.,23f335fd8491ae40657ce4a4756bc64091c724cfb1f9450f1e15006e29843a75
64,cerita_64.txt,2,Mobil-mobilan berserakan di atas lantai.,23f335fd8491ae40657ce4a4756bc64091c724cfb1f9450f1e15006e29843a75
64,cerita_64.txt,3,Balok susun berserakan di dekat kasur.,23f335fd8491ae40657ce4a4756bc64091c724cfb1f9450f1e15006e29843a75
64,cerita_64.txt,4,Ibu meminta Dito merapikan mainan tersebut.,23f335fd8491ae40657ce4a4756bc64091c724cfb1f9450f1e15006e29843a75
64,cerita_64.txt,5,Dito mengambil keranjang plastik besar.,23f335fd8491ae40657ce4a4756bc64091c724cfb1f9450f1e15006e29843a75
64,cerita_64.txt,6,Dito memungut mobil-mobilan satu per satu.,23f335fd8491ae40657ce4a4756bc64091c724cfb1f9450f1e15006e29843a75
64,cerita_64.txt,7,Dito memasukkan mobil-mobilan ke keranjang.,23f335fd8491ae40657ce4a4756bc64091c724cfb1f9450f1e15006e29843a75
64,cerita_64.txt,8,Dito merangkak mengambil balok susun.,23f335fd8491ae40657ce4a4756bc64091c724cfb1f9450f1e15006e29843a75
64,cerita_64.txt,9,Dito memisahkan balok susun berwarna merah.,23f335fd8491ae40657ce4a4756bc64091c724cfb1f9450f1e15006e29843a75
64,cerita_64.txt,10,Dito menaruh balok susun ke kotak kayu.,23f335fd8491ae40657ce4a4756bc64091c724cfb1f9450f1e15006e29843a75
64,cerita_64.txt,11,Dito menemukan robot mainan di bawah kolong tempat tidur.,23f335fd8491ae40657ce4a4756bc64091c724cfb1f9450f1e15006e29843a75
64,cerita_64.txt,12,Dito menarik robot itu dengan sapu.,23f335fd8491ae40657ce4a4756bc64091c724cfb1f9450f1e15006e29843a75
64,cerita_64.txt,13,Robot Dito diletakkan di atas meja belajar.,23f335fd8491ae40657ce4a4756bc64091c724cfb1f9450f1e15006e29843a75
64,cerita_64.txt,14,Dito merapikan buku cerita di rak.,23f335fd8491ae40657ce4a4756bc64091c724cfb1f9450f1e15006e29843a75
64,cerita_64.txt,15,Buku cerita disusun berderet rapi.,23f335fd8491ae40657ce4a4756bc64091c724cfb1f9450f1e15006e29843a75
64,cerita_64.txt,16,Kamar Dito mulai terlihat luas kembali.,23f335fd8491ae40657ce4a4756bc64091c724cfb1f9450f1e15006e29843a75
64,cerita_64.txt,17,Dito menyapu debu di lantai kamar.,23f335fd8491ae40657ce4a4756bc64091c724cfb1f9450f1e15006e29843a75
64,cerita_64.txt,18,Debu dikumpulkan di pojok ruangan.,23f335fd8491ae40657ce4a4756bc64091c724cfb1f9450f1e15006e29843a75
64,cerita_64.txt,19,Dito membuang debu ke tempat sampah luar.,23f335fd8491ae40657ce4a4756bc64091c724cfb1f9450f1e15006e29843a75
64,cerita_64.txt,20,Dito mengembalikan keranjang mainan ke sudut kamar.,23f335fd8491ae40657ce4a4756bc64091c724cfb1f9450f1e15006e29843a75
64,cerita_64.txt,21,Ibu masuk melihat kamar Dito.,23f335fd8491ae40657ce4a4756bc64091c724cfb1f9450f1e15006e29843a75
64,cerita_64.txt,22,Ibu tersenyum melihat kamar yang bersih.,23f335fd8491ae40657ce4a4756bc64091c724cfb1f9450f1e15006e29843a75
64,cerita_64.txt,23,Ibu memberi Dito hadiah permen cokelat.,23f335fd8491ae40657ce4a4756bc64091c724cfb1f9450f1e15006e29843a75
64,cerita_64.txt,24,Dito merasa senang kamarnya menjadi rapi.,23f335fd8491ae40657ce4a4756bc64091c724cfb1f9450f1e15006e29843a75
64,cerita_64.txt,25,Dito berjanji akan selalu merapikan mainan.,23f335fd8491ae40657ce4a4756bc64091c724cfb1f9450f1e15006e29843a75
65,cerita_65.txt,1,Tika memiliki sebuah boneka beruang.,bc200ac7f93b6e736682ab8271bac35278eb3d9cdc83bfc28c79eaa9911d1848
65,cerita_65.txt,2,Boneka beruang itu bernama Ciko.,bc200ac7f93b6e736682ab8271bac35278eb3d9cdc83bfc28c79eaa9911d1848
65,cerita_65.txt,3,Ciko memiliki bulu berwarna cokelat muda.,bc200ac7f93b6e736682ab8271bac35278eb3d9cdc83bfc28c79eaa9911d1848
65,cerita_65.txt,4,Tika memeluk Ciko saat tidur malam.,bc200ac7f93b6e736682ab8271bac35278eb3d9cdc83bfc28c79eaa9911d1848
65,cerita_65.txt,5,Siang ini Tika bermain dokter-dokteran.,bc200ac7f93b6e736682ab8271bac35278eb3d9cdc83bfc28c79eaa9911d1848
65,cerita_65.txt,6,Tika menjadikan Ciko sebagai pasien rumah sakit.,bc200ac7f93b6e736682ab8271bac35278eb3d9cdc83bfc28c79eaa9911d1848
65,cerita_65.txt,7,Tika memakai jas dokter mainan putih.,bc200ac7f93b6e736682ab8271bac35278eb3d9cdc83bfc28c79eaa9911d1848
65,cerita_65.txt,8,Tika membaringkan Ciko di atas tempat tidur.,bc200ac7f93b6e736682ab8271bac35278eb3d9cdc83bfc28c79eaa9911d1848
65,cerita_65.txt,9,Tika mengambil stetoskop mainan dari plastik.,bc200ac7f93b6e736682ab8271bac35278eb3d9cdc83bfc28c79eaa9911d1848
65,cerita_65.txt,10,Tika memeriksa detak jantung boneka beruang.,bc200ac7f93b6e736682ab8271bac35278eb3d9cdc83bfc28c79eaa9911d1848
65,cerita_65.txt,11,Tika menggelengkan kepala pura-pura cemas.,bc200ac7f93b6e736682ab8271bac35278eb3d9cdc83bfc28c79eaa9911d1848
65,cerita_65.txt,12,Tika mengambil termometer mainan hijau.,bc200ac7f93b6e736682ab8271bac35278eb3d9cdc83bfc28c79eaa9911d1848
65,cerita_65.txt,13,Tika memeriksa suhu tubuh Ciko.,bc200ac7f93b6e736682ab8271bac35278eb3d9cdc83bfc28c79eaa9911d1848
65,cerita_65.txt,14,Tika berkata Ciko sedang demam tinggi.,bc200ac7f93b6e736682ab8271bac35278eb3d9cdc83bfc28c79eaa9911d1848
65,cerita_65.txt,15,Tika mengambil botol obat sirup mainan.,bc200ac7f93b6e736682ab8271bac35278eb3d9cdc83bfc28c79eaa9911d1848
65,cerita_65.txt,16,Tika menyuapkan obat menggunakan sendok plastik.,bc200ac7f93b6e736682ab8271bac35278eb3d9cdc83bfc28c79eaa9911d1848
65,cerita_65.txt,17,Tika mengusap dahi Ciko dengan sayang.,bc200ac7f93b6e736682ab8271bac35278eb3d9cdc83bfc28c79eaa9911d1848
65,cerita_65.txt,18,Tika menyelimuti Ciko agar tetap hangat.,bc200ac7f93b6e736682ab8271bac35278eb3d9cdc83bfc28c79eaa9911d1848
65,cerita_65.txt,19,Tika meminta Ciko beristirahat tenang.,bc200ac7f93b6e736682ab8271bac35278eb3d9cdc83bfc28c79eaa9911d1848
65,cerita_65.txt,20,Permainan dokter-dokteran selesai dengan menyenangkan.,bc200ac7f93b6e736682ab8271bac35278eb3d9cdc83bfc28c79eaa9911d1848
65,cerita_65.txt,21,Tika mendudukkan Ciko di kursi rias.,bc200ac7f93b6e736682ab8271bac35278eb3d9cdc83bfc28c79eaa9911d1848
65,cerita_65.txt,22,Tika menyisir bulu boneka beruang tersebut.,bc200ac7f93b6e736682ab8271bac35278eb3d9cdc83bfc28c79eaa9911d1848
65,cerita_65.txt,23,Ciko terlihat rapi dan bersih.,bc200ac7f93b6e736682ab8271bac35278eb3d9cdc83bfc28c79eaa9911d1848
65,cerita_65.txt,24,Tika membawa Ciko ke ruang tamu.,bc200ac7f93b6e736682ab8271bac35278eb3d9cdc83bfc28c79eaa9911d1848
65,cerita_65.txt,25,Tika menonton televisi sambil memangku Ciko.,bc200ac7f93b6e736682ab8271bac35278eb3d9cdc83bfc28c79eaa9911d1848
66,cerita_66.txt,1,Nenek membawakan sekeranjang buah apel.,ffc190d38a5c7982d1d28475956b18b39ce10bf3b2156ab8455fad797931c381
66,cerita_66.txt,2,Buah apel itu terlihat segar merona.,ffc190d38a5c7982d1d28475956b18b39ce10bf3b2156ab8455fad797931c381
66,cerita_66.txt,3,Rini ingin membuat jus apel dingin.,ffc190d38a5c7982d1d28475956b18b39ce10bf3b2156ab8455fad797931c381
66,cerita_66.txt,4,Rini membawa tiga buah apel ke wastafel.,ffc190d38a5c7982d1d28475956b18b39ce10bf3b2156ab8455fad797931c381
66,cerita_66.txt,5,Rini mencuci buah apel di bawah air mengalir.,ffc190d38a5c7982d1d28475956b18b39ce10bf3b2156ab8455fad797931c381
66,cerita_66.txt,6,Rini mengelap apel menggunakan kain bersih.,ffc190d38a5c7982d1d28475956b18b39ce10bf3b2156ab8455fad797931c381
66,cerita_66.txt,7,Rini mengambil pisau di laci dapur.,ffc190d38a5c7982d1d28475956b18b39ce10bf3b2156ab8455fad797931c381
66,cerita_66.txt,8,Rini memotong apel menjadi dua bagian.,ffc190d38a5c7982d1d28475956b18b39ce10bf3b2156ab8455fad797931c381
66,cerita_66.txt,9,Rini membuang biji apel ke tempat sampah.,ffc190d38a5c7982d1d28475956b18b39ce10bf3b2156ab8455fad797931c381
66,cerita_66.txt,10,Rini memotong apel menjadi dadu kecil.,ffc190d38a5c7982d1d28475956b18b39ce10bf3b2156ab8455fad797931c381
66,cerita_66.txt,11,Rini menyiapkan mesin blender di atas meja.,ffc190d38a5c7982d1d28475956b18b39ce10bf3b2156ab8455fad797931c381
66,cerita_66.txt,12,Rini memasukkan potongan apel ke dalam blender.,ffc190d38a5c7982d1d28475956b18b39ce10bf3b2156ab8455fad797931c381
66,cerita_66.txt,13,Rini menambahkan dua sendok gula pasir.,ffc190d38a5c7982d1d28475956b18b39ce10bf3b2156ab8455fad797931c381
66,cerita_66.txt,14,Rini menuangkan air putih matang setengah gelas.,ffc190d38a5c7982d1d28475956b18b39ce10bf3b2156ab8455fad797931c381
66,cerita_66.txt,15,Rini menambahkan es batu kotak.,ffc190d38a5c7982d1d28475956b18b39ce10bf3b2156ab8455fad797931c381
66,cerita_66.txt,16,Rini menutup rapat bagian atas blender.,ffc190d38a5c7982d1d28475956b18b39ce10bf3b2156ab8455fad797931c381
66,cerita_66.txt,17,Rini menekan tombol mesin blender dengan telunjuk.,ffc190d38a5c7982d1d28475956b18b39ce10bf3b2156ab8455fad797931c381
66,cerita_66.txt,18,Mesin blender berputar sangat kencang.,ffc190d38a5c7982d1d28475956b18b39ce10bf3b2156ab8455fad797931c381
66,cerita_66.txt,19,Potongan apel hancur menjadi cairan kental.,ffc190d38a5c7982d1d28475956b18b39ce10bf3b2156ab8455fad797931c381
66,cerita_66.txt,20,Rini mematikan mesin blender tersebut.,ffc190d38a5c7982d1d28475956b18b39ce10bf3b2156ab8455fad797931c381
66,cerita_66.txt,21,Rini menyiapkan dua gelas kaca bening.,ffc190d38a5c7982d1d28475956b18b39ce10bf3b2156ab8455fad797931c381
66,cerita_66.txt,22,Rini menuangkan jus apel ke dalam gelas.,ffc190d38a5c7982d1d28475956b18b39ce10bf3b2156ab8455fad797931c381
66,cerita_66.txt,23,Rini menyajikan jus apel untuk ibu.,ffc190d38a5c7982d1d28475956b18b39ce10bf3b2156ab8455fad797931c381
66,cerita_66.txt,24,Ibu meminum jus apel buatan Rini.,ffc190d38a5c7982d1d28475956b18b39ce10bf3b2156ab8455fad797931c381
66,cerita_66.txt,25,Rasa jus apel itu sangat menyegarkan.,ffc190d38a5c7982d1d28475956b18b39ce10bf3b2156ab8455fad797931c381
67,cerita_67.txt,1,Zaman dahulu gajah memiliki hidung sangat pendek.,9de057a4a47a63a90d5ce019f97ce90799be61824ee72150b7d1650fdccea556
67,cerita_67.txt,2,Hidung itu sebesar hidung babi hutan.,9de057a4a47a63a90d5ce019f97ce90799be61824ee72150b7d1650fdccea556
67,cerita_67.txt,3,Gajah muda berjalan di pinggir sungai jernih.,9de057a4a47a63a90d5ce019f97ce90799be61824ee72150b7d1650fdccea556
67,cerita_67.txt,4,Gajah muda merasa sangat kehausan.,9de057a4a47a63a90d5ce019f97ce90799be61824ee72150b7d1650fdccea556
67,cerita_67.txt,5,Gajah muda menundukkan kepala ke permukaan air.,9de057a4a47a63a90d5ce019f97ce90799be61824ee72150b7d1650fdccea556
67,cerita_67.txt,6,Tiba-tiba seekor buaya muncul dari dalam air.,9de057a4a47a63a90d5ce019f97ce90799be61824ee72150b7d1650fdccea556
67,cerita_67.txt,7,Buaya itu menggigit hidung gajah muda.,9de057a4a47a63a90d5ce019f97ce90799be61824ee72150b7d1650fdccea556
67,cerita_67.txt,8,Gajah muda merasa sangat terkejut.,9de057a4a47a63a90d5ce019f97ce90799be61824ee72150b7d1650fdccea556
67,cerita_67.txt,9,Gajah muda menarik tubuhnya ke arah belakang.,9de057a4a47a63a90d5ce019f97ce90799be61824ee72150b7d1650fdccea556
67,cerita_67.txt,10,Buaya menarik hidung gajah ke arah depan.,9de057a4a47a63a90d5ce019f97ce90799be61824ee72150b7d1650fdccea556
67,cerita_67.txt,11,Mereka saling tarik menarik dengan sangat kuat.,9de057a4a47a63a90d5ce019f97ce90799be61824ee72150b7d1650fdccea556
67,cerita_67.txt,12,Hidung gajah muda menjadi semakin panjang melar.,9de057a4a47a63a90d5ce019f97ce90799be61824ee72150b7d1650fdccea556
67,cerita_67.txt,13,Gajah muda mendorong buaya menggunakan kaki depan.,9de057a4a47a63a90d5ce019f97ce90799be61824ee72150b7d1650fdccea556
67,cerita_67.txt,14,Gigitan buaya akhirnya terlepas dari hidung gajah.,9de057a4a47a63a90d5ce019f97ce90799be61824ee72150b7d1650fdccea556
67,cerita_67.txt,15,Gajah muda lari menjauhi sungai mengerikan itu.,9de057a4a47a63a90d5ce019f97ce90799be61824ee72150b7d1650fdccea556
67,cerita_67.txt,16,Gajah muda melihat hidungnya di genangan air.,9de057a4a47a63a90d5ce019f97ce90799be61824ee72150b7d1650fdccea556
67,cerita_67.txt,17,Hidung itu berubah menjadi belalai yang panjang.,9de057a4a47a63a90d5ce019f97ce90799be61824ee72150b7d1650fdccea556
67,cerita_67.txt,18,Gajah muda mencoba mengambil buah di pohon.,9de057a4a47a63a90d5ce019f97ce90799be61824ee72150b7d1650fdccea556
67,cerita_67.txt,19,Belalai itu bisa memetik buah dengan mudah.,9de057a4a47a63a90d5ce019f97ce90799be61824ee72150b7d1650fdccea556
67,cerita_67.txt,20,Gajah muda juga bisa menyedot air sungai.,9de057a4a47a63a90d5ce019f97ce90799be61824ee72150b7d1650fdccea556
67,cerita_67.txt,21,Belalai menyemprotkan air ke punggung gajah sendiri.,9de057a4a47a63a90d5ce019f97ce90799be61824ee72150b7d1650fdccea556
67,cerita_67.txt,22,Gajah muda merasa sangat senang sekarang.,9de057a4a47a63a90d5ce019f97ce90799be61824ee72150b7d1650fdccea556
67,cerita_67.txt,23,Belalai panjang sangat berguna bagi kelangsungan gajah.,9de057a4a47a63a90d5ce019f97ce90799be61824ee72150b7d1650fdccea556
67,cerita_67.txt,24,Gajah muda menceritakan hal itu kepada teman-temannya.,9de057a4a47a63a90d5ce019f97ce90799be61824ee72150b7d1650fdccea556
67,cerita_67.txt,25,Sejak saat itu semua gajah memiliki belalai.,9de057a4a47a63a90d5ce019f97ce90799be61824ee72150b7d1650fdccea556
68,cerita_68.txt,1,Dahulu kala jerapah bertubuh mirip seperti kuda.,d16cac3411655b77f7fc544395fe48f7ce8596fa38e31b74f63521bec63603ca
68,cerita_68.txt,2,Leher jerapah juga berukuran sangat pendek.,d16cac3411655b77f7fc544395fe48f7ce8596fa38e31b74f63521bec63603ca
68,cerita_68.txt,3,Jerapah memakan rumput di tanah lapang luas.,d16cac3411655b77f7fc544395fe48f7ce8596fa38e31b74f63521bec63603ca
68,cerita_68.txt,4,Musim kemarau panjang melanda hutan lebat itu.,d16cac3411655b77f7fc544395fe48f7ce8596fa38e31b74f63521bec63603ca
68,cerita_68.txt,5,Rumput di tanah menjadi kering dan mati.,d16cac3411655b77f7fc544395fe48f7ce8596fa38e31b74f63521bec63603ca
68,cerita_68.txt,6,Semua hewan kesulitan mencari rumput hijau segar.,d16cac3411655b77f7fc544395fe48f7ce8596fa38e31b74f63521bec63603ca
68,cerita_68.txt,7,Jerapah melihat daun hijau di atas pohon.,d16cac3411655b77f7fc544395fe48f7ce8596fa38e31b74f63521bec63603ca
68,cerita_68.txt,8,Pohon itu berdiri menjulang sangat tinggi.,d16cac3411655b77f7fc544395fe48f7ce8596fa38e31b74f63521bec63603ca
68,cerita_68.txt,9,Jerapah berusaha menjulurkan lehernya ke arah atas.,d16cac3411655b77f7fc544395fe48f7ce8596fa38e31b74f63521bec63603ca
68,cerita_68.txt,10,Jerapah berjinjit menggunakan kedua kaki depannya.,d16cac3411655b77f7fc544395fe48f7ce8596fa38e31b74f63521bec63603ca
68,cerita_68.txt,11,Jerapah berhasil memakan daun paling bawah pohon.,d16cac3411655b77f7fc544395fe48f7ce8596fa38e31b74f63521bec63603ca
68,cerita_68.txt,12,Setiap hari jerapah melakukan rutinitas tersebut.,d16cac3411655b77f7fc544395fe48f7ce8596fa38e31b74f63521bec63603ca
68,cerita_68.txt,13,Jerapah ingin memakan daun di dahan atas.,d16cac3411655b77f7fc544395fe48f7ce8596fa38e31b74f63521bec63603ca
68,cerita_68.txt,14,Jerapah meregangkan leher dengan sekuat tenaga besarnya.,d16cac3411655b77f7fc544395fe48f7ce8596fa38e31b74f63521bec63603ca
68,cerita_68.txt,15,Perlahan leher jerapah berubah menjadi semakin panjang.,d16cac3411655b77f7fc544395fe48f7ce8596fa38e31b74f63521bec63603ca
68,cerita_68.txt,16,Kaki depan jerapah juga ikut memanjang tinggi.,d16cac3411655b77f7fc544395fe48f7ce8596fa38e31b74f63521bec63603ca
68,cerita_68.txt,17,Jerapah bisa mencapai pucuk pohon paling tinggi.,d16cac3411655b77f7fc544395fe48f7ce8596fa38e31b74f63521bec63603ca
68,cerita_68.txt,18,Daun di pucuk pohon terasa sangat segar.,d16cac3411655b77f7fc544395fe48f7ce8596fa38e31b74f63521bec63603ca
68,cerita_68.txt,19,Jerapah makan dengan sangat kenyang setiap hari.,d16cac3411655b77f7fc544395fe48f7ce8596fa38e31b74f63521bec63603ca
68,cerita_68.txt,20,Hewan lain melihat perubahan bentuk fisik jerapah.,d16cac3411655b77f7fc544395fe48f7ce8596fa38e31b74f63521bec63603ca
68,cerita_68.txt,21,Mereka merasa sangat takjub melihatnya.,d16cac3411655b77f7fc544395fe48f7ce8596fa38e31b74f63521bec63603ca
68,cerita_68.txt,22,Jerapah tidak pernah kekurangan makanan hijau lagi.,d16cac3411655b77f7fc544395fe48f7ce8596fa38e31b74f63521bec63603ca
68,cerita_68.txt,23,Musim kemarau bukan menjadi masalah bagi jerapah.,d16cac3411655b77f7fc544395fe48f7ce8596fa38e31b74f63521bec63603ca
68,cerita_68.txt,24,Leher panjang menjadi ciri khas hewan jerapah.,d16cac3411655b77f7fc544395fe48f7ce8596fa38e31b74f63521bec63603ca
68,cerita_68.txt,25,Semua jerapah lahir dengan leher panjang sekarang.,d16cac3411655b77f7fc544395fe48f7ce8596fa38e31b74f63521bec63603ca
69,cerita_69.txt,1,Beruang hitam berjalan menyusuri hutan pinus sepi.,192189ca44ba6763b9fa6489365bf60ceab99f8bedccba278a896caf415a3690
69,cerita_69.txt,2,Beruang hitam merasa sangat lapar hari ini.,192189ca44ba6763b9fa6489365bf60ceab99f8bedccba278a896caf415a3690
69,cerita_69.txt,3,Beruang mencari buah beri di balik semak.,192189ca44ba6763b9fa6489365bf60ceab99f8bedccba278a896caf415a3690
69,cerita_69.txt,4,Semak-semak itu tidak memiliki buah beri matang.,192189ca44ba6763b9fa6489365bf60ceab99f8bedccba278a896caf415a3690
69,cerita_69.txt,5,Beruang hitam mencium aroma manis yang kuat.,192189ca44ba6763b9fa6489365bf60ceab99f8bedccba278a896caf415a3690
69,cerita_69.txt,6,Beruang mengikuti arah aroma sedap tersebut segera.,192189ca44ba6763b9fa6489365bf60ceab99f8bedccba278a896caf415a3690
69,cerita_69.txt,7,Aroma itu berasal dari sebuah pohon besar.,192189ca44ba6763b9fa6489365bf60ceab99f8bedccba278a896caf415a3690
69,cerita_69.txt,8,Di dahan pohon terdapat sarang lebah madu.,192189ca44ba6763b9fa6489365bf60ceab99f8bedccba278a896caf415a3690
69,cerita_69.txt,9,Banyak lebah terbang menjaga sekitar sarang itu.,192189ca44ba6763b9fa6489365bf60ceab99f8bedccba278a896caf415a3690
69,cerita_69.txt,10,Beruang hitam memanjat batang pohon besar perlahan.,192189ca44ba6763b9fa6489365bf60ceab99f8bedccba278a896caf415a3690
69,cerita_69.txt,11,Beruang mendekati sarang lebah itu dengan hati-hati.,192189ca44ba6763b9fa6489365bf60ceab99f8bedccba278a896caf415a3690
69,cerita_69.txt,12,Beruang memasukkan cakar ke lubang dalam sarang.,192189ca44ba6763b9fa6489365bf60ceab99f8bedccba278a896caf415a3690
69,cerita_69.txt,13,Beruang mengambil segenggam cairan lengket berwarna kuning.,192189ca44ba6763b9fa6489365bf60ceab99f8bedccba278a896caf415a3690
69,cerita_69.txt,14,Cairan itu adalah madu lebah segar manis.,192189ca44ba6763b9fa6489365bf60ceab99f8bedccba278a896caf415a3690
69,cerita_69.txt,15,Beruang memasukkan madu ke dalam mulut besarnya.,192189ca44ba6763b9fa6489365bf60ceab99f8bedccba278a896caf415a3690
69,cerita_69.txt,16,Rasa madu itu terasa luar biasa lezat.,192189ca44ba6763b9fa6489365bf60ceab99f8bedccba278a896caf415a3690
69,cerita_69.txt,17,Beruang memejamkan mata menikmati rasa madu itu.,192189ca44ba6763b9fa6489365bf60ceab99f8bedccba278a896caf415a3690
69,cerita_69.txt,18,Lebah-lebah merasa marah kepada beruang hitam pencuri.,192189ca44ba6763b9fa6489365bf60ceab99f8bedccba278a896caf415a3690
69,cerita_69.txt,19,Lebah menyengat ujung hidung beruang hitam bertubi-tubi.,192189ca44ba6763b9fa6489365bf60ceab99f8bedccba278a896caf415a3690
69,cerita_69.txt,20,Beruang tidak peduli dengan rasa sengatan lebah.,192189ca44ba6763b9fa6489365bf60ceab99f8bedccba278a896caf415a3690
69,cerita_69.txt,21,Beruang terus memakan madu dengan sangat lahap.,192189ca44ba6763b9fa6489365bf60ceab99f8bedccba278a896caf415a3690
69,cerita_69.txt,22,Bulu tebal beruang menahan sengatan lebah lainnya.,192189ca44ba6763b9fa6489365bf60ceab99f8bedccba278a896caf415a3690
69,cerita_69.txt,23,Perut beruang hitam sudah terasa sangat penuh.,192189ca44ba6763b9fa6489365bf60ceab99f8bedccba278a896caf415a3690
69,cerita_69.txt,24,Beruang turun dari atas pohon beringin tua.,192189ca44ba6763b9fa6489365bf60ceab99f8bedccba278a896caf415a3690
69,cerita_69.txt,25,Sejak hari itu beruang sangat menyukai madu.,192189ca44ba6763b9fa6489365bf60ceab99f8bedccba278a896caf415a3690
70,cerita_70.txt,1,Ribuan tahun lalu unta tidak memiliki punuk.,64b1c469ca166388492133fb57b6e32711d97933dfb61f3d88e8828c36280fbb
70,cerita_70.txt,2,Punggung unta rata seperti punggung seekor kuda.,64b1c469ca166388492133fb57b6e32711d97933dfb61f3d88e8828c36280fbb
70,cerita_70.txt,3,Unta hidup di gurun pasir yang panas.,64b1c469ca166388492133fb57b6e32711d97933dfb61f3d88e8828c36280fbb
70,cerita_70.txt,4,Hewan lain bekerja keras membangun tempat tinggal.,64b1c469ca166388492133fb57b6e32711d97933dfb61f3d88e8828c36280fbb
70,cerita_70.txt,5,Kuda mengangkut batu besar setiap siang hari.,64b1c469ca166388492133fb57b6e32711d97933dfb61f3d88e8828c36280fbb
70,cerita_70.txt,6,Keledai membawa tumpukan kayu bakar dari hutan.,64b1c469ca166388492133fb57b6e32711d97933dfb61f3d88e8828c36280fbb
70,cerita_70.txt,7,Unta hanya duduk bermalas-malasan di atas pasir.,64b1c469ca166388492133fb57b6e32711d97933dfb61f3d88e8828c36280fbb
70,cerita_70.txt,8,Unta menolak membantu pekerjaan berat hewan lain.,64b1c469ca166388492133fb57b6e32711d97933dfb61f3d88e8828c36280fbb
70,cerita_70.txt,9,Unta hanya memakan rumput gurun kering semalaman.,64b1c469ca166388492133fb57b6e32711d97933dfb61f3d88e8828c36280fbb
70,cerita_70.txt,10,Seekor jin gurun melihat sifat kemalasan unta.,64b1c469ca166388492133fb57b6e32711d97933dfb61f3d88e8828c36280fbb
70,cerita_70.txt,11,Jin gurun menghampiri unta yang sedang berbaring.,64b1c469ca166388492133fb57b6e32711d97933dfb61f3d88e8828c36280fbb
70,cerita_70.txt,12,Jin meminta unta bekerja membantu kelompok kuda.,64b1c469ca166388492133fb57b6e32711d97933dfb61f3d88e8828c36280fbb
70,cerita_70.txt,13,Unta menolak permintaan jin gurun tersebut angkuh.,64b1c469ca166388492133fb57b6e32711d97933dfb61f3d88e8828c36280fbb
70,cerita_70.txt,14,Unta beralasan dirinya sangat lelah dan mengantuk.,64b1c469ca166388492133fb57b6e32711d97933dfb61f3d88e8828c36280fbb
70,cerita_70.txt,15,Jin gurun merasa sangat marah kepada unta.,64b1c469ca166388492133fb57b6e32711d97933dfb61f3d88e8828c36280fbb
70,cerita_70.txt,16,Jin membaca sebuah mantra ajaib penunduk hewan.,64b1c469ca166388492133fb57b6e32711d97933dfb61f3d88e8828c36280fbb
70,cerita_70.txt,17,Asap tebal tiba-tiba menyelimuti tubuh unta itu.,64b1c469ca166388492133fb57b6e32711d97933dfb61f3d88e8828c36280fbb
70,cerita_70.txt,18,Punggung unta membengkak besar ke arah atas.,64b1c469ca166388492133fb57b6e32711d97933dfb61f3d88e8828c36280fbb
70,cerita_70.txt,19,Sebuah benjolan besar muncul di punggung unta.,64b1c469ca166388492133fb57b6e32711d97933dfb61f3d88e8828c36280fbb
70,cerita_70.txt,20,Benjolan itu kemudian disebut sebagai punuk unta.,64b1c469ca166388492133fb57b6e32711d97933dfb61f3d88e8828c36280fbb
70,cerita_70.txt,21,Jin berkata punuk itu menyimpan lemak cadangan.,64b1c469ca166388492133fb57b6e32711d97933dfb61f3d88e8828c36280fbb
70,cerita_70.txt,22,Unta bisa bekerja berhari-hari tanpa makan minum.,64b1c469ca166388492133fb57b6e32711d97933dfb61f3d88e8828c36280fbb
70,cerita_70.txt,23,Punuk memberi energi tambahan bagi unta pemalas.,64b1c469ca166388492133fb57b6e32711d97933dfb61f3d88e8828c36280fbb
70,cerita_70.txt,24,Unta akhirnya menurut untuk bekerja keras mengangkat beban.,64b1c469ca166388492133fb57b6e32711d97933dfb61f3d88e8828c36280fbb
70,cerita_70.txt,25,Semua unta sekarang memiliki punuk di punggungnya.,64b1c469ca166388492133fb57b6e32711d97933dfb61f3d88e8828c36280fbb
71,cerita_71.txt,1,Bangau putih mencari ikan di genangan rawa.,01df9d722774182fc237c1e178a8a409ec793e706fa605ad1ddd99a76428fc3f
71,cerita_71.txt,2,Rawa itu memiliki air yang sangat dingin.,01df9d722774182fc237c1e178a8a409ec793e706fa605ad1ddd99a76428fc3f
71,cerita_71.txt,3,Bangau berdiri menggunakan kedua kakinya di air.,01df9d722774182fc237c1e178a8a409ec793e706fa605ad1ddd99a76428fc3f
71,cerita_71.txt,4,Kaki panjang bangau terendam di dalam lumpur.,01df9d722774182fc237c1e178a8a409ec793e706fa605ad1ddd99a76428fc3f
71,cerita_71.txt,5,Ikan-ikan kecil berenang di sekitar kaki bangau.,01df9d722774182fc237c1e178a8a409ec793e706fa605ad1ddd99a76428fc3f
71,cerita_71.txt,6,Bangau menunggu ikan dengan sangat sabar sekali.,01df9d722774182fc237c1e178a8a409ec793e706fa605ad1ddd99a76428fc3f
71,cerita_71.txt,7,Angin kencang bertiup melintasi rawa pada sore.,01df9d722774182fc237c1e178a8a409ec793e706fa605ad1ddd99a76428fc3f
71,cerita_71.txt,8,Air dingin membuat kaki bangau membeku kaku.,01df9d722774182fc237c1e178a8a409ec793e706fa605ad1ddd99a76428fc3f
71,cerita_71.txt,9,Bangau merasa sangat kedinginan di tengah rawa.,01df9d722774182fc237c1e178a8a409ec793e706fa605ad1ddd99a76428fc3f
71,cerita_71.txt,10,Bangau mengangkat kaki kanannya ke arah atas.,01df9d722774182fc237c1e178a8a409ec793e706fa605ad1ddd99a76428fc3f
71,cerita_71.txt,11,Bangau menyembunyikan kaki kanan di balik sayapnya.,01df9d722774182fc237c1e178a8a409ec793e706fa605ad1ddd99a76428fc3f
71,cerita_71.txt,12,Sayap tebal menghangatkan kaki kanan burung bangau.,01df9d722774182fc237c1e178a8a409ec793e706fa605ad1ddd99a76428fc3f
71,cerita_71.txt,13,Bangau berdiri seimbang menggunakan satu kaki kiri.,01df9d722774182fc237c1e178a8a409ec793e706fa605ad1ddd99a76428fc3f
71,cerita_71.txt,14,Beberapa saat kemudian kaki kiri terasa dingin.,01df9d722774182fc237c1e178a8a409ec793e706fa605ad1ddd99a76428fc3f
71,cerita_71.txt,15,Bangau menurunkan kaki kanannya kembali ke air.,01df9d722774182fc237c1e178a8a409ec793e706fa605ad1ddd99a76428fc3f
71,cerita_71.txt,16,Bangau berganti mengangkat kaki kirinya ke atas.,01df9d722774182fc237c1e178a8a409ec793e706fa605ad1ddd99a76428fc3f
71,cerita_71.txt,17,Bangau menghangatkan kaki kiri di balik bulu.,01df9d722774182fc237c1e178a8a409ec793e706fa605ad1ddd99a76428fc3f
71,cerita_71.txt,18,Cara ini membuat bangau tidak merasa kedinginan.,01df9d722774182fc237c1e178a8a409ec793e706fa605ad1ddd99a76428fc3f
71,cerita_71.txt,19,Bangau tetap bisa mengawasi ikan di air.,01df9d722774182fc237c1e178a8a409ec793e706fa605ad1ddd99a76428fc3f
71,cerita_71.txt,20,Seekor ikan lele berenang mendekati kaki bangau.,01df9d722774182fc237c1e178a8a409ec793e706fa605ad1ddd99a76428fc3f
71,cerita_71.txt,21,Bangau mematuk ikan lele menggunakan paruh panjangnya.,01df9d722774182fc237c1e178a8a409ec793e706fa605ad1ddd99a76428fc3f
71,cerita_71.txt,22,Bangau menelan ikan itu dengan gerakan cepat.,01df9d722774182fc237c1e178a8a409ec793e706fa605ad1ddd99a76428fc3f
71,cerita_71.txt,23,Bangau menemukan cara terbaik mencari makan siang.,01df9d722774182fc237c1e178a8a409ec793e706fa605ad1ddd99a76428fc3f
71,cerita_71.txt,24,Burung bangau lain meniru cara berdiri tersebut.,01df9d722774182fc237c1e178a8a409ec793e706fa605ad1ddd99a76428fc3f
71,cerita_71.txt,25,Bangau sering terlihat berdiri dengan satu kaki.,01df9d722774182fc237c1e178a8a409ec793e706fa605ad1ddd99a76428fc3f
72,cerita_72.txt,1,Zebra dahulu memiliki bulu berwarna putih polos.,d39e66f8585dc15d373bd9cbddf4ed5d4e8ff525220118ff39c7206bade65c13
72,cerita_72.txt,2,Zebra bermain bersama babon di padang rumput.,d39e66f8585dc15d373bd9cbddf4ed5d4e8ff525220118ff39c7206bade65c13
72,cerita_72.txt,3,Cuaca hari itu bersinar sangat terik sekali.,d39e66f8585dc15d373bd9cbddf4ed5d4e8ff525220118ff39c7206bade65c13
72,cerita_72.txt,4,Zebra merasa kehausan setelah berlarian mengejar teman.,d39e66f8585dc15d373bd9cbddf4ed5d4e8ff525220118ff39c7206bade65c13
72,cerita_72.txt,5,Zebra melihat sebuah genangan kolam air kecil.,d39e66f8585dc15d373bd9cbddf4ed5d4e8ff525220118ff39c7206bade65c13
72,cerita_72.txt,6,Babon sedang minum di pinggir kolam itu.,d39e66f8585dc15d373bd9cbddf4ed5d4e8ff525220118ff39c7206bade65c13
72,cerita_72.txt,7,Zebra meminta izin untuk ikut minum air.,d39e66f8585dc15d373bd9cbddf4ed5d4e8ff525220118ff39c7206bade65c13
72,cerita_72.txt,8,Babon melarang zebra mendekati genangan kolam air.,d39e66f8585dc15d373bd9cbddf4ed5d4e8ff525220118ff39c7206bade65c13
72,cerita_72.txt,9,Babon mengklaim kolam itu sebagai miliknya sendiri.,d39e66f8585dc15d373bd9cbddf4ed5d4e8ff525220118ff39c7206bade65c13
72,cerita_72.txt,10,Zebra tetap melangkah maju menuju arah air.,d39e66f8585dc15d373bd9cbddf4ed5d4e8ff525220118ff39c7206bade65c13
72,cerita_72.txt,11,Babon marah lalu menyerang zebra putih itu.,d39e66f8585dc15d373bd9cbddf4ed5d4e8ff525220118ff39c7206bade65c13
72,cerita_72.txt,12,Mereka berkelahi di dekat api unggun pemburu.,d39e66f8585dc15d373bd9cbddf4ed5d4e8ff525220118ff39c7206bade65c13
72,cerita_72.txt,13,Kayu bakar di api unggun masih menyala.,d39e66f8585dc15d373bd9cbddf4ed5d4e8ff525220118ff39c7206bade65c13
72,cerita_72.txt,14,Babon mendorong zebra dengan sangat keras sekali.,d39e66f8585dc15d373bd9cbddf4ed5d4e8ff525220118ff39c7206bade65c13
72,cerita_72.txt,15,Tubuh zebra membentur tumpukan sisa kayu bakar.,d39e66f8585dc15d373bd9cbddf4ed5d4e8ff525220118ff39c7206bade65c13
72,cerita_72.txt,16,Kayu arang hitam menempel di bulu zebra.,d39e66f8585dc15d373bd9cbddf4ed5d4e8ff525220118ff39c7206bade65c13
72,cerita_72.txt,17,Zebra melompat menjauhi tumpukan api unggun panas.,d39e66f8585dc15d373bd9cbddf4ed5d4e8ff525220118ff39c7206bade65c13
72,cerita_72.txt,18,Babon tertawa melihat tubuh kotor zebra putih.,d39e66f8585dc15d373bd9cbddf4ed5d4e8ff525220118ff39c7206bade65c13
72,cerita_72.txt,19,Bulu putih zebra kini memiliki garis hitam.,d39e66f8585dc15d373bd9cbddf4ed5d4e8ff525220118ff39c7206bade65c13
72,cerita_72.txt,20,Garis-garis hitam itu tidak bisa hilang dicuci.,d39e66f8585dc15d373bd9cbddf4ed5d4e8ff525220118ff39c7206bade65c13
72,cerita_72.txt,21,Zebra berlari menuju semak hutan untuk bersembunyi.,d39e66f8585dc15d373bd9cbddf4ed5d4e8ff525220118ff39c7206bade65c13
72,cerita_72.txt,22,Zebra menyadari sesuatu yang sangat ajaib terjadi.,d39e66f8585dc15d373bd9cbddf4ed5d4e8ff525220118ff39c7206bade65c13
72,cerita_72.txt,23,Garis hitam membantunya bersembunyi di rimbunan semak.,d39e66f8585dc15d373bd9cbddf4ed5d4e8ff525220118ff39c7206bade65c13
72,cerita_72.txt,24,Singa tidak bisa melihat zebra dengan jelas.,d39e66f8585dc15d373bd9cbddf4ed5d4e8ff525220118ff39c7206bade65c13
72,cerita_72.txt,25,Zebra merasa bangga dengan bulu belangnya sekarang.,d39e66f8585dc15d373bd9cbddf4ed5d4e8ff525220118ff39c7206bade65c13
73,cerita_73.txt,1,Katak hijau dahulu berjalan seperti seekor kadal.,a324a08bdde43070ef1f5f15e73bfda2db40731e009a96497c777814f2e09c8e
73,cerita_73.txt,2,Katak merayap perlahan di atas tanah basah.,a324a08bdde43070ef1f5f15e73bfda2db40731e009a96497c777814f2e09c8e
73,cerita_73.txt,3,Kaki belakang katak berukuran sangat pendek sekali.,a324a08bdde43070ef1f5f15e73bfda2db40731e009a96497c777814f2e09c8e
73,cerita_73.txt,4,Katak sedang mencari serangga terbang siang ini.,a324a08bdde43070ef1f5f15e73bfda2db40731e009a96497c777814f2e09c8e
73,cerita_73.txt,5,Seekor lalat hinggap di atas batu besar.,a324a08bdde43070ef1f5f15e73bfda2db40731e009a96497c777814f2e09c8e
73,cerita_73.txt,6,Katak merayap mendekati lalat itu sangat pelan.,a324a08bdde43070ef1f5f15e73bfda2db40731e009a96497c777814f2e09c8e
73,cerita_73.txt,7,Gerakan merayap katak ternyata terlalu lambat laun.,a324a08bdde43070ef1f5f15e73bfda2db40731e009a96497c777814f2e09c8e
73,cerita_73.txt,8,Lalat keburu terbang menjauhi batu besar itu.,a324a08bdde43070ef1f5f15e73bfda2db40731e009a96497c777814f2e09c8e
73,cerita_73.txt,9,Katak merasa sangat kesal dan perutnya lapar.,a324a08bdde43070ef1f5f15e73bfda2db40731e009a96497c777814f2e09c8e
73,cerita_73.txt,10,Katak melihat seekor belalang hijau merumput tenang.,a324a08bdde43070ef1f5f15e73bfda2db40731e009a96497c777814f2e09c8e
73,cerita_73.txt,11,Belalang melompat sangat tinggi ke udara bebas.,a324a08bdde43070ef1f5f15e73bfda2db40731e009a96497c777814f2e09c8e
73,cerita_73.txt,12,Belalang berpindah tempat dengan gerakan sangat cepat.,a324a08bdde43070ef1f5f15e73bfda2db40731e009a96497c777814f2e09c8e
73,cerita_73.txt,13,Katak ingin meniru gerakan tubuh belalang itu.,a324a08bdde43070ef1f5f15e73bfda2db40731e009a96497c777814f2e09c8e
73,cerita_73.txt,14,Katak menarik kedua kaki belakangnya erat-erat kuat.,a324a08bdde43070ef1f5f15e73bfda2db40731e009a96497c777814f2e09c8e
73,cerita_73.txt,15,Katak menekan kakinya ke tanah basah licin.,a324a08bdde43070ef1f5f15e73bfda2db40731e009a96497c777814f2e09c8e
73,cerita_73.txt,16,Katak mendorong tubuhnya melesat ke arah atas.,a324a08bdde43070ef1f5f15e73bfda2db40731e009a96497c777814f2e09c8e
73,cerita_73.txt,17,Tubuh katak melayang di atas rerumputan tanah.,a324a08bdde43070ef1f5f15e73bfda2db40731e009a96497c777814f2e09c8e
73,cerita_73.txt,18,Katak mendarat agak jauh di depan sana.,a324a08bdde43070ef1f5f15e73bfda2db40731e009a96497c777814f2e09c8e
73,cerita_73.txt,19,Kaki belakang katak terasa meregang memanjang lentur.,a324a08bdde43070ef1f5f15e73bfda2db40731e009a96497c777814f2e09c8e
73,cerita_73.txt,20,Katak melompat lagi ke arah gerombolan rerumputan.,a324a08bdde43070ef1f5f15e73bfda2db40731e009a96497c777814f2e09c8e
73,cerita_73.txt,21,Lompatan kedua lebih tinggi dari lompatan pertama.,a324a08bdde43070ef1f5f15e73bfda2db40731e009a96497c777814f2e09c8e
73,cerita_73.txt,22,Seekor nyamuk melintas di depan wajah katak.,a324a08bdde43070ef1f5f15e73bfda2db40731e009a96497c777814f2e09c8e
73,cerita_73.txt,23,Katak melompat sambil menjulurkan lidahnya ke luar.,a324a08bdde43070ef1f5f15e73bfda2db40731e009a96497c777814f2e09c8e
73,cerita_73.txt,24,Katak berhasil menangkap nyamuk segar bergizi itu.,a324a08bdde43070ef1f5f15e73bfda2db40731e009a96497c777814f2e09c8e
73,cerita_73.txt,25,Katak selalu menggunakan lompatan untuk berpindah tempat.,a324a08bdde43070ef1f5f15e73bfda2db40731e009a96497c777814f2e09c8e
74,cerita_74.txt,1,Burung-burung mengadakan pertemuan besar di tengah hutan.,50c3c84ebe0c377ecf093d06f72acbfed16ff34f0a6b3f6a4135328fba8da769
74,cerita_74.txt,2,Tikus dan hewan darat juga mengadakan rapat.,50c3c84ebe0c377ecf093d06f72acbfed16ff34f0a6b3f6a4135328fba8da769
74,cerita_74.txt,3,Mereka berselisih tentang pemilik hutan sejati selamanya.,50c3c84ebe0c377ecf093d06f72acbfed16ff34f0a6b3f6a4135328fba8da769
74,cerita_74.txt,4,Kelelawar bingung memilih kelompok yang dirasa benar.,50c3c84ebe0c377ecf093d06f72acbfed16ff34f0a6b3f6a4135328fba8da769
74,cerita_74.txt,5,Kelelawar memiliki sayap lebar seperti seekor burung.,50c3c84ebe0c377ecf093d06f72acbfed16ff34f0a6b3f6a4135328fba8da769
74,cerita_74.txt,6,Kelelawar juga memiliki gigi tajam seperti tikus.,50c3c84ebe0c377ecf093d06f72acbfed16ff34f0a6b3f6a4135328fba8da769
74,cerita_74.txt,7,Saat burung menang pertarungan kelelawar bergabung burung.,50c3c84ebe0c377ecf093d06f72acbfed16ff34f0a6b3f6a4135328fba8da769
74,cerita_74.txt,8,Kelelawar memamerkan sayap lebarnya kepada kelompok burung.,50c3c84ebe0c377ecf093d06f72acbfed16ff34f0a6b3f6a4135328fba8da769
74,cerita_74.txt,9,Saat hewan darat menang kelelawar pindah kelompok.,50c3c84ebe0c377ecf093d06f72acbfed16ff34f0a6b3f6a4135328fba8da769
74,cerita_74.txt,10,Kelelawar menunjukkan gigi tajamnya kepada kelompok tikus.,50c3c84ebe0c377ecf093d06f72acbfed16ff34f0a6b3f6a4135328fba8da769
74,cerita_74.txt,11,Kedua kelompok akhirnya mengetahui kecurangan si kelelawar.,50c3c84ebe0c377ecf093d06f72acbfed16ff34f0a6b3f6a4135328fba8da769
74,cerita_74.txt,12,Raja elang mengusir kelelawar dari kelompok burung.,50c3c84ebe0c377ecf093d06f72acbfed16ff34f0a6b3f6a4135328fba8da769
74,cerita_74.txt,13,Raja singa mengusir kelelawar dari kelompok darat.,50c3c84ebe0c377ecf093d06f72acbfed16ff34f0a6b3f6a4135328fba8da769
74,cerita_74.txt,14,Kelelawar merasa sangat malu dan sedih hatinya.,50c3c84ebe0c377ecf093d06f72acbfed16ff34f0a6b3f6a4135328fba8da769
74,cerita_74.txt,15,Kelelawar terbang menjauh menuju gua gelap gulita.,50c3c84ebe0c377ecf093d06f72acbfed16ff34f0a6b3f6a4135328fba8da769
74,cerita_74.txt,16,Kelelawar bersembunyi di langit-langit gua batu itu.,50c3c84ebe0c377ecf093d06f72acbfed16ff34f0a6b3f6a4135328fba8da769
74,cerita_74.txt,17,Kelelawar tidak ingin menatap hewan lain lagi.,50c3c84ebe0c377ecf093d06f72acbfed16ff34f0a6b3f6a4135328fba8da769
74,cerita_74.txt,18,Kelelawar menggantungkan kedua kakinya di batu atap.,50c3c84ebe0c377ecf093d06f72acbfed16ff34f0a6b3f6a4135328fba8da769
74,cerita_74.txt,19,Kepala kelelawar dibiarkan menghadap ke arah bawah.,50c3c84ebe0c377ecf093d06f72acbfed16ff34f0a6b3f6a4135328fba8da769
74,cerita_74.txt,20,Posisi ini membuat kelelawar merasa aman tersembunyi.,50c3c84ebe0c377ecf093d06f72acbfed16ff34f0a6b3f6a4135328fba8da769
74,cerita_74.txt,21,Kelelawar bisa melihat datangnya bahaya dari bawah.,50c3c84ebe0c377ecf093d06f72acbfed16ff34f0a6b3f6a4135328fba8da769
74,cerita_74.txt,22,Kelelawar hanya keluar mencari makan saat malam.,50c3c84ebe0c377ecf093d06f72acbfed16ff34f0a6b3f6a4135328fba8da769
74,cerita_74.txt,23,Hewan lain sedang tidur di malam hari.,50c3c84ebe0c377ecf093d06f72acbfed16ff34f0a6b3f6a4135328fba8da769
74,cerita_74.txt,24,Kelelawar tidur sepanjang siang di dalam gua.,50c3c84ebe0c377ecf093d06f72acbfed16ff34f0a6b3f6a4135328fba8da769
74,cerita_74.txt,25,Kebiasaan tidur terbalik ini bertahan sampai selamanya.,50c3c84ebe0c377ecf093d06f72acbfed16ff34f0a6b3f6a4135328fba8da769
75,cerita_75.txt,1,Kura-kura dahulu tidak memiliki cangkang keras pelindung.,453bc755486f75adc95ba9a2081c446e6b0f236bfbb670e62042bc6f6ec3a6da
75,cerita_75.txt,2,Tubuh kura-kura sangat lunak dan terasa lembut.,453bc755486f75adc95ba9a2081c446e6b0f236bfbb670e62042bc6f6ec3a6da
75,cerita_75.txt,3,Kura-kura berjalan lambat di lantai hutan lebat.,453bc755486f75adc95ba9a2081c446e6b0f236bfbb670e62042bc6f6ec3a6da
75,cerita_75.txt,4,Kura-kura sering merasa ketakutan saat berjalan jauh.,453bc755486f75adc95ba9a2081c446e6b0f236bfbb670e62042bc6f6ec3a6da
75,cerita_75.txt,5,Angin kencang menerbangkan dedaunan kering di udara.,453bc755486f75adc95ba9a2081c446e6b0f236bfbb670e62042bc6f6ec3a6da
75,cerita_75.txt,6,Ranting pohon jatuh mengenai tubuh kura-kura kecil.,453bc755486f75adc95ba9a2081c446e6b0f236bfbb670e62042bc6f6ec3a6da
75,cerita_75.txt,7,Kura-kura meminta bantuan pelindung kepada dewa hutan.,453bc755486f75adc95ba9a2081c446e6b0f236bfbb670e62042bc6f6ec3a6da
75,cerita_75.txt,8,Dewa hutan memberikan sebuah rumah batu bulat.,453bc755486f75adc95ba9a2081c446e6b0f236bfbb670e62042bc6f6ec3a6da
75,cerita_75.txt,9,Rumah batu itu berbentuk setengah mangkuk terbalik.,453bc755486f75adc95ba9a2081c446e6b0f236bfbb670e62042bc6f6ec3a6da
75,cerita_75.txt,10,Kura-kura masuk bersembunyi ke dalam rumah batu.,453bc755486f75adc95ba9a2081c446e6b0f236bfbb670e62042bc6f6ec3a6da
75,cerita_75.txt,11,Kura-kura merasa sangat aman di dalam sana.,453bc755486f75adc95ba9a2081c446e6b0f236bfbb670e62042bc6f6ec3a6da
75,cerita_75.txt,12,Namun kura-kura tidak bisa berpindah tempat lagi.,453bc755486f75adc95ba9a2081c446e6b0f236bfbb670e62042bc6f6ec3a6da
75,cerita_75.txt,13,Kura-kura merasa kelaparan terkurung di dalam rumah.,453bc755486f75adc95ba9a2081c446e6b0f236bfbb670e62042bc6f6ec3a6da
75,cerita_75.txt,14,Dewa hutan merasa kasihan melihat kura-kura itu.,453bc755486f75adc95ba9a2081c446e6b0f236bfbb670e62042bc6f6ec3a6da
75,cerita_75.txt,15,Dewa hutan menyatukan rumah batu dengan tubuh.,453bc755486f75adc95ba9a2081c446e6b0f236bfbb670e62042bc6f6ec3a6da
75,cerita_75.txt,16,Rumah batu berubah menjadi cangkang tebal keras.,453bc755486f75adc95ba9a2081c446e6b0f236bfbb670e62042bc6f6ec3a6da
75,cerita_75.txt,17,Kura-kura bisa berjalan bebas membawa rumahnya sendiri.,453bc755486f75adc95ba9a2081c446e6b0f236bfbb670e62042bc6f6ec3a6da
75,cerita_75.txt,18,Kaki dan kepala kura-kura bisa keluar masuk.,453bc755486f75adc95ba9a2081c446e6b0f236bfbb670e62042bc6f6ec3a6da
75,cerita_75.txt,19,Seekor rubah datang mendekati kura-kura di jalan.,453bc755486f75adc95ba9a2081c446e6b0f236bfbb670e62042bc6f6ec3a6da
75,cerita_75.txt,20,Kura-kura segera menarik kepalanya ke dalam cangkang.,453bc755486f75adc95ba9a2081c446e6b0f236bfbb670e62042bc6f6ec3a6da
75,cerita_75.txt,21,Rubah menggigit cangkang keras itu dengan taring.,453bc755486f75adc95ba9a2081c446e6b0f236bfbb670e62042bc6f6ec3a6da
75,cerita_75.txt,22,Gigi rubah terasa sakit mengenai dinding cangkang.,453bc755486f75adc95ba9a2081c446e6b0f236bfbb670e62042bc6f6ec3a6da
75,cerita_75.txt,23,Rubah lari pergi meninggalkan kura-kura tersebut ketakutan.,453bc755486f75adc95ba9a2081c446e6b0f236bfbb670e62042bc6f6ec3a6da
75,cerita_75.txt,24,Kura-kura kembali mengeluarkan kepala dan kaki jalannya.,453bc755486f75adc95ba9a2081c446e6b0f236bfbb670e62042bc6f6ec3a6da
75,cerita_75.txt,25,Kura-kura hidup tenang bersama cangkang rumahnya selamanya.,453bc755486f75adc95ba9a2081c446e6b0f236bfbb670e62042bc6f6ec3a6da
76,cerita_76.txt,1,Rusa jantan melihat pantulan dirinya di danau.,9f3a2ccd4b3d72db8384c922963af241dee47b768f5be830f04b46854b77bf46
76,cerita_76.txt,2,Rusa memiliki tubuh yang sangat gagah berani.,9f3a2ccd4b3d72db8384c922963af241dee47b768f5be830f04b46854b77bf46
76,cerita_76.txt,3,Rusa juga memiliki kaki yang kuat berlari.,9f3a2ccd4b3d72db8384c922963af241dee47b768f5be830f04b46854b77bf46
76,cerita_76.txt,4,Namun rusa merasa kepalanya sangat polos botak.,9f3a2ccd4b3d72db8384c922963af241dee47b768f5be830f04b46854b77bf46
76,cerita_76.txt,5,Anjing hutan selalu mengejek kepala rusa itu.,9f3a2ccd4b3d72db8384c922963af241dee47b768f5be830f04b46854b77bf46
76,cerita_76.txt,6,Rusa jantan merasa sangat sedih dan malu.,9f3a2ccd4b3d72db8384c922963af241dee47b768f5be830f04b46854b77bf46
76,cerita_76.txt,7,Rusa memohon bantuan kepada peri hutan baik.,9f3a2ccd4b3d72db8384c922963af241dee47b768f5be830f04b46854b77bf46
76,cerita_76.txt,8,Peri hutan membawa dua dahan pohon mati.,9f3a2ccd4b3d72db8384c922963af241dee47b768f5be830f04b46854b77bf46
76,cerita_76.txt,9,Peri menyentuhkan dahan mati ke kepala rusa.,9f3a2ccd4b3d72db8384c922963af241dee47b768f5be830f04b46854b77bf46
76,cerita_76.txt,10,Ajaibnya dahan itu menempel kuat di kepala.,9f3a2ccd4b3d72db8384c922963af241dee47b768f5be830f04b46854b77bf46
76,cerita_76.txt,11,Dahan tersebut berubah menjadi tanduk keras indah.,9f3a2ccd4b3d72db8384c922963af241dee47b768f5be830f04b46854b77bf46
76,cerita_76.txt,12,Tanduk itu bercabang-cabang seperti pohon ranting kecil.,9f3a2ccd4b3d72db8384c922963af241dee47b768f5be830f04b46854b77bf46
76,cerita_76.txt,13,Rusa jantan berkaca kembali di tepi danau.,9f3a2ccd4b3d72db8384c922963af241dee47b768f5be830f04b46854b77bf46
76,cerita_76.txt,14,Rusa terlihat sangat gagah dan berwibawa tinggi.,9f3a2ccd4b3d72db8384c922963af241dee47b768f5be830f04b46854b77bf46
76,cerita_76.txt,15,Anjing hutan datang kembali berniat mengejek rusa.,9f3a2ccd4b3d72db8384c922963af241dee47b768f5be830f04b46854b77bf46
76,cerita_76.txt,16,Rusa menundukkan kepala dan memamerkan tanduk runcingnya.,9f3a2ccd4b3d72db8384c922963af241dee47b768f5be830f04b46854b77bf46
76,cerita_76.txt,17,Rusa mendorong anjing hutan menggunakan tanduk kuat.,9f3a2ccd4b3d72db8384c922963af241dee47b768f5be830f04b46854b77bf46
76,cerita_76.txt,18,Anjing hutan lari ketakutan masuk ke semak.,9f3a2ccd4b3d72db8384c922963af241dee47b768f5be830f04b46854b77bf46
76,cerita_76.txt,19,Rusa jantan berjalan keliling hutan dengan bangga.,9f3a2ccd4b3d72db8384c922963af241dee47b768f5be830f04b46854b77bf46
76,cerita_76.txt,20,Tanduk itu berguna menyingkirkan ranting pohon rintangan.,9f3a2ccd4b3d72db8384c922963af241dee47b768f5be830f04b46854b77bf46
76,cerita_76.txt,21,Rusa bisa berlari kencang tanpa hambatan belukar.,9f3a2ccd4b3d72db8384c922963af241dee47b768f5be830f04b46854b77bf46
76,cerita_76.txt,22,Rusa betina sangat mengagumi tanduk rusa jantan.,9f3a2ccd4b3d72db8384c922963af241dee47b768f5be830f04b46854b77bf46
76,cerita_76.txt,23,Setiap tahun tanduk rusa akan lepas sendiri.,9f3a2ccd4b3d72db8384c922963af241dee47b768f5be830f04b46854b77bf46
76,cerita_76.txt,24,Tanduk baru akan tumbuh lebih besar lagi.,9f3a2ccd4b3d72db8384c922963af241dee47b768f5be830f04b46854b77bf46
76,cerita_76.txt,25,Rusa selalu merawat tanduk indahnya setiap hari.,9f3a2ccd4b3d72db8384c922963af241dee47b768f5be830f04b46854b77bf46
77,cerita_77.txt,1,Andi bangun lebih awal dari biasanya pagi.,dcc30df13df76bb638fc7e809b5f286d9701305f706e242da0e7115bea1615b4
77,cerita_77.txt,2,Hari ini adalah hari pertama masuk sekolah.,dcc30df13df76bb638fc7e809b5f286d9701305f706e242da0e7115bea1615b4
77,cerita_77.txt,3,Andi mandi menggunakan air hangat yang segar.,dcc30df13df76bb638fc7e809b5f286d9701305f706e242da0e7115bea1615b4
77,cerita_77.txt,4,Andi memakai seragam merah putih dengan rapi.,dcc30df13df76bb638fc7e809b5f286d9701305f706e242da0e7115bea1615b4
77,cerita_77.txt,5,Ibu menyiapkan sarapan nasi goreng telur dadar.,dcc30df13df76bb638fc7e809b5f286d9701305f706e242da0e7115bea1615b4
77,cerita_77.txt,6,Andi menghabiskan sarapan pagi dengan sangat cepat.,dcc30df13df76bb638fc7e809b5f286d9701305f706e242da0e7115bea1615b4
77,cerita_77.txt,7,Ayah mengantar Andi menggunakan sepeda motor matik.,dcc30df13df76bb638fc7e809b5f286d9701305f706e242da0e7115bea1615b4
77,cerita_77.txt,8,Mereka tiba di depan gerbang sekolah besar.,dcc30df13df76bb638fc7e809b5f286d9701305f706e242da0e7115bea1615b4
77,cerita_77.txt,9,Banyak siswa baru datang bersama orang tua.,dcc30df13df76bb638fc7e809b5f286d9701305f706e242da0e7115bea1615b4
77,cerita_77.txt,10,Andi mencium tangan ayah untuk berpamitan masuk.,dcc30df13df76bb638fc7e809b5f286d9701305f706e242da0e7115bea1615b4
77,cerita_77.txt,11,Andi melangkah masuk ke halaman sekolah luas.,dcc30df13df76bb638fc7e809b5f286d9701305f706e242da0e7115bea1615b4
77,cerita_77.txt,12,Andi melihat papan nama menempel kelas satu.,dcc30df13df76bb638fc7e809b5f286d9701305f706e242da0e7115bea1615b4
77,cerita_77.txt,13,Andi berjalan masuk ke dalam ruang kelas.,dcc30df13df76bb638fc7e809b5f286d9701305f706e242da0e7115bea1615b4
77,cerita_77.txt,14,Andi memilih kursi kosong di baris depan.,dcc30df13df76bb638fc7e809b5f286d9701305f706e242da0e7115bea1615b4
77,cerita_77.txt,15,Seorang anak laki-laki duduk di sebelah Andi.,dcc30df13df76bb638fc7e809b5f286d9701305f706e242da0e7115bea1615b4
77,cerita_77.txt,16,Anak laki-laki teman baru itu bernama Budi.,dcc30df13df76bb638fc7e809b5f286d9701305f706e242da0e7115bea1615b4
77,cerita_77.txt,17,Andi berkenalan dengan Budi sambil tersenyum ramah.,dcc30df13df76bb638fc7e809b5f286d9701305f706e242da0e7115bea1615b4
77,cerita_77.txt,18,Bel sekolah berbunyi dengan suara sangat nyaring.,dcc30df13df76bb638fc7e809b5f286d9701305f706e242da0e7115bea1615b4
77,cerita_77.txt,19,Ibu guru melangkah masuk ke dalam ruangan.,dcc30df13df76bb638fc7e809b5f286d9701305f706e242da0e7115bea1615b4
77,cerita_77.txt,20,Ibu guru memperkenalkan diri kepada murid-murid baru.,dcc30df13df76bb638fc7e809b5f286d9701305f706e242da0e7115bea1615b4
77,cerita_77.txt,21,Ibu guru membagikan buku tulis gambar baru.,dcc30df13df76bb638fc7e809b5f286d9701305f706e242da0e7115bea1615b4
77,cerita_77.txt,22,Murid-murid belajar bernyanyi bersama-sama penuh riang.,dcc30df13df76bb638fc7e809b5f286d9701305f706e242da0e7115bea1615b4
77,cerita_77.txt,23,Waktu istirahat tiba pada pukul sembilan tepat.,dcc30df13df76bb638fc7e809b5f286d9701305f706e242da0e7115bea1615b4
77,cerita_77.txt,24,Andi dan Budi memakan bekal roti bersama.,dcc30df13df76bb638fc7e809b5f286d9701305f706e242da0e7115bea1615b4
77,cerita_77.txt,25,Andi sangat menyukai hari pertama sekolah ini.,dcc30df13df76bb638fc7e809b5f286d9701305f706e242da0e7115bea1615b4
78,cerita_78.txt,1,Sekolah mengadakan kegiatan pemilihan dokter cilik teladan.,094d49bdb77957b6699139d471ee153dbfcb4f456e6f0035b58db060c7cbe59a
78,cerita_78.txt,2,Rina mendaftar menjadi peserta seleksi acara tersebut.,094d49bdb77957b6699139d471ee153dbfcb4f456e6f0035b58db060c7cbe59a
78,cerita_78.txt,3,Rina membaca banyak buku tentang kesehatan anak.,094d49bdb77957b6699139d471ee153dbfcb4f456e6f0035b58db060c7cbe59a
78,cerita_78.txt,4,Guru pembina memberikan lembar tes kepada peserta.,094d49bdb77957b6699139d471ee153dbfcb4f456e6f0035b58db060c7cbe59a
78,cerita_78.txt,5,Rina menjawab semua pertanyaan tes dengan benar.,094d49bdb77957b6699139d471ee153dbfcb4f456e6f0035b58db060c7cbe59a
78,cerita_78.txt,6,Guru pembina mengumumkan hasil tes seleksi itu.,094d49bdb77957b6699139d471ee153dbfcb4f456e6f0035b58db060c7cbe59a
78,cerita_78.txt,7,Rina terpilih resmi menjadi dokter cilik sekolah.,094d49bdb77957b6699139d471ee153dbfcb4f456e6f0035b58db060c7cbe59a
78,cerita_78.txt,8,Rina mendapat seragam jas putih ukuran kecil.,094d49bdb77957b6699139d471ee153dbfcb4f456e6f0035b58db060c7cbe59a
78,cerita_78.txt,9,Rina juga mendapat lencana bergambar palang merah.,094d49bdb77957b6699139d471ee153dbfcb4f456e6f0035b58db060c7cbe59a
78,cerita_78.txt,10,Tugas Rina menjaga ruang Usaha Kesehatan Sekolah.,094d49bdb77957b6699139d471ee153dbfcb4f456e6f0035b58db060c7cbe59a
78,cerita_78.txt,11,Rina dibantu oleh teman petugas piket lainnya.,094d49bdb77957b6699139d471ee153dbfcb4f456e6f0035b58db060c7cbe59a
78,cerita_78.txt,12,Saat jam istirahat Toni jatuh di lapangan.,094d49bdb77957b6699139d471ee153dbfcb4f456e6f0035b58db060c7cbe59a
78,cerita_78.txt,13,Toni menangis karena lutut kirinya sedikit berdarah.,094d49bdb77957b6699139d471ee153dbfcb4f456e6f0035b58db060c7cbe59a
78,cerita_78.txt,14,Teman-teman memapah Toni ke ruang kesehatan segera.,094d49bdb77957b6699139d471ee153dbfcb4f456e6f0035b58db060c7cbe59a
78,cerita_78.txt,15,Rina cepat mengambil kotak obat pertolongan pertama.,094d49bdb77957b6699139d471ee153dbfcb4f456e6f0035b58db060c7cbe59a
78,cerita_78.txt,16,Rina membersihkan luka Toni menggunakan kapas basah.,094d49bdb77957b6699139d471ee153dbfcb4f456e6f0035b58db060c7cbe59a
78,cerita_78.txt,17,Rina mengoleskan cairan antiseptik pada luka berdarah.,094d49bdb77957b6699139d471ee153dbfcb4f456e6f0035b58db060c7cbe59a
78,cerita_78.txt,18,Toni meringis pelan menahan perih di lutut.,094d49bdb77957b6699139d471ee153dbfcb4f456e6f0035b58db060c7cbe59a
78,cerita_78.txt,19,Rina menempelkan plester cokelat dengan sangat hati-hati.,094d49bdb77957b6699139d471ee153dbfcb4f456e6f0035b58db060c7cbe59a
78,cerita_78.txt,20,Rina memberikan segelas air putih hangat diminum.,094d49bdb77957b6699139d471ee153dbfcb4f456e6f0035b58db060c7cbe59a
78,cerita_78.txt,21,Toni meminum air putih untuk menenangkan diri.,094d49bdb77957b6699139d471ee153dbfcb4f456e6f0035b58db060c7cbe59a
78,cerita_78.txt,22,Toni mengucapkan terima kasih kepada dokter Rina.,094d49bdb77957b6699139d471ee153dbfcb4f456e6f0035b58db060c7cbe59a
78,cerita_78.txt,23,Rina merasa bangga bisa menolong teman sakit.,094d49bdb77957b6699139d471ee153dbfcb4f456e6f0035b58db060c7cbe59a
78,cerita_78.txt,24,Guru pembina memuji tindakan Rina yang cekatan.,094d49bdb77957b6699139d471ee153dbfcb4f456e6f0035b58db060c7cbe59a
78,cerita_78.txt,25,Menjadi dokter cilik adalah sebuah pengalaman berharga.,094d49bdb77957b6699139d471ee153dbfcb4f456e6f0035b58db060c7cbe59a
79,cerita_79.txt,1,Desa Mekar Sari mengadakan perlombaan menyanyi tahunan.,9e1d3730efa9d0973b74ad78d0ea4890410e6da189131de71f589f0fbbd20894
79,cerita_79.txt,2,Panggung besar didirikan di lapangan balai desa.,9e1d3730efa9d0973b74ad78d0ea4890410e6da189131de71f589f0fbbd20894
79,cerita_79.txt,3,Siti mendaftar sebagai peserta lomba tarik suara.,9e1d3730efa9d0973b74ad78d0ea4890410e6da189131de71f589f0fbbd20894
79,cerita_79.txt,4,Siti berlatih menyanyi setiap sore hari cerah.,9e1d3730efa9d0973b74ad78d0ea4890410e6da189131de71f589f0fbbd20894
79,cerita_79.txt,5,Siti memilih lagu tentang keindahan alam desa.,9e1d3730efa9d0973b74ad78d0ea4890410e6da189131de71f589f0fbbd20894
79,cerita_79.txt,6,Malam perlombaan tiba dengan suasana sangat meriah.,9e1d3730efa9d0973b74ad78d0ea4890410e6da189131de71f589f0fbbd20894
79,cerita_79.txt,7,Banyak warga berkumpul menonton di depan panggung.,9e1d3730efa9d0973b74ad78d0ea4890410e6da189131de71f589f0fbbd20894
79,cerita_79.txt,8,Pembawa acara memanggil nama peserta satu persatu.,9e1d3730efa9d0973b74ad78d0ea4890410e6da189131de71f589f0fbbd20894
79,cerita_79.txt,9,Tiba giliran nomor Siti naik ke panggung.,9e1d3730efa9d0973b74ad78d0ea4890410e6da189131de71f589f0fbbd20894
79,cerita_79.txt,10,Siti memakai gaun panjang berwarna merah jambu.,9e1d3730efa9d0973b74ad78d0ea4890410e6da189131de71f589f0fbbd20894
79,cerita_79.txt,11,Jantung Siti berdebar di dada sangat kencang.,9e1d3730efa9d0973b74ad78d0ea4890410e6da189131de71f589f0fbbd20894
79,cerita_79.txt,12,Siti memegang mikrofon dengan tangan sedikit gemetar.,9e1d3730efa9d0973b74ad78d0ea4890410e6da189131de71f589f0fbbd20894
79,cerita_79.txt,13,Musik iringan lagu mulai dimainkan pemain organ.,9e1d3730efa9d0973b74ad78d0ea4890410e6da189131de71f589f0fbbd20894
79,cerita_79.txt,14,Siti menarik napas panjang dan menjadi tenang.,9e1d3730efa9d0973b74ad78d0ea4890410e6da189131de71f589f0fbbd20894
79,cerita_79.txt,15,Siti menyanyikan lirik lagu dengan nada merdu.,9e1d3730efa9d0973b74ad78d0ea4890410e6da189131de71f589f0fbbd20894
79,cerita_79.txt,16,Suara Siti terdengar jernih dan sangat indah.,9e1d3730efa9d0973b74ad78d0ea4890410e6da189131de71f589f0fbbd20894
79,cerita_79.txt,17,Penonton terdiam kagum mendengarkan merdunya suara Siti.,9e1d3730efa9d0973b74ad78d0ea4890410e6da189131de71f589f0fbbd20894
79,cerita_79.txt,18,Siti bernyanyi sambil tersenyum manis menatap penonton.,9e1d3730efa9d0973b74ad78d0ea4890410e6da189131de71f589f0fbbd20894
79,cerita_79.txt,19,Lagu berakhir dengan nada tinggi yang sempurna.,9e1d3730efa9d0973b74ad78d0ea4890410e6da189131de71f589f0fbbd20894
79,cerita_79.txt,20,Semua penonton bertepuk tangan bergemuruh sangat keras.,9e1d3730efa9d0973b74ad78d0ea4890410e6da189131de71f589f0fbbd20894
79,cerita_79.txt,21,Siti menundukkan badan ke depan memberi hormat.,9e1d3730efa9d0973b74ad78d0ea4890410e6da189131de71f589f0fbbd20894
79,cerita_79.txt,22,Siti turun dari anak tangga panggung lega.,9e1d3730efa9d0973b74ad78d0ea4890410e6da189131de71f589f0fbbd20894
79,cerita_79.txt,23,Kepala desa mengumumkan pemenang lomba menyanyi itu.,9e1d3730efa9d0973b74ad78d0ea4890410e6da189131de71f589f0fbbd20894
79,cerita_79.txt,24,Siti berhasil meraih posisi juara pertama bernyanyi.,9e1d3730efa9d0973b74ad78d0ea4890410e6da189131de71f589f0fbbd20894
79,cerita_79.txt,25,Ayah dan ibu memeluk Siti sangat gembira.,9e1d3730efa9d0973b74ad78d0ea4890410e6da189131de71f589f0fbbd20894
80,cerita_80.txt,1,Malam ini adalah jadwal piket poskamling ayah.,e731d4d8131e5732e74bf02ba1370d49911e844f8d1cfcf04d7d4cc23f44f347
80,cerita_80.txt,2,Ayah bersiap pergi menuju pos ronda desa.,e731d4d8131e5732e74bf02ba1370d49911e844f8d1cfcf04d7d4cc23f44f347
80,cerita_80.txt,3,Ayah memakai jaket tebal dan kain sarung.,e731d4d8131e5732e74bf02ba1370d49911e844f8d1cfcf04d7d4cc23f44f347
80,cerita_80.txt,4,Ayah membawa lampu senter hitam ukuran besar.,e731d4d8131e5732e74bf02ba1370d49911e844f8d1cfcf04d7d4cc23f44f347
80,cerita_80.txt,5,Doni melihat ayah berangkat dari jendela kaca.,e731d4d8131e5732e74bf02ba1370d49911e844f8d1cfcf04d7d4cc23f44f347
80,cerita_80.txt,6,Ayah berjalan menuju pos ronda di pertigaan.,e731d4d8131e5732e74bf02ba1370d49911e844f8d1cfcf04d7d4cc23f44f347
80,cerita_80.txt,7,Beberapa tetangga bapak sudah berkumpul di pos.,e731d4d8131e5732e74bf02ba1370d49911e844f8d1cfcf04d7d4cc23f44f347
80,cerita_80.txt,8,Mereka menyalakan api kecil di kaleng bekas.,e731d4d8131e5732e74bf02ba1370d49911e844f8d1cfcf04d7d4cc23f44f347
80,cerita_80.txt,9,Ayah duduk bersila di bangku kayu panjang.,e731d4d8131e5732e74bf02ba1370d49911e844f8d1cfcf04d7d4cc23f44f347
80,cerita_80.txt,10,Bapak-bapak mengobrol sambil meminum kopi panas hitam.,e731d4d8131e5732e74bf02ba1370d49911e844f8d1cfcf04d7d4cc23f44f347
80,cerita_80.txt,11,Waktu malam menunjukkan pukul dua belas tepat.,e731d4d8131e5732e74bf02ba1370d49911e844f8d1cfcf04d7d4cc23f44f347
80,cerita_80.txt,12,Ayah dan Pak RT mulai berkeliling desa.,e731d4d8131e5732e74bf02ba1370d49911e844f8d1cfcf04d7d4cc23f44f347
80,cerita_80.txt,13,Mereka memukul kentongan bambu secara berirama pelan.,e731d4d8131e5732e74bf02ba1370d49911e844f8d1cfcf04d7d4cc23f44f347
80,cerita_80.txt,14,Suara kentongan tanda aman terdengar ke rumah.,e731d4d8131e5732e74bf02ba1370d49911e844f8d1cfcf04d7d4cc23f44f347
80,cerita_80.txt,15,Ayah memeriksa kunci pintu pagar rumah warga.,e731d4d8131e5732e74bf02ba1370d49911e844f8d1cfcf04d7d4cc23f44f347
80,cerita_80.txt,16,Ayah mengarahkan cahaya senter ke jalan gelap.,e731d4d8131e5732e74bf02ba1370d49911e844f8d1cfcf04d7d4cc23f44f347
80,cerita_80.txt,17,Suasana desa malam ini sangat sepi aman.,e731d4d8131e5732e74bf02ba1370d49911e844f8d1cfcf04d7d4cc23f44f347
80,cerita_80.txt,18,Mereka kembali ke pos ronda selesai berkeliling.,e731d4d8131e5732e74bf02ba1370d49911e844f8d1cfcf04d7d4cc23f44f347
80,cerita_80.txt,19,Ibu membawakan piring singkong rebus untuk ayah.,e731d4d8131e5732e74bf02ba1370d49911e844f8d1cfcf04d7d4cc23f44f347
80,cerita_80.txt,20,Ibu menyerahkan bungkusan itu kepada Doni terbangun.,e731d4d8131e5732e74bf02ba1370d49911e844f8d1cfcf04d7d4cc23f44f347
80,cerita_80.txt,21,Doni mengantarkan singkong rebus ke pos ronda.,e731d4d8131e5732e74bf02ba1370d49911e844f8d1cfcf04d7d4cc23f44f347
80,cerita_80.txt,22,Ayah membagikan makanan singkong kepada teman piket.,e731d4d8131e5732e74bf02ba1370d49911e844f8d1cfcf04d7d4cc23f44f347
80,cerita_80.txt,23,Mereka makan singkong sambil menjaga keamanan desa.,e731d4d8131e5732e74bf02ba1370d49911e844f8d1cfcf04d7d4cc23f44f347
80,cerita_80.txt,24,Doni segera pulang kembali ke rumah tidur.,e731d4d8131e5732e74bf02ba1370d49911e844f8d1cfcf04d7d4cc23f44f347
80,cerita_80.txt,25,Kegiatan siskamling membuat lingkungan desa selalu aman.,e731d4d8131e5732e74bf02ba1370d49911e844f8d1cfcf04d7d4cc23f44f347
81,cerita_81.txt,1,Andi memiliki sepeda mini beroda empat hijau.,a36fd36c7c9095cec8aace2410691fa6d66c360b640c29e865b00027cf7d7751
81,cerita_81.txt,2,Andi ingin bisa mengendarai sepeda roda dua.,a36fd36c7c9095cec8aace2410691fa6d66c360b640c29e865b00027cf7d7751
81,cerita_81.txt,3,Ayah melepaskan dua roda bantuan kecil di belakang.,a36fd36c7c9095cec8aace2410691fa6d66c360b640c29e865b00027cf7d7751
81,cerita_81.txt,4,Ayah membawa sepeda Andi ke lapangan rumput.,a36fd36c7c9095cec8aace2410691fa6d66c360b640c29e865b00027cf7d7751
81,cerita_81.txt,5,Lapangan rumput mengurangi risiko sakit saat jatuh.,a36fd36c7c9095cec8aace2410691fa6d66c360b640c29e865b00027cf7d7751
81,cerita_81.txt,6,Andi menaiki sadel sepeda hijau tersebut berani.,a36fd36c7c9095cec8aace2410691fa6d66c360b640c29e865b00027cf7d7751
81,cerita_81.txt,7,Kaki Andi memijak pedal bagian kiri kanan.,a36fd36c7c9095cec8aace2410691fa6d66c360b640c29e865b00027cf7d7751
81,cerita_81.txt,8,Ayah memegang erat bagian belakang jok sepeda.,a36fd36c7c9095cec8aace2410691fa6d66c360b640c29e865b00027cf7d7751
81,cerita_81.txt,9,Andi mulai mengayuh pedal dengan dorongan perlahan.,a36fd36c7c9095cec8aace2410691fa6d66c360b640c29e865b00027cf7d7751
81,cerita_81.txt,10,Sepeda hijau melaju lurus ke arah depan.,a36fd36c7c9095cec8aace2410691fa6d66c360b640c29e865b00027cf7d7751
81,cerita_81.txt,11,Ayah berlari kecil mengikuti gerakan sepeda Andi.,a36fd36c7c9095cec8aace2410691fa6d66c360b640c29e865b00027cf7d7751
81,cerita_81.txt,12,Andi merasa keseimbangan tubuhnya menjadi sedikit goyah.,a36fd36c7c9095cec8aace2410691fa6d66c360b640c29e865b00027cf7d7751
81,cerita_81.txt,13,Stang sepeda tiba-tiba berbelok tajam ke kiri.,a36fd36c7c9095cec8aace2410691fa6d66c360b640c29e865b00027cf7d7751
81,cerita_81.txt,14,Andi terjatuh lemas ke atas rumput tebal.,a36fd36c7c9095cec8aace2410691fa6d66c360b640c29e865b00027cf7d7751
81,cerita_81.txt,15,Andi tidak menangis sama sekali merasa sakit.,a36fd36c7c9095cec8aace2410691fa6d66c360b640c29e865b00027cf7d7751
81,cerita_81.txt,16,Ayah membangunkan Andi dan membersihkan kotoran rumput.,a36fd36c7c9095cec8aace2410691fa6d66c360b640c29e865b00027cf7d7751
81,cerita_81.txt,17,Andi kembali menaiki sepeda kesayangannya pantang menyerah.,a36fd36c7c9095cec8aace2410691fa6d66c360b640c29e865b00027cf7d7751
81,cerita_81.txt,18,Andi mengayuh pedal lebih cepat dari sebelumnya.,a36fd36c7c9095cec8aace2410691fa6d66c360b640c29e865b00027cf7d7751
81,cerita_81.txt,19,Kecepatan membantu putaran sepeda menjadi lebih seimbang.,a36fd36c7c9095cec8aace2410691fa6d66c360b640c29e865b00027cf7d7751
81,cerita_81.txt,20,Ayah perlahan melepaskan pegangannya dari jok belakang.,a36fd36c7c9095cec8aace2410691fa6d66c360b640c29e865b00027cf7d7751
81,cerita_81.txt,21,Andi mengayuh sepeda sendirian melaju tanpa bantuan.,a36fd36c7c9095cec8aace2410691fa6d66c360b640c29e865b00027cf7d7751
81,cerita_81.txt,22,Andi berhasil melaju sejauh jarak sepuluh meter.,a36fd36c7c9095cec8aace2410691fa6d66c360b640c29e865b00027cf7d7751
81,cerita_81.txt,23,Andi menekan tuas rem rem secara perlahan.,a36fd36c7c9095cec8aace2410691fa6d66c360b640c29e865b00027cf7d7751
81,cerita_81.txt,24,Sepeda berhenti dengan sangat mulus di ujung.,a36fd36c7c9095cec8aace2410691fa6d66c360b640c29e865b00027cf7d7751
81,cerita_81.txt,25,Andi bersorak kegirangan karena berhasil bisa bersepeda.,a36fd36c7c9095cec8aace2410691fa6d66c360b640c29e865b00027cf7d7751
82,cerita_82.txt,1,Siswa kelas lima sekolah mengadakan bakti sosial.,ec4154520161bf25c3e52bff9069ae13e8bf9a31cc529a1298b9d5e48ff126ea
82,cerita_82.txt,2,Mereka mengunjungi gedung panti asuhan pinggir kota.,ec4154520161bf25c3e52bff9069ae13e8bf9a31cc529a1298b9d5e48ff126ea
82,cerita_82.txt,3,Siswa membawa kardus sumbangan buku dan pakaian layak.,ec4154520161bf25c3e52bff9069ae13e8bf9a31cc529a1298b9d5e48ff126ea
82,cerita_82.txt,4,Rombongan tiba di lokasi panti asuhan siang.,ec4154520161bf25c3e52bff9069ae13e8bf9a31cc529a1298b9d5e48ff126ea
82,cerita_82.txt,5,Pengurus panti menyambut para siswa dengan sangat hangat.,ec4154520161bf25c3e52bff9069ae13e8bf9a31cc529a1298b9d5e48ff126ea
82,cerita_82.txt,6,Anak-anak panti asuhan berbaris rapi di aula.,ec4154520161bf25c3e52bff9069ae13e8bf9a31cc529a1298b9d5e48ff126ea
82,cerita_82.txt,7,Ketua kelas menyerahkan sumbangan simbolis kepada pengurus.,ec4154520161bf25c3e52bff9069ae13e8bf9a31cc529a1298b9d5e48ff126ea
82,cerita_82.txt,8,Siswa membagikan kotak nasi makanan kepada anak.,ec4154520161bf25c3e52bff9069ae13e8bf9a31cc529a1298b9d5e48ff126ea
82,cerita_82.txt,9,Mereka duduk melingkar membaur di atas karpet.,ec4154520161bf25c3e52bff9069ae13e8bf9a31cc529a1298b9d5e48ff126ea
82,cerita_82.txt,10,Fina berkenalan dengan anak perempuan bernama Sari.,ec4154520161bf25c3e52bff9069ae13e8bf9a31cc529a1298b9d5e48ff126ea
82,cerita_82.txt,11,Sari bercerita tenang tentang kegiatannya di panti.,ec4154520161bf25c3e52bff9069ae13e8bf9a31cc529a1298b9d5e48ff126ea
82,cerita_82.txt,12,Sari mengatakan sangat suka membaca buku cerita.,ec4154520161bf25c3e52bff9069ae13e8bf9a31cc529a1298b9d5e48ff126ea
82,cerita_82.txt,13,Fina mengambil sebuah buku dongeng baru bergambar.,ec4154520161bf25c3e52bff9069ae13e8bf9a31cc529a1298b9d5e48ff126ea
82,cerita_82.txt,14,Fina memberikan buku dongeng bagus kepada Sari.,ec4154520161bf25c3e52bff9069ae13e8bf9a31cc529a1298b9d5e48ff126ea
82,cerita_82.txt,15,Wajah Sari berbinar terang merasa sangat bahagia.,ec4154520161bf25c3e52bff9069ae13e8bf9a31cc529a1298b9d5e48ff126ea
82,cerita_82.txt,16,Fina dan teman-teman mengadakan permainan tebak kelompok.,ec4154520161bf25c3e52bff9069ae13e8bf9a31cc529a1298b9d5e48ff126ea
82,cerita_82.txt,17,Mereka bermain tebak kata hewan dengan meriah.,ec4154520161bf25c3e52bff9069ae13e8bf9a31cc529a1298b9d5e48ff126ea
82,cerita_82.txt,18,Suara tawa keras memenuhi ruangan aula panti.,ec4154520161bf25c3e52bff9069ae13e8bf9a31cc529a1298b9d5e48ff126ea
82,cerita_82.txt,19,Pemenang permainan mendapat hadiah sebungkus makanan ringan.,ec4154520161bf25c3e52bff9069ae13e8bf9a31cc529a1298b9d5e48ff126ea
82,cerita_82.txt,20,Waktu kunjungan bersama terasa berjalan sangat singkat.,ec4154520161bf25c3e52bff9069ae13e8bf9a31cc529a1298b9d5e48ff126ea
82,cerita_82.txt,21,Siswa harus kembali menuju sekolah sore ini.,ec4154520161bf25c3e52bff9069ae13e8bf9a31cc529a1298b9d5e48ff126ea
82,cerita_82.txt,22,Mereka berpamitan menyalami anak-anak penghuni panti asuhan.,ec4154520161bf25c3e52bff9069ae13e8bf9a31cc529a1298b9d5e48ff126ea
82,cerita_82.txt,23,Fina melambaikan tangan panjang ke arah Sari.,ec4154520161bf25c3e52bff9069ae13e8bf9a31cc529a1298b9d5e48ff126ea
82,cerita_82.txt,24,Kegiatan bakti sosial ini mengajarkan rasa peduli.,ec4154520161bf25c3e52bff9069ae13e8bf9a31cc529a1298b9d5e48ff126ea
82,cerita_82.txt,25,Semua siswa merasa bersyukur memiliki keluarga utuh.,ec4154520161bf25c3e52bff9069ae13e8bf9a31cc529a1298b9d5e48ff126ea
83,cerita_83.txt,1,Liburan sekolah semester Bayu dihabiskan di desa.,bd00a70c9b3f0aa649c02912df9ee0b15ef452635fc2dcea5c79ec0e2d2bd2d8
83,cerita_83.txt,2,Kakek akan memanen hamparan padi di sawah.,bd00a70c9b3f0aa649c02912df9ee0b15ef452635fc2dcea5c79ec0e2d2bd2d8
83,cerita_83.txt,3,Pagi hari Bayu memakai topi caping bambu.,bd00a70c9b3f0aa649c02912df9ee0b15ef452635fc2dcea5c79ec0e2d2bd2d8
83,cerita_83.txt,4,Bayu membawa sebotol besar air minum dingin.,bd00a70c9b3f0aa649c02912df9ee0b15ef452635fc2dcea5c79ec0e2d2bd2d8
83,cerita_83.txt,5,Mereka berjalan menyusuri pematang sawah jalan setapak.,bd00a70c9b3f0aa649c02912df9ee0b15ef452635fc2dcea5c79ec0e2d2bd2d8
83,cerita_83.txt,6,Padi di sawah menguning layaknya hamparan emas.,bd00a70c9b3f0aa649c02912df9ee0b15ef452635fc2dcea5c79ec0e2d2bd2d8
83,cerita_83.txt,7,Banyak buruh tani lain ikut membantu kakek.,bd00a70c9b3f0aa649c02912df9ee0b15ef452635fc2dcea5c79ec0e2d2bd2d8
83,cerita_83.txt,8,Kakek memotong batang padi menggunakan arit tajam.,bd00a70c9b3f0aa649c02912df9ee0b15ef452635fc2dcea5c79ec0e2d2bd2d8
83,cerita_83.txt,9,Bayu bertugas rajin mengumpulkan potongan batang padi.,bd00a70c9b3f0aa649c02912df9ee0b15ef452635fc2dcea5c79ec0e2d2bd2d8
83,cerita_83.txt,10,Bayu menumpuk padi panen di atas tikar.,bd00a70c9b3f0aa649c02912df9ee0b15ef452635fc2dcea5c79ec0e2d2bd2d8
83,cerita_83.txt,11,Tumpukan batang padi menjadi terlihat sangat tinggi.,bd00a70c9b3f0aa649c02912df9ee0b15ef452635fc2dcea5c79ec0e2d2bd2d8
83,cerita_83.txt,12,Kakek membawa alat mesin perontok padi manual.,bd00a70c9b3f0aa649c02912df9ee0b15ef452635fc2dcea5c79ec0e2d2bd2d8
83,cerita_83.txt,13,Kakek menginjak pedal alat kayu perontok itu.,bd00a70c9b3f0aa649c02912df9ee0b15ef452635fc2dcea5c79ec0e2d2bd2d8
83,cerita_83.txt,14,Kakek memukul batang padi mendekati putaran roda.,bd00a70c9b3f0aa649c02912df9ee0b15ef452635fc2dcea5c79ec0e2d2bd2d8
83,cerita_83.txt,15,Bulir-bulir gabah padi rontok jatuh ke tikar.,bd00a70c9b3f0aa649c02912df9ee0b15ef452635fc2dcea5c79ec0e2d2bd2d8
83,cerita_83.txt,16,Bayu membantu memasukkan butiran gabah ke karung.,bd00a70c9b3f0aa649c02912df9ee0b15ef452635fc2dcea5c79ec0e2d2bd2d8
83,cerita_83.txt,17,Tangan leher Bayu terasa sedikit gatal daun.,bd00a70c9b3f0aa649c02912df9ee0b15ef452635fc2dcea5c79ec0e2d2bd2d8
83,cerita_83.txt,18,Kakek mencuci tubuh Bayu di aliran parit.,bd00a70c9b3f0aa649c02912df9ee0b15ef452635fc2dcea5c79ec0e2d2bd2d8
83,cerita_83.txt,19,Siang hari terik nenek mengantar rantang makanan.,bd00a70c9b3f0aa649c02912df9ee0b15ef452635fc2dcea5c79ec0e2d2bd2d8
83,cerita_83.txt,20,Mereka makan siang berteduh di bawah pohon.,bd00a70c9b3f0aa649c02912df9ee0b15ef452635fc2dcea5c79ec0e2d2bd2d8
83,cerita_83.txt,21,Angin sepoi sawah bertiup membawa rasa sejuk.,bd00a70c9b3f0aa649c02912df9ee0b15ef452635fc2dcea5c79ec0e2d2bd2d8
83,cerita_83.txt,22,Panen potong padi selesai menjelang waktu sore.,bd00a70c9b3f0aa649c02912df9ee0b15ef452635fc2dcea5c79ec0e2d2bd2d8
83,cerita_83.txt,23,Kakek mengangkut karung gabah menggunakan gerobak sapi.,bd00a70c9b3f0aa649c02912df9ee0b15ef452635fc2dcea5c79ec0e2d2bd2d8
83,cerita_83.txt,24,Bayu ikut duduk tenang di atas gerobak.,bd00a70c9b3f0aa649c02912df9ee0b15ef452635fc2dcea5c79ec0e2d2bd2d8
83,cerita_83.txt,25,Pengalaman panen padi sangat melelahkan tapi menyenangkan.,bd00a70c9b3f0aa649c02912df9ee0b15ef452635fc2dcea5c79ec0e2d2bd2d8
84,cerita_84.txt,1,Hari ini nenek kandung berulang tahun keenam puluh.,e621600653d45c07a2b9a68487c0096d7c5e2b98ac81e346b24c1a13b91fa018
84,cerita_84.txt,2,Keluarga besar kumpul bersama di rumah kakek.,e621600653d45c07a2b9a68487c0096d7c5e2b98ac81e346b24c1a13b91fa018
84,cerita_84.txt,3,Ibu sibuk memasak banyak makanan di dapur.,e621600653d45c07a2b9a68487c0096d7c5e2b98ac81e346b24c1a13b91fa018
84,cerita_84.txt,4,Paman memasang dekorasi lampion balon di ruangan.,e621600653d45c07a2b9a68487c0096d7c5e2b98ac81e346b24c1a13b91fa018
84,cerita_84.txt,5,Dina menyiapkan kado kejutan spesial untuk nenek.,e621600653d45c07a2b9a68487c0096d7c5e2b98ac81e346b24c1a13b91fa018
84,cerita_84.txt,6,Kado itu adalah syal rajutan wol buatan.,e621600653d45c07a2b9a68487c0096d7c5e2b98ac81e346b24c1a13b91fa018
84,cerita_84.txt,7,Sore hari rentetan acara perayaan keluarga dimulai.,e621600653d45c07a2b9a68487c0096d7c5e2b98ac81e346b24c1a13b91fa018
84,cerita_84.txt,8,Nenek duduk tenang di kursi utama ruangan.,e621600653d45c07a2b9a68487c0096d7c5e2b98ac81e346b24c1a13b91fa018
84,cerita_84.txt,9,Ayah membawa kue tart rasa cokelat lezat.,e621600653d45c07a2b9a68487c0096d7c5e2b98ac81e346b24c1a13b91fa018
84,cerita_84.txt,10,Kue itu memiliki angka lilin enam puluh.,e621600653d45c07a2b9a68487c0096d7c5e2b98ac81e346b24c1a13b91fa018
84,cerita_84.txt,11,Seluruh anggota keluarga menyanyikan lagu panjang umurnya.,e621600653d45c07a2b9a68487c0096d7c5e2b98ac81e346b24c1a13b91fa018
84,cerita_84.txt,12,Nenek meniup nyala lilin dengan sekali hembusan.,e621600653d45c07a2b9a68487c0096d7c5e2b98ac81e346b24c1a13b91fa018
84,cerita_84.txt,13,Semua orang bertepuk tangan gembira sangat meriah.,e621600653d45c07a2b9a68487c0096d7c5e2b98ac81e346b24c1a13b91fa018
84,cerita_84.txt,14,Nenek memotong kue tart cokelat potongan pertama.,e621600653d45c07a2b9a68487c0096d7c5e2b98ac81e346b24c1a13b91fa018
84,cerita_84.txt,15,Potongan kue diberikan nenek kepada kakek tersayang.,e621600653d45c07a2b9a68487c0096d7c5e2b98ac81e346b24c1a13b91fa018
84,cerita_84.txt,16,Dina maju ke depan menyodorkan kotak kado.,e621600653d45c07a2b9a68487c0096d7c5e2b98ac81e346b24c1a13b91fa018
84,cerita_84.txt,17,Nenek membuka robek kertas kado dengan hati-hati.,e621600653d45c07a2b9a68487c0096d7c5e2b98ac81e346b24c1a13b91fa018
84,cerita_84.txt,18,Nenek melihat syal rajutan berwarna merah hati.,e621600653d45c07a2b9a68487c0096d7c5e2b98ac81e346b24c1a13b91fa018
84,cerita_84.txt,19,Nenek sangat menyukai hasil hadiah cucunya itu.,e621600653d45c07a2b9a68487c0096d7c5e2b98ac81e346b24c1a13b91fa018
84,cerita_84.txt,20,Nenek langsung melilitkan memakai syal merah tebal.,e621600653d45c07a2b9a68487c0096d7c5e2b98ac81e346b24c1a13b91fa018
84,cerita_84.txt,21,Mereka makan malam bersama menyantap masakan nikmat.,e621600653d45c07a2b9a68487c0096d7c5e2b98ac81e346b24c1a13b91fa018
84,cerita_84.txt,22,Paman memetik gitar akustik menghibur suasana keluarga.,e621600653d45c07a2b9a68487c0096d7c5e2b98ac81e346b24c1a13b91fa018
84,cerita_84.txt,23,Sepupu kembar Dina ikut bernyanyi lagu riang.,e621600653d45c07a2b9a68487c0096d7c5e2b98ac81e346b24c1a13b91fa018
84,cerita_84.txt,24,Nenek tersenyum bahagia melihat seluruh keluarganya kumpul.,e621600653d45c07a2b9a68487c0096d7c5e2b98ac81e346b24c1a13b91fa018
84,cerita_84.txt,25,Perayaan sederhana tahunan ini penuh rasa cinta.,e621600653d45c07a2b9a68487c0096d7c5e2b98ac81e346b24c1a13b91fa018
85,cerita_85.txt,1,Sekolah swasta Santi mengadakan kelas kesenian membatik.,0a50246c925e7f63027f338bd904a9bc6985def2cf165b1226d0126a131f20f9
85,cerita_85.txt,2,Guru kesenian sengaja mengundang pengrajin batik lokal.,0a50246c925e7f63027f338bd904a9bc6985def2cf165b1226d0126a131f20f9
85,cerita_85.txt,3,Pengrajin wanita membawa kain mori berwarna putih.,0a50246c925e7f63027f338bd904a9bc6985def2cf165b1226d0126a131f20f9
85,cerita_85.txt,4,Pengrajin menyalakan api kompor dan wajan besi.,0a50246c925e7f63027f338bd904a9bc6985def2cf165b1226d0126a131f20f9
85,cerita_85.txt,5,Lilin kuning dipanaskan di dalam wajan.,0a50246c925e7f63027f338bd904a9bc6985def2cf165b1226d0126a131f20f9
85,cerita_85.txt,6,Santi menggambar desain pola bunga di kain.,0a50246c925e7f63027f338bd904a9bc6985def2cf165b1226d0126a131f20f9
85,cerita_85.txt,7,Santi menggunakan pensil tumpul menggambar pola kelopak.,0a50246c925e7f63027f338bd904a9bc6985def2cf165b1226d0126a131f20f9
85,cerita_85.txt,8,Pengrajin membagikan gagang canting kepada setiap siswa.,0a50246c925e7f63027f338bd904a9bc6985def2cf165b1226d0126a131f20f9
85,cerita_85.txt,9,Canting adalah alat melukis meneteskan lilin cair.,0a50246c925e7f63027f338bd904a9bc6985def2cf165b1226d0126a131f20f9
85,cerita_85.txt,10,Santi mengambil sedikit panas malam menggunakan canting.,0a50246c925e7f63027f338bd904a9bc6985def2cf165b1226d0126a131f20f9
85,cerita_85.txt,11,Santi meniup ujung canting menetralkan rasa panas.,0a50246c925e7f63027f338bd904a9bc6985def2cf165b1226d0126a131f20f9
85,cerita_85.txt,12,Santi menggoreskan ujung canting mengikuti pola pensil.,0a50246c925e7f63027f338bd904a9bc6985def2cf165b1226d0126a131f20f9
85,cerita_85.txt,13,Lilin cair langsung menempel membentuk garis bunga.,0a50246c925e7f63027f338bd904a9bc6985def2cf165b1226d0126a131f20f9
85,cerita_85.txt,14,Tangan memegang canting Santi bergerak sangat tenang.,0a50246c925e7f63027f338bd904a9bc6985def2cf165b1226d0126a131f20f9
85,cerita_85.txt,15,Proses melukis cairan lilin memakan waktu lama.,0a50246c925e7f63027f338bd904a9bc6985def2cf165b1226d0126a131f20f9
85,cerita_85.txt,16,Kain mori panjang Santi selesai dilukis sempurna.,0a50246c925e7f63027f338bd904a9bc6985def2cf165b1226d0126a131f20f9
85,cerita_85.txt,17,Langkah berikutnya adalah proses perendaman pewarnaan kain.,0a50246c925e7f63027f338bd904a9bc6985def2cf165b1226d0126a131f20f9
85,cerita_85.txt,18,Pengrajin mencelupkan kain basah ke pewarna biru.,0a50246c925e7f63027f338bd904a9bc6985def2cf165b1226d0126a131f20f9
85,cerita_85.txt,19,Kain direbus panas menghilangkan sisa lilin kering.,0a50246c925e7f63027f338bd904a9bc6985def2cf165b1226d0126a131f20f9
85,cerita_85.txt,20,Pola kelopak bunga putih terlihat sangat jelas.,0a50246c925e7f63027f338bd904a9bc6985def2cf165b1226d0126a131f20f9
85,cerita_85.txt,21,Kain batik basah Santi dijemur di jemuran.,0a50246c925e7f63027f338bd904a9bc6985def2cf165b1226d0126a131f20f9
85,cerita_85.txt,22,Angin kencang mengeringkan serat kain batik tersebut.,0a50246c925e7f63027f338bd904a9bc6985def2cf165b1226d0126a131f20f9
85,cerita_85.txt,23,Santi memegang kain hasil karya batiknya bangga.,0a50246c925e7f63027f338bd904a9bc6985def2cf165b1226d0126a131f20f9
85,cerita_85.txt,24,Santi berniat memberikan kain batik kepada ibunya.,0a50246c925e7f63027f338bd904a9bc6985def2cf165b1226d0126a131f20f9
85,cerita_85.txt,25,Membatik menjadi seni tradisional yang sangat mengasyikkan.,0a50246c925e7f63027f338bd904a9bc6985def2cf165b1226d0126a131f20f9
86,cerita_86.txt,1,Pasukan siswa penggalang bersiap mengikuti lomba pramuka.,02334f9d40d145b52221b0f2097bae2483646b5010d2c1766f736eadd7f0b0c8
86,cerita_86.txt,2,Regu Elang maju mewakili nama sekolah Rian.,02334f9d40d145b52221b0f2097bae2483646b5010d2c1766f736eadd7f0b0c8
86,cerita_86.txt,3,Rian dipilih menjadi pemimpin regu pramuka penggalang.,02334f9d40d145b52221b0f2097bae2483646b5010d2c1766f736eadd7f0b0c8
86,cerita_86.txt,4,Mereka rajin berlatih tali-temali setiap jadwal sore.,02334f9d40d145b52221b0f2097bae2483646b5010d2c1766f736eadd7f0b0c8
86,cerita_86.txt,5,Hari pelaksanaan perlombaan diadakan di bumi perkemahan.,02334f9d40d145b52221b0f2097bae2483646b5010d2c1766f736eadd7f0b0c8
86,cerita_86.txt,6,Banyak tenda kemah peserta didirikan di rumput.,02334f9d40d145b52221b0f2097bae2483646b5010d2c1766f736eadd7f0b0c8
86,cerita_86.txt,7,Lomba tantangan pertama adalah mendirikan tenda cepat.,02334f9d40d145b52221b0f2097bae2483646b5010d2c1766f736eadd7f0b0c8
86,cerita_86.txt,8,Regu Elang membagi tugas pekerjaan masing-masing anggota.,02334f9d40d145b52221b0f2097bae2483646b5010d2c1766f736eadd7f0b0c8
86,cerita_86.txt,9,Rian memukul pasak tenda menggunakan palu kayu.,02334f9d40d145b52221b0f2097bae2483646b5010d2c1766f736eadd7f0b0c8
86,cerita_86.txt,10,Tenda kemah Regu Elang berdiri sangat kokoh.,02334f9d40d145b52221b0f2097bae2483646b5010d2c1766f736eadd7f0b0c8
86,cerita_86.txt,11,Lomba tantangan kedua adalah memecahkan sandi morse.,02334f9d40d145b52221b0f2097bae2483646b5010d2c1766f736eadd7f0b0c8
86,cerita_86.txt,12,Panitia perlombaan meniup peluit bunyi panjang pendek.,02334f9d40d145b52221b0f2097bae2483646b5010d2c1766f736eadd7f0b0c8
86,cerita_86.txt,13,Rian teliti mencatat sandi rumit di kertas.,02334f9d40d145b52221b0f2097bae2483646b5010d2c1766f736eadd7f0b0c8
86,cerita_86.txt,14,Teman Rian menerjemahkan huruf sandi menjadi kalimat.,02334f9d40d145b52221b0f2097bae2483646b5010d2c1766f736eadd7f0b0c8
86,cerita_86.txt,15,Mereka sukses berhasil menemukan pesan tersembunyi tersebut.,02334f9d40d145b52221b0f2097bae2483646b5010d2c1766f736eadd7f0b0c8
86,cerita_86.txt,16,Pos lomba terakhir adalah rintangan kolam lumpur.,02334f9d40d145b52221b0f2097bae2483646b5010d2c1766f736eadd7f0b0c8
86,cerita_86.txt,17,Regu Elang merayap masuk di bawah jaring.,02334f9d40d145b52221b0f2097bae2483646b5010d2c1766f736eadd7f0b0c8
86,cerita_86.txt,18,Baju seragam cokelat pramuka kotor terkena lumpur.,02334f9d40d145b52221b0f2097bae2483646b5010d2c1766f736eadd7f0b0c8
86,cerita_86.txt,19,Mereka berlari-lari menyentuh garis batas akhir.,02334f9d40d145b52221b0f2097bae2483646b5010d2c1766f736eadd7f0b0c8
86,cerita_86.txt,20,Sorak penonton ramai menggema di bumi perkemahan.,02334f9d40d145b52221b0f2097bae2483646b5010d2c1766f736eadd7f0b0c8
86,cerita_86.txt,21,Panitia acara menghitung skor poin seluruh peserta.,02334f9d40d145b52221b0f2097bae2483646b5010d2c1766f736eadd7f0b0c8
86,cerita_86.txt,22,Regu Elang rupanya mendapat nilai paling tertinggi.,02334f9d40d145b52221b0f2097bae2483646b5010d2c1766f736eadd7f0b0c8
86,cerita_86.txt,23,Rian mewakili menerima piala juara satu.,02334f9d40d145b52221b0f2097bae2483646b5010d2c1766f736eadd7f0b0c8
86,cerita_86.txt,24,Regu Elang bersorak merayakan kemenangan kelompok bernyanyi.,02334f9d40d145b52221b0f2097bae2483646b5010d2c1766f736eadd7f0b0c8
86,cerita_86.txt,25,Mereka pulang membawa piala untuk sekolah.,02334f9d40d145b52221b0f2097bae2483646b5010d2c1766f736eadd7f0b0c8
87,cerita_87.txt,1,Yoga menerima paket kotak hadiah dari paman.,3618d0e1c1b5772ace1628e9c717be88b0a94a0e73552986c309f0f56042b1e9
87,cerita_87.txt,2,Kotak paket cokelat dibungkus selotip kertas tebal.,3618d0e1c1b5772ace1628e9c717be88b0a94a0e73552986c309f0f56042b1e9
87,cerita_87.txt,3,Yoga menyobek kotak menggunakan pisau gunting.,3618d0e1c1b5772ace1628e9c717be88b0a94a0e73552986c309f0f56042b1e9
87,cerita_87.txt,4,Di dalam kotak terdapat mainan robot canggih.,3618d0e1c1b5772ace1628e9c717be88b0a94a0e73552986c309f0f56042b1e9
87,cerita_87.txt,5,Robot canggih itu berwarna perak dan biru.,3618d0e1c1b5772ace1628e9c717be88b0a94a0e73552986c309f0f56042b1e9
87,cerita_87.txt,6,Yoga teliti membaca buku petunjuk pada kertas lipat.,3618d0e1c1b5772ace1628e9c717be88b0a94a0e73552986c309f0f56042b1e9
87,cerita_87.txt,7,Yoga mengambil dua baterai baru di laci.,3618d0e1c1b5772ace1628e9c717be88b0a94a0e73552986c309f0f56042b1e9
87,cerita_87.txt,8,Yoga memasukkan ujung baterai ke punggung robot.,3618d0e1c1b5772ace1628e9c717be88b0a94a0e73552986c309f0f56042b1e9
87,cerita_87.txt,9,Yoga memencet tombol daya merah di dada.,3618d0e1c1b5772ace1628e9c717be88b0a94a0e73552986c309f0f56042b1e9
87,cerita_87.txt,10,Mata robot langsung menyala berwarna hijau.,3618d0e1c1b5772ace1628e9c717be88b0a94a0e73552986c309f0f56042b1e9
87,cerita_87.txt,11,Robot itu berbicara mengucapkan kalimat bahasa asing.,3618d0e1c1b5772ace1628e9c717be88b0a94a0e73552986c309f0f56042b1e9
87,cerita_87.txt,12,Yoga menggenggam erat remot kontrol dari jarak jauh.,3618d0e1c1b5772ace1628e9c717be88b0a94a0e73552986c309f0f56042b1e9
87,cerita_87.txt,13,Yoga menggerakkan tuas kemudi remot ke depan.,3618d0e1c1b5772ace1628e9c717be88b0a94a0e73552986c309f0f56042b1e9
87,cerita_87.txt,14,Kaki roda robot melangkah bergerak melaju maju.,3618d0e1c1b5772ace1628e9c717be88b0a94a0e73552986c309f0f56042b1e9
87,cerita_87.txt,15,Yoga menekan tombol arah panah belok kiri.,3618d0e1c1b5772ace1628e9c717be88b0a94a0e73552986c309f0f56042b1e9
87,cerita_87.txt,16,Robot berputar gasing ke kiri sangat cepat.,3618d0e1c1b5772ace1628e9c717be88b0a94a0e73552986c309f0f56042b1e9
87,cerita_87.txt,17,Robot bisa mengangkat kedua lengan capit di tangannya.,3618d0e1c1b5772ace1628e9c717be88b0a94a0e73552986c309f0f56042b1e9
87,cerita_87.txt,18,Yoga membuat arena lintasan balang dari buku.,3618d0e1c1b5772ace1628e9c717be88b0a94a0e73552986c309f0f56042b1e9
87,cerita_87.txt,19,Yoga mengendalikan laju robot melewati rintangan buku.,3618d0e1c1b5772ace1628e9c717be88b0a94a0e73552986c309f0f56042b1e9
87,cerita_87.txt,20,Robot berhasil melewati rintangan tanpa tabrakan.,3618d0e1c1b5772ace1628e9c717be88b0a94a0e73552986c309f0f56042b1e9
87,cerita_87.txt,21,Adik Yoga hanya melihat aksi robot dengan kagum.,3618d0e1c1b5772ace1628e9c717be88b0a94a0e73552986c309f0f56042b1e9
87,cerita_87.txt,22,Yoga berbaik hati meminjamkan remot kontrol kemudi.,3618d0e1c1b5772ace1628e9c717be88b0a94a0e73552986c309f0f56042b1e9
87,cerita_87.txt,23,Adik kecil bermain robot di atas karpet.,3618d0e1c1b5772ace1628e9c717be88b0a94a0e73552986c309f0f56042b1e9
87,cerita_87.txt,24,Mainan gerak ini sangat menghibur rasa bosan.,3618d0e1c1b5772ace1628e9c717be88b0a94a0e73552986c309f0f56042b1e9
87,cerita_87.txt,25,Yoga berjanji selalu merawat mainan robot tersebut.,3618d0e1c1b5772ace1628e9c717be88b0a94a0e73552986c309f0f56042b1e9
88,cerita_88.txt,1,Halaman belakang rumah Tina memiliki tanah kosong.,cd4e0b2491ba1712f1c603f6f4b38bf7abe44d958630ec9c19ec5d633a5806b9
88,cerita_88.txt,2,Ayah sengaja membeli bibit pohon mangga madu.,cd4e0b2491ba1712f1c603f6f4b38bf7abe44d958630ec9c19ec5d633a5806b9
88,cerita_88.txt,3,Bibit berakar pohon ditanam di kantong plastik.,cd4e0b2491ba1712f1c603f6f4b38bf7abe44d958630ec9c19ec5d633a5806b9
88,cerita_88.txt,4,Ayah mengajak Tina menanam pohon mangga bersama.,cd4e0b2491ba1712f1c603f6f4b38bf7abe44d958630ec9c19ec5d633a5806b9
88,cerita_88.txt,5,Ayah mengambil sebatang cangkul dari dalam gudang.,cd4e0b2491ba1712f1c603f6f4b38bf7abe44d958630ec9c19ec5d633a5806b9
88,cerita_88.txt,6,Ayah menggali tanah membentuk lubang berukuran sedang.,cd4e0b2491ba1712f1c603f6f4b38bf7abe44d958630ec9c19ec5d633a5806b9
88,cerita_88.txt,7,Tina membantu melepaskan sobekan plastik dari akar.,cd4e0b2491ba1712f1c603f6f4b38bf7abe44d958630ec9c19ec5d633a5806b9
88,cerita_88.txt,8,Tanah kompos menempel kuat pada akar pohon.,cd4e0b2491ba1712f1c603f6f4b38bf7abe44d958630ec9c19ec5d633a5806b9
88,cerita_88.txt,9,Ayah meletakkan akar bibit ke dalam lubang.,cd4e0b2491ba1712f1c603f6f4b38bf7abe44d958630ec9c19ec5d633a5806b9
88,cerita_88.txt,10,Ayah memegang tengah batang pohon agar berdiri tegak.,cd4e0b2491ba1712f1c603f6f4b38bf7abe44d958630ec9c19ec5d633a5806b9
88,cerita_88.txt,11,Tina mendorong kumpulan tanah menutupi celah akar.,cd4e0b2491ba1712f1c603f6f4b38bf7abe44d958630ec9c19ec5d633a5806b9
88,cerita_88.txt,12,Tina menekan tanah di sekitar batang.,cd4e0b2491ba1712f1c603f6f4b38bf7abe44d958630ec9c19ec5d633a5806b9
88,cerita_88.txt,13,Ayah menancapkan sebatang bambu di sebelah bibit.,cd4e0b2491ba1712f1c603f6f4b38bf7abe44d958630ec9c19ec5d633a5806b9
88,cerita_88.txt,14,Ayah mengikat batang pohon pada bambu penopang.,cd4e0b2491ba1712f1c603f6f4b38bf7abe44d958630ec9c19ec5d633a5806b9
88,cerita_88.txt,15,Bambu penyangga mencegah pohon tumbang tertiup angin.,cd4e0b2491ba1712f1c603f6f4b38bf7abe44d958630ec9c19ec5d633a5806b9
88,cerita_88.txt,16,Tina mengangkat teko untuk menyiram tanaman warna hijau.,cd4e0b2491ba1712f1c603f6f4b38bf7abe44d958630ec9c19ec5d633a5806b9
88,cerita_88.txt,17,Tina mengisi penuh teko dengan air keran.,cd4e0b2491ba1712f1c603f6f4b38bf7abe44d958630ec9c19ec5d633a5806b9
88,cerita_88.txt,18,Tina perlahan menyiram tanah di sekitar bibit.,cd4e0b2491ba1712f1c603f6f4b38bf7abe44d958630ec9c19ec5d633a5806b9
88,cerita_88.txt,19,Air bening meresap membasahi butir tanah kering.,cd4e0b2491ba1712f1c603f6f4b38bf7abe44d958630ec9c19ec5d633a5806b9
88,cerita_88.txt,20,Ayah menaburkan segenggam pupuk kompos di atas.,cd4e0b2491ba1712f1c603f6f4b38bf7abe44d958630ec9c19ec5d633a5806b9
88,cerita_88.txt,21,Pupuk akan memberi nutrisi pertumbuhan pohon.,cd4e0b2491ba1712f1c603f6f4b38bf7abe44d958630ec9c19ec5d633a5806b9
88,cerita_88.txt,22,Mereka mencuci bersih alat berkebun dengan selang air.,cd4e0b2491ba1712f1c603f6f4b38bf7abe44d958630ec9c19ec5d633a5806b9
88,cerita_88.txt,23,Tina berdoa agar pohon mangga lekas berbuah manis.,cd4e0b2491ba1712f1c603f6f4b38bf7abe44d958630ec9c19ec5d633a5806b9
88,cerita_88.txt,24,Ayah mengingatkan jadwal Tina menyiram pohon setiap sore.,cd4e0b2491ba1712f1c603f6f4b38bf7abe44d958630ec9c19ec5d633a5806b9
88,cerita_88.txt,25,Menanam pohon membuat lingkungan terasa asri.,cd4e0b2491ba1712f1c603f6f4b38bf7abe44d958630ec9c19ec5d633a5806b9
89,cerita_89.txt,1,Hari Minggu pagi turun gerimis rintik-rintik.,6adaccd0e89d543dd47e8d7cbd61b57aced5c224210bff8689b979645acfba1b
89,cerita_89.txt,2,Dodi terpaksa bermain di dalam kamar yang kering.,6adaccd0e89d543dd47e8d7cbd61b57aced5c224210bff8689b979645acfba1b
89,cerita_89.txt,3,Kakak mengambil beberapa lembar kertas bekas.,6adaccd0e89d543dd47e8d7cbd61b57aced5c224210bff8689b979645acfba1b
89,cerita_89.txt,4,Kakak bersedia mengajari Dodi membuat pesawat kertas.,6adaccd0e89d543dd47e8d7cbd61b57aced5c224210bff8689b979645acfba1b
89,cerita_89.txt,5,Dodi melipat kertas persegi menjadi setengah.,6adaccd0e89d543dd47e8d7cbd61b57aced5c224210bff8689b979645acfba1b
89,cerita_89.txt,6,Dodi membuka kembali lipatan kertas itu perlahan.,6adaccd0e89d543dd47e8d7cbd61b57aced5c224210bff8689b979645acfba1b
89,cerita_89.txt,7,Dodi melipat siku kedua ujung atas tengah.,6adaccd0e89d543dd47e8d7cbd61b57aced5c224210bff8689b979645acfba1b
89,cerita_89.txt,8,Ujung lipatan kertas membentuk segitiga sama kaki.,6adaccd0e89d543dd47e8d7cbd61b57aced5c224210bff8689b979645acfba1b
89,cerita_89.txt,9,Kakak menyuruh adik melipat kertas itu lagi.,6adaccd0e89d543dd47e8d7cbd61b57aced5c224210bff8689b979645acfba1b
89,cerita_89.txt,10,Dodi melipat sisi bagian samping membentuk sayap.,6adaccd0e89d543dd47e8d7cbd61b57aced5c224210bff8689b979645acfba1b
89,cerita_89.txt,11,Pesawat lipat kertas milik Dodi sudah selesai.,6adaccd0e89d543dd47e8d7cbd61b57aced5c224210bff8689b979645acfba1b
89,cerita_89.txt,12,Pesawat terbang itu berwarna biru kertas cerah.,6adaccd0e89d543dd47e8d7cbd61b57aced5c224210bff8689b979645acfba1b
89,cerita_89.txt,13,Kakak membuat kreasi pesawat berwarna kuning terang.,6adaccd0e89d543dd47e8d7cbd61b57aced5c224210bff8689b979645acfba1b
89,cerita_89.txt,14,Kakak menambahkan jepitan kertas berat di bagian hidung.,6adaccd0e89d543dd47e8d7cbd61b57aced5c224210bff8689b979645acfba1b
89,cerita_89.txt,15,Mereka pergi bergeser ke ruang tamu yang luas.,6adaccd0e89d543dd47e8d7cbd61b57aced5c224210bff8689b979645acfba1b
89,cerita_89.txt,16,Dodi melempar pesawat birunya ke udara.,6adaccd0e89d543dd47e8d7cbd61b57aced5c224210bff8689b979645acfba1b
89,cerita_89.txt,17,Pesawat warna biru melayang lurus meluncur jauh.,6adaccd0e89d543dd47e8d7cbd61b57aced5c224210bff8689b979645acfba1b
89,cerita_89.txt,18,Pesawat terbang biru mendarat pelan di sofa.,6adaccd0e89d543dd47e8d7cbd61b57aced5c224210bff8689b979645acfba1b
89,cerita_89.txt,19,Kakak melempar pesawat kuning sangat kuat.,6adaccd0e89d543dd47e8d7cbd61b57aced5c224210bff8689b979645acfba1b
89,cerita_89.txt,20,Pesawat kuning berputar membuat lingkaran udara.,6adaccd0e89d543dd47e8d7cbd61b57aced5c224210bff8689b979645acfba1b
89,cerita_89.txt,21,Dodi bersorak gembira melihat pesawat berputar.,6adaccd0e89d543dd47e8d7cbd61b57aced5c224210bff8689b979645acfba1b
89,cerita_89.txt,22,Mereka berdua menerbangkan pesawat kertas berulang kali.,6adaccd0e89d543dd47e8d7cbd61b57aced5c224210bff8689b979645acfba1b
89,cerita_89.txt,23,Beberapa pesawat salah tersangkut di lampu gantung.,6adaccd0e89d543dd47e8d7cbd61b57aced5c224210bff8689b979645acfba1b
89,cerita_89.txt,24,Ayah membantu mengambil pesawat pakai sapu.,6adaccd0e89d543dd47e8d7cbd61b57aced5c224210bff8689b979645acfba1b
89,cerita_89.txt,25,Permainan lipat sederhana ini sangat disukai Dodi.,6adaccd0e89d543dd47e8d7cbd61b57aced5c224210bff8689b979645acfba1b
90,cerita_90.txt,1,Rio pergi berlibur ke pesisir pantai laut.,561e8666dc3c51f8ab20744d299c28d275a5eff33ccea56c842be1f991e04916
90,cerita_90.txt,2,Matahari siang bersinar terik menyinari pasir putih.,561e8666dc3c51f8ab20744d299c28d275a5eff33ccea56c842be1f991e04916
90,cerita_90.txt,3,Rio membawa ember cetak dan sekop mainan.,561e8666dc3c51f8ab20744d299c28d275a5eff33ccea56c842be1f991e04916
90,cerita_90.txt,4,Rio duduk di batas ombak air.,561e8666dc3c51f8ab20744d299c28d275a5eff33ccea56c842be1f991e04916
90,cerita_90.txt,5,Pasir pinggir pantai sangat basah dan padat.,561e8666dc3c51f8ab20744d299c28d275a5eff33ccea56c842be1f991e04916
90,cerita_90.txt,6,Rio antusias mulai menggali gundukan pasir besar.,561e8666dc3c51f8ab20744d299c28d275a5eff33ccea56c842be1f991e04916
90,cerita_90.txt,7,Rio memukul pasir menggunakan punggung sekop.,561e8666dc3c51f8ab20744d299c28d275a5eff33ccea56c842be1f991e04916
90,cerita_90.txt,8,Kakak datang membantu Rio membangun istana.,561e8666dc3c51f8ab20744d299c28d275a5eff33ccea56c842be1f991e04916
90,cerita_90.txt,9,Kakak membuat dinding panjang benteng pelindung istana.,561e8666dc3c51f8ab20744d299c28d275a5eff33ccea56c842be1f991e04916
90,cerita_90.txt,10,Rio mencetak pasir menggunakan ember kerucut.,561e8666dc3c51f8ab20744d299c28d275a5eff33ccea56c842be1f991e04916
90,cerita_90.txt,11,Rio meletakkan menara di empat sudut.,561e8666dc3c51f8ab20744d299c28d275a5eff33ccea56c842be1f991e04916
90,cerita_90.txt,12,Istana pasir raksasa mulai terlihat sangat megah.,561e8666dc3c51f8ab20744d299c28d275a5eff33ccea56c842be1f991e04916
90,cerita_90.txt,13,Kakak berkeliling mencari kerang kecil dan cangkang siput.,561e8666dc3c51f8ab20744d299c28d275a5eff33ccea56c842be1f991e04916
90,cerita_90.txt,14,Kakak menempelkan kerang menghiasi pintu gerbang.,561e8666dc3c51f8ab20744d299c28d275a5eff33ccea56c842be1f991e04916
90,cerita_90.txt,15,Rio menggali parit mengelilingi dinding istana.,561e8666dc3c51f8ab20744d299c28d275a5eff33ccea56c842be1f991e04916
90,cerita_90.txt,16,Air sisa ombak masuk mengisi parit buatan.,561e8666dc3c51f8ab20744d299c28d275a5eff33ccea56c842be1f991e04916
90,cerita_90.txt,17,Ayah memegang kamera mengambil foto istana pasir.,561e8666dc3c51f8ab20744d299c28d275a5eff33ccea56c842be1f991e04916
90,cerita_90.txt,18,Pengunjung lewat pantai memuji karya istana megah.,561e8666dc3c51f8ab20744d299c28d275a5eff33ccea56c842be1f991e04916
90,cerita_90.txt,19,Tiba-tiba riak ombak besar datang menyapu pesisir.,561e8666dc3c51f8ab20744d299c28d275a5eff33ccea56c842be1f991e04916
90,cerita_90.txt,20,Air dorongan ombak menghantam dinding benteng pasir.,561e8666dc3c51f8ab20744d299c28d275a5eff33ccea56c842be1f991e04916
90,cerita_90.txt,21,Menara tinggi istana pasir luluh runtuh perlahan.,561e8666dc3c51f8ab20744d299c28d275a5eff33ccea56c842be1f991e04916
90,cerita_90.txt,22,Rio tidak menangis melihat istananya hancur.,561e8666dc3c51f8ab20744d299c28d275a5eff33ccea56c842be1f991e04916
90,cerita_90.txt,23,Air sapuan laut meratakan pasir menjadi datar.,561e8666dc3c51f8ab20744d299c28d275a5eff33ccea56c842be1f991e04916
90,cerita_90.txt,24,Rio mencuci tangan di air laut.,561e8666dc3c51f8ab20744d299c28d275a5eff33ccea56c842be1f991e04916
90,cerita_90.txt,25,Rio berlari mencari es kelapa muda.,561e8666dc3c51f8ab20744d299c28d275a5eff33ccea56c842be1f991e04916
91,cerita_91.txt,1,Doni melihat pertunjukan festival layang-layang di televisi.,75e3b743b4763d82515705ffece1328c5c9165779e0b98f2032f29868ead033a
91,cerita_91.txt,2,Doni ingin memiliki layang-layang kepala naga.,75e3b743b4763d82515705ffece1328c5c9165779e0b98f2032f29868ead033a
91,cerita_91.txt,3,Ayah berjanji nanti siang membantu Doni membuat layang-layang.,75e3b743b4763d82515705ffece1328c5c9165779e0b98f2032f29868ead033a
91,cerita_91.txt,4,Mereka membeli kerangka batang bambu di pasar.,75e3b743b4763d82515705ffece1328c5c9165779e0b98f2032f29868ead033a
91,cerita_91.txt,5,Ayah memotong bambu menjadi lingkaran.,75e3b743b4763d82515705ffece1328c5c9165779e0b98f2032f29868ead033a
91,cerita_91.txt,6,Ayah merajut rangka menggunakan benang pancing.,75e3b743b4763d82515705ffece1328c5c9165779e0b98f2032f29868ead033a
91,cerita_91.txt,7,Ayah merakit kerangka badan naga yang beruas-ruas.,75e3b743b4763d82515705ffece1328c5c9165779e0b98f2032f29868ead033a
91,cerita_91.txt,8,Doni menempelkan kertas layang warna merah.,75e3b743b4763d82515705ffece1328c5c9165779e0b98f2032f29868ead033a
91,cerita_91.txt,9,Doni mengoleskan lem kayu agar merekat.,75e3b743b4763d82515705ffece1328c5c9165779e0b98f2032f29868ead033a
91,cerita_91.txt,10,Ayah memotong kertas emas untuk sisik dengan gunting.,75e3b743b4763d82515705ffece1328c5c9165779e0b98f2032f29868ead033a
91,cerita_91.txt,11,Doni menempelkan sisik emas sepanjang badan dengan hati-hati.,75e3b743b4763d82515705ffece1328c5c9165779e0b98f2032f29868ead033a
91,cerita_91.txt,12,Mereka membuat mata naga dengan plastik hitam.,75e3b743b4763d82515705ffece1328c5c9165779e0b98f2032f29868ead033a
91,cerita_91.txt,13,Ayah mengikat tali kama bagian kepala dengan kencang.,75e3b743b4763d82515705ffece1328c5c9165779e0b98f2032f29868ead033a
91,cerita_91.txt,14,Layang-layang naga raksasa menghabiskan waktu dua hari.,75e3b743b4763d82515705ffece1328c5c9165779e0b98f2032f29868ead033a
91,cerita_91.txt,15,Sore ini angin bertiup sangat kencang.,75e3b743b4763d82515705ffece1328c5c9165779e0b98f2032f29868ead033a
91,cerita_91.txt,16,Ayah membawa layang-layang ke lapangan rumput.,75e3b743b4763d82515705ffece1328c5c9165779e0b98f2032f29868ead033a
91,cerita_91.txt,17,Ayah memegang ekor naga yang panjang.,75e3b743b4763d82515705ffece1328c5c9165779e0b98f2032f29868ead033a
91,cerita_91.txt,18,Doni berlari dengan cepat menarik gulungan benang yang tebal.,75e3b743b4763d82515705ffece1328c5c9165779e0b98f2032f29868ead033a
91,cerita_91.txt,19,Angin mengangkat kepala naga ke udara.,75e3b743b4763d82515705ffece1328c5c9165779e0b98f2032f29868ead033a
91,cerita_91.txt,20,Ayah melepaskan badan naga ke langit.,75e3b743b4763d82515705ffece1328c5c9165779e0b98f2032f29868ead033a
91,cerita_91.txt,21,Layang-layang naga meliuk-liuk gagah di angkasa.,75e3b743b4763d82515705ffece1328c5c9165779e0b98f2032f29868ead033a
91,cerita_91.txt,22,Bentuknya menyerupai naga asli yang sedang terbang.,75e3b743b4763d82515705ffece1328c5c9165779e0b98f2032f29868ead033a
91,cerita_91.txt,23,Anak-anak di lapangan berkumpul mengagumi layang-layang besar Doni.,75e3b743b4763d82515705ffece1328c5c9165779e0b98f2032f29868ead033a
91,cerita_91.txt,24,Doni memegang gulungan benang sangat erat.,75e3b743b4763d82515705ffece1328c5c9165779e0b98f2032f29868ead033a
91,cerita_91.txt,25,Ayah duduk tersenyum melihat kebahagiaan anak lelakinya.,75e3b743b4763d82515705ffece1328c5c9165779e0b98f2032f29868ead033a
92,cerita_92.txt,1,Nenek sering salah membaca tulisan koran.,535caa5db9417d7379e3c4288e0f58039076ee8cc65cf458a1f4575c06c0385a
92,cerita_92.txt,2,Mata nenek mulai kabur dimakan usia.,535caa5db9417d7379e3c4288e0f58039076ee8cc65cf458a1f4575c06c0385a
92,cerita_92.txt,3,Ayah mengajak nenek pergi ke optik.,535caa5db9417d7379e3c4288e0f58039076ee8cc65cf458a1f4575c06c0385a
92,cerita_92.txt,4,Toko kacamata optik berada di pusat perbelanjaan.,535caa5db9417d7379e3c4288e0f58039076ee8cc65cf458a1f4575c06c0385a
92,cerita_92.txt,5,Petugas wanita optik menyambut nenek dengan sangat ramah.,535caa5db9417d7379e3c4288e0f58039076ee8cc65cf458a1f4575c06c0385a
92,cerita_92.txt,6,Petugas mempersilahkan nenek duduk di kursi periksa.,535caa5db9417d7379e3c4288e0f58039076ee8cc65cf458a1f4575c06c0385a
92,cerita_92.txt,7,Nenek fokus menatap layar berisi deretan huruf.,535caa5db9417d7379e3c4288e0f58039076ee8cc65cf458a1f4575c06c0385a
92,cerita_92.txt,8,Petugas cekatan memasangkan bingkai uji mata nenek.,535caa5db9417d7379e3c4288e0f58039076ee8cc65cf458a1f4575c06c0385a
92,cerita_92.txt,9,Petugas mengganti lensa tebal bergantian untuk di pasang.,535caa5db9417d7379e3c4288e0f58039076ee8cc65cf458a1f4575c06c0385a
92,cerita_92.txt,10,Nenek diminta membaca huruf paling besar.,535caa5db9417d7379e3c4288e0f58039076ee8cc65cf458a1f4575c06c0385a
92,cerita_92.txt,11,Nenek berhasil menemukan lensa paling terang.,535caa5db9417d7379e3c4288e0f58039076ee8cc65cf458a1f4575c06c0385a
92,cerita_92.txt,12,Petugas mencatat ukuran mata minus.,535caa5db9417d7379e3c4288e0f58039076ee8cc65cf458a1f4575c06c0385a
92,cerita_92.txt,13,Nenek memilih bingkai kacamata warna marun.,535caa5db9417d7379e3c4288e0f58039076ee8cc65cf458a1f4575c06c0385a
92,cerita_92.txt,14,Bingkai kacamata itu sangat ringan dari bahan titanium.,535caa5db9417d7379e3c4288e0f58039076ee8cc65cf458a1f4575c06c0385a
92,cerita_92.txt,15,Petugas mesin merakit lensa kaca ke bingkai.,535caa5db9417d7379e3c4288e0f58039076ee8cc65cf458a1f4575c06c0385a
92,cerita_92.txt,16,Proses waktu perakitan memakan waktu tiga puluh menit.,535caa5db9417d7379e3c4288e0f58039076ee8cc65cf458a1f4575c06c0385a
92,cerita_92.txt,17,Ayah membelikan minuman kopi hangat di kafe.,535caa5db9417d7379e3c4288e0f58039076ee8cc65cf458a1f4575c06c0385a
92,cerita_92.txt,18,Kacamata lensa baru nenek akhirnya selesai dikerjakan.,535caa5db9417d7379e3c4288e0f58039076ee8cc65cf458a1f4575c06c0385a
92,cerita_92.txt,19,Petugas lap membersihkan kacamata memakai cairan khusus.,535caa5db9417d7379e3c4288e0f58039076ee8cc65cf458a1f4575c06c0385a
92,cerita_92.txt,20,Nenek memakai kacamata menatap di depan cermin.,535caa5db9417d7379e3c4288e0f58039076ee8cc65cf458a1f4575c06c0385a
92,cerita_92.txt,21,Nenek langsung bisa melihat wajah ayah dengan jelas.,535caa5db9417d7379e3c4288e0f58039076ee8cc65cf458a1f4575c06c0385a
92,cerita_92.txt,22,Nenek membaca tulisan kecil di kemasan kopi.,535caa5db9417d7379e3c4288e0f58039076ee8cc65cf458a1f4575c06c0385a
92,cerita_92.txt,23,Ayah membayar kacamata di kasir.,535caa5db9417d7379e3c4288e0f58039076ee8cc65cf458a1f4575c06c0385a
92,cerita_92.txt,24,Nenek sangat senang mendapat kacamata terang.,535caa5db9417d7379e3c4288e0f58039076ee8cc65cf458a1f4575c06c0385a
92,cerita_92.txt,25,Nenek bisa kembali membaca koran di pagi hari.,535caa5db9417d7379e3c4288e0f58039076ee8cc65cf458a1f4575c06c0385a
93,cerita_93.txt,1,Paman membelikan hadiah besar untuk Tari.,2399a1750579be73f2a370bfec76b69a87b07f855a9b6f6f4d51bef267ae3dff
93,cerita_93.txt,2,Hadiah kardus itu berisi sepasang sepatu roda.,2399a1750579be73f2a370bfec76b69a87b07f855a9b6f6f4d51bef267ae3dff
93,cerita_93.txt,3,Sepatu roda memiliki empat roda karet.,2399a1750579be73f2a370bfec76b69a87b07f855a9b6f6f4d51bef267ae3dff
93,cerita_93.txt,4,Tari segera memakai pelindung lutut dan siku.,2399a1750579be73f2a370bfec76b69a87b07f855a9b6f6f4d51bef267ae3dff
93,cerita_93.txt,5,Tari juga memakai helm sepeda biru untuk melindungi kepalanya.,2399a1750579be73f2a370bfec76b69a87b07f855a9b6f6f4d51bef267ae3dff
93,cerita_93.txt,6,Tari mencoba memakai sepatu di ruang tamu.,2399a1750579be73f2a370bfec76b69a87b07f855a9b6f6f4d51bef267ae3dff
93,cerita_93.txt,7,Tali sepatu roda diikat sangat kencang.,2399a1750579be73f2a370bfec76b69a87b07f855a9b6f6f4d51bef267ae3dff
93,cerita_93.txt,8,Tari berdiri memegang bantalan pinggiran sofa.,2399a1750579be73f2a370bfec76b69a87b07f855a9b6f6f4d51bef267ae3dff
93,cerita_93.txt,9,Roda sepatu meluncur tanpa bisa dikendalikan.,2399a1750579be73f2a370bfec76b69a87b07f855a9b6f6f4d51bef267ae3dff
93,cerita_93.txt,10,Tari jatuh ke karpet tebal di dekat sofa.,2399a1750579be73f2a370bfec76b69a87b07f855a9b6f6f4d51bef267ae3dff
93,cerita_93.txt,11,Ayah cepat datang membimbing Tari keluar garasi.,2399a1750579be73f2a370bfec76b69a87b07f855a9b6f6f4d51bef267ae3dff
93,cerita_93.txt,12,Lantai semen garasi memiliki permukaan sangat rata.,2399a1750579be73f2a370bfec76b69a87b07f855a9b6f6f4d51bef267ae3dff
93,cerita_93.txt,13,Ayah memegang erat kedua belah tangan Tari.,2399a1750579be73f2a370bfec76b69a87b07f855a9b6f6f4d51bef267ae3dff
93,cerita_93.txt,14,Tari menggerakkan kaki kanannya ke arah serong luar.,2399a1750579be73f2a370bfec76b69a87b07f855a9b6f6f4d51bef267ae3dff
93,cerita_93.txt,15,Tari bergantian mengayunkan kaki kirinya ke belakang.,2399a1750579be73f2a370bfec76b69a87b07f855a9b6f6f4d51bef267ae3dff
93,cerita_93.txt,16,Tari meluncur sangat pelan serta hati-hati.,2399a1750579be73f2a370bfec76b69a87b07f855a9b6f6f4d51bef267ae3dff
93,cerita_93.txt,17,Ayah perlahan melepaskan pegangan lengannya daro tari.,2399a1750579be73f2a370bfec76b69a87b07f855a9b6f6f4d51bef267ae3dff
93,cerita_93.txt,18,Tari berhasil meluncur sampai jarak dua meter.,2399a1750579be73f2a370bfec76b69a87b07f855a9b6f6f4d51bef267ae3dff
93,cerita_93.txt,19,Tari tekun berlatih menjaga titik keseimbangan tubuhnya.,2399a1750579be73f2a370bfec76b69a87b07f855a9b6f6f4d51bef267ae3dff
93,cerita_93.txt,20,Tari memutar badannya di ujung garasi.,2399a1750579be73f2a370bfec76b69a87b07f855a9b6f6f4d51bef267ae3dff
93,cerita_93.txt,21,Keringat bercucuran membasahi wajah lelah tari.,2399a1750579be73f2a370bfec76b69a87b07f855a9b6f6f4d51bef267ae3dff
93,cerita_93.txt,22,Ibu membawakan segelas jus jeruk dingin yang manis.,2399a1750579be73f2a370bfec76b69a87b07f855a9b6f6f4d51bef267ae3dff
93,cerita_93.txt,23,Tari beristirahat meminum jus segar.,2399a1750579be73f2a370bfec76b69a87b07f855a9b6f6f4d51bef267ae3dff
93,cerita_93.txt,24,Bermain sepatu roda sangat menguras tenaga.,2399a1750579be73f2a370bfec76b69a87b07f855a9b6f6f4d51bef267ae3dff
93,cerita_93.txt,25,Tari berjanji akan giat berlatih besok dengan lebih semangat.,2399a1750579be73f2a370bfec76b69a87b07f855a9b6f6f4d51bef267ae3dff
94,cerita_94.txt,1,Siti selalu memiliki payung lipat warna kuning.,f9459587f6aba88ddfbe1e008284d78bdd8772df6808547248df468c56ab3bc9
94,cerita_94.txt,2,Payung kuning itu hadiah ulang tahun dari ibu.,f9459587f6aba88ddfbe1e008284d78bdd8772df6808547248df468c56ab3bc9
94,cerita_94.txt,3,Payung lucu tersebut bergambar paruh bebek kecil.,f9459587f6aba88ddfbe1e008284d78bdd8772df6808547248df468c56ab3bc9
94,cerita_94.txt,4,Siti selalu membawa payungnya di tas ransel.,f9459587f6aba88ddfbe1e008284d78bdd8772df6808547248df468c56ab3bc9
94,cerita_94.txt,5,Hari ini langit terlihat mendung.,f9459587f6aba88ddfbe1e008284d78bdd8772df6808547248df468c56ab3bc9
94,cerita_94.txt,6,Hujan deras turun berdering saat pulang sekolah.,f9459587f6aba88ddfbe1e008284d78bdd8772df6808547248df468c56ab3bc9
94,cerita_94.txt,7,Banyak anak berteduh di depan teras kelas.,f9459587f6aba88ddfbe1e008284d78bdd8772df6808547248df468c56ab3bc9
94,cerita_94.txt,8,Siti mengeluarkan payung kuning dari ranselnya.,f9459587f6aba88ddfbe1e008284d78bdd8772df6808547248df468c56ab3bc9
94,cerita_94.txt,9,Siti menekan tombol tuas gagang paying dengan jempolnya.,f9459587f6aba88ddfbe1e008284d78bdd8772df6808547248df468c56ab3bc9
94,cerita_94.txt,10,Payung kuning terbuka dengan suara nyaring.,f9459587f6aba88ddfbe1e008284d78bdd8772df6808547248df468c56ab3bc9
94,cerita_94.txt,11,Siti melangkah masuk ke rintik hujan deras.,f9459587f6aba88ddfbe1e008284d78bdd8772df6808547248df468c56ab3bc9
94,cerita_94.txt,12,Payung kuning melindungi pakaian Siti dari basah.,f9459587f6aba88ddfbe1e008284d78bdd8772df6808547248df468c56ab3bc9
94,cerita_94.txt,13,Siti melihat temannya berlari menembus hujan.,f9459587f6aba88ddfbe1e008284d78bdd8772df6808547248df468c56ab3bc9
94,cerita_94.txt,14,Teman kelas Siti bernama Rani lupa membawa payung.,f9459587f6aba88ddfbe1e008284d78bdd8772df6808547248df468c56ab3bc9
94,cerita_94.txt,15,Siti memanggil nama Rani dengan sangat keras.,f9459587f6aba88ddfbe1e008284d78bdd8772df6808547248df468c56ab3bc9
94,cerita_94.txt,16,Siti mengajak Rani berlindung di bawah payungnya.,f9459587f6aba88ddfbe1e008284d78bdd8772df6808547248df468c56ab3bc9
94,cerita_94.txt,17,Rani segera mendekat ke bahu sebelah Siti.,f9459587f6aba88ddfbe1e008284d78bdd8772df6808547248df468c56ab3bc9
94,cerita_94.txt,18,Payung kuning cukup menutupi mereka berdua.,f9459587f6aba88ddfbe1e008284d78bdd8772df6808547248df468c56ab3bc9
94,cerita_94.txt,19,Mereka tapak berjalan bersama menuju jalan raya.,f9459587f6aba88ddfbe1e008284d78bdd8772df6808547248df468c56ab3bc9
94,cerita_94.txt,20,Ayah Rani datang menjemput dengan mobil putih.,f9459587f6aba88ddfbe1e008284d78bdd8772df6808547248df468c56ab3bc9
94,cerita_94.txt,21,Mobil ayah berhenti di pinggir aspal jalan.,f9459587f6aba88ddfbe1e008284d78bdd8772df6808547248df468c56ab3bc9
94,cerita_94.txt,22,Rani mengucapkan terima kasih kepada Siti.,f9459587f6aba88ddfbe1e008284d78bdd8772df6808547248df468c56ab3bc9
94,cerita_94.txt,23,Rani masuk ke bangku di dalam mobil.,f9459587f6aba88ddfbe1e008284d78bdd8772df6808547248df468c56ab3bc9
94,cerita_94.txt,24,Siti melanjutkan perjalanan pulang ke rumah.,f9459587f6aba88ddfbe1e008284d78bdd8772df6808547248df468c56ab3bc9
94,cerita_94.txt,25,Payung kuning sangat berguna di musim penghujan.,f9459587f6aba88ddfbe1e008284d78bdd8772df6808547248df468c56ab3bc9
95,cerita_95.txt,1,Bagas dan temannya bermain peran lakon bajak laut.,4401b65745c0addee0c5f32da5f4bd43ef389feb007c4719bc22b03613e04c3b
95,cerita_95.txt,2,Bagas membuat topi kapten dari koran bekas.,4401b65745c0addee0c5f32da5f4bd43ef389feb007c4719bc22b03613e04c3b
95,cerita_95.txt,3,Kakak iseng menyembunyikan kotak kue di halaman belakang.,4401b65745c0addee0c5f32da5f4bd43ef389feb007c4719bc22b03613e04c3b
95,cerita_95.txt,4,Kakak menggambar peta denah harta karun.,4401b65745c0addee0c5f32da5f4bd43ef389feb007c4719bc22b03613e04c3b
95,cerita_95.txt,5,Peta kertas itu memiliki gambar pohon batu.,4401b65745c0addee0c5f32da5f4bd43ef389feb007c4719bc22b03613e04c3b
95,cerita_95.txt,6,Garis titik putus-putus menunjukkan arah rute langkah.,4401b65745c0addee0c5f32da5f4bd43ef389feb007c4719bc22b03613e04c3b
95,cerita_95.txt,7,Bagas memegang erat peta gulung harta karun.,4401b65745c0addee0c5f32da5f4bd43ef389feb007c4719bc22b03613e04c3b
95,cerita_95.txt,8,Teman-teman riuh mengikuti Bagas berbaris di belakang.,4401b65745c0addee0c5f32da5f4bd43ef389feb007c4719bc22b03613e04c3b
95,cerita_95.txt,9,Petunjuk arah pertama mengarah ke pangkal pohon mangga.,4401b65745c0addee0c5f32da5f4bd43ef389feb007c4719bc22b03613e04c3b
95,cerita_95.txt,10,Bagas berjalan lima langkah dari mangga.,4401b65745c0addee0c5f32da5f4bd43ef389feb007c4719bc22b03613e04c3b
95,cerita_95.txt,11,Mereka melihat batu besar di pinggir pagar.,4401b65745c0addee0c5f32da5f4bd43ef389feb007c4719bc22b03613e04c3b
95,cerita_95.txt,12,Petunjuk kedua menyuruh tim belok kanan.,4401b65745c0addee0c5f32da5f4bd43ef389feb007c4719bc22b03613e04c3b
95,cerita_95.txt,13,Mereka menyusuri pagar kayu tiga langkah.,4401b65745c0addee0c5f32da5f4bd43ef389feb007c4719bc22b03613e04c3b
95,cerita_95.txt,14,Peta menunjukkan tanda silang di pot tanaman.,4401b65745c0addee0c5f32da5f4bd43ef389feb007c4719bc22b03613e04c3b
95,cerita_95.txt,15,Tanda silang merah tempat harta disembunyikan.,4401b65745c0addee0c5f32da5f4bd43ef389feb007c4719bc22b03613e04c3b
95,cerita_95.txt,16,Bagas menggali tanah yang gembur pakai sekop.,4401b65745c0addee0c5f32da5f4bd43ef389feb007c4719bc22b03613e04c3b
95,cerita_95.txt,17,Sekop besi Bagas membentur tutup kotak kaleng.,4401b65745c0addee0c5f32da5f4bd43ef389feb007c4719bc22b03613e04c3b
95,cerita_95.txt,18,Bagas menarik kotak kaleng dari dalam tanah.,4401b65745c0addee0c5f32da5f4bd43ef389feb007c4719bc22b03613e04c3b
95,cerita_95.txt,19,Kotak kaleng berisi ratusan koin cokelat.,4401b65745c0addee0c5f32da5f4bd43ef389feb007c4719bc22b03613e04c3b
95,cerita_95.txt,20,Koin cokelat itu berupa permen yang manis.,4401b65745c0addee0c5f32da5f4bd43ef389feb007c4719bc22b03613e04c3b
95,cerita_95.txt,21,Mereka berteriak gembira menemukan isi harta karun.,4401b65745c0addee0c5f32da5f4bd43ef389feb007c4719bc22b03613e04c3b
95,cerita_95.txt,22,Bagas membagikan koin permen kepada semua teman.,4401b65745c0addee0c5f32da5f4bd43ef389feb007c4719bc22b03613e04c3b
95,cerita_95.txt,23,Mereka duduk melingkar memakan permen cokelat.,4401b65745c0addee0c5f32da5f4bd43ef389feb007c4719bc22b03613e04c3b
95,cerita_95.txt,24,Permainan mencari harta karun sangat mendebarkan.,4401b65745c0addee0c5f32da5f4bd43ef389feb007c4719bc22b03613e04c3b
95,cerita_95.txt,25,Kakak tertawa melihat aksi kegembiraan adik.,4401b65745c0addee0c5f32da5f4bd43ef389feb007c4719bc22b03613e04c3b
96,cerita_96.txt,1,Dito membeli mainan rakit kapal selam.,4cb11005c3a023988fbc1db4b417ffd198b8f37d911eca0aff72c0d698f8053f
96,cerita_96.txt,2,Kapal selam terbuat bahan plastik tebal.,4cb11005c3a023988fbc1db4b417ffd198b8f37d911eca0aff72c0d698f8053f
96,cerita_96.txt,3,Mainan kuning ini memiliki baling-baling putar di belakang.,4cb11005c3a023988fbc1db4b417ffd198b8f37d911eca0aff72c0d698f8053f
96,cerita_96.txt,4,Dito mengisi ember air hingga penuh.,4cb11005c3a023988fbc1db4b417ffd198b8f37d911eca0aff72c0d698f8053f
96,cerita_96.txt,5,Dito meletakkan kapal selam ke atas permukaan air.,4cb11005c3a023988fbc1db4b417ffd198b8f37d911eca0aff72c0d698f8053f
96,cerita_96.txt,6,Kapal selam mengapung stabil di air tenang.,4cb11005c3a023988fbc1db4b417ffd198b8f37d911eca0aff72c0d698f8053f
96,cerita_96.txt,7,Buku petunjuk meminta Dito untuk memutar pegas.,4cb11005c3a023988fbc1db4b417ffd198b8f37d911eca0aff72c0d698f8053f
96,cerita_96.txt,8,Dito memutar kunci pegas lima kali.,4cb11005c3a023988fbc1db4b417ffd198b8f37d911eca0aff72c0d698f8053f
96,cerita_96.txt,9,Tangan dito melepaskan kapal selam ke dalam ember.,4cb11005c3a023988fbc1db4b417ffd198b8f37d911eca0aff72c0d698f8053f
96,cerita_96.txt,10,Baling-baling belakang berputar sangat cepat.,4cb11005c3a023988fbc1db4b417ffd198b8f37d911eca0aff72c0d698f8053f
96,cerita_96.txt,11,Kapal selam bergerak membelah muka air.,4cb11005c3a023988fbc1db4b417ffd198b8f37d911eca0aff72c0d698f8053f
96,cerita_96.txt,12,Kapal memiliki dua lubang celah lambung.,4cb11005c3a023988fbc1db4b417ffd198b8f37d911eca0aff72c0d698f8053f
96,cerita_96.txt,13,Air masuk lambung melalui saluran lubang.,4cb11005c3a023988fbc1db4b417ffd198b8f37d911eca0aff72c0d698f8053f
96,cerita_96.txt,14,Berat kapal selam bertambah isi air.,4cb11005c3a023988fbc1db4b417ffd198b8f37d911eca0aff72c0d698f8053f
96,cerita_96.txt,15,Kapal selam tenggelam turun dasar ember.,4cb11005c3a023988fbc1db4b417ffd198b8f37d911eca0aff72c0d698f8053f
96,cerita_96.txt,16,Kapal selam terus menabrak dinding dasar.,4cb11005c3a023988fbc1db4b417ffd198b8f37d911eca0aff72c0d698f8053f
96,cerita_96.txt,17,Gelembung nafas udara keluar dari celah cerobong mainan.,4cb11005c3a023988fbc1db4b417ffd198b8f37d911eca0aff72c0d698f8053f
96,cerita_96.txt,18,Dito melihat laju kapalnya sisi ember.,4cb11005c3a023988fbc1db4b417ffd198b8f37d911eca0aff72c0d698f8053f
96,cerita_96.txt,19,Gerakan baling-baling perlahan mulai melemah.,4cb11005c3a023988fbc1db4b417ffd198b8f37d911eca0aff72c0d698f8053f
96,cerita_96.txt,20,Pegas kawat mainan kehabisan energi putaran.,4cb11005c3a023988fbc1db4b417ffd198b8f37d911eca0aff72c0d698f8053f
96,cerita_96.txt,21,Kapal selam berhenti di tengah dasar ember.,4cb11005c3a023988fbc1db4b417ffd198b8f37d911eca0aff72c0d698f8053f
96,cerita_96.txt,22,Dito mengangkat kapal mainan basah itu.,4cb11005c3a023988fbc1db4b417ffd198b8f37d911eca0aff72c0d698f8053f
96,cerita_96.txt,23,Dito mengosongkan air di lubang pembuangan.,4cb11005c3a023988fbc1db4b417ffd198b8f37d911eca0aff72c0d698f8053f
96,cerita_96.txt,24,Kapal selam kembali bisa dimainkan.,4cb11005c3a023988fbc1db4b417ffd198b8f37d911eca0aff72c0d698f8053f
96,cerita_96.txt,25,Dito menyukai percobaan ilmu sains mainan.,4cb11005c3a023988fbc1db4b417ffd198b8f37d911eca0aff72c0d698f8053f
97,cerita_97.txt,1,Raka berbaring di kamar redup.,1f20ec3cdaf2564541cdeae0cddb7cce89821dc0b3cab330d1844d9c96db9a41
97,cerita_97.txt,2,Raka memejamkan mata membayangkan luar angkasa.,1f20ec3cdaf2564541cdeae0cddb7cce89821dc0b3cab330d1844d9c96db9a41
97,cerita_97.txt,3,Raka membayangkan memakai baju astronaut putih.,1f20ec3cdaf2564541cdeae0cddb7cce89821dc0b3cab330d1844d9c96db9a41
97,cerita_97.txt,4,Raka duduk mengendalikan roket di kursi pilot.,1f20ec3cdaf2564541cdeae0cddb7cce89821dc0b3cab330d1844d9c96db9a41
97,cerita_97.txt,5,Mesin roket menyala dengan suara gemuruh api.,1f20ec3cdaf2564541cdeae0cddb7cce89821dc0b3cab330d1844d9c96db9a41
97,cerita_97.txt,6,Roket menembus awan putih.,1f20ec3cdaf2564541cdeae0cddb7cce89821dc0b3cab330d1844d9c96db9a41
97,cerita_97.txt,7,Tubuh astronot Raka melayang tanpa beban.,1f20ec3cdaf2564541cdeae0cddb7cce89821dc0b3cab330d1844d9c96db9a41
97,cerita_97.txt,8,Raka melihat bola bumi berwarna biru.,1f20ec3cdaf2564541cdeae0cddb7cce89821dc0b3cab330d1844d9c96db9a41
97,cerita_97.txt,9,Roket Raka mendekati jalur planet merah.,1f20ec3cdaf2564541cdeae0cddb7cce89821dc0b3cab330d1844d9c96db9a41
97,cerita_97.txt,10,Permukaan gersang planet Mars penuh kawah batu.,1f20ec3cdaf2564541cdeae0cddb7cce89821dc0b3cab330d1844d9c96db9a41
97,cerita_97.txt,11,Raka mengemudikan roket untuk menghindari meteor jatuh.,1f20ec3cdaf2564541cdeae0cddb7cce89821dc0b3cab330d1844d9c96db9a41
97,cerita_97.txt,12,Roket mendarat di permukaan daratan bulan.,1f20ec3cdaf2564541cdeae0cddb7cce89821dc0b3cab330d1844d9c96db9a41
97,cerita_97.txt,13,Raka membuka pintu palka roket perlahan.,1f20ec3cdaf2564541cdeae0cddb7cce89821dc0b3cab330d1844d9c96db9a41
97,cerita_97.txt,14,Raka menjejakkan sepatu di bulan.,1f20ec3cdaf2564541cdeae0cddb7cce89821dc0b3cab330d1844d9c96db9a41
97,cerita_97.txt,15,Raka melompat tinggi di udara.,1f20ec3cdaf2564541cdeae0cddb7cce89821dc0b3cab330d1844d9c96db9a41
97,cerita_97.txt,16,Gravitasi bulan lebih kecil dari bumi.,1f20ec3cdaf2564541cdeae0cddb7cce89821dc0b3cab330d1844d9c96db9a41
97,cerita_97.txt,17,Raka menancapkan tiang bendera kertas di tanah bulan.,1f20ec3cdaf2564541cdeae0cddb7cce89821dc0b3cab330d1844d9c96db9a41
97,cerita_97.txt,18,Raka melihat ribuan bintang di angkasa.,1f20ec3cdaf2564541cdeae0cddb7cce89821dc0b3cab330d1844d9c96db9a41
97,cerita_97.txt,19,Seekor alien hijau datang menyapa Raka.,1f20ec3cdaf2564541cdeae0cddb7cce89821dc0b3cab330d1844d9c96db9a41
97,cerita_97.txt,20,Alien hijau memberi batu bersinar terang.,1f20ec3cdaf2564541cdeae0cddb7cce89821dc0b3cab330d1844d9c96db9a41
97,cerita_97.txt,21,Raka berterima kasih untuk kado alien tersebut.,1f20ec3cdaf2564541cdeae0cddb7cce89821dc0b3cab330d1844d9c96db9a41
97,cerita_97.txt,22,Alarm jam berbunyi sangat bising di pagi hari.,1f20ec3cdaf2564541cdeae0cddb7cce89821dc0b3cab330d1844d9c96db9a41
97,cerita_97.txt,23,Raka kaget terbangun membuyarkan mimpinya.,1f20ec3cdaf2564541cdeae0cddb7cce89821dc0b3cab330d1844d9c96db9a41
97,cerita_97.txt,24,Raka tersenyum mengingat petualangan seru khayalannya.,1f20ec3cdaf2564541cdeae0cddb7cce89821dc0b3cab330d1844d9c96db9a41
97,cerita_97.txt,25,Raka bersiap mandi untuk pergi ke sekolah.,1f20ec3cdaf2564541cdeae0cddb7cce89821dc0b3cab330d1844d9c96db9a41
98,cerita_98.txt,1,Pelajaran ruang sains membahas tentang waktu bayangan.,6d3ad9c54ae2a84fd32366d9ed27a3f0704c0f29d77115bcddca91f89809c45b
98,cerita_98.txt,2,Guru mengajak siswa menuju lapangan terbuka.,6d3ad9c54ae2a84fd32366d9ed27a3f0704c0f29d77115bcddca91f89809c45b
98,cerita_98.txt,3,Guru membawa alat piring kertas spidol.,6d3ad9c54ae2a84fd32366d9ed27a3f0704c0f29d77115bcddca91f89809c45b
98,cerita_98.txt,4,Guru membawa malam plastisin sedotan plastik.,6d3ad9c54ae2a84fd32366d9ed27a3f0704c0f29d77115bcddca91f89809c45b
98,cerita_98.txt,5,Guru membagikan alat bahan tiap kelompok.,6d3ad9c54ae2a84fd32366d9ed27a3f0704c0f29d77115bcddca91f89809c45b
98,cerita_98.txt,6,Tio membuat proyek jam matahari bersama.,6d3ad9c54ae2a84fd32366d9ed27a3f0704c0f29d77115bcddca91f89809c45b
98,cerita_98.txt,7,Tio meletakkan gumpalan plastisin di tengah piring.,6d3ad9c54ae2a84fd32366d9ed27a3f0704c0f29d77115bcddca91f89809c45b
98,cerita_98.txt,8,Tio menancapkan sedotan lurus menembus plastisin.,6d3ad9c54ae2a84fd32366d9ed27a3f0704c0f29d77115bcddca91f89809c45b
98,cerita_98.txt,9,Sedotan tiang harus tegak arah lurus ke langit.,6d3ad9c54ae2a84fd32366d9ed27a3f0704c0f29d77115bcddca91f89809c45b
98,cerita_98.txt,10,Mereka meletakkan piring kertas di bawah matahari.,6d3ad9c54ae2a84fd32366d9ed27a3f0704c0f29d77115bcddca91f89809c45b
98,cerita_98.txt,11,Sinar cahaya matahari menyinari sisi sebelah timur.,6d3ad9c54ae2a84fd32366d9ed27a3f0704c0f29d77115bcddca91f89809c45b
98,cerita_98.txt,12,Sedotan menghasilkan sebuah bayangan piring kertas.,6d3ad9c54ae2a84fd32366d9ed27a3f0704c0f29d77115bcddca91f89809c45b
98,cerita_98.txt,13,Tio menandai letak bayangan pakai spidol.,6d3ad9c54ae2a84fd32366d9ed27a3f0704c0f29d77115bcddca91f89809c45b
98,cerita_98.txt,14,Tio menulis penunjuk tanda waktu tersebut.,6d3ad9c54ae2a84fd32366d9ed27a3f0704c0f29d77115bcddca91f89809c45b
98,cerita_98.txt,15,Saat ini menunjukkan jam sembilan pagi.,6d3ad9c54ae2a84fd32366d9ed27a3f0704c0f29d77115bcddca91f89809c45b
98,cerita_98.txt,16,Satu jam kemudian mereka mengecek piring.,6d3ad9c54ae2a84fd32366d9ed27a3f0704c0f29d77115bcddca91f89809c45b
98,cerita_98.txt,17,Bayangan garis sedotan berpindah posisi sedikit ke kanan.,6d3ad9c54ae2a84fd32366d9ed27a3f0704c0f29d77115bcddca91f89809c45b
98,cerita_98.txt,18,Matahari bola telah bergerak naik lebih tinggi.,6d3ad9c54ae2a84fd32366d9ed27a3f0704c0f29d77115bcddca91f89809c45b
98,cerita_98.txt,19,Tio kembali menandai letak bayangan baru.,6d3ad9c54ae2a84fd32366d9ed27a3f0704c0f29d77115bcddca91f89809c45b
98,cerita_98.txt,20,Tio menulis angka sepuluh tanda kedua.,6d3ad9c54ae2a84fd32366d9ed27a3f0704c0f29d77115bcddca91f89809c45b
98,cerita_98.txt,21,Jam matahari buatan berhasil berfungsi dengan baik.,6d3ad9c54ae2a84fd32366d9ed27a3f0704c0f29d77115bcddca91f89809c45b
98,cerita_98.txt,22,Waktu hari dapat diukur panjangnya dari letak bayangan.,6d3ad9c54ae2a84fd32366d9ed27a3f0704c0f29d77115bcddca91f89809c45b
98,cerita_98.txt,23,Orang zaman dahulu sering menggunakan cara ini.,6d3ad9c54ae2a84fd32366d9ed27a3f0704c0f29d77115bcddca91f89809c45b
98,cerita_98.txt,24,Siswa sangat antusias pada proyek sains alam.,6d3ad9c54ae2a84fd32366d9ed27a3f0704c0f29d77115bcddca91f89809c45b
98,cerita_98.txt,25,Tio membawa hasil jam matahari pulang.,6d3ad9c54ae2a84fd32366d9ed27a3f0704c0f29d77115bcddca91f89809c45b
99,cerita_99.txt,1,Luna memiliki toko seperangkat set cat air.,3e466890e9ecde940a53927a72508cfa5616ee89fad6f101c9399b766a994ce1
99,cerita_99.txt,2,Luna ingin melukis pemandangan.,3e466890e9ecde940a53927a72508cfa5616ee89fad6f101c9399b766a994ce1
99,cerita_99.txt,3,Luna menyiapkan kertas tebal di atas meja.,3e466890e9ecde940a53927a72508cfa5616ee89fad6f101c9399b766a994ce1
99,cerita_99.txt,4,Luna mengambil kuas tebal halus di dalam kotak.,3e466890e9ecde940a53927a72508cfa5616ee89fad6f101c9399b766a994ce1
99,cerita_99.txt,5,Luna membasahi permukaan lembar kertas air.,3e466890e9ecde940a53927a72508cfa5616ee89fad6f101c9399b766a994ce1
99,cerita_99.txt,6,Luna mencelupkan kuas ke kotak cat hitam.,3e466890e9ecde940a53927a72508cfa5616ee89fad6f101c9399b766a994ce1
99,cerita_99.txt,7,Luna menyapukan kuas warna ke kertas basah.,3e466890e9ecde940a53927a72508cfa5616ee89fad6f101c9399b766a994ce1
99,cerita_99.txt,8,Cat pigmen hitam menyebar membentuk langit kelam.,3e466890e9ecde940a53927a72508cfa5616ee89fad6f101c9399b766a994ce1
99,cerita_99.txt,9,Luna menambahkan warna nila dan biru tua.,3e466890e9ecde940a53927a72508cfa5616ee89fad6f101c9399b766a994ce1
99,cerita_99.txt,10,Luna mengeringkan kertas gambar dengan hawa angin.,3e466890e9ecde940a53927a72508cfa5616ee89fad6f101c9399b766a994ce1
99,cerita_99.txt,11,Kertas gambar kering dalam tempo lima menit.,3e466890e9ecde940a53927a72508cfa5616ee89fad6f101c9399b766a994ce1
99,cerita_99.txt,12,Luna mengambil sikat gigi bersih bekas.,3e466890e9ecde940a53927a72508cfa5616ee89fad6f101c9399b766a994ce1
99,cerita_99.txt,13,Luna mencelupkan sikat bulu cat putih.,3e466890e9ecde940a53927a72508cfa5616ee89fad6f101c9399b766a994ce1
99,cerita_99.txt,14,Luna mendekatkan sikat jari kertas gambar.,3e466890e9ecde940a53927a72508cfa5616ee89fad6f101c9399b766a994ce1
99,cerita_99.txt,15,Luna menggesek bulu sikat menggunakan jempolnya.,3e466890e9ecde940a53927a72508cfa5616ee89fad6f101c9399b766a994ce1
99,cerita_99.txt,16,Cipratan bintik kecil cat menghujani kertas gambar.,3e466890e9ecde940a53927a72508cfa5616ee89fad6f101c9399b766a994ce1
99,cerita_99.txt,17,Cipratan noda putih terlihat seperti taburan bintang angkasa.,3e466890e9ecde940a53927a72508cfa5616ee89fad6f101c9399b766a994ce1
99,cerita_99.txt,18,Luna menggambar bulan bentuk sabit di pojok.,3e466890e9ecde940a53927a72508cfa5616ee89fad6f101c9399b766a994ce1
99,cerita_99.txt,19,Bulan sabit diwarnai cairan kuning terang.,3e466890e9ecde940a53927a72508cfa5616ee89fad6f101c9399b766a994ce1
99,cerita_99.txt,20,Luna melukis siluet bentuk pohon pinus.,3e466890e9ecde940a53927a72508cfa5616ee89fad6f101c9399b766a994ce1
99,cerita_99.txt,21,Siluet batang pohon dicat warna hitam pekat.,3e466890e9ecde940a53927a72508cfa5616ee89fad6f101c9399b766a994ce1
99,cerita_99.txt,22,Lukisan kertas langit berbintang Luna sudah kering.,3e466890e9ecde940a53927a72508cfa5616ee89fad6f101c9399b766a994ce1
99,cerita_99.txt,23,Ibu memuji lukisan karya anak perempuannya.,3e466890e9ecde940a53927a72508cfa5616ee89fad6f101c9399b766a994ce1
99,cerita_99.txt,24,Luna mencuci perabotan kuas di wastafel dapur.,3e466890e9ecde940a53927a72508cfa5616ee89fad6f101c9399b766a994ce1
99,cerita_99.txt,25,Luna meletakkan lukisan di meja belajar.,3e466890e9ecde940a53927a72508cfa5616ee89fad6f101c9399b766a994ce1
100,cerita_100.txt,1,Bobi memiliki keranjang mainan kotak balok.,52c8a38ef9ecdf6c79923a90d8cfbd081d9a23cd20aea4af160e25e73cac57a4
100,cerita_100.txt,2,Sore ini Bobi bermain kayu warna-warni.,52c8a38ef9ecdf6c79923a90d8cfbd081d9a23cd20aea4af160e25e73cac57a4
100,cerita_100.txt,3,Bobi ingin membangun menara yang sangat tinggi.,52c8a38ef9ecdf6c79923a90d8cfbd081d9a23cd20aea4af160e25e73cac57a4
100,cerita_100.txt,4,Bobi meletakkan tiga balok datar sebagai pondasi.,52c8a38ef9ecdf6c79923a90d8cfbd081d9a23cd20aea4af160e25e73cac57a4
100,cerita_100.txt,5,Bobi menaruh tiga balok lain di atasnya.,52c8a38ef9ecdf6c79923a90d8cfbd081d9a23cd20aea4af160e25e73cac57a4
100,cerita_100.txt,6,Tumpukan balok disusun silang sebagai dinding.,52c8a38ef9ecdf6c79923a90d8cfbd081d9a23cd20aea4af160e25e73cac57a4
100,cerita_100.txt,7,Menara balok tumbuh menjulang ke arah atas.,52c8a38ef9ecdf6c79923a90d8cfbd081d9a23cd20aea4af160e25e73cac57a4
100,cerita_100.txt,8,Bobi menambahkan balok bulat silinder bertingkat.,52c8a38ef9ecdf6c79923a90d8cfbd081d9a23cd20aea4af160e25e73cac57a4
100,cerita_100.txt,9,Tangan jari Bobi menyusun kayu dengan sangat hati-hati.,52c8a38ef9ecdf6c79923a90d8cfbd081d9a23cd20aea4af160e25e73cac57a4
100,cerita_100.txt,10,Menara pucuk kayu melebihi tinggi kepala Bobi.,52c8a38ef9ecdf6c79923a90d8cfbd081d9a23cd20aea4af160e25e73cac57a4
100,cerita_100.txt,11,Bobi menambahkan kotak kuning di atas.,52c8a38ef9ecdf6c79923a90d8cfbd081d9a23cd20aea4af160e25e73cac57a4
100,cerita_100.txt,12,Bobi meletakkan balok lancip segitiga sebagai penutup.,52c8a38ef9ecdf6c79923a90d8cfbd081d9a23cd20aea4af160e25e73cac57a4
100,cerita_100.txt,13,Menara balok kayu berdiri tegap di ubin teras.,52c8a38ef9ecdf6c79923a90d8cfbd081d9a23cd20aea4af160e25e73cac57a4
100,cerita_100.txt,14,Kucing peliharaan Bobi mendekat ke area.,52c8a38ef9ecdf6c79923a90d8cfbd081d9a23cd20aea4af160e25e73cac57a4
100,cerita_100.txt,15,Kucing nakal itu bernama Moli si ekor panjang.,52c8a38ef9ecdf6c79923a90d8cfbd081d9a23cd20aea4af160e25e73cac57a4
100,cerita_100.txt,16,Moli menggesekkan tubuhnya di sisi pinggir menara.,52c8a38ef9ecdf6c79923a90d8cfbd081d9a23cd20aea4af160e25e73cac57a4
100,cerita_100.txt,17,Pondasi bawah menara balok bergeser di senggol kucing.,52c8a38ef9ecdf6c79923a90d8cfbd081d9a23cd20aea4af160e25e73cac57a4
100,cerita_100.txt,18,Menara balok bergoyang miring ke arah kiri.,52c8a38ef9ecdf6c79923a90d8cfbd081d9a23cd20aea4af160e25e73cac57a4
100,cerita_100.txt,19,Suara benturan keras terdengar jatuh dari lantai.,52c8a38ef9ecdf6c79923a90d8cfbd081d9a23cd20aea4af160e25e73cac57a4
100,cerita_100.txt,20,Menara runtuh menutupi bersih teras rumah.,52c8a38ef9ecdf6c79923a90d8cfbd081d9a23cd20aea4af160e25e73cac57a4
100,cerita_100.txt,21,Moli panik mendengar suara balok jatuh.,52c8a38ef9ecdf6c79923a90d8cfbd081d9a23cd20aea4af160e25e73cac57a4
100,cerita_100.txt,22,Bobi hanya tertawa geli melihat kucingnya.,52c8a38ef9ecdf6c79923a90d8cfbd081d9a23cd20aea4af160e25e73cac57a4
100,cerita_100.txt,23,Membangun ulang menara menjadi pekerjaan baru.,52c8a38ef9ecdf6c79923a90d8cfbd081d9a23cd20aea4af160e25e73cac57a4
100,cerita_100.txt,24,Bobi memasukkan balok ke dalam keranjang mainan plastik.,52c8a38ef9ecdf6c79923a90d8cfbd081d9a23cd20aea4af160e25e73cac57a4
100,cerita_100.txt,25,Bobi kembali merangkai pondasi awal balok.,52c8a38ef9ecdf6c79923a90d8cfbd081d9a23cd20aea4af160e25e73cac57a4
101,cerita_101.txt,1,Cendol gula aren ini lezat sekali.,eec1e01a3f1e0fe9f48be821a261d504366eb727589efe53d9e73ccebe1e6415
101,cerita_101.txt,2,Bapak mau ke toko perlengkapan sepeda dulu.,eec1e01a3f1e0fe9f48be821a261d504366eb727589efe53d9e73ccebe1e6415
101,cerita_101.txt,3,Bobo mengagetkan Paman saja.,eec1e01a3f1e0fe9f48be821a261d504366eb727589efe53d9e73ccebe1e6415
101,cerita_101.txt,4,Penyelidikan Paman sudah selesai.,eec1e01a3f1e0fe9f48be821a261d504366eb727589efe53d9e73ccebe1e6415
101,cerita_101.txt,5,Paman diminta mencari gelang Mutiara.,eec1e01a3f1e0fe9f48be821a261d504366eb727589efe53d9e73ccebe1e6415
101,cerita_101.txt,6,Paman Dick Selidik membelikan Bobo es krim.,eec1e01a3f1e0fe9f48be821a261d504366eb727589efe53d9e73ccebe1e6415
101,cerita_101.txt,7,Mereka suka bersama.,eec1e01a3f1e0fe9f48be821a261d504366eb727589efe53d9e73ccebe1e6415
101,cerita_101.txt,8,Mereka suka rumput.,eec1e01a3f1e0fe9f48be821a261d504366eb727589efe53d9e73ccebe1e6415
101,cerita_101.txt,9,Aku ada sepeda kecil.,eec1e01a3f1e0fe9f48be821a261d504366eb727589efe53d9e73ccebe1e6415
101,cerita_101.txt,10,Ayah ada sepeda besar.,eec1e01a3f1e0fe9f48be821a261d504366eb727589efe53d9e73ccebe1e6415
101,cerita_101.txt,11,Motor bisa melaju lebih cepat dari sepeda.,eec1e01a3f1e0fe9f48be821a261d504366eb727589efe53d9e73ccebe1e6415
101,cerita_101.txt,12,Motor dapat kejar mobil.,eec1e01a3f1e0fe9f48be821a261d504366eb727589efe53d9e73ccebe1e6415
101,cerita_101.txt,13,Ada mobil di jalan juga.,eec1e01a3f1e0fe9f48be821a261d504366eb727589efe53d9e73ccebe1e6415
101,cerita_101.txt,14,Aku supir yang andal.,eec1e01a3f1e0fe9f48be821a261d504366eb727589efe53d9e73ccebe1e6415
101,cerita_101.txt,15,Ada jalan rusak di depan.,eec1e01a3f1e0fe9f48be821a261d504366eb727589efe53d9e73ccebe1e6415
101,cerita_101.txt,16,Aku juga bisa bawa eskavator.,eec1e01a3f1e0fe9f48be821a261d504366eb727589efe53d9e73ccebe1e6415
101,cerita_101.txt,17,Aku akan ke sana.,eec1e01a3f1e0fe9f48be821a261d504366eb727589efe53d9e73ccebe1e6415
101,cerita_101.txt,18,"Suatu hari, Ibu Kambing pergi keluar.",eec1e01a3f1e0fe9f48be821a261d504366eb727589efe53d9e73ccebe1e6415
101,cerita_101.txt,19,Ibu Kambing meninggalkan Anak-anak Kambing sendirian di rumah.,eec1e01a3f1e0fe9f48be821a261d504366eb727589efe53d9e73ccebe1e6415
101,cerita_101.txt,20,Ibu Kambing berhasil mengusir si Serigala Peniru.,eec1e01a3f1e0fe9f48be821a261d504366eb727589efe53d9e73ccebe1e6415
101,cerita_101.txt,21,Pada Suatu pagi yang cerah banyak binatang menuju sumber air.Binatang-binatang itu mengelilingi telaga.,eec1e01a3f1e0fe9f48be821a261d504366eb727589efe53d9e73ccebe1e6415
101,cerita_101.txt,22,Mereka memperhatikan sang Badak.,eec1e01a3f1e0fe9f48be821a261d504366eb727589efe53d9e73ccebe1e6415
101,cerita_101.txt,23,Aku punya tanduk.,eec1e01a3f1e0fe9f48be821a261d504366eb727589efe53d9e73ccebe1e6415
101,cerita_101.txt,24,Badak Segera bangun.,eec1e01a3f1e0fe9f48be821a261d504366eb727589efe53d9e73ccebe1e6415
101,cerita_101.txt,25,Kancil mendekat ke arah badak.,eec1e01a3f1e0fe9f48be821a261d504366eb727589efe53d9e73ccebe1e6415
101,cerita_101.txt,26,Tuan besar berkubang di selokan kecil.,eec1e01a3f1e0fe9f48be821a261d504366eb727589efe53d9e73ccebe1e6415
101,cerita_101.txt,27,Musang berjalan mengelilingi tembok bangunan gudang.,eec1e01a3f1e0fe9f48be821a261d504366eb727589efe53d9e73ccebe1e6415
101,cerita_101.txt,28,Musang masuk ke ruangan gudang.,eec1e01a3f1e0fe9f48be821a261d504366eb727589efe53d9e73ccebe1e6415
101,cerita_101.txt,29,Dia mencari musang itu.,eec1e01a3f1e0fe9f48be821a261d504366eb727589efe53d9e73ccebe1e6415
101,cerita_101.txt,30,Pemilik gudang mengejar Musang sambil membawa kayu.,eec1e01a3f1e0fe9f48be821a261d504366eb727589efe53d9e73ccebe1e6415
101,cerita_101.txt,31,Pemilik gudang menangkap Musang.,eec1e01a3f1e0fe9f48be821a261d504366eb727589efe53d9e73ccebe1e6415
101,cerita_101.txt,32,Ki Manhadong duduk termenung di tepi sungai.,eec1e01a3f1e0fe9f48be821a261d504366eb727589efe53d9e73ccebe1e6415
101,cerita_101.txt,33,Ki manhadong bangun.,eec1e01a3f1e0fe9f48be821a261d504366eb727589efe53d9e73ccebe1e6415
102,cerita_102.txt,1,"Pada zaman dahulu kala, sebuah Keluarga memakan salak.",95ac2fc97893a8bcad2e71d7948a8f5ee379bc7d00d076bb263c2ff96f0af572
102,cerita_102.txt,2,"Suatu hari, sang Ayah meninggal dunia.",95ac2fc97893a8bcad2e71d7948a8f5ee379bc7d00d076bb263c2ff96f0af572
102,cerita_102.txt,3,Ia dimakamkan di pemakaman umum tepi kota yang cukup jauh.,95ac2fc97893a8bcad2e71d7948a8f5ee379bc7d00d076bb263c2ff96f0af572
102,cerita_102.txt,4,Pada hari ketujuh setelah sang Ayah wafat.,95ac2fc97893a8bcad2e71d7948a8f5ee379bc7d00d076bb263c2ff96f0af572
102,cerita_102.txt,5,Ibu ketiga anak itu masih sedih.,95ac2fc97893a8bcad2e71d7948a8f5ee379bc7d00d076bb263c2ff96f0af572
102,cerita_102.txt,6,Ia ingin membawa bunga ke makam suaminya.,95ac2fc97893a8bcad2e71d7948a8f5ee379bc7d00d076bb263c2ff96f0af572
102,cerita_102.txt,7,Ia berpesan pada ketiga anaknya.,95ac2fc97893a8bcad2e71d7948a8f5ee379bc7d00d076bb263c2ff96f0af572
102,cerita_102.txt,8,Ibu pergi membawa bunga untuk makam Ayah.,95ac2fc97893a8bcad2e71d7948a8f5ee379bc7d00d076bb263c2ff96f0af572
102,cerita_102.txt,9,Ibu pergi kalian harus saling menjaga.,95ac2fc97893a8bcad2e71d7948a8f5ee379bc7d00d076bb263c2ff96f0af572
102,cerita_102.txt,10,Raksasa tua yang jahat.,95ac2fc97893a8bcad2e71d7948a8f5ee379bc7d00d076bb263c2ff96f0af572
102,cerita_102.txt,11,Dia pandai menyamar jadi manusia.,95ac2fc97893a8bcad2e71d7948a8f5ee379bc7d00d076bb263c2ff96f0af572
102,cerita_102.txt,12,Dia meniru suara dan rupa.,95ac2fc97893a8bcad2e71d7948a8f5ee379bc7d00d076bb263c2ff96f0af572
102,cerita_102.txt,13,Kalian harus berhati-hati.,95ac2fc97893a8bcad2e71d7948a8f5ee379bc7d00d076bb263c2ff96f0af572
102,cerita_102.txt,14,Ketiga anak itu berjanji akan berhati-hati.,95ac2fc97893a8bcad2e71d7948a8f5ee379bc7d00d076bb263c2ff96f0af572
102,cerita_102.txt,15,Mereka mengantar Ibu mereka di muka rumah.,95ac2fc97893a8bcad2e71d7948a8f5ee379bc7d00d076bb263c2ff96f0af572
102,cerita_102.txt,16,Sang Ibu memerhatikan ketiga anaknya dari jauh dengan agak cemas.,95ac2fc97893a8bcad2e71d7948a8f5ee379bc7d00d076bb263c2ff96f0af572
102,cerita_102.txt,17,Ia ingin membawa bunga untuk makam suaminya.,95ac2fc97893a8bcad2e71d7948a8f5ee379bc7d00d076bb263c2ff96f0af572
102,cerita_102.txt,18,Ia pun pergi dengan hati gelisah.,95ac2fc97893a8bcad2e71d7948a8f5ee379bc7d00d076bb263c2ff96f0af572
102,cerita_102.txt,19,Raksasa tua datang ke rumah ketiga anak itu.,95ac2fc97893a8bcad2e71d7948a8f5ee379bc7d00d076bb263c2ff96f0af572
102,cerita_102.txt,20,Raksasa tua itu menuruti perintah mereka.,95ac2fc97893a8bcad2e71d7948a8f5ee379bc7d00d076bb263c2ff96f0af572
102,cerita_102.txt,21,Ketiga anak itu bergantian mengintip di lubang kecil pintu.,95ac2fc97893a8bcad2e71d7948a8f5ee379bc7d00d076bb263c2ff96f0af572
102,cerita_102.txt,22,Tangan ibu kami kecil dan halus.,95ac2fc97893a8bcad2e71d7948a8f5ee379bc7d00d076bb263c2ff96f0af572
102,cerita_102.txt,23,Kau terlihat seperti raksasa tua yang jahat.,95ac2fc97893a8bcad2e71d7948a8f5ee379bc7d00d076bb263c2ff96f0af572
102,cerita_102.txt,24,Raksasa tua itu segera pergi dari rumah itu.,95ac2fc97893a8bcad2e71d7948a8f5ee379bc7d00d076bb263c2ff96f0af572
102,cerita_102.txt,25,Ia kembali ke rumah ketiga anak itu.,95ac2fc97893a8bcad2e71d7948a8f5ee379bc7d00d076bb263c2ff96f0af572
102,cerita_102.txt,26,Raksasa itu menunjukan tangannya.,95ac2fc97893a8bcad2e71d7948a8f5ee379bc7d00d076bb263c2ff96f0af572
102,cerita_102.txt,27,Ketiga anak itu mengintip.,95ac2fc97893a8bcad2e71d7948a8f5ee379bc7d00d076bb263c2ff96f0af572
102,cerita_102.txt,28,Mereka melihat tangan yang tidak berbulu dan berkulit putih.,95ac2fc97893a8bcad2e71d7948a8f5ee379bc7d00d076bb263c2ff96f0af572
102,cerita_102.txt,29,Suara Ibu kami lebih halus daripada suaramu.,95ac2fc97893a8bcad2e71d7948a8f5ee379bc7d00d076bb263c2ff96f0af572
102,cerita_102.txt,30,Raksasa jahat itu pergi.,95ac2fc97893a8bcad2e71d7948a8f5ee379bc7d00d076bb263c2ff96f0af572
102,cerita_102.txt,31,"Ia meminum air rendaman bunga mawar, lalu kembali ke rumah anak-anak itu untuk ketiga kalinya.",95ac2fc97893a8bcad2e71d7948a8f5ee379bc7d00d076bb263c2ff96f0af572
102,cerita_102.txt,32,Ibu sudah datang.,95ac2fc97893a8bcad2e71d7948a8f5ee379bc7d00d076bb263c2ff96f0af572
102,cerita_102.txt,33,Ketiga anak itu membuka pintu.,95ac2fc97893a8bcad2e71d7948a8f5ee379bc7d00d076bb263c2ff96f0af572
102,cerita_102.txt,34,Raksasa itu merubah wujudnya menjadi Ibu mereka.,95ac2fc97893a8bcad2e71d7948a8f5ee379bc7d00d076bb263c2ff96f0af572
102,cerita_102.txt,35,Ketiga anak itu membiarkan Ibu palsu itu masuk.,95ac2fc97893a8bcad2e71d7948a8f5ee379bc7d00d076bb263c2ff96f0af572
102,cerita_102.txt,36,Hari sudah malam.,95ac2fc97893a8bcad2e71d7948a8f5ee379bc7d00d076bb263c2ff96f0af572
102,cerita_102.txt,37,Si anak bungsu tidur bersama raksasa tua yang kini tampak seperti ibu mereka.,95ac2fc97893a8bcad2e71d7948a8f5ee379bc7d00d076bb263c2ff96f0af572
102,cerita_102.txt,38,Anak pertama dan kedua terbangun.,95ac2fc97893a8bcad2e71d7948a8f5ee379bc7d00d076bb263c2ff96f0af572
102,cerita_102.txt,39,Mereka menajamkan telinga.,95ac2fc97893a8bcad2e71d7948a8f5ee379bc7d00d076bb263c2ff96f0af572
102,cerita_102.txt,40,Mereka mengendap keluar dari kamar.,95ac2fc97893a8bcad2e71d7948a8f5ee379bc7d00d076bb263c2ff96f0af572
102,cerita_102.txt,41,Mereka melihat sosok punggung ibu mereka.,95ac2fc97893a8bcad2e71d7948a8f5ee379bc7d00d076bb263c2ff96f0af572
102,cerita_102.txt,42,Ia sedang menyiapkan bahan makanan.,95ac2fc97893a8bcad2e71d7948a8f5ee379bc7d00d076bb263c2ff96f0af572
102,cerita_102.txt,43,Ia memotong-motong sayur.,95ac2fc97893a8bcad2e71d7948a8f5ee379bc7d00d076bb263c2ff96f0af572
102,cerita_102.txt,44,Ibu memasukkannya rempah-rempah ke dalam air mendidih.,95ac2fc97893a8bcad2e71d7948a8f5ee379bc7d00d076bb263c2ff96f0af572
102,cerita_102.txt,45,Sang Ibu lalu mengambil pisau daging.,95ac2fc97893a8bcad2e71d7948a8f5ee379bc7d00d076bb263c2ff96f0af572
102,cerita_102.txt,46,Ibu sedang menyiapkan sarapan untuk kalian.,95ac2fc97893a8bcad2e71d7948a8f5ee379bc7d00d076bb263c2ff96f0af572
102,cerita_102.txt,47,Ibu sangat kelaparan.,95ac2fc97893a8bcad2e71d7948a8f5ee379bc7d00d076bb263c2ff96f0af572
102,cerita_102.txt,48,Ibu pulang dari perjalanan yang sangat jauh.,95ac2fc97893a8bcad2e71d7948a8f5ee379bc7d00d076bb263c2ff96f0af572
102,cerita_102.txt,49,Ibu mengasah pisau daging.,95ac2fc97893a8bcad2e71d7948a8f5ee379bc7d00d076bb263c2ff96f0af572
102,cerita_102.txt,50,Dinding rumah hancur berlubang.,95ac2fc97893a8bcad2e71d7948a8f5ee379bc7d00d076bb263c2ff96f0af572
102,cerita_102.txt,51,Kepala raksasa itu terjebak di lubang dinding itu.,95ac2fc97893a8bcad2e71d7948a8f5ee379bc7d00d076bb263c2ff96f0af572
102,cerita_102.txt,52,Raksasa itu meronta dan mengamuk.,95ac2fc97893a8bcad2e71d7948a8f5ee379bc7d00d076bb263c2ff96f0af572
102,cerita_102.txt,53,Ia mencoba menarik kepalanya.,95ac2fc97893a8bcad2e71d7948a8f5ee379bc7d00d076bb263c2ff96f0af572
102,cerita_102.txt,54,Ia lalu menarik sekuat tenaga.,95ac2fc97893a8bcad2e71d7948a8f5ee379bc7d00d076bb263c2ff96f0af572
103,cerita_103.txt,1,Pagi hari seekor monyet memakan pisang matang.,7c4537b247b70044ae2ee625c2caee8c813aa84ecf3cff734fe2060c0417b613
103,cerita_103.txt,2,Monyet membawa kelapa ke tepi sungai.,7c4537b247b70044ae2ee625c2caee8c813aa84ecf3cff734fe2060c0417b613
103,cerita_103.txt,3,Burung kecil bernyanyi di atas pohon tinggi.,7c4537b247b70044ae2ee625c2caee8c813aa84ecf3cff734fe2060c0417b613
103,cerita_103.txt,4,Pada siang hari monyet beristirahat dengan tenang.,7c4537b247b70044ae2ee625c2caee8c813aa84ecf3cff734fe2060c0417b613
103,cerita_103.txt,5,Monyet mengambil buah mangga dari keranjang bambu.,7c4537b247b70044ae2ee625c2caee8c813aa84ecf3cff734fe2060c0417b613
103,cerita_103.txt,6,Kura kura berjalan ke arah batu besar.,7c4537b247b70044ae2ee625c2caee8c813aa84ecf3cff734fe2060c0417b613
103,cerita_103.txt,7,Pada sore hari monyet bermain air dengan gembira.,7c4537b247b70044ae2ee625c2caee8c813aa84ecf3cff734fe2060c0417b613
103,cerita_103.txt,8,Monyet melompat dari dahan pohon tua.,7c4537b247b70044ae2ee625c2caee8c813aa84ecf3cff734fe2060c0417b613
103,cerita_103.txt,9,Lebah kecil terbang di sekitar bunga liar.,7c4537b247b70044ae2ee625c2caee8c813aa84ecf3cff734fe2060c0417b613
103,cerita_103.txt,10,Pada malam hari monyet tidur dengan nyenyak.,7c4537b247b70044ae2ee625c2caee8c813aa84ecf3cff734fe2060c0417b613
103,cerita_103.txt,11,Musim hujan datang pada bulan desember.,7c4537b247b70044ae2ee625c2caee8c813aa84ecf3cff734fe2060c0417b613
103,cerita_103.txt,12,Monyet melihat pelangi di langit biru.,7c4537b247b70044ae2ee625c2caee8c813aa84ecf3cff734fe2060c0417b613
103,cerita_103.txt,13,Tupai membawa kacang ke sarang kecil.,7c4537b247b70044ae2ee625c2caee8c813aa84ecf3cff734fe2060c0417b613
103,cerita_103.txt,14,Pada pagi hari monyet mencuci tangan dengan air bersih.,7c4537b247b70044ae2ee625c2caee8c813aa84ecf3cff734fe2060c0417b613
103,cerita_103.txt,15,Angin dingin bertiup dari arah bukit hijau.,7c4537b247b70044ae2ee625c2caee8c813aa84ecf3cff734fe2060c0417b613
104,cerita_104.txt,1,Pada pagi hari Ahmad membaca buku cerita.,130f2896758a8b2c161bc568193093fba803fa1a24bad763423170fa71358bce
104,cerita_104.txt,2,Ahmad membawa tas sekolah ke ruang kelas.,130f2896758a8b2c161bc568193093fba803fa1a24bad763423170fa71358bce
104,cerita_104.txt,3,Ibu memasak sup hangat di dapur rumah.,130f2896758a8b2c161bc568193093fba803fa1a24bad763423170fa71358bce
104,cerita_104.txt,4,Pada siang hari Ahmad bermain lompat tali dengan teman teman.,130f2896758a8b2c161bc568193093fba803fa1a24bad763423170fa71358bce
104,cerita_104.txt,5,Ahmad mengambil pensil dari dalam laci meja.,130f2896758a8b2c161bc568193093fba803fa1a24bad763423170fa71358bce
104,cerita_104.txt,6,Burung pipit hinggap di atas pagar kayu.,130f2896758a8b2c161bc568193093fba803fa1a24bad763423170fa71358bce
104,cerita_104.txt,7,Pada sore hari Ahmad menyiram bunga dengan hati hati.,130f2896758a8b2c161bc568193093fba803fa1a24bad763423170fa71358bce
104,cerita_104.txt,8,Ayah pulang dari kantor desa.,130f2896758a8b2c161bc568193093fba803fa1a24bad763423170fa71358bce
104,cerita_104.txt,9,Ahmad menulis tugas sekolah dengan rapi.,130f2896758a8b2c161bc568193093fba803fa1a24bad763423170fa71358bce
104,cerita_104.txt,10,Pada malam hari Ahmad belajar dengan tenang.,130f2896758a8b2c161bc568193093fba803fa1a24bad763423170fa71358bce
104,cerita_104.txt,11,Kucing kecil tidur di dekat kursi tamu.,130f2896758a8b2c161bc568193093fba803fa1a24bad763423170fa71358bce
104,cerita_104.txt,12,Ahmad membeli roti dari toko dekat rumah.,130f2896758a8b2c161bc568193093fba803fa1a24bad763423170fa71358bce
104,cerita_104.txt,13,Pelangi muncul di langit cerah.,130f2896758a8b2c161bc568193093fba803fa1a24bad763423170fa71358bce
104,cerita_104.txt,14,Pada pagi hari Ahmad membantu ibu dengan senang hati.,130f2896758a8b2c161bc568193093fba803fa1a24bad763423170fa71358bce
104,cerita_104.txt,15,Adik berjalan ke halaman belakang rumah.,130f2896758a8b2c161bc568193093fba803fa1a24bad763423170fa71358bce
105,cerita_105.txt,1,Bapak ingin membeli sepeda untuk pergi ke kantor.Sepeda lipat ini lebih praktis dan nyaman dikendarai.,57bf03bfdb780f5b5f750789e8ec3bad625d7e57cf0e5cddb2cc832aac60485b
105,cerita_105.txt,2,"Pagi-pagi sekali, Bapak berangkat ke kantor dengan sepeda barunya.Bapak tidak bisa mengantar anak-anak ke sekolah.",57bf03bfdb780f5b5f750789e8ec3bad625d7e57cf0e5cddb2cc832aac60485b
105,cerita_105.txt,3,Mereka harus berjalan kaki.,57bf03bfdb780f5b5f750789e8ec3bad625d7e57cf0e5cddb2cc832aac60485b
105,cerita_105.txt,4,"Sorenya, Bapak pulang naik taksi.",57bf03bfdb780f5b5f750789e8ec3bad625d7e57cf0e5cddb2cc832aac60485b
105,cerita_105.txt,5,Bapak menatap Bobo.,57bf03bfdb780f5b5f750789e8ec3bad625d7e57cf0e5cddb2cc832aac60485b
105,cerita_105.txt,6,Aku lupa kalau membawa sepeda.,57bf03bfdb780f5b5f750789e8ec3bad625d7e57cf0e5cddb2cc832aac60485b
105,cerita_105.txt,7,"Menjelang malam, Bapak pulang naik sepeda.",57bf03bfdb780f5b5f750789e8ec3bad625d7e57cf0e5cddb2cc832aac60485b
105,cerita_105.txt,8,Aku bawa layar hijau.,57bf03bfdb780f5b5f750789e8ec3bad625d7e57cf0e5cddb2cc832aac60485b
105,cerita_105.txt,9,Video yang latar belakangnya layar hijau bisa kita padukan dengan gambar lain.,57bf03bfdb780f5b5f750789e8ec3bad625d7e57cf0e5cddb2cc832aac60485b
105,cerita_105.txt,10,Aku juga mau ikut main.,57bf03bfdb780f5b5f750789e8ec3bad625d7e57cf0e5cddb2cc832aac60485b
105,cerita_105.txt,11,Kami mau membuat vlog.,57bf03bfdb780f5b5f750789e8ec3bad625d7e57cf0e5cddb2cc832aac60485b
105,cerita_105.txt,12,Tentu saja kalian boleh ikut.,57bf03bfdb780f5b5f750789e8ec3bad625d7e57cf0e5cddb2cc832aac60485b
105,cerita_105.txt,13,Kita semua berdiri di depan layer.,57bf03bfdb780f5b5f750789e8ec3bad625d7e57cf0e5cddb2cc832aac60485b
105,cerita_105.txt,14,"Sekarang, kita berbicara bergantian.",57bf03bfdb780f5b5f750789e8ec3bad625d7e57cf0e5cddb2cc832aac60485b
105,cerita_105.txt,15,Aku tak sabar melihat hasilnya.,57bf03bfdb780f5b5f750789e8ec3bad625d7e57cf0e5cddb2cc832aac60485b
105,cerita_105.txt,16,Kita lihat hasilnya.,57bf03bfdb780f5b5f750789e8ec3bad625d7e57cf0e5cddb2cc832aac60485b
105,cerita_105.txt,17,Bobo mendengarkan cerita.,57bf03bfdb780f5b5f750789e8ec3bad625d7e57cf0e5cddb2cc832aac60485b
105,cerita_105.txt,18,Kita harus membuat rencana.,57bf03bfdb780f5b5f750789e8ec3bad625d7e57cf0e5cddb2cc832aac60485b
105,cerita_105.txt,19,Usul Tut Tut diterima.,57bf03bfdb780f5b5f750789e8ec3bad625d7e57cf0e5cddb2cc832aac60485b
105,cerita_105.txt,20,Keluarga Kelinci pun naik kereta api Bersama.Mereka berkumpul di gerbong.,57bf03bfdb780f5b5f750789e8ec3bad625d7e57cf0e5cddb2cc832aac60485b
105,cerita_105.txt,21,Kita sampai.,57bf03bfdb780f5b5f750789e8ec3bad625d7e57cf0e5cddb2cc832aac60485b
105,cerita_105.txt,22,Nenek pandai membuat kue yang lezat.,57bf03bfdb780f5b5f750789e8ec3bad625d7e57cf0e5cddb2cc832aac60485b
105,cerita_105.txt,23,Paman pandai memakan kue.,57bf03bfdb780f5b5f750789e8ec3bad625d7e57cf0e5cddb2cc832aac60485b
