id_teks,id_kalimat,kalimat,subjek,predikat,objek,keterangan,pertanyaan,cosine_similarity
1,1,Pagi itu Rina bangun lebih awal.,Rina,bangun,,pagi itu lebih awal,Siapa yang bangun pagi itu lebih awal?,0.664
1,1,Pagi itu Rina bangun lebih awal.,Rina,bangun,,pagi itu lebih awal,Kapan Rina bangun ?,0.8075
1,2,Rina merapikan tempat tidur di kamarnya.,Rina,merapikan,tempat tidur,di kamar nya,Siapa yang merapikan tempat tidur di kamar nya?,0.5631
1,2,Rina merapikan tempat tidur di kamarnya.,Rina,merapikan,tempat tidur,di kamar nya,Apa yang Rina rapikan di kamar nya?,0.727
1,2,Rina merapikan tempat tidur di kamarnya.,Rina,merapikan,tempat tidur,di kamar nya,Di mana Rina merapikan tempat tidur?,0.7347
1,3,Ibu memanggil Rina dari dapur.,Ibu,memanggil,Rina,dari dapur,Siapa yang memanggil Rina dari dapur?,0.8768
1,3,Ibu memanggil Rina dari dapur.,Ibu,memanggil,Rina,dari dapur,Siapa yang Ibu panggil dari dapur?,0.5766
1,3,Ibu memanggil Rina dari dapur.,Ibu,memanggil,Rina,dari dapur,Dari mana Ibu memanggil Rina?,0.7595
1,4,Rina berjalan ke dapur dengan cepat.,Rina,berjalan,,ke dapur dengan cepat,Siapa yang berjalan ke dapur dengan cepat?,0.7289
1,4,Rina berjalan ke dapur dengan cepat.,Rina,berjalan,,ke dapur dengan cepat,Ke mana Rina berjalan ?,0.4996
1,5,Ibu menyiapkan sarapan nasi goreng.,Ibu,menyiapkan,sarapan nasi goreng,,Apa yang menyiapkan sarapan nasi goreng?,0.8752
1,5,Ibu menyiapkan sarapan nasi goreng.,Ibu,menyiapkan,sarapan nasi goreng,,Apa yang Ibu siapkan?,0.2127
1,6,Rina membantu ibu menata meja makan.,Rina,membantu,ibu,,Siapa yang membantu ibu?,0.541
1,6,Rina membantu ibu menata meja makan.,Rina,membantu,ibu,,Apa yang Rina bantu?,0.5218
1,7,Ayah membaca koran di ruang tamu.,Ayah,membaca,koran,di ruang tamu,Siapa yang membaca koran di ruang tamu?,0.8464
1,7,Ayah membaca koran di ruang tamu.,Ayah,membaca,koran,di ruang tamu,Apa yang Ayah baca di ruang tamu?,0.7345
1,7,Ayah membaca koran di ruang tamu.,Ayah,membaca,koran,di ruang tamu,Di mana Ayah membaca koran?,0.584
1,8,Adik bermain bola di halaman rumah.,Adik,bermain,bola,di halaman rumah,Siapa yang bermain bola di halaman rumah?,0.8107
1,8,Adik bermain bola di halaman rumah.,Adik,bermain,bola,di halaman rumah,Apa yang Adik main di halaman rumah?,0.7133
1,8,Adik bermain bola di halaman rumah.,Adik,bermain,bola,di halaman rumah,Di mana Adik bermain bola?,0.6547
1,9,Rina mengambil piring dari lemari.,Rina,mengambil,piring,dari lemari,Siapa yang mengambil piring dari lemari?,0.614
1,9,Rina mengambil piring dari lemari.,Rina,mengambil,piring,dari lemari,Apa yang Rina ambil dari lemari?,0.859
1,9,Rina mengambil piring dari lemari.,Rina,mengambil,piring,dari lemari,Dari mana Rina mengambil piring?,0.7103
1,10,Ibu menuangkan teh hangat ke gelas.,Ibu,menuangkan,teh hangat,ke gelas,Apa yang menuangkan teh hangat ke gelas?,0.8186
1,10,Ibu menuangkan teh hangat ke gelas.,Ibu,menuangkan,teh hangat,ke gelas,Apa yang Ibu tuangkan ke gelas?,0.5076
1,10,Ibu menuangkan teh hangat ke gelas.,Ibu,menuangkan,teh hangat,ke gelas,Ke mana Ibu menuangkan teh hangat?,0.704
1,11,Ayah memanggil semua anggota keluarga.,Ayah,memanggil,semua anggota keluarga,,Siapa yang memanggil semua anggota keluarga?,0.822
1,11,Ayah memanggil semua anggota keluarga.,Ayah,memanggil,semua anggota keluarga,,Apa yang Ayah panggil?,0.3002
1,12,Mereka duduk bersama di meja makan.,Mereka,duduk,,bersama di meja makan,Siapa yang duduk bersama di meja makan?,0.7707
1,12,Mereka duduk bersama di meja makan.,Mereka,duduk,,bersama di meja makan,Di mana Mereka duduk ?,0.2643
1,13,Rina makan nasi goreng dengan lahap.,Rina,makan lahap,nasi,dengan lahap,Siapa yang makan lahap nasi dengan lahap?,0.7301
1,13,Rina makan nasi goreng dengan lahap.,Rina,makan lahap,nasi,dengan lahap,Apa yang Rina makan dengan lahap?,0.562
1,14,Adik minum teh dengan hati-hati.,Adik,minum,teh,dengan hati-hati,Apa yang minum teh dengan hati-hati?,0.8942
1,14,Adik minum teh dengan hati-hati.,Adik,minum,teh,dengan hati-hati,Apa yang Adik minum dengan hati-hati?,0.6509
1,15,Ayah bercerita tentang pekerjaan di kantor.,Ayah,bercerita,,tentang pekerjaan di kantor,Siapa yang bercerita tentang pekerjaan di kantor?,0.8395
1,15,Ayah bercerita tentang pekerjaan di kantor.,Ayah,bercerita,,tentang pekerjaan di kantor,Di mana Ayah bercerita ?,0.2287
1,16,Ibu mendengarkan cerita ayah dengan tenang.,Ibu,mendengarkan,cerita ayah,dengan tenang,Siapa yang mendengarkan cerita ayah dengan tenang?,0.7432
1,16,Ibu mendengarkan cerita ayah dengan tenang.,Ibu,mendengarkan,cerita ayah,dengan tenang,Apa yang Ibu dengarkan dengan tenang?,0.5879
1,17,Rina bertanya tentang rencana hari ini.,Rina,bertanya,,tentang rencana hari ini,Siapa yang bertanya tentang rencana hari ini?,0.6847
1,18,Ayah menjawab pertanyaan Rina dengan jelas.,Ayah,menjawab,pertanyaan Rina,dengan jelas,Siapa yang menjawab pertanyaan Rina dengan jelas?,0.7474
1,18,Ayah menjawab pertanyaan Rina dengan jelas.,Ayah,menjawab,pertanyaan Rina,dengan jelas,Siapa yang Ayah jawab dengan jelas?,0.415
1,19,Setelah makan mereka membersihkan meja.,mereka,membersihkan makan,meja,,Siapa yang membersihkan makan meja?,0.7449
1,19,Setelah makan mereka membersihkan meja.,mereka,membersihkan makan,meja,,Apa yang mereka bersihkan?,0.5223
1,20,Rina mencuci piring di wastafel.,Rina,mencuci,piring,di wastafel,Siapa yang mencuci piring di wastafel?,0.7371
1,20,Rina mencuci piring di wastafel.,Rina,mencuci,piring,di wastafel,Apa yang Rina cuci di wastafel?,0.8137
1,20,Rina mencuci piring di wastafel.,Rina,mencuci,piring,di wastafel,Di mana Rina mencuci piring?,0.6868
1,21,Ibu mengelap meja dengan kain bersih.,Ibu,mengelap,meja,dengan kain bersih,Apa yang mengelap meja dengan kain bersih?,0.7208
1,21,Ibu mengelap meja dengan kain bersih.,Ibu,mengelap,meja,dengan kain bersih,Apa yang Ibu kelap dengan kain bersih?,0.7053
1,22,Ayah menyapu lantai ruang makan.,Ayah,menyapu,lantai ruang,,Siapa yang menyapu lantai ruang?,0.7119
1,22,Ayah menyapu lantai ruang makan.,Ayah,menyapu,lantai ruang,,Apa yang Ayah sapu?,0.2895
1,23,Adik mengumpulkan sendok ke dalam wadah.,Adik,mengumpulkan,sendok,ke dalam wadah,Siapa yang mengumpulkan sendok ke dalam wadah?,0.8101
1,23,Adik mengumpulkan sendok ke dalam wadah.,Adik,mengumpulkan,sendok,ke dalam wadah,Apa yang Adik kumpulkan ke dalam wadah?,0.6072
1,23,Adik mengumpulkan sendok ke dalam wadah.,Adik,mengumpulkan,sendok,ke dalam wadah,Ke mana Adik mengumpulkan sendok?,0.6759
1,25,Rina merasa senang membantu keluarga.,Rina,merasa membantu,keluarga,senang,Siapa yang merasa membantu keluarga senang?,0.6507
1,25,Rina merasa senang membantu keluarga.,Rina,merasa membantu,keluarga,senang,Apa yang Rina rasa senang?,0.6521
2,1,Pagi hari Andi pergi ke sekolah.,Andi,pergi,,pagi hari ke sekolah,Siapa yang pergi pagi hari ke sekolah?,0.757
2,1,Pagi hari Andi pergi ke sekolah.,Andi,pergi,,pagi hari ke sekolah,Kapan Andi pergi ?,0.3878
2,1,Pagi hari Andi pergi ke sekolah.,Andi,pergi,,pagi hari ke sekolah,Ke mana Andi pergi ?,0.4405
2,2,Andi berjalan kaki bersama Budi.,Andi,berjalan,kaki,bersama budi,Siapa yang berjalan kaki bersama budi?,0.5687
2,2,Andi berjalan kaki bersama Budi.,Andi,berjalan,kaki,bersama budi,Apa yang Andi jalan bersama budi?,0.3848
2,3,Mereka melewati taman di dekat rumah.,Mereka,melewati,taman,di dekat rumah,Siapa yang melewati taman di dekat rumah?,0.8328
2,3,Mereka melewati taman di dekat rumah.,Mereka,melewati,taman,di dekat rumah,Apa yang Mereka lewati di dekat rumah?,0.607
2,3,Mereka melewati taman di dekat rumah.,Mereka,melewati,taman,di dekat rumah,Di mana Mereka melewati taman?,0.6929
2,4,Burung bernyanyi di atas pohon.,Burung,bernyanyi,,di atas pohon,Siapa yang bernyanyi di atas pohon?,0.7411
2,4,Burung bernyanyi di atas pohon.,Burung,bernyanyi,,di atas pohon,Di mana Burung bernyanyi ?,0.7312
2,5,Andi membawa tas berwarna biru.,Andi,membawa,tas,,Siapa yang membawa tas?,0.6143
2,5,Andi membawa tas berwarna biru.,Andi,membawa,tas,,Apa yang Andi bawa?,0.409
2,6,Budi membawa bekal dari ibunya.,Budi,membawa,bekal,dari ibu nya,Siapa yang membawa bekal dari ibu nya?,0.6997
2,6,Budi membawa bekal dari ibunya.,Budi,membawa,bekal,dari ibu nya,Apa yang Budi bawa dari ibu nya?,0.7351
2,6,Budi membawa bekal dari ibunya.,Budi,membawa,bekal,dari ibu nya,Dari mana Budi membawa bekal?,0.5239
2,7,Mereka tiba di gerbang sekolah.,Mereka,tiba,,di gerbang sekolah,Siapa yang tiba di gerbang sekolah?,0.8743
2,7,Mereka tiba di gerbang sekolah.,Mereka,tiba,,di gerbang sekolah,Di mana Mereka tiba ?,0.4272
2,8,Guru menyambut siswa di depan kelas.,Guru,menyambut,siswa,di depan kelas,Siapa yang menyambut siswa di depan kelas?,0.7974
2,8,Guru menyambut siswa di depan kelas.,Guru,menyambut,siswa,di depan kelas,Apa yang Guru sambut di depan kelas?,0.6487
2,8,Guru menyambut siswa di depan kelas.,Guru,menyambut,siswa,di depan kelas,Di mana Guru menyambut siswa?,0.7759
2,9,Andi masuk ke kelas dengan tertib.,Andi,masuk,,ke kelas dengan tertib,Siapa yang masuk ke kelas dengan tertib?,0.8411
2,9,Andi masuk ke kelas dengan tertib.,Andi,masuk,,ke kelas dengan tertib,Ke mana Andi masuk ?,0.292
2,10,Budi duduk di bangku sebelah Andi.,Budi,duduk,,di bangku sebelah andi,Siapa yang duduk di bangku sebelah andi?,0.541
2,10,Budi duduk di bangku sebelah Andi.,Budi,duduk,,di bangku sebelah andi,Di mana Budi duduk ?,0.67
2,11,Guru menjelaskan pelajaran matematika.,Guru,menjelaskan,pelajaran matematika,,Apa yang menjelaskan pelajaran matematika?,0.819
2,11,Guru menjelaskan pelajaran matematika.,Guru,menjelaskan,pelajaran matematika,,Apa yang Guru jelaskan?,0.5755
2,12,Andi mendengarkan penjelasan guru.,Andi,mendengarkan,penjelasan guru,,Siapa yang mendengarkan penjelasan guru?,0.8587
2,12,Andi mendengarkan penjelasan guru.,Andi,mendengarkan,penjelasan guru,,Apa yang Andi dengarkan?,0.4462
2,13,Budi mencatat di buku tulis.,Budi,mencatat,,di buku tulis,Siapa yang mencatat di buku tulis?,0.7085
2,13,Budi mencatat di buku tulis.,Budi,mencatat,,di buku tulis,Di mana Budi mencatat ?,0.5806
2,14,Mereka mengerjakan soal dengan serius.,Mereka,mengerjakan,soal,dengan serius,Siapa yang mengerjakan soal dengan serius?,0.6154
2,14,Mereka mengerjakan soal dengan serius.,Mereka,mengerjakan,soal,dengan serius,Apa yang Mereka kerjakan dengan serius?,0.7113
2,15,Guru memeriksa hasil pekerjaan siswa.,Guru,memeriksa,hasil pekerjaan siswa,,Siapa yang memeriksa hasil pekerjaan siswa?,0.7952
2,15,Guru memeriksa hasil pekerjaan siswa.,Guru,memeriksa,hasil pekerjaan siswa,,Apa yang Guru periksa?,0.6325
2,16,Andi mendapat nilai yang baik.,Andi,mendapat,nilai yang baik,,Siapa yang mendapat nilai yang baik?,0.7128
2,16,Andi mendapat nilai yang baik.,Andi,mendapat,nilai yang baik,,Apa yang Andi dapat?,0.5151
2,17,Budi juga mendapat nilai bagus.,Budi,mendapat,nilai bagus,juga,Siapa yang mendapat nilai bagus juga?,0.7837
2,17,Budi juga mendapat nilai bagus.,Budi,mendapat,nilai bagus,juga,Apa yang Budi dapat juga?,0.4214
2,18,Saat istirahat mereka makan bersama.,mereka,makan,,bersama,Siapa yang makan bersama?,0.6418
2,19,Andi membuka bekal nasi goreng.,Andi,membuka,bekal nasi goreng,,Siapa yang membuka bekal nasi goreng?,0.8394
2,19,Andi membuka bekal nasi goreng.,Andi,membuka,bekal nasi goreng,,Apa yang Andi buka?,0.4333
2,20,Budi membuka bekal roti isi.,Budi,membuka,bekal roti isi,,Siapa yang membuka bekal roti isi?,0.6963
2,20,Budi membuka bekal roti isi.,Budi,membuka,bekal roti isi,,Apa yang Budi buka?,0.596
2,21,Mereka berbagi makanan di kantin.,Mereka,berbagi,makanan,di kantin,Siapa yang berbagi makanan di kantin?,0.8363
2,21,Mereka berbagi makanan di kantin.,Mereka,berbagi,makanan,di kantin,Apa yang Mereka bagi di kantin?,0.3651
2,21,Mereka berbagi makanan di kantin.,Mereka,berbagi,makanan,di kantin,Di mana Mereka berbagi makanan?,0.7941
2,22,Setelah istirahat mereka kembali ke kelas.,mereka,kembali,,setelah istirahat ke kelas,Siapa yang kembali setelah istirahat ke kelas?,0.8232
2,22,Setelah istirahat mereka kembali ke kelas.,mereka,kembali,,setelah istirahat ke kelas,Kapan mereka kembali ?,0.3785
2,22,Setelah istirahat mereka kembali ke kelas.,mereka,kembali,,setelah istirahat ke kelas,Ke mana mereka kembali ?,0.3765
2,23,Guru mengajar pelajaran bahasa Indonesia.,Guru,mengajar,pelajaran bahasa Indonesia,,Siapa yang mengajar pelajaran bahasa Indonesia?,0.8893
2,23,Guru mengajar pelajaran bahasa Indonesia.,Guru,mengajar,pelajaran bahasa Indonesia,,Siapa yang Guru ajar?,0.5157
2,24,Andi membaca teks dengan lantang.,Andi,membaca,teks,dengan lantang,Siapa yang membaca teks dengan lantang?,0.8474
2,24,Andi membaca teks dengan lantang.,Andi,membaca,teks,dengan lantang,Apa yang Andi baca dengan lantang?,0.6093
2,25,Budi menulis jawaban di buku.,Budi,menulis,jawaban,di buku,Siapa yang menulis jawaban di buku?,0.7836
2,25,Budi menulis jawaban di buku.,Budi,menulis,jawaban,di buku,Apa yang Budi tulis di buku?,0.7701
2,25,Budi menulis jawaban di buku.,Budi,menulis,jawaban,di buku,Di mana Budi menulis jawaban?,0.7243
3,1,Sore hari Siti bermain di halaman.,Siti,bermain,,sore hari di halaman,Siapa yang bermain sore hari di halaman?,0.6947
3,1,Sore hari Siti bermain di halaman.,Siti,bermain,,sore hari di halaman,Di mana Siti bermain ?,0.6649
3,2,Siti membawa boneka kesayangannya.,Siti,membawa,boneka kesayangan nya,,Siapa yang membawa boneka kesayangan nya?,0.8603
3,2,Siti membawa boneka kesayangannya.,Siti,membawa,boneka kesayangan nya,,Apa yang Siti bawa?,0.4211
3,3,Teman Siti datang ke rumah.,Teman Siti,datang,,ke rumah,Siapa yang datang ke rumah?,0.6316
3,3,Teman Siti datang ke rumah.,Teman Siti,datang,,ke rumah,Ke mana Teman Siti datang ?,0.621
3,4,Mereka bermain bersama di bawah pohon.,Mereka,bermain,,bersama di bawah pohon,Siapa yang bermain bersama di bawah pohon?,0.8711
3,4,Mereka bermain bersama di bawah pohon.,Mereka,bermain,,bersama di bawah pohon,Di mana Mereka bermain ?,0.3111
3,5,Siti duduk di atas tikar.,Siti,duduk,,di atas tikar,Siapa yang duduk di atas tikar?,0.7183
3,5,Siti duduk di atas tikar.,Siti,duduk,,di atas tikar,Di mana Siti duduk ?,0.7327
3,6,Temannya membawa mainan baru.,Teman nya,membawa,mainan baru,,Apa yang membawa mainan baru?,0.8712
3,6,Temannya membawa mainan baru.,Teman nya,membawa,mainan baru,,Apa yang Teman nya bawa?,0.5119
3,7,Mereka saling bertukar mainan.,Mereka,bertukar,mainan,saling,Siapa yang bertukar mainan saling?,0.8642
3,7,Mereka saling bertukar mainan.,Mereka,bertukar,mainan,saling,Apa yang Mereka tukar saling?,0.4642
3,8,Ibu memanggil mereka dari dalam rumah.,Ibu,memanggil,mereka,dari dalam rumah,Siapa yang memanggil mereka dari dalam rumah?,0.7726
3,8,Ibu memanggil mereka dari dalam rumah.,Ibu,memanggil,mereka,dari dalam rumah,Apa yang Ibu panggil dari dalam rumah?,0.7367
3,8,Ibu memanggil mereka dari dalam rumah.,Ibu,memanggil,mereka,dari dalam rumah,Dari mana Ibu memanggil mereka?,0.5588
3,9,Ibu menyajikan kue di meja.,Ibu,menyajikan,kue,di meja,Siapa yang menyajikan kue di meja?,0.7029
3,9,Ibu menyajikan kue di meja.,Ibu,menyajikan,kue,di meja,Apa yang Ibu sajikan di meja?,0.4298
3,9,Ibu menyajikan kue di meja.,Ibu,menyajikan,kue,di meja,Di mana Ibu menyajikan kue?,0.7697
3,10,Siti mengambil kue dengan sopan.,Siti,mengambil,kue,dengan sopan,Siapa yang mengambil kue dengan sopan?,0.7223
3,10,Siti mengambil kue dengan sopan.,Siti,mengambil,kue,dengan sopan,Apa yang Siti ambil dengan sopan?,0.5718
3,11,Temannya minum air putih.,Teman nya,minum,air putih,,Apa yang minum air putih?,0.7525
3,11,Temannya minum air putih.,Teman nya,minum,air putih,,Apa yang Teman nya minum?,0.5687
3,12,Mereka berbicara tentang sekolah.,Mereka,berbicara,,tentang sekolah,Siapa yang berbicara tentang sekolah?,0.9013
3,13,Siti menceritakan pelajaran hari ini.,Siti,menceritakan,pelajaran hari ini,,Siapa yang menceritakan pelajaran hari ini?,0.7229
3,13,Siti menceritakan pelajaran hari ini.,Siti,menceritakan,pelajaran hari ini,,Apa yang Siti ceritakan?,0.7409
3,14,Temannya mendengarkan dengan antusias.,Teman nya,mendengarkan,,dengan antusias,Apa yang mendengarkan dengan antusias?,0.7621
3,15,Mereka tertawa bersama di halaman.,,tertawa,,bersama di halaman,Di mana  tertawa ?,0.5852
3,16,Angin bertiup sejuk di sore hari.,Angin,bertiup,,sejuk di sore hari,Siapa yang bertiup sejuk di sore hari?,0.6717
3,16,Angin bertiup sejuk di sore hari.,Angin,bertiup,,sejuk di sore hari,Di mana Angin bertiup ?,0.6147
3,17,Daun bergoyang di atas pohon.,Daun,bergoyang,,di atas pohon,Apa yang bergoyang di atas pohon?,0.8616
3,17,Daun bergoyang di atas pohon.,Daun,bergoyang,,di atas pohon,Di mana Daun bergoyang ?,0.3536
3,18,Siti merasa senang bermain.,Siti,merasa bermain,,senang,Siapa yang merasa bermain senang?,0.5719
3,19,Temannya juga merasa gembira.,Teman nya,merasa,,juga gembira,Apa yang merasa juga gembira?,0.7793
3,20,Matahari mulai terbenam di barat.,,terbenam,,mulai di barat,Di mana  terbenam ?,0.1329
3,21,Ibu mengajak mereka masuk ke rumah.,Ibu,mengajak masuk,mereka,ke rumah,Siapa yang mengajak masuk mereka ke rumah?,0.7001
3,21,Ibu mengajak mereka masuk ke rumah.,Ibu,mengajak masuk,mereka,ke rumah,Apa yang Ibu ajak ke rumah?,0.5801
3,21,Ibu mengajak mereka masuk ke rumah.,Ibu,mengajak masuk,mereka,ke rumah,Ke mana Ibu mengajak masuk mereka?,0.5192
3,22,Siti merapikan mainannya.,Siti,merapikan,mainan nya,,Siapa yang merapikan mainan nya?,0.6558
3,22,Siti merapikan mainannya.,Siti,merapikan,mainan nya,,Apa yang Siti rapikan?,0.6806
3,23,Temannya berpamitan kepada ibu Siti.,Teman nya,berpamitan,,kepada ibu siti,Apa yang berpamitan kepada ibu siti?,0.4756
3,24,Siti mengantar temannya ke depan rumah.,Siti,mengantar,teman nya,ke depan rumah,Siapa yang mengantar teman nya ke depan rumah?,0.6684
3,24,Siti mengantar temannya ke depan rumah.,Siti,mengantar,teman nya,ke depan rumah,Apa yang Siti antar ke depan rumah?,0.6363
3,24,Siti mengantar temannya ke depan rumah.,Siti,mengantar,teman nya,ke depan rumah,Ke mana Siti mengantar teman nya?,0.6947
3,25,Siti kembali ke rumah dengan bahagia.,Siti,kembali,,ke rumah dengan bahagia,Siapa yang kembali ke rumah dengan bahagia?,0.7838
3,25,Siti kembali ke rumah dengan bahagia.,Siti,kembali,,ke rumah dengan bahagia,Ke mana Siti kembali ?,0.5027
4,1,Pagi hari Dina membantu ibu.,Dina,membantu,ibu,pagi hari,Siapa yang membantu ibu pagi hari?,0.7692
4,1,Pagi hari Dina membantu ibu.,Dina,membantu,ibu,pagi hari,Apa yang Dina bantu pagi hari?,0.6725
4,1,Pagi hari Dina membantu ibu.,Dina,membantu,ibu,pagi hari,Kapan Dina membantu ibu?,0.7406
4,2,Dina menyapu lantai ruang tamu.,Dina,menyapu,lantai ruang tamu,,Siapa yang menyapu lantai ruang tamu?,0.8311
4,2,Dina menyapu lantai ruang tamu.,Dina,menyapu,lantai ruang tamu,,Apa yang Dina sapu?,0.199
4,3,Ibu mencuci pakaian di halaman.,Ibu,mencuci,pakaian,di halaman,Apa yang mencuci pakaian di halaman?,0.7623
4,3,Ibu mencuci pakaian di halaman.,Ibu,mencuci,pakaian,di halaman,Apa yang Ibu cuci di halaman?,0.7692
4,3,Ibu mencuci pakaian di halaman.,Ibu,mencuci,pakaian,di halaman,Di mana Ibu mencuci pakaian?,0.67
4,4,Dina mengambil sapu dari gudang.,Dina,mengambil,sapu,dari gudang,Siapa yang mengambil sapu dari gudang?,0.6826
4,4,Dina mengambil sapu dari gudang.,Dina,mengambil,sapu,dari gudang,Apa yang Dina ambil dari gudang?,0.8001
4,4,Dina mengambil sapu dari gudang.,Dina,mengambil,sapu,dari gudang,Dari mana Dina mengambil sapu?,0.749
4,5,Ibu menjemur pakaian di tali.,Ibu,menjemur,pakaian,di tali,Apa yang menjemur pakaian di tali?,0.7577
4,5,Ibu menjemur pakaian di tali.,Ibu,menjemur,pakaian,di tali,Apa yang Ibu jemur di tali?,0.6859
4,5,Ibu menjemur pakaian di tali.,Ibu,menjemur,pakaian,di tali,Di mana Ibu menjemur pakaian?,0.6996
4,6,Dina membersihkan debu di meja.,Dina,membersihkan,debu,di meja,Siapa yang membersihkan debu di meja?,0.7803
4,6,Dina membersihkan debu di meja.,Dina,membersihkan,debu,di meja,Apa yang Dina bersihkan di meja?,0.7314
4,6,Dina membersihkan debu di meja.,Dina,membersihkan,debu,di meja,Di mana Dina membersihkan debu?,0.6067
4,7,Ayah memperbaiki kursi di teras.,Ayah,memperbaiki,kursi,di teras,Siapa yang memperbaiki kursi di teras?,0.7923
4,7,Ayah memperbaiki kursi di teras.,Ayah,memperbaiki,kursi,di teras,Apa yang Ayah baiki di teras?,0.4319
4,7,Ayah memperbaiki kursi di teras.,Ayah,memperbaiki,kursi,di teras,Di mana Ayah memperbaiki kursi?,0.723
4,8,Adik menggambar di buku gambar.,Adik,menggambar,,di buku gambar,Siapa yang menggambar di buku gambar?,0.7338
4,8,Adik menggambar di buku gambar.,Adik,menggambar,,di buku gambar,Di mana Adik menggambar ?,0.7084
4,9,Dina mengelap jendela dengan kain.,Dina,mengelap,jendela,dengan kain,Siapa yang mengelap jendela dengan kain?,0.7891
4,9,Dina mengelap jendela dengan kain.,Dina,mengelap,jendela,dengan kain,Apa yang Dina kelap dengan kain?,0.6048
4,10,Ibu memasak sayur di dapur.,Ibu,memasak,sayur,di dapur,Apa yang memasak sayur di dapur?,0.7141
4,10,Ibu memasak sayur di dapur.,Ibu,memasak,sayur,di dapur,Apa yang Ibu pasak di dapur?,0.3638
4,10,Ibu memasak sayur di dapur.,Ibu,memasak,sayur,di dapur,Di mana Ibu memasak sayur?,0.6726
4,11,Aroma masakan terasa harum.,Aroma masakan,terasa,,harum,Apa yang terasa harum?,0.4122
4,12,Dina menata kursi di ruang makan.,Dina,menata,kursi,di ruang makan,Siapa yang menata kursi di ruang makan?,0.7206
4,12,Dina menata kursi di ruang makan.,Dina,menata,kursi,di ruang makan,Apa yang Dina tata di ruang makan?,0.5899
4,12,Dina menata kursi di ruang makan.,Dina,menata,kursi,di ruang makan,Di mana Dina menata kursi?,0.5573
4,13,Ayah masuk ke dalam rumah.,Ayah,masuk,,ke dalam rumah,Siapa yang masuk ke dalam rumah?,0.8059
4,13,Ayah masuk ke dalam rumah.,Ayah,masuk,,ke dalam rumah,Ke mana Ayah masuk ?,0.5033
4,14,Adik menunjukkan gambar kepada ayah.,Adik,menunjukkan,gambar,kepada ayah,Siapa yang menunjukkan gambar kepada ayah?,0.8377
4,14,Adik menunjukkan gambar kepada ayah.,Adik,menunjukkan,gambar,kepada ayah,Apa yang Adik tunjukkan kepada ayah?,0.7178
4,15,Ayah memuji hasil gambar adik.,Ayah,memuji,hasil gambar adik,,Siapa yang memuji hasil gambar adik?,0.8896
4,15,Ayah memuji hasil gambar adik.,Ayah,memuji,hasil gambar adik,,Apa yang Ayah puji?,0.2549
4,16,Dina membantu ibu menyiapkan makan siang.,Dina,membantu menyiapkan,makan siang,,Siapa yang membantu menyiapkan makan siang?,0.7255
4,16,Dina membantu ibu menyiapkan makan siang.,Dina,membantu menyiapkan,makan siang,,Apa yang Dina bantukan?,0.2754
4,17,Mereka makan bersama di meja.,Mereka,makan,,bersama di meja,Siapa yang makan bersama di meja?,0.7768
4,17,Mereka makan bersama di meja.,Mereka,makan,,bersama di meja,Di mana Mereka makan ?,0.4709
4,18,Ibu menuangkan air ke gelas.,Ibu,menuangkan,air,ke gelas,Siapa yang menuangkan air ke gelas?,0.7441
4,18,Ibu menuangkan air ke gelas.,Ibu,menuangkan,air,ke gelas,Apa yang Ibu tuangkan ke gelas?,0.714
4,18,Ibu menuangkan air ke gelas.,Ibu,menuangkan,air,ke gelas,Ke mana Ibu menuangkan air?,0.435
4,19,Dina makan dengan tertib.,Dina,makan,,dengan tertib,Siapa yang makan dengan tertib?,0.7639
4,20,Adik duduk dengan rapi.,Adik,duduk,,dengan rapi,Siapa yang duduk dengan rapi?,0.6052
4,21,Ayah bercerita tentang pekerjaan.,Ayah,bercerita,,tentang pekerjaan,Siapa yang bercerita tentang pekerjaan?,0.8033
4,22,Dina mendengarkan dengan baik.,Dina,mendengarkan,,dengan baik,Siapa yang mendengarkan dengan baik?,0.5718
4,23,Setelah makan Dina mencuci piring.,Dina,mencuci makan,piring,,Siapa yang mencuci makan piring?,0.7077
4,23,Setelah makan Dina mencuci piring.,Dina,mencuci makan,piring,,Apa yang Dina cucikan?,0.4284
4,24,Ibu mengelap meja makan.,Ibu,mengelap,meja,,Apa yang mengelap meja?,0.4987
4,24,Ibu mengelap meja makan.,Ibu,mengelap,meja,,Apa yang Ibu kelap?,0.2066
4,25,Rumah menjadi bersih dan rapi.,Rumah,menjadi,,bersih dan rapi,Apa yang menjadi bersih dan rapi?,0.5363
5,1,Rudi pergi ke pasar bersama ibu.,Rudi,pergi,,ke pasar bersama ibu,Siapa yang pergi ke pasar bersama ibu?,0.6817
5,1,Rudi pergi ke pasar bersama ibu.,Rudi,pergi,,ke pasar bersama ibu,Ke mana Rudi pergi ?,0.51
5,2,Rudi berjalan di samping ibu.,Rudi,berjalan,,di samping ibu,Siapa yang berjalan di samping ibu?,0.7751
5,2,Rudi berjalan di samping ibu.,Rudi,berjalan,,di samping ibu,Di mana Rudi berjalan ?,0.5199
5,3,Pasar terlihat ramai pada pagi hari.,,terlihat,,ramai pada pagi hari,Kapan  terlihat ?,0.1792
5,4,Ibu membeli sayur dari pedagang.,Ibu,membeli,sayur,dari pedagang,Apa yang membeli sayur dari pedagang?,0.8339
5,4,Ibu membeli sayur dari pedagang.,Ibu,membeli,sayur,dari pedagang,Apa yang Ibu beli dari pedagang?,0.4925
5,4,Ibu membeli sayur dari pedagang.,Ibu,membeli,sayur,dari pedagang,Dari mana Ibu membeli sayur?,0.7795
5,5,Rudi membawa kantong belanja.,Rudi,membawa,kantong belanja,,Siapa yang membawa kantong belanja?,0.7567
5,5,Rudi membawa kantong belanja.,Rudi,membawa,kantong belanja,,Apa yang Rudi bawa?,0.5282
5,6,Pedagang menawarkan buah segar.,Pedagang,menawarkan,buah segar,,Apa yang menawarkan buah segar?,0.7969
5,6,Pedagang menawarkan buah segar.,Pedagang,menawarkan,buah segar,,Apa yang Pedagang tawarkan?,0.4986
5,7,Ibu memilih apel merah.,Ibu,memilih,apel merah,,Apa yang memilih apel merah?,0.8676
5,7,Ibu memilih apel merah.,Ibu,memilih,apel merah,,Apa yang Ibu pilih?,0.1799
5,8,Rudi menghitung jumlah buah.,Rudi,menghitung,jumlah buah,,Siapa yang menghitung jumlah buah?,0.7608
5,8,Rudi menghitung jumlah buah.,Rudi,menghitung,jumlah buah,,Apa yang Rudi hitung?,0.5885
5,9,Ibu membayar di kasir pasar.,Ibu,membayar,,di kasir pasar,Apa yang membayar di kasir pasar?,0.8065
5,9,Ibu membayar di kasir pasar.,Ibu,membayar,,di kasir pasar,Di mana Ibu membayar ?,0.5809
5,10,Rudi membantu membawa barang.,Rudi,membantu membawa,barang,,Siapa yang membantu membawa barang?,0.6567
5,10,Rudi membantu membawa barang.,Rudi,membantu membawa,barang,,Apa yang Rudi bantu?,0.7523
5,11,Mereka keluar dari pasar bersama.,Mereka,keluar,,dari pasar bersama,Siapa yang keluar dari pasar bersama?,0.7531
5,11,Mereka keluar dari pasar bersama.,Mereka,keluar,,dari pasar bersama,Dari mana Mereka keluar ?,0.5979
5,12,Rudi melihat penjual mainan.,Rudi,melihat,penjual mainan,,Siapa yang melihat penjual mainan?,0.7596
5,12,Rudi melihat penjual mainan.,Rudi,melihat,penjual mainan,,Apa yang Rudi lihat?,0.6933
5,13,Rudi meminta izin kepada ibu.,Rudi,meminta,izin,kepada ibu,Siapa yang meminta izin kepada ibu?,0.6945
5,13,Rudi meminta izin kepada ibu.,Rudi,meminta,izin,kepada ibu,Apa yang Rudi pinta kepada ibu?,0.7397
5,14,Ibu mengizinkan Rudi melihat mainan.,Ibu,mengizinkan melihat,mainan,,Siapa yang mengizinkan melihat mainan?,0.5558
5,14,Ibu mengizinkan Rudi melihat mainan.,Ibu,mengizinkan melihat,mainan,,Apa yang Ibu izin?,0.2322
5,15,Rudi memilih bola kecil.,Rudi,memilih,bola kecil,,Siapa yang memilih bola kecil?,0.6832
5,15,Rudi memilih bola kecil.,Rudi,memilih,bola kecil,,Apa yang Rudi pilih?,0.6779
5,16,Ibu membeli bola untuk Rudi.,Ibu,membeli,bola,untuk rudi,Siapa yang membeli bola untuk rudi?,0.7142
5,16,Ibu membeli bola untuk Rudi.,Ibu,membeli,bola,untuk rudi,Apa yang Ibu beli untuk rudi?,0.4776
5,17,Rudi merasa sangat senang.,Rudi,merasa,,sangat senang,Siapa yang merasa sangat senang?,0.5634
5,18,Mereka berjalan pulang ke rumah.,Mereka,berjalan pulang,,ke rumah,Siapa yang berjalan pulang ke rumah?,0.7872
5,18,Mereka berjalan pulang ke rumah.,Mereka,berjalan pulang,,ke rumah,Ke mana Mereka berjalan pulang ?,0.7586
5,19,Rudi membawa bola di tangan.,Rudi,membawa,bola,di tangan,Siapa yang membawa bola di tangan?,0.6838
5,19,Rudi membawa bola di tangan.,Rudi,membawa,bola,di tangan,Apa yang Rudi bawa di tangan?,0.6422
5,19,Rudi membawa bola di tangan.,Rudi,membawa,bola,di tangan,Di mana Rudi membawa bola?,0.8021
5,20,Ibu membawa belanjaan di tas.,Ibu,membawa,belanjaan,di tas,Apa yang membawa belanjaan di tas?,0.7832
5,20,Ibu membawa belanjaan di tas.,Ibu,membawa,belanjaan,di tas,Apa yang Ibu bawa di tas?,0.6928
5,20,Ibu membawa belanjaan di tas.,Ibu,membawa,belanjaan,di tas,Di mana Ibu membawa belanjaan?,0.6841
5,21,Sesampainya di rumah mereka beristirahat.,mereka,beristirahat,,di rumah,Siapa yang beristirahat di rumah?,0.5108
5,21,Sesampainya di rumah mereka beristirahat.,mereka,beristirahat,,di rumah,Di mana mereka beristirahat ?,0.4346
5,22,Rudi bermain bola di halaman.,Rudi,bermain,bola,di halaman,Siapa yang bermain bola di halaman?,0.6986
5,22,Rudi bermain bola di halaman.,Rudi,bermain,bola,di halaman,Apa yang Rudi main di halaman?,0.6251
5,22,Rudi bermain bola di halaman.,Rudi,bermain,bola,di halaman,Di mana Rudi bermain bola?,0.7604
5,23,Ibu menyimpan belanjaan di dapur.,Ibu,menyimpan,belanjaan,di dapur,Apa yang menyimpan belanjaan di dapur?,0.6832
5,23,Ibu menyimpan belanjaan di dapur.,Ibu,menyimpan,belanjaan,di dapur,Apa yang Ibu simpan di dapur?,0.6033
5,23,Ibu menyimpan belanjaan di dapur.,Ibu,menyimpan,belanjaan,di dapur,Di mana Ibu menyimpan belanjaan?,0.2443
5,24,Ayah datang dari kantor.,Ayah,datang,,dari kantor,Siapa yang datang dari kantor?,0.8387
5,24,Ayah datang dari kantor.,Ayah,datang,,dari kantor,Dari mana Ayah datang ?,0.4327
5,25,Rudi menunjukkan bola kepada ayah.,Rudi,menunjukkan,bola,kepada ayah,Siapa yang menunjukkan bola kepada ayah?,0.7417
5,25,Rudi menunjukkan bola kepada ayah.,Rudi,menunjukkan,bola,kepada ayah,Apa yang Rudi tunjukkan kepada ayah?,0.6942
6,1,Pagi hari Beni membaca buku.,Beni,membaca,buku,pagi hari,Siapa yang membaca buku pagi hari?,0.858
6,1,Pagi hari Beni membaca buku.,Beni,membaca,buku,pagi hari,Apa yang Beni baca pagi hari?,0.809
6,1,Pagi hari Beni membaca buku.,Beni,membaca,buku,pagi hari,Kapan Beni membaca buku?,0.6882
6,2,Beni duduk di kursi belajar.,Beni,duduk,,di kursi belajar,Siapa yang duduk di kursi belajar?,0.7266
6,2,Beni duduk di kursi belajar.,Beni,duduk,,di kursi belajar,Di mana Beni duduk ?,0.3302
6,3,Ibu memanggil Beni dari dapur.,Ibu,memanggil,Beni,dari dapur,Siapa yang memanggil Beni dari dapur?,0.8318
6,3,Ibu memanggil Beni dari dapur.,Ibu,memanggil,Beni,dari dapur,Siapa yang Ibu panggil dari dapur?,0.6135
6,3,Ibu memanggil Beni dari dapur.,Ibu,memanggil,Beni,dari dapur,Dari mana Ibu memanggil Beni?,0.653
6,4,Beni menutup buku pelajaran.,Beni,menutup,buku pelajaran,,Siapa yang menutup buku pelajaran?,0.8094
6,4,Beni menutup buku pelajaran.,Beni,menutup,buku pelajaran,,Apa yang Beni tutup?,0.6495
6,5,Ibu meminta bantuan Beni.,Ibu,meminta,bantuan Beni,,Siapa yang meminta bantuan Beni?,0.7634
6,5,Ibu meminta bantuan Beni.,Ibu,meminta,bantuan Beni,,Siapa yang Ibu pinta?,0.3436
6,6,Beni mengambil air di sumur.,Beni,mengambil,air,di sumur,Siapa yang mengambil air di sumur?,0.7057
6,6,Beni mengambil air di sumur.,Beni,mengambil,air,di sumur,Apa yang Beni ambil di sumur?,0.6592
6,6,Beni mengambil air di sumur.,Beni,mengambil,air,di sumur,Di mana Beni mengambil air?,0.5722
6,7,Ibu memasak sayur di dapur.,Ibu,memasak,sayur,di dapur,Apa yang memasak sayur di dapur?,0.7141
6,7,Ibu memasak sayur di dapur.,Ibu,memasak,sayur,di dapur,Apa yang Ibu pasak di dapur?,0.3638
6,7,Ibu memasak sayur di dapur.,Ibu,memasak,sayur,di dapur,Di mana Ibu memasak sayur?,0.6726
6,8,Beni menuangkan air ke dalam panci.,Beni,menuangkan,air,ke dalam panci,Siapa yang menuangkan air ke dalam panci?,0.7375
6,8,Beni menuangkan air ke dalam panci.,Beni,menuangkan,air,ke dalam panci,Apa yang Beni tuangkan ke dalam panci?,0.7288
6,8,Beni menuangkan air ke dalam panci.,Beni,menuangkan,air,ke dalam panci,Ke mana Beni menuangkan air?,0.5192
6,9,Ibu mengaduk masakan dengan sendok.,Ibu,mengaduk,masakan,dengan sendok,Apa yang mengaduk masakan dengan sendok?,0.8124
6,9,Ibu mengaduk masakan dengan sendok.,Ibu,mengaduk,masakan,dengan sendok,Apa yang Ibu kaduk dengan sendok?,0.7103
6,10,Aroma masakan terasa enak.,Aroma masakan,terasa,,enak,Apa yang terasa enak?,0.5217
6,11,Beni mencuci tangan di wastafel.,Beni,mencuci,tangan,di wastafel,Siapa yang mencuci tangan di wastafel?,0.8226
6,11,Beni mencuci tangan di wastafel.,Beni,mencuci,tangan,di wastafel,Apa yang Beni cuci di wastafel?,0.7918
6,11,Beni mencuci tangan di wastafel.,Beni,mencuci,tangan,di wastafel,Di mana Beni mencuci tangan?,0.777
6,12,Ibu menyiapkan makan pagi.,Ibu,menyiapkan makan,pagi,,Apa yang menyiapkan makan pagi?,0.838
6,12,Ibu menyiapkan makan pagi.,Ibu,menyiapkan makan,pagi,,Apa yang Ibu siapkan?,0.2958
6,13,Ayah duduk di ruang makan.,Ayah,duduk,,di ruang makan,Siapa yang duduk di ruang makan?,0.6618
6,13,Ayah duduk di ruang makan.,Ayah,duduk,,di ruang makan,Di mana Ayah duduk ?,0.3255
6,14,Beni membawa piring ke meja.,Beni,membawa,piring,ke meja,Siapa yang membawa piring ke meja?,0.7055
6,14,Beni membawa piring ke meja.,Beni,membawa,piring,ke meja,Apa yang Beni bawa ke meja?,0.5983
6,14,Beni membawa piring ke meja.,Beni,membawa,piring,ke meja,Ke mana Beni membawa piring?,0.5614
6,15,Mereka makan bersama di pagi hari.,Mereka,makan,,bersama di pagi hari,Siapa yang makan bersama di pagi hari?,0.7751
6,15,Mereka makan bersama di pagi hari.,Mereka,makan,,bersama di pagi hari,Kapan Mereka makan ?,0.5122
6,15,Mereka makan bersama di pagi hari.,Mereka,makan,,bersama di pagi hari,Di mana Mereka makan ?,0.3903
6,16,Ayah berbicara tentang pekerjaan.,Ayah,berbicara,,tentang pekerjaan,Siapa yang berbicara tentang pekerjaan?,0.8605
6,17,Ibu mendengarkan dengan tenang.,Ibu,mendengarkan,,dengan tenang,Apa yang mendengarkan dengan tenang?,0.6161
6,18,Beni menghabiskan makanannya.,Beni,menghabiskan,makanan nya,,Siapa yang menghabiskan makanan nya?,0.7069
6,18,Beni menghabiskan makanannya.,Beni,menghabiskan,makanan nya,,Apa yang Beni habiskan?,0.5497
6,20,Beni membuka buku di meja.,Beni,membuka,buku,di meja,Siapa yang membuka buku di meja?,0.7915
6,20,Beni membuka buku di meja.,Beni,membuka,buku,di meja,Apa yang Beni buka di meja?,0.7002
6,20,Beni membuka buku di meja.,Beni,membuka,buku,di meja,Di mana Beni membuka buku?,0.5559
6,21,Ibu membersihkan dapur.,Ibu,membersihkan,dapur,,Apa yang membersihkan dapur?,0.7154
6,21,Ibu membersihkan dapur.,Ibu,membersihkan,dapur,,Apa yang Ibu bersihkan?,0.4374
6,22,Ayah bersiap pergi ke kantor.,Ayah,bersiap pergi,,ke kantor,Siapa yang bersiap pergi ke kantor?,0.8308
6,22,Ayah bersiap pergi ke kantor.,Ayah,bersiap pergi,,ke kantor,Ke mana Ayah bersiap pergi ?,0.486
6,23,Beni membaca dengan serius.,Beni,membaca,,dengan serius,Siapa yang membaca dengan serius?,0.8186
6,24,Ibu memberi semangat kepada Beni.,Ibu,memberi,semangat,kepada beni,Siapa yang memberi semangat kepada beni?,0.5101
6,24,Ibu memberi semangat kepada Beni.,Ibu,memberi,semangat,kepada beni,Apa yang Ibu beri kepada beni?,0.2895
6,25,Beni merasa termotivasi untuk belajar.,Beni,merasa termotivasi,,,Siapa yang merasa termotivasi?,0.4622
7,1,Pagi hari Tono pergi ke sekolah.,Tono,pergi,,pagi hari ke sekolah,Siapa yang pergi pagi hari ke sekolah?,0.6482
7,1,Pagi hari Tono pergi ke sekolah.,Tono,pergi,,pagi hari ke sekolah,Kapan Tono pergi ?,0.5369
7,1,Pagi hari Tono pergi ke sekolah.,Tono,pergi,,pagi hari ke sekolah,Ke mana Tono pergi ?,0.5446
7,2,Tono memakai seragam rapi.,Tono,memakai,seragam rapi,,Siapa yang memakai seragam rapi?,0.5319
7,2,Tono memakai seragam rapi.,Tono,memakai,seragam rapi,,Apa yang Tono pakai?,0.6244
7,3,Ibu menyiapkan bekal untuk Tono.,Ibu,menyiapkan,bekal,untuk Tono,Siapa yang menyiapkan bekal untuk Tono?,0.7098
7,3,Ibu menyiapkan bekal untuk Tono.,Ibu,menyiapkan,bekal,untuk Tono,Apa yang Ibu siapkan untuk Tono?,0.7203
7,4,Tono memasukkan buku ke tas.,Tono,memasukkan,buku,ke tas,Siapa yang memasukkan buku ke tas?,0.6698
7,4,Tono memasukkan buku ke tas.,Tono,memasukkan,buku,ke tas,Apa yang Tono masukkan ke tas?,0.4838
7,4,Tono memasukkan buku ke tas.,Tono,memasukkan,buku,ke tas,Ke mana Tono memasukkan buku?,0.7951
7,5,Ayah mengantar Tono ke sekolah.,Ayah,mengantar,Tono,ke sekolah,Siapa yang mengantar Tono ke sekolah?,0.8803
7,5,Ayah mengantar Tono ke sekolah.,Ayah,mengantar,Tono,ke sekolah,Siapa yang Ayah antar ke sekolah?,0.4637
7,5,Ayah mengantar Tono ke sekolah.,Ayah,mengantar,Tono,ke sekolah,Ke mana Ayah mengantar Tono?,0.5963
7,6,Tono duduk di belakang sepeda.,Tono,duduk,,di belakang sepeda,Siapa yang duduk di belakang sepeda?,0.8227
7,6,Tono duduk di belakang sepeda.,Tono,duduk,,di belakang sepeda,Di mana Tono duduk ?,0.368
7,7,Mereka melewati jalan desa.,Mereka,melewati,jalan desa,,Siapa yang melewati jalan desa?,0.853
7,7,Mereka melewati jalan desa.,Mereka,melewati,jalan desa,,Apa yang Mereka lewati?,0.2447
7,8,Angin bertiup di pagi hari.,Angin,bertiup,,di pagi hari,Siapa yang bertiup di pagi hari?,0.5351
7,8,Angin bertiup di pagi hari.,Angin,bertiup,,di pagi hari,Kapan Angin bertiup ?,0.7037
7,8,Angin bertiup di pagi hari.,Angin,bertiup,,di pagi hari,Di mana Angin bertiup ?,0.717
7,9,Tono tiba di sekolah tepat waktu.,Tono,tiba,,di sekolah tepat waktu,Siapa yang tiba di sekolah tepat waktu?,0.7344
7,9,Tono tiba di sekolah tepat waktu.,Tono,tiba,,di sekolah tepat waktu,Di mana Tono tiba ?,0.4574
7,10,Guru menyambut siswa di gerbang.,Guru,menyambut,siswa,di gerbang,Siapa yang menyambut siswa di gerbang?,0.7748
7,10,Guru menyambut siswa di gerbang.,Guru,menyambut,siswa,di gerbang,Apa yang Guru sambut di gerbang?,0.477
7,10,Guru menyambut siswa di gerbang.,Guru,menyambut,siswa,di gerbang,Di mana Guru menyambut siswa?,0.6947
7,11,Tono masuk ke kelas dengan tertib.,Tono,masuk,,ke kelas dengan tertib,Siapa yang masuk ke kelas dengan tertib?,0.6988
7,11,Tono masuk ke kelas dengan tertib.,Tono,masuk,,ke kelas dengan tertib,Ke mana Tono masuk ?,0.4287
7,12,Temannya menyapa Tono dengan ramah.,Teman nya,menyapa,Tono,dengan ramah,Apa yang menyapa Tono dengan ramah?,0.8915
7,12,Temannya menyapa Tono dengan ramah.,Teman nya,menyapa,Tono,dengan ramah,Siapa yang Teman nya sapa dengan ramah?,0.5395
7,13,Guru mengajar pelajaran sains.,Guru,mengajar,pelajaran sains,,Siapa yang mengajar pelajaran sains?,0.8599
7,13,Guru mengajar pelajaran sains.,Guru,mengajar,pelajaran sains,,Apa yang Guru ajar?,0.6315
7,14,Tono mendengarkan dengan fokus.,Tono,mendengarkan,,dengan fokus,Siapa yang mendengarkan dengan fokus?,0.7339
7,15,Temannya mencatat di buku.,Teman nya,mencatat,,di buku,Apa yang mencatat di buku?,0.8142
7,15,Temannya mencatat di buku.,Teman nya,mencatat,,di buku,Di mana Teman nya mencatat ?,0.4945
7,16,Guru memberi tugas kepada siswa.,Guru,memberi,tugas,kepada siswa,Siapa yang memberi tugas kepada siswa?,0.8024
7,16,Guru memberi tugas kepada siswa.,Guru,memberi,tugas,kepada siswa,Apa yang Guru beri kepada siswa?,0.7673
7,17,Tono mengerjakan tugas dengan teliti.,Tono,mengerjakan,tugas,dengan teliti,Siapa yang mengerjakan tugas dengan teliti?,0.6147
7,17,Tono mengerjakan tugas dengan teliti.,Tono,mengerjakan,tugas,dengan teliti,Apa yang Tono kerjakan dengan teliti?,0.8417
7,18,Saat istirahat Tono bermain di lapangan.,,bermain,,di lapangan,Di mana  bermain ?,0.4858
7,19,Temannya bermain bola bersama.,Teman nya,bermain,bola,bersama,Apa yang bermain bola bersama?,0.7164
7,19,Temannya bermain bola bersama.,Teman nya,bermain,bola,bersama,Apa yang Teman nya main bersama?,0.3769
7,20,Tono berlari di lapangan sekolah.,Tono,berlari,,di lapangan sekolah,Siapa yang berlari di lapangan sekolah?,0.7704
7,20,Tono berlari di lapangan sekolah.,Tono,berlari,,di lapangan sekolah,Di mana Tono berlari ?,0.5791
7,21,Setelah istirahat mereka kembali ke kelas.,mereka,kembali,,setelah istirahat ke kelas,Siapa yang kembali setelah istirahat ke kelas?,0.8232
7,21,Setelah istirahat mereka kembali ke kelas.,mereka,kembali,,setelah istirahat ke kelas,Kapan mereka kembali ?,0.3785
7,21,Setelah istirahat mereka kembali ke kelas.,mereka,kembali,,setelah istirahat ke kelas,Ke mana mereka kembali ?,0.3765
7,22,Guru melanjutkan pelajaran.,Guru,melanjutkan,pelajaran,,Siapa yang melanjutkan pelajaran?,0.6602
7,22,Guru melanjutkan pelajaran.,Guru,melanjutkan,pelajaran,,Apa yang Guru lanjutkan?,0.6491
7,23,Tono menjawab pertanyaan guru.,Tono,menjawab,pertanyaan guru,,Siapa yang menjawab pertanyaan guru?,0.682
7,23,Tono menjawab pertanyaan guru.,Tono,menjawab,pertanyaan guru,,Apa yang Tono jawab?,0.7439
7,24,Guru memberi pujian kepada Tono.,Guru,memberi,pujian,kepada tono,Siapa yang memberi pujian kepada tono?,0.7071
7,24,Guru memberi pujian kepada Tono.,Guru,memberi,pujian,kepada tono,Apa yang Guru beri kepada tono?,0.6103
7,25,Tono pulang ke rumah dengan senang.,Tono,pulang,,ke rumah dengan senang,Siapa yang pulang ke rumah dengan senang?,0.5843
7,25,Tono pulang ke rumah dengan senang.,Tono,pulang,,ke rumah dengan senang,Ke mana Tono pulang ?,0.5214
8,1,Pagi hari Lani membantu ibu di dapur.,Lani,membantu,ibu,pagi hari di dapur,Siapa yang membantu ibu pagi hari di dapur?,0.8688
8,1,Pagi hari Lani membantu ibu di dapur.,Lani,membantu,ibu,pagi hari di dapur,Apa yang Lani bantu pagi hari di dapur?,0.6966
8,1,Pagi hari Lani membantu ibu di dapur.,Lani,membantu,ibu,pagi hari di dapur,Kapan Lani membantu ibu?,0.6145
8,1,Pagi hari Lani membantu ibu di dapur.,Lani,membantu,ibu,pagi hari di dapur,Di mana Lani membantu ibu?,0.556
8,2,Lani mencuci sayur di wastafel.,Lani,mencuci,sayur,di wastafel,Siapa yang mencuci sayur di wastafel?,0.7944
8,2,Lani mencuci sayur di wastafel.,Lani,mencuci,sayur,di wastafel,Apa yang Lani cuci di wastafel?,0.6296
8,2,Lani mencuci sayur di wastafel.,Lani,mencuci,sayur,di wastafel,Di mana Lani mencuci sayur?,0.6691
8,3,Ibu memotong wortel di meja.,Ibu,memotong,wortel,di meja,Apa yang memotong wortel di meja?,0.7986
8,3,Ibu memotong wortel di meja.,Ibu,memotong,wortel,di meja,Apa yang Ibu potong di meja?,0.5536
8,3,Ibu memotong wortel di meja.,Ibu,memotong,wortel,di meja,Di mana Ibu memotong wortel?,0.6991
8,4,Lani menaruh sayur ke dalam mangkuk.,Lani,menaruh,sayur,ke dalam mangkuk,Siapa yang menaruh sayur ke dalam mangkuk?,0.8353
8,4,Lani menaruh sayur ke dalam mangkuk.,Lani,menaruh,sayur,ke dalam mangkuk,Apa yang Lani taruh ke dalam mangkuk?,0.6564
8,4,Lani menaruh sayur ke dalam mangkuk.,Lani,menaruh,sayur,ke dalam mangkuk,Ke mana Lani menaruh sayur?,0.6177
8,5,Ibu menyalakan kompor di dapur.,Ibu,menyalakan,kompor,di dapur,Apa yang menyalakan kompor di dapur?,0.7739
8,5,Ibu menyalakan kompor di dapur.,Ibu,menyalakan,kompor,di dapur,Apa yang Ibu nyalakan di dapur?,0.6966
8,5,Ibu menyalakan kompor di dapur.,Ibu,menyalakan,kompor,di dapur,Di mana Ibu menyalakan kompor?,0.5025
8,6,Air mendidih di dalam panci.,Air,mendidih,,di dalam panci,Apa yang mendidih di dalam panci?,0.8511
8,6,Air mendidih di dalam panci.,Air,mendidih,,di dalam panci,Di mana Air mendidih ?,0.7654
8,7,Lani mengaduk sayur dengan sendok.,Lani,mengaduk,sayur,dengan sendok,Siapa yang mengaduk sayur dengan sendok?,0.7229
8,7,Lani mengaduk sayur dengan sendok.,Lani,mengaduk,sayur,dengan sendok,Apa yang Lani kaduk dengan sendok?,0.4915
8,8,Aroma masakan terasa harum.,Aroma masakan,terasa,,harum,Apa yang terasa harum?,0.4122
8,9,Ayah duduk di ruang makan.,Ayah,duduk,,di ruang makan,Siapa yang duduk di ruang makan?,0.6618
8,9,Ayah duduk di ruang makan.,Ayah,duduk,,di ruang makan,Di mana Ayah duduk ?,0.3255
8,10,Adik bermain mobil-mobilan di lantai.,Adik,bermain,mobil-mobilan,di lantai,Siapa yang bermain mobil-mobilan di lantai?,0.8212
8,10,Adik bermain mobil-mobilan di lantai.,Adik,bermain,mobil-mobilan,di lantai,Apa yang Adik main di lantai?,0.6909
8,10,Adik bermain mobil-mobilan di lantai.,Adik,bermain,mobil-mobilan,di lantai,Di mana Adik bermain mobil-mobilan?,0.6578
8,11,Lani menyiapkan piring di meja.,Lani,menyiapkan,piring,di meja,Siapa yang menyiapkan piring di meja?,0.7821
8,11,Lani menyiapkan piring di meja.,Lani,menyiapkan,piring,di meja,Apa yang Lani siapkan di meja?,0.699
8,11,Lani menyiapkan piring di meja.,Lani,menyiapkan,piring,di meja,Di mana Lani menyiapkan piring?,0.6811
8,12,Ibu menuangkan sup ke mangkuk.,Ibu,menuangkan,sup,ke mangkuk,Apa yang menuangkan sup ke mangkuk?,0.9181
8,12,Ibu menuangkan sup ke mangkuk.,Ibu,menuangkan,sup,ke mangkuk,Apa yang Ibu tuangkan ke mangkuk?,0.7139
8,12,Ibu menuangkan sup ke mangkuk.,Ibu,menuangkan,sup,ke mangkuk,Ke mana Ibu menuangkan sup?,0.7602
8,13,Mereka makan bersama di pagi hari.,Mereka,makan,,bersama di pagi hari,Siapa yang makan bersama di pagi hari?,0.7751
8,13,Mereka makan bersama di pagi hari.,Mereka,makan,,bersama di pagi hari,Kapan Mereka makan ?,0.5122
8,13,Mereka makan bersama di pagi hari.,Mereka,makan,,bersama di pagi hari,Di mana Mereka makan ?,0.3903
8,14,Lani makan dengan rapi.,Lani,makan,,dengan rapi,Siapa yang makan dengan rapi?,0.7352
8,15,Adik minum air putih.,Adik,minum,air putih,,Apa yang minum air putih?,0.8127
8,15,Adik minum air putih.,Adik,minum,air putih,,Apa yang Adik minum?,0.6301
8,16,Ayah bercerita tentang pekerjaan.,Ayah,bercerita,,tentang pekerjaan,Siapa yang bercerita tentang pekerjaan?,0.8033
8,17,Ibu mendengarkan dengan tenang.,Ibu,mendengarkan,,dengan tenang,Apa yang mendengarkan dengan tenang?,0.6161
8,18,Setelah makan Lani mencuci piring.,Lani,mencuci makan,piring,,Siapa yang mencuci makan piring?,0.6269
8,18,Setelah makan Lani mencuci piring.,Lani,mencuci makan,piring,,Apa yang Lani cucikan?,0.4334
8,19,Ibu mengelap meja makan.,Ibu,mengelap,meja,,Apa yang mengelap meja?,0.4987
8,19,Ibu mengelap meja makan.,Ibu,mengelap,meja,,Apa yang Ibu kelap?,0.2066
8,20,Adik mengumpulkan sendok.,Adik,mengumpulkan,sendok,,Siapa yang mengumpulkan sendok?,0.7172
8,20,Adik mengumpulkan sendok.,Adik,mengumpulkan,sendok,,Apa yang Adik kumpulkan?,0.3607
8,21,Rumah menjadi bersih setelah dibersihkan.,Rumah,menjadi dibersihkan,,bersih,Apa yang menjadi dibersihkan bersih?,0.6481
8,22,Lani merasa senang membantu ibu.,Lani,merasa membantu,ibu,senang,Siapa yang merasa membantu ibu senang?,0.8233
8,22,Lani merasa senang membantu ibu.,Lani,merasa membantu,ibu,senang,Apa yang Lani rasa senang?,0.3807
8,23,Ibu memuji kerja Lani.,Ibu,memuji,kerja Lani,,Siapa yang memuji kerja Lani?,0.7613
8,23,Ibu memuji kerja Lani.,Ibu,memuji,kerja Lani,,Siapa yang Ibu puji?,0.2154
8,24,Lani tersenyum bahagia.,Lani,tersenyum,bahagia,,Siapa yang tersenyum bahagia?,0.7488
8,24,Lani tersenyum bahagia.,Lani,tersenyum,bahagia,,Apa yang Lani senyum?,0.7484
8,25,Hari terasa menyenangkan bagi Lani.,Hari,terasa menyenangkan,,bagi lani,Siapa yang terasa menyenangkan bagi lani?,0.4786
9,1,Pagi hari Riko bermain di halaman.,Riko,bermain,,pagi hari di halaman,Siapa yang bermain pagi hari di halaman?,0.7597
9,1,Pagi hari Riko bermain di halaman.,Riko,bermain,,pagi hari di halaman,Kapan Riko bermain ?,0.542
9,1,Pagi hari Riko bermain di halaman.,Riko,bermain,,pagi hari di halaman,Di mana Riko bermain ?,0.5384
9,2,Riko membawa bola kecil.,Riko,membawa,bola kecil,,Siapa yang membawa bola kecil?,0.7314
9,2,Riko membawa bola kecil.,Riko,membawa,bola kecil,,Apa yang Riko bawa?,0.5442
9,3,Temannya datang ke rumah Riko.,Teman nya,datang,,ke rumah riko,Apa yang datang ke rumah riko?,0.6115
9,3,Temannya datang ke rumah Riko.,Teman nya,datang,,ke rumah riko,Ke mana Teman nya datang ?,0.3608
9,4,Mereka bermain bersama di lapangan kecil.,Mereka,bermain,,bersama di lapangan kecil,Siapa yang bermain bersama di lapangan kecil?,0.8332
9,4,Mereka bermain bersama di lapangan kecil.,Mereka,bermain,,bersama di lapangan kecil,Di mana Mereka bermain ?,0.5473
9,5,Riko menendang bola ke arah teman.,Riko,menendang,bola,ke arah teman,Siapa yang menendang bola ke arah teman?,0.7667
9,5,Riko menendang bola ke arah teman.,Riko,menendang,bola,ke arah teman,Apa yang Riko tendang ke arah teman?,0.6767
9,5,Riko menendang bola ke arah teman.,Riko,menendang,bola,ke arah teman,Ke mana Riko menendang bola?,0.6737
9,6,Temannya menangkap bola dengan tangan.,Teman nya,menangkap,bola,dengan tangan,Apa yang menangkap bola dengan tangan?,0.837
9,6,Temannya menangkap bola dengan tangan.,Teman nya,menangkap,bola,dengan tangan,Apa yang Teman nya tangkap dengan tangan?,0.4394
9,8,Ibu memanggil Riko dari dalam rumah.,Ibu,memanggil,Riko,dari dalam rumah,Siapa yang memanggil Riko dari dalam rumah?,0.8501
9,8,Ibu memanggil Riko dari dalam rumah.,Ibu,memanggil,Riko,dari dalam rumah,Siapa yang Ibu panggil dari dalam rumah?,0.5968
9,8,Ibu memanggil Riko dari dalam rumah.,Ibu,memanggil,Riko,dari dalam rumah,Dari mana Ibu memanggil Riko?,0.7163
9,9,Ibu memberi minum air putih.,Ibu,memberi,minum air putih,,Siapa yang memberi minum air putih?,0.7048
9,9,Ibu memberi minum air putih.,Ibu,memberi,minum air putih,,Apa yang Ibu beri?,0.299
9,10,Riko duduk di kursi teras.,Riko,duduk,,di kursi teras,Siapa yang duduk di kursi teras?,0.6644
9,10,Riko duduk di kursi teras.,Riko,duduk,,di kursi teras,Di mana Riko duduk ?,0.6935
9,11,Temannya duduk di samping Riko.,Teman nya,duduk,,di samping riko,Apa yang duduk di samping riko?,0.6922
9,11,Temannya duduk di samping Riko.,Teman nya,duduk,,di samping riko,Di mana Teman nya duduk ?,0.6144
9,12,Mereka minum air bersama.,Mereka,minum,air,bersama,Siapa yang minum air bersama?,0.8032
9,12,Mereka minum air bersama.,Mereka,minum,air,bersama,Apa yang Mereka minum bersama?,0.71
9,13,Angin bertiup sejuk di siang hari.,Angin,bertiup,,sejuk di siang hari,Siapa yang bertiup sejuk di siang hari?,0.6652
9,13,Angin bertiup sejuk di siang hari.,Angin,bertiup,,sejuk di siang hari,Kapan Angin bertiup ?,0.5915
9,13,Angin bertiup sejuk di siang hari.,Angin,bertiup,,sejuk di siang hari,Di mana Angin bertiup ?,0.6579
9,14,Riko melihat burung di pohon.,Riko,melihat,burung,di pohon,Siapa yang melihat burung di pohon?,0.888
9,14,Riko melihat burung di pohon.,Riko,melihat,burung,di pohon,Apa yang Riko lihat di pohon?,0.6565
9,14,Riko melihat burung di pohon.,Riko,melihat,burung,di pohon,Di mana Riko melihat burung?,0.5982
9,15,Temannya menunjuk ke arah langit.,Teman nya,menunjuk,,ke arah langit,Apa yang menunjuk ke arah langit?,0.9051
9,15,Temannya menunjuk ke arah langit.,Teman nya,menunjuk,,ke arah langit,Ke mana Teman nya menunjuk ?,0.2943
9,16,Mereka berbicara tentang burung.,Mereka,berbicara,,tentang burung,Siapa yang berbicara tentang burung?,0.9156
9,17,Riko kembali bermain bola.,Riko,bermain,bola,kembali,Siapa yang bermain bola kembali?,0.6161
9,17,Riko kembali bermain bola.,Riko,bermain,bola,kembali,Apa yang Riko main kembali?,0.6347
9,18,Temannya ikut bermain bersama.,Teman nya,ikut bermain,,,Apa yang ikut bermain?,0.6381
9,19,Matahari mulai terik di siang hari.,Matahari,mulai terik,,di siang hari,Siapa yang mulai terik di siang hari?,0.5918
9,19,Matahari mulai terik di siang hari.,Matahari,mulai terik,,di siang hari,Kapan Matahari mulai terik ?,0.7639
9,19,Matahari mulai terik di siang hari.,Matahari,mulai terik,,di siang hari,Di mana Matahari mulai terik ?,0.7923
9,20,Ibu meminta mereka beristirahat.,Ibu,meminta beristirahat,mereka,,Siapa yang meminta beristirahat mereka?,0.7128
9,20,Ibu meminta mereka beristirahat.,Ibu,meminta beristirahat,mereka,,Apa yang Ibu pinta?,0.1936
9,21,Riko masuk ke dalam rumah.,Riko,masuk,,ke dalam rumah,Siapa yang masuk ke dalam rumah?,0.6746
9,21,Riko masuk ke dalam rumah.,Riko,masuk,,ke dalam rumah,Ke mana Riko masuk ?,0.5735
9,22,Temannya berpamitan kepada ibu Riko.,Teman nya,berpamitan,,kepada ibu riko,Apa yang berpamitan kepada ibu riko?,0.762
9,23,Riko mengantar temannya ke depan rumah.,Riko,mengantar,teman nya,ke depan rumah,Siapa yang mengantar teman nya ke depan rumah?,0.6699
9,23,Riko mengantar temannya ke depan rumah.,Riko,mengantar,teman nya,ke depan rumah,Apa yang Riko antar ke depan rumah?,0.6143
9,23,Riko mengantar temannya ke depan rumah.,Riko,mengantar,teman nya,ke depan rumah,Ke mana Riko mengantar teman nya?,0.7275
9,24,Riko melambaikan tangan kepada temannya.,Riko,melambaikan,tangan,kepada teman,Siapa yang melambaikan tangan kepada teman?,0.704
9,24,Riko melambaikan tangan kepada temannya.,Riko,melambaikan,tangan,kepada teman,Apa yang Riko lambaikan kepada teman?,0.5787
9,25,Riko kembali bermain di halaman.,Riko,bermain,,kembali di halaman,Siapa yang bermain kembali di halaman?,0.6129
9,25,Riko kembali bermain di halaman.,Riko,bermain,,kembali di halaman,Di mana Riko bermain ?,0.6957
10,1,Pagi hari Sari pergi ke perpustakaan.,Sari,pergi,,pagi hari ke perpustakaan,Siapa yang pergi pagi hari ke perpustakaan?,0.6255
10,1,Pagi hari Sari pergi ke perpustakaan.,Sari,pergi,,pagi hari ke perpustakaan,Kapan Sari pergi ?,0.4285
10,1,Pagi hari Sari pergi ke perpustakaan.,Sari,pergi,,pagi hari ke perpustakaan,Ke mana Sari pergi ?,0.4573
10,2,Sari berjalan kaki bersama temannya.,Sari,berjalan,kaki,bersama teman,Siapa yang berjalan kaki bersama teman?,0.5682
10,2,Sari berjalan kaki bersama temannya.,Sari,berjalan,kaki,bersama teman,Apa yang Sari jalan bersama teman?,0.7216
10,3,Mereka membawa buku di tas.,Mereka,membawa,buku,di tas,Siapa yang membawa buku di tas?,0.8556
10,3,Mereka membawa buku di tas.,Mereka,membawa,buku,di tas,Apa yang Mereka bawa di tas?,0.6798
10,3,Mereka membawa buku di tas.,Mereka,membawa,buku,di tas,Di mana Mereka membawa buku?,0.7646
10,5,Petugas menyapa mereka dengan ramah.,Petugas,menyapa,mereka,dengan ramah,Siapa yang menyapa mereka dengan ramah?,0.7105
10,5,Petugas menyapa mereka dengan ramah.,Petugas,menyapa,mereka,dengan ramah,Apa yang Petugas sapa dengan ramah?,0.7887
10,6,Sari mencari buku cerita di rak.,Sari,mencari,buku cerita,di rak,Siapa yang mencari buku cerita di rak?,0.9005
10,6,Sari mencari buku cerita di rak.,Sari,mencari,buku cerita,di rak,Apa yang Sari cari di rak?,0.4821
10,6,Sari mencari buku cerita di rak.,Sari,mencari,buku cerita,di rak,Di mana Sari mencari buku cerita?,0.6403
10,7,Temannya mencari buku pelajaran.,Teman nya,mencari,buku pelajaran,,Apa yang mencari buku pelajaran?,0.7324
10,7,Temannya mencari buku pelajaran.,Teman nya,mencari,buku pelajaran,,Apa yang Teman nya cari?,0.4171
10,8,Sari menemukan buku bergambar.,Sari,menemukan,buku,,Siapa yang menemukan buku?,0.6406
10,8,Sari menemukan buku bergambar.,Sari,menemukan,buku,,Apa yang Sari temukan?,0.4468
10,9,Temannya duduk di kursi baca.,Teman nya,duduk,,di kursi baca,Apa yang duduk di kursi baca?,0.7497
10,9,Temannya duduk di kursi baca.,Teman nya,duduk,,di kursi baca,Di mana Teman nya duduk ?,0.4965
10,10,Sari membaca buku dengan serius.,Sari,membaca,buku,dengan serius,Siapa yang membaca buku dengan serius?,0.8613
10,10,Sari membaca buku dengan serius.,Sari,membaca,buku,dengan serius,Apa yang Sari baca dengan serius?,0.6596
10,11,Temannya mencatat isi buku.,Teman nya,mencatat,isi buku,,Apa yang mencatat isi buku?,0.8264
10,11,Temannya mencatat isi buku.,Teman nya,mencatat,isi buku,,Apa yang Teman nya catat?,0.2335
10,13,Sari membalik halaman buku.,Sari,membalik,halaman buku,,Siapa yang membalik halaman buku?,0.7647
10,13,Sari membalik halaman buku.,Sari,membalik,halaman buku,,Apa yang Sari balik?,0.2808
10,14,Temannya membaca dengan fokus.,Teman nya,membaca,,dengan fokus,Apa yang membaca dengan fokus?,0.8809
10,15,Waktu terasa cepat berlalu.,Waktu terasa,berlalu,,cepat,Apa yang berlalu cepat?,0.7745
10,16,Sari meminjam buku dari petugas.,Sari,meminjam,buku,dari petugas,Siapa yang meminjam buku dari petugas?,0.8981
10,16,Sari meminjam buku dari petugas.,Sari,meminjam,buku,dari petugas,Apa yang Sari pinjam dari petugas?,0.7052
10,16,Sari meminjam buku dari petugas.,Sari,meminjam,buku,dari petugas,Dari mana Sari meminjam buku?,0.6108
10,17,Temannya juga meminjam buku.,Teman nya,meminjam,buku,juga,Apa yang meminjam buku juga?,0.8642
10,17,Temannya juga meminjam buku.,Teman nya,meminjam,buku,juga,Apa yang Teman nya pinjam juga?,0.619
10,18,Mereka keluar dari perpustakaan.,Mereka,keluar,,dari perpustakaan,Siapa yang keluar dari perpustakaan?,0.7826
10,18,Mereka keluar dari perpustakaan.,Mereka,keluar,,dari perpustakaan,Dari mana Mereka keluar ?,0.4871
10,19,Sari membawa buku di tangan.,Sari,membawa,buku,di tangan,Siapa yang membawa buku di tangan?,0.8104
10,19,Sari membawa buku di tangan.,Sari,membawa,buku,di tangan,Apa yang Sari bawa di tangan?,0.4735
10,19,Sari membawa buku di tangan.,Sari,membawa,buku,di tangan,Di mana Sari membawa buku?,0.7203
10,20,Temannya menyimpan buku di tas.,Teman nya,menyimpan,buku,di tas,Apa yang menyimpan buku di tas?,0.83
10,20,Temannya menyimpan buku di tas.,Teman nya,menyimpan,buku,di tas,Apa yang Teman nya simpan di tas?,0.6283
10,20,Temannya menyimpan buku di tas.,Teman nya,menyimpan,buku,di tas,Di mana Teman nya menyimpan buku?,0.6851
10,21,Mereka berjalan pulang bersama.,Mereka,berjalan pulang,,,Siapa yang berjalan pulang?,0.7225
10,22,Sari merasa senang membaca.,Sari,merasa membaca,,senang,Siapa yang merasa membaca senang?,0.5555
10,23,Temannya juga merasa puas.,Teman nya,merasa,,juga puas,Apa yang merasa juga puas?,0.7876
10,24,Mereka berjanji kembali lagi.,Mereka,berjanji kembali,,,Siapa yang berjanji kembali?,0.7955
10,25,Hari terasa menyenangkan bagi mereka.,Hari,terasa menyenangkan,,bagi mereka,Siapa yang terasa menyenangkan bagi mereka?,0.6058
11,1,Pagi hari Doni membantu ayah di kebun.,Doni,membantu,ayah,pagi hari di kebun,Siapa yang membantu ayah pagi hari di kebun?,0.8599
11,1,Pagi hari Doni membantu ayah di kebun.,Doni,membantu,ayah,pagi hari di kebun,Apa yang Doni bantu pagi hari di kebun?,0.7149
11,1,Pagi hari Doni membantu ayah di kebun.,Doni,membantu,ayah,pagi hari di kebun,Kapan Doni membantu ayah?,0.5378
11,1,Pagi hari Doni membantu ayah di kebun.,Doni,membantu,ayah,pagi hari di kebun,Di mana Doni membantu ayah?,0.4941
11,2,Doni membawa cangkul kecil.,Doni,membawa,cangkul kecil,,Siapa yang membawa cangkul kecil?,0.776
11,2,Doni membawa cangkul kecil.,Doni,membawa,cangkul kecil,,Apa yang Doni bawa?,0.6485
11,3,Ayah menggali tanah di kebun.,Ayah,menggali,tanah,di kebun,Siapa yang menggali tanah di kebun?,0.7954
11,3,Ayah menggali tanah di kebun.,Ayah,menggali,tanah,di kebun,Apa yang Ayah gali di kebun?,0.6094
11,3,Ayah menggali tanah di kebun.,Ayah,menggali,tanah,di kebun,Di mana Ayah menggali tanah?,0.6223
11,4,Doni menanam bibit sayur.,Doni,menanam,bibit sayur,,Siapa yang menanam bibit sayur?,0.8394
11,4,Doni menanam bibit sayur.,Doni,menanam,bibit sayur,,Apa yang Doni tanam?,0.1151
11,5,Ayah menyiram tanaman dengan air.,Ayah,menyiram,tanaman,dengan air,Siapa yang menyiram tanaman dengan air?,0.7077
11,5,Ayah menyiram tanaman dengan air.,Ayah,menyiram,tanaman,dengan air,Apa yang Ayah siram dengan air?,0.4559
11,6,Doni mengambil air dari sumur.,Doni,mengambil,air,dari sumur,Siapa yang mengambil air dari sumur?,0.7953
11,6,Doni mengambil air dari sumur.,Doni,mengambil,air,dari sumur,Apa yang Doni ambil dari sumur?,0.4819
11,6,Doni mengambil air dari sumur.,Doni,mengambil,air,dari sumur,Dari mana Doni mengambil air?,0.7741
11,7,Tanaman tumbuh di tanah subur.,Tanaman,tumbuh,,di tanah subur,Apa yang tumbuh di tanah subur?,0.7873
11,7,Tanaman tumbuh di tanah subur.,Tanaman,tumbuh,,di tanah subur,Di mana Tanaman tumbuh ?,0.7667
11,8,Ayah memberi pupuk ke tanaman.,Ayah,memberi,pupuk,ke tanaman,Siapa yang memberi pupuk ke tanaman?,0.7718
11,8,Ayah memberi pupuk ke tanaman.,Ayah,memberi,pupuk,ke tanaman,Apa yang Ayah beri ke tanaman?,0.6446
11,8,Ayah memberi pupuk ke tanaman.,Ayah,memberi,pupuk,ke tanaman,Ke mana Ayah memberi pupuk?,0.4469
11,9,Doni membersihkan rumput liar.,Doni,membersihkan,rumput liar,,Siapa yang membersihkan rumput liar?,0.6249
11,9,Doni membersihkan rumput liar.,Doni,membersihkan,rumput liar,,Apa yang Doni bersihkan?,0.7077
11,10,Matahari bersinar di pagi hari.,Matahari,bersinar,,di pagi hari,Apa yang bersinar di pagi hari?,0.7379
11,10,Matahari bersinar di pagi hari.,Matahari,bersinar,,di pagi hari,Kapan Matahari bersinar ?,0.6727
11,10,Matahari bersinar di pagi hari.,Matahari,bersinar,,di pagi hari,Di mana Matahari bersinar ?,0.6718
11,11,Doni merasa senang bekerja.,Doni,merasa bekerja,,senang,Siapa yang merasa bekerja senang?,0.7403
11,12,Ayah memuji kerja Doni.,Ayah,memuji,kerja Doni,,Siapa yang memuji kerja Doni?,0.7981
11,12,Ayah memuji kerja Doni.,Ayah,memuji,kerja Doni,,Siapa yang Ayah puji?,0.3265
11,13,Doni tersenyum bangga.,Doni,tersenyum,,bangga,Siapa yang tersenyum bangga?,0.8425
11,14,Mereka beristirahat di bawah pohon.,Mereka,beristirahat,,di bawah pohon,Siapa yang beristirahat di bawah pohon?,0.8131
11,14,Mereka beristirahat di bawah pohon.,Mereka,beristirahat,,di bawah pohon,Di mana Mereka beristirahat ?,0.4686
11,15,Ayah minum air dari botol.,Ayah,minum,air,dari botol,Siapa yang minum air dari botol?,0.8253
11,15,Ayah minum air dari botol.,Ayah,minum,air,dari botol,Apa yang Ayah minum dari botol?,0.7958
11,15,Ayah minum air dari botol.,Ayah,minum,air,dari botol,Dari mana Ayah minum air?,0.6181
11,16,Doni duduk di samping ayah.,Doni,duduk,,di samping ayah,Siapa yang duduk di samping ayah?,0.8989
11,16,Doni duduk di samping ayah.,Doni,duduk,,di samping ayah,Di mana Doni duduk ?,0.4655
11,17,Angin bertiup sejuk di kebun.,Angin,bertiup,,sejuk di kebun,Siapa yang bertiup sejuk di kebun?,0.6698
11,17,Angin bertiup sejuk di kebun.,Angin,bertiup,,sejuk di kebun,Di mana Angin bertiup ?,0.5391
11,18,Burung terbang di atas pohon.,Burung,terbang,,di atas pohon,Siapa yang terbang di atas pohon?,0.7013
11,18,Burung terbang di atas pohon.,Burung,terbang,,di atas pohon,Di mana Burung terbang ?,0.5336
11,19,Doni melihat bunga di taman.,Doni,melihat,bunga,di taman,Siapa yang melihat bunga di taman?,0.8454
11,19,Doni melihat bunga di taman.,Doni,melihat,bunga,di taman,Apa yang Doni lihat di taman?,0.5796
11,19,Doni melihat bunga di taman.,Doni,melihat,bunga,di taman,Di mana Doni melihat bunga?,0.7046
11,20,Ayah menjelaskan jenis tanaman.,Ayah,menjelaskan,jenis tanaman,,Siapa yang menjelaskan jenis tanaman?,0.8514
11,20,Ayah menjelaskan jenis tanaman.,Ayah,menjelaskan,jenis tanaman,,Apa yang Ayah jelaskan?,0.3158
11,21,Doni mendengarkan dengan baik.,Doni,mendengarkan,,dengan baik,Siapa yang mendengarkan dengan baik?,0.8125
11,22,Mereka melanjutkan pekerjaan di kebun.,Mereka,melanjutkan,pekerjaan,di kebun,Siapa yang melanjutkan pekerjaan di kebun?,0.835
11,22,Mereka melanjutkan pekerjaan di kebun.,Mereka,melanjutkan,pekerjaan,di kebun,Apa yang Mereka lanjutkan di kebun?,0.8104
11,22,Mereka melanjutkan pekerjaan di kebun.,Mereka,melanjutkan,pekerjaan,di kebun,Di mana Mereka melanjutkan pekerjaan?,0.3713
11,24,Doni merasa bangga membantu ayah.,Doni,merasa membantu,ayah,bangga,Siapa yang merasa membantu ayah bangga?,0.7781
11,24,Doni merasa bangga membantu ayah.,Doni,merasa membantu,ayah,bangga,Apa yang Doni rasa bangga?,0.4556
11,25,Hari terasa menyenangkan di kebun.,Hari,terasa menyenangkan,,di kebun,Siapa yang terasa menyenangkan di kebun?,0.8547
11,25,Hari terasa menyenangkan di kebun.,Hari,terasa menyenangkan,,di kebun,Di mana Hari terasa menyenangkan ?,0.4167
12,1,Pagi hari Mira belajar di rumah.,Mira,belajar,,pagi hari di rumah,Siapa yang belajar pagi hari di rumah?,0.7363
12,1,Pagi hari Mira belajar di rumah.,Mira,belajar,,pagi hari di rumah,Kapan Mira belajar ?,0.6379
12,1,Pagi hari Mira belajar di rumah.,Mira,belajar,,pagi hari di rumah,Di mana Mira belajar ?,0.6831
12,2,Mira membuka buku pelajaran.,Mira,membuka,buku pelajaran,,Siapa yang membuka buku pelajaran?,0.7567
12,2,Mira membuka buku pelajaran.,Mira,membuka,buku pelajaran,,Apa yang Mira buka?,0.4049
12,3,Ibu duduk di samping Mira.,Ibu,duduk,,di samping mira,Siapa yang duduk di samping mira?,0.5643
12,3,Ibu duduk di samping Mira.,Ibu,duduk,,di samping mira,Di mana Ibu duduk ?,0.4315
12,4,Mira membaca dengan suara pelan.,Mira,membaca,,dengan suara pelan,Siapa yang membaca dengan suara pelan?,0.9021
12,5,Ibu menjelaskan soal matematika.,Ibu,menjelaskan,soal matematika,,Siapa yang menjelaskan soal matematika?,0.7852
12,5,Ibu menjelaskan soal matematika.,Ibu,menjelaskan,soal matematika,,Apa yang Ibu jelaskan?,0.359
12,6,Mira mencoba mengerjakan soal.,Mira,mengerjakan,soal,mencoba,Siapa yang mengerjakan soal mencoba?,0.6101
12,6,Mira mencoba mengerjakan soal.,Mira,mengerjakan,soal,mencoba,Apa yang Mira kerjakan mencoba?,0.4639
12,7,Ibu memberi contoh di kertas.,Ibu,memberi,contoh,di kertas,Siapa yang memberi contoh di kertas?,0.7131
12,7,Ibu memberi contoh di kertas.,Ibu,memberi,contoh,di kertas,Apa yang Ibu beri di kertas?,0.5927
12,7,Ibu memberi contoh di kertas.,Ibu,memberi,contoh,di kertas,Di mana Ibu memberi contoh?,0.527
12,8,Mira menulis jawaban di buku.,Mira,menulis,jawaban,di buku,Siapa yang menulis jawaban di buku?,0.5978
12,8,Mira menulis jawaban di buku.,Mira,menulis,jawaban,di buku,Apa yang Mira tulis di buku?,0.8525
12,8,Mira menulis jawaban di buku.,Mira,menulis,jawaban,di buku,Di mana Mira menulis jawaban?,0.8201
12,9,Mira bertanya kepada ibu.,Mira,bertanya,,kepada ibu,Siapa yang bertanya kepada ibu?,0.6199
12,10,Ibu menjawab dengan sabar.,Ibu,menjawab,,dengan sabar,Siapa yang menjawab dengan sabar?,0.5063
12,11,Mira memahami pelajaran dengan baik.,Mira,memahami,pelajaran,dengan baik,Siapa yang memahami pelajaran dengan baik?,0.7445
12,11,Mira memahami pelajaran dengan baik.,Mira,memahami,pelajaran,dengan baik,Apa yang Mira pahami dengan baik?,0.6651
12,12,Ibu tersenyum melihat Mira.,Ibu,tersenyum melihat,Mira,,Siapa yang tersenyum melihat Mira?,0.9108
12,12,Ibu tersenyum melihat Mira.,Ibu,tersenyum melihat,Mira,,Siapa yang Ibu senyum?,0.4813
12,13,Mira merasa percaya diri.,Mira,merasa percaya,diri,,Siapa yang merasa percaya diri?,0.7509
12,13,Mira merasa percaya diri.,Mira,merasa percaya,diri,,Apa yang Mira rasa?,0.4527
12,15,Mira minum susu di dapur.,Mira,minum,susu,di dapur,Siapa yang minum susu di dapur?,0.8288
12,15,Mira minum susu di dapur.,Mira,minum,susu,di dapur,Apa yang Mira minum di dapur?,0.6119
12,15,Mira minum susu di dapur.,Mira,minum,susu,di dapur,Di mana Mira minum susu?,0.6038
12,16,Ibu menyiapkan makanan ringan.,Ibu,menyiapkan,makanan ringan,,Apa yang menyiapkan makanan ringan?,0.7476
12,16,Ibu menyiapkan makanan ringan.,Ibu,menyiapkan,makanan ringan,,Apa yang Ibu siapkan?,0.289
12,17,Mira duduk di kursi makan.,Mira,duduk,,di kursi makan,Siapa yang duduk di kursi makan?,0.8208
12,17,Mira duduk di kursi makan.,Mira,duduk,,di kursi makan,Di mana Mira duduk ?,0.4047
12,18,Ibu berbicara dengan Mira.,Ibu,berbicara,,dengan mira,Siapa yang berbicara dengan mira?,0.7034
12,19,Mira menceritakan pelajaran hari ini.,Mira,menceritakan,pelajaran hari ini,,Siapa yang menceritakan pelajaran hari ini?,0.6756
12,19,Mira menceritakan pelajaran hari ini.,Mira,menceritakan,pelajaran hari ini,,Apa yang Mira ceritakan?,0.7796
12,20,Ibu mendengarkan dengan perhatian.,Ibu,mendengarkan,,dengan perhatian,Siapa yang mendengarkan dengan perhatian?,0.639
12,21,Mira kembali belajar di kamar.,Mira,belajar,,kembali di kamar,Siapa yang belajar kembali di kamar?,0.6635
12,21,Mira kembali belajar di kamar.,Mira,belajar,,kembali di kamar,Di mana Mira belajar ?,0.6878
12,22,Ibu membersihkan rumah.,Ibu,membersihkan,rumah,,Apa yang membersihkan rumah?,0.7489
12,22,Ibu membersihkan rumah.,Ibu,membersihkan,rumah,,Apa yang Ibu bersihkan?,0.5314
12,23,Mira membaca buku cerita.,Mira,membaca,buku cerita,,Siapa yang membaca buku cerita?,0.8627
12,23,Mira membaca buku cerita.,Mira,membaca,buku cerita,,Apa yang Mira baca?,0.5381
12,24,Ibu memberi semangat kepada Mira.,Ibu,memberi,semangat,kepada mira,Siapa yang memberi semangat kepada mira?,0.4688
12,24,Ibu memberi semangat kepada Mira.,Ibu,memberi,semangat,kepada mira,Apa yang Ibu beri kepada mira?,0.3106
12,25,Mira merasa senang belajar.,Mira,merasa belajar,,senang,Siapa yang merasa belajar senang?,0.5376
13,1,Kancil bangun pada pagi hari.,Kancil,bangun,,pada pagi hari,Siapa yang bangun pada pagi hari?,0.7911
13,1,Kancil bangun pada pagi hari.,Kancil,bangun,,pada pagi hari,Kapan Kancil bangun ?,0.7038
13,2,Kancil merasa sangat lapar.,Kancil,merasa,,sangat lapar,Siapa yang merasa sangat lapar?,0.8603
13,3,Kancil berjalan ke arah hutan.,Kancil,berjalan,,ke arah hutan,Siapa yang berjalan ke arah hutan?,0.815
13,3,Kancil berjalan ke arah hutan.,Kancil,berjalan,,ke arah hutan,Ke mana Kancil berjalan ?,0.224
13,4,Matahari bersinar sangat terang.,Matahari,bersinar,,sangat terang,Apa yang bersinar sangat terang?,0.5566
13,5,Burung berkicau di atas pohon.,Burung,berkicau,,di atas pohon,Siapa yang berkicau di atas pohon?,0.6337
13,5,Burung berkicau di atas pohon.,Burung,berkicau,,di atas pohon,Di mana Burung berkicau ?,0.5495
13,6,Kancil mencari buah segar.,Kancil,mencari,buah segar,,Siapa yang mencari buah segar?,0.6251
13,6,Kancil mencari buah segar.,Kancil,mencari,buah segar,,Apa yang Kancil cari?,0.289
13,7,Kancil melihat sebuah apel merah.,Kancil,melihat,sebuah apel merah,,Siapa yang melihat sebuah apel merah?,0.8742
13,7,Kancil melihat sebuah apel merah.,Kancil,melihat,sebuah apel merah,,Apa yang Kancil lihat?,0.3177
13,8,Apel itu jatuh di tanah.,Apel itu,jatuh,,di tanah,Apa yang jatuh di tanah?,0.6145
13,8,Apel itu jatuh di tanah.,Apel itu,jatuh,,di tanah,Di mana Apel itu jatuh ?,0.841
13,9,Kancil memakan apel itu perlahan.,Kancil,memakan,apel itu,perlahan,Siapa yang memakan apel itu perlahan?,0.8019
13,9,Kancil memakan apel itu perlahan.,Kancil,memakan,apel itu,perlahan,Apa yang Kancil makan perlahan?,0.4905
13,11,Kancil melanjutkan perjalanan.,Kancil,melanjutkan,perjalanan,,Siapa yang melanjutkan perjalanan?,0.754
13,11,Kancil melanjutkan perjalanan.,Kancil,melanjutkan,perjalanan,,Apa yang Kancil lanjutkan?,0.5787
13,12,Kancil sampai di pinggir sungai.,,Kancil,,sampai di pinggir sungai,Di mana  Kancil ?,0.1958
13,13,Air sungai mengalir sangat jernih.,Air sungai,mengalir,,sangat jernih,Apa yang mengalir sangat jernih?,0.5828
13,14,Kancil meminum air sungai tersebut.,Kancil,meminum,air sungai tersebut,,Siapa yang meminum air sungai tersebut?,0.8405
13,14,Kancil meminum air sungai tersebut.,Kancil,meminum,air sungai tersebut,,Apa yang Kancil pinum?,0.0463
13,15,Kancil merasa sangat segar.,Kancil,merasa,,sangat segar,Siapa yang merasa sangat segar?,0.6894
13,16,"Tiba-tiba, kancil mendengar suara ranting.",kancil,mendengar,suara ranting,Tiba-tiba,Apa yang mendengar suara ranting Tiba-tiba?,0.8926
13,16,"Tiba-tiba, kancil mendengar suara ranting.",kancil,mendengar,suara ranting,Tiba-tiba,Apa yang kancil dengar Tiba-tiba?,0.814
13,17,Harimau muncul dari balik semak.,Harimau,muncul,,dari balik semak,Siapa yang muncul dari balik semak?,0.6872
13,17,Harimau muncul dari balik semak.,Harimau,muncul,,dari balik semak,Dari mana Harimau muncul ?,0.4827
13,18,Harimau menatap kancil dengan tajam.,Harimau,menatap,kancil,dengan tajam,Siapa yang menatap kancil dengan tajam?,0.7884
13,18,Harimau menatap kancil dengan tajam.,Harimau,menatap,kancil,dengan tajam,Apa yang Harimau tatap dengan tajam?,0.7531
13,19,Kancil merasa sangat takut.,Kancil,merasa takut,,,Siapa yang merasa takut?,0.7699
13,20,Kancil berpikir sangat cepat.,Kancil,berpikir,,sangat cepat,Siapa yang berpikir sangat cepat?,0.774
13,21,Kancil berlari ke arah gua.,Kancil,berlari,,ke arah gua,Siapa yang berlari ke arah gua?,0.7702
13,21,Kancil berlari ke arah gua.,Kancil,berlari,,ke arah gua,Ke mana Kancil berlari ?,0.4859
13,22,Harimau mengejar kancil dengan cepat.,Harimau,mengejar,kancil,dengan cepat,Siapa yang mengejar kancil dengan cepat?,0.7608
13,22,Harimau mengejar kancil dengan cepat.,Harimau,mengejar,kancil,dengan cepat,Apa yang Harimau kejar dengan cepat?,0.513
13,23,Kancil bersembunyi di dalam gua.,Kancil,bersembunyi,,di dalam gua,Siapa yang bersembunyi di dalam gua?,0.8576
13,23,Kancil bersembunyi di dalam gua.,Kancil,bersembunyi,,di dalam gua,Di mana Kancil bersembunyi ?,0.6516
13,24,Harimau kehilangan jejak kancil.,Harimau,kehilangan,,,Siapa yang kehilangan?,0.5305
13,25,Kancil selamat dari bahaya.,Kancil,selamat,,dari bahaya,Siapa yang selamat dari bahaya?,0.8324
13,25,Kancil selamat dari bahaya.,Kancil,selamat,,dari bahaya,Dari mana Kancil selamat ?,0.6429
14,1,Rina bangun tidur pada pukul enam.,Rina,bangun tidur,,,Siapa yang bangun tidur?,0.4251
14,2,Rina merapikan tempat tidur.,Rina,merapikan,tempat tidur,,Siapa yang merapikan tempat tidur?,0.5009
14,2,Rina merapikan tempat tidur.,Rina,merapikan,tempat tidur,,Apa yang Rina rapikan?,0.5784
14,3,Rina mandi di kamar mandi.,Rina,mandi,,di kamar mandi,Siapa yang mandi di kamar mandi?,0.6694
14,3,Rina mandi di kamar mandi.,Rina,mandi,,di kamar mandi,Di mana Rina mandi ?,0.6976
14,4,Rina memakai seragam sekolah.,Rina,memakai,seragam sekolah,,Siapa yang memakai seragam sekolah?,0.6365
14,4,Rina memakai seragam sekolah.,Rina,memakai,seragam sekolah,,Apa yang Rina pakai?,0.612
14,5,Ibu menyiapkan sarapan di meja.,Ibu,menyiapkan,sarapan,di meja,Siapa yang menyiapkan sarapan di meja?,0.7567
14,5,Ibu menyiapkan sarapan di meja.,Ibu,menyiapkan,sarapan,di meja,Apa yang Ibu siapkan di meja?,0.5202
14,5,Ibu menyiapkan sarapan di meja.,Ibu,menyiapkan,sarapan,di meja,Di mana Ibu menyiapkan sarapan?,0.7328
14,6,Rina memakan roti isi selai.,Rina,memakan,roti isi selai,,Siapa yang memakan roti isi selai?,0.7463
14,6,Rina memakan roti isi selai.,Rina,memakan,roti isi selai,,Apa yang Rina makan?,0.448
14,7,Rina meminum segelas susu hangat.,Rina,meminum,segelas susu hangat,,Siapa yang meminum segelas susu hangat?,0.7872
14,7,Rina meminum segelas susu hangat.,Rina,meminum,segelas susu hangat,,Apa yang Rina pinum?,0.2501
14,8,Rina mengambil tas ransel.,Rina,mengambil,tas ransel,,Siapa yang mengambil tas ransel?,0.6161
14,8,Rina mengambil tas ransel.,Rina,mengambil,tas ransel,,Apa yang Rina ambil?,0.703
14,9,Rina berpamitan kepada ayah.,Rina,berpamitan,,kepada ayah,Siapa yang berpamitan kepada ayah?,0.6737
14,10,Rina berpamitan kepada ibu.,Rina,berpamitan,,kepada ibu,Siapa yang berpamitan kepada ibu?,0.7411
14,11,Rina berjalan menuju sekolah.,Rina,berjalan,,menuju sekolah,Siapa yang berjalan menuju sekolah?,0.6179
14,13,Rina bertemu teman-teman di jalan.,Rina,bertemu,teman-teman,di jalan,Siapa yang bertemu teman-teman di jalan?,0.7914
14,13,Rina bertemu teman-teman di jalan.,Rina,bertemu,teman-teman,di jalan,Apa yang Rina temu di jalan?,0.6175
14,13,Rina bertemu teman-teman di jalan.,Rina,bertemu,teman-teman,di jalan,Di mana Rina bertemu teman-teman?,0.7925
14,14,Mereka berjalan bersama-sama.,Mereka,berjalan,,bersama-sama,Siapa yang berjalan bersama-sama?,0.78
14,15,Rina tiba di gerbang sekolah.,Rina,tiba,,di gerbang sekolah,Siapa yang tiba di gerbang sekolah?,0.7327
14,15,Rina tiba di gerbang sekolah.,Rina,tiba,,di gerbang sekolah,Di mana Rina tiba ?,0.5515
14,16,Rina menyapa guru piket.,Rina,menyapa,guru piket,,Siapa yang menyapa guru piket?,0.7193
14,16,Rina menyapa guru piket.,Rina,menyapa,guru piket,,Apa yang Rina sapa?,0.5841
14,17,Rina masuk ke ruang kelas.,Rina,masuk,,ke ruang kelas,Siapa yang masuk ke ruang kelas?,0.6332
14,17,Rina masuk ke ruang kelas.,Rina,masuk,,ke ruang kelas,Ke mana Rina masuk ?,0.6243
14,18,Rina meletakkan tas di meja.,Rina,meletakkan,tas,di meja,Siapa yang meletakkan tas di meja?,0.7682
14,18,Rina meletakkan tas di meja.,Rina,meletakkan,tas,di meja,Apa yang Rina letakkan di meja?,0.5525
14,18,Rina meletakkan tas di meja.,Rina,meletakkan,tas,di meja,Di mana Rina meletakkan tas?,0.5247
14,19,Rina duduk di kursi kayu.,Rina,duduk,,di kursi kayu,Siapa yang duduk di kursi kayu?,0.6504
14,19,Rina duduk di kursi kayu.,Rina,duduk,,di kursi kayu,Di mana Rina duduk ?,0.6478
14,20,Bel sekolah berbunyi keras.,Bel sekolah,berbunyi,,keras,Apa yang berbunyi keras?,0.6058
14,21,Siswa-siswa masuk ke kelas.,Siswa-siswa,masuk,,ke kelas,Apa yang masuk ke kelas?,0.742
14,21,Siswa-siswa masuk ke kelas.,Siswa-siswa,masuk,,ke kelas,Ke mana Siswa-siswa masuk ?,0.733
14,22,Guru masuk ke dalam ruangan.,Guru,masuk,,ke dalam ruangan,Siapa yang masuk ke dalam ruangan?,0.6851
14,22,Guru masuk ke dalam ruangan.,Guru,masuk,,ke dalam ruangan,Ke mana Guru masuk ?,0.5743
14,23,Guru mengucapkan salam.,Guru,mengucapkan,salam,,Siapa yang mengucapkan salam?,0.6747
14,23,Guru mengucapkan salam.,Guru,mengucapkan,salam,,Apa yang Guru ucapkan?,0.558
14,24,Siswa-siswa menjawab salam guru.,Siswa-siswa,menjawab,salam guru,,Apa yang menjawab salam guru?,0.8276
14,24,Siswa-siswa menjawab salam guru.,Siswa-siswa,menjawab,salam guru,,Apa yang Siswa-siswa jawab?,0.7233
14,25,Mereka mulai belajar dengan tenang.,Mereka,mulai belajar,,dengan belajar dengan tenang,Siapa yang mulai belajar dengan belajar dengan tenang?,0.7576
15,1,Budi memiliki sepeda baru.,Budi,memiliki,sepeda baru,,Siapa yang memiliki sepeda baru?,0.8932
15,1,Budi memiliki sepeda baru.,Budi,memiliki,sepeda baru,,Apa yang Budi miliki?,0.226
15,2,Sepeda itu berwarna merah.,Sepeda itu,berwarna,,merah,Apa yang berwarna merah?,0.5294
15,3,Ayah membelikan sepeda itu kemarin.,Ayah,membelikan,sepeda itu,kemarin,Siapa yang membelikan sepeda itu kemarin?,0.8751
15,3,Ayah membelikan sepeda itu kemarin.,Ayah,membelikan,sepeda itu,kemarin,Apa yang Ayah belikan kemarin?,0.5938
15,3,Ayah membelikan sepeda itu kemarin.,Ayah,membelikan,sepeda itu,kemarin,Kapan Ayah membelikan sepeda itu?,0.7587
15,4,Budi merasa sangat senang.,Budi,merasa,,sangat senang,Siapa yang merasa sangat senang?,0.825
15,5,Budi membawa sepeda ke lapangan.,Budi,membawa,sepeda,ke lapangan,Siapa yang membawa sepeda ke lapangan?,0.813
15,5,Budi membawa sepeda ke lapangan.,Budi,membawa,sepeda,ke lapangan,Apa yang Budi bawa ke lapangan?,0.4077
15,5,Budi membawa sepeda ke lapangan.,Budi,membawa,sepeda,ke lapangan,Ke mana Budi membawa sepeda?,0.772
15,6,Lapangan itu berada di belakang rumah.,Lapangan itu,berada,,di belakang rumah,Apa yang berada di belakang rumah?,0.7655
15,6,Lapangan itu berada di belakang rumah.,Lapangan itu,berada,,di belakang rumah,Di mana Lapangan itu berada ?,0.4323
15,8,Budi menaiki sepeda dengan hati-hati.,Budi,menaiki,sepeda,dengan hati-hati,Siapa yang menaiki sepeda dengan hati-hati?,0.9207
15,8,Budi menaiki sepeda dengan hati-hati.,Budi,menaiki,sepeda,dengan hati-hati,Apa yang Budi naiki dengan hati-hati?,0.5269
15,9,Budi mengayuh pedal sepeda.,Budi,mengayuh,pedal sepeda,,Siapa yang mengayuh pedal sepeda?,0.8228
15,9,Budi mengayuh pedal sepeda.,Budi,mengayuh,pedal sepeda,,Apa yang Budi ayuh?,0.2491
15,10,Sepeda melaju dengan pelan.,Sepeda,melaju,,dengan pelan,Siapa yang melaju dengan pelan?,0.3122
15,11,Budi melewati pohon mangga.,Budi,melewati,pohon mangga,,Siapa yang melewati pohon mangga?,0.7276
15,11,Budi melewati pohon mangga.,Budi,melewati,pohon mangga,,Apa yang Budi lewati?,0.119
15,12,Budi melihat seekor kucing.,Budi,melihat,seekor kucing,,Siapa yang melihat seekor kucing?,0.8307
15,12,Budi melihat seekor kucing.,Budi,melihat,seekor kucing,,Apa yang Budi lihat?,0.5703
15,13,Kucing itu berlari kencang.,Kucing itu,berlari,,kencang,Apa yang berlari kencang?,0.4398
15,14,Budi terus mengayuh sepeda.,Budi,mengayuh,sepeda,terus,Siapa yang mengayuh sepeda terus?,0.7655
15,14,Budi terus mengayuh sepeda.,Budi,mengayuh,sepeda,terus,Apa yang Budi ayuh terus?,0.4558
15,15,Keringat membasahi dahi Budi.,Keringat,membasahi,dahi Budi,,Apa yang membasahi dahi Budi?,0.8172
15,15,Keringat membasahi dahi Budi.,Keringat,membasahi,dahi Budi,,Siapa yang Keringat basahi?,0.4797
15,16,Budi merasa sedikit lelah.,Budi,merasa,,sedikit lelah,Siapa yang merasa sedikit lelah?,0.8237
15,17,Budi menghentikan sepeda di bawah pohon.,Budi,menghentikan,sepeda,di bawah pohon,Siapa yang menghentikan sepeda di bawah pohon?,0.8739
15,17,Budi menghentikan sepeda di bawah pohon.,Budi,menghentikan,sepeda,di bawah pohon,Apa yang Budi hentikan di bawah pohon?,0.6553
15,17,Budi menghentikan sepeda di bawah pohon.,Budi,menghentikan,sepeda,di bawah pohon,Di mana Budi menghentikan sepeda?,0.8011
15,18,Budi duduk di atas rumput.,Budi,duduk,,di atas rumput,Siapa yang duduk di atas rumput?,0.8622
15,18,Budi duduk di atas rumput.,Budi,duduk,,di atas rumput,Di mana Budi duduk ?,0.6031
15,19,Budi meminum air dari botol.,Budi,meminum,air,dari botol,Siapa yang meminum air dari botol?,0.8019
15,19,Budi meminum air dari botol.,Budi,meminum,air,dari botol,Apa yang Budi pinum dari botol?,0.7648
15,19,Budi meminum air dari botol.,Budi,meminum,air,dari botol,Dari mana Budi meminum air?,0.7574
15,20,Angin bertiup sangat sejuk.,Angin,bertiup,,sangat sejuk,Siapa yang bertiup sangat sejuk?,0.634
15,21,Budi beristirahat selama lima menit.,Budi,beristirahat,,selama lima menit,Siapa yang beristirahat selama lima menit?,0.8654
15,22,Budi kembali menaiki sepeda.,Budi,menaiki,sepeda,kembali,Siapa yang menaiki sepeda kembali?,0.8125
15,22,Budi kembali menaiki sepeda.,Budi,menaiki,sepeda,kembali,Apa yang Budi naiki kembali?,0.4788
15,23,Budi pulang ke rumah.,Budi,pulang,,ke rumah,Siapa yang pulang ke rumah?,0.7902
15,23,Budi pulang ke rumah.,Budi,pulang,,ke rumah,Ke mana Budi pulang ?,0.8216
15,24,Budi memarkir sepeda di garasi.,Budi,memarkir,sepeda,di garasi,Siapa yang memarkir sepeda di garasi?,0.8468
15,24,Budi memarkir sepeda di garasi.,Budi,memarkir,sepeda,di garasi,Apa yang Budi markir di garasi?,0.6519
15,24,Budi memarkir sepeda di garasi.,Budi,memarkir,sepeda,di garasi,Di mana Budi memarkir sepeda?,0.7306
15,25,Budi segera mandi air hangat.,Budi,mandi,air hangat,segera,Siapa yang mandi air hangat segera?,0.8513
15,25,Budi segera mandi air hangat.,Budi,mandi,air hangat,segera,Apa yang Budi mandi segera?,0.8414
16,1,Hari ini adalah hari Minggu.,Hari ini,hari,,,Apa yang hari?,0.5825
16,2,Ibu mengajak Sita ke taman depan.,Ibu,mengajak,Sita,ke taman depan,Siapa yang mengajak Sita ke taman depan?,0.8421
16,2,Ibu mengajak Sita ke taman depan.,Ibu,mengajak,Sita,ke taman depan,Siapa yang Ibu ajak ke taman depan?,0.619
16,2,Ibu mengajak Sita ke taman depan.,Ibu,mengajak,Sita,ke taman depan,Ke mana Ibu mengajak Sita?,0.6844
16,3,Ibu membawa bibit bunga mawar.,Ibu,membawa,bibit bunga mawar,,Apa yang membawa bibit bunga mawar?,0.858
16,3,Ibu membawa bibit bunga mawar.,Ibu,membawa,bibit bunga mawar,,Apa yang Ibu bawa?,0.3126
16,4,Sita membawa sekop kecil.,Sita,membawa,sekop kecil,,Siapa yang membawa sekop kecil?,0.776
16,4,Sita membawa sekop kecil.,Sita,membawa,sekop kecil,,Apa yang Sita bawa?,0.6554
16,5,Sita menggali tanah dengan sekop.,Sita,menggali,tanah,dengan sekop,Siapa yang menggali tanah dengan sekop?,0.8136
16,5,Sita menggali tanah dengan sekop.,Sita,menggali,tanah,dengan sekop,Apa yang Sita gali dengan sekop?,0.412
16,6,Tanah itu sangat gembur.,Tanah itu,gembur,,sangat,Apa yang gembur sangat?,0.3046
16,7,Ibu memasukkan bibit bunga.,Ibu,memasukkan,bibit bunga,,Apa yang memasukkan bibit bunga?,0.7486
16,7,Ibu memasukkan bibit bunga.,Ibu,memasukkan,bibit bunga,,Apa yang Ibu masukkan?,0.2773
16,8,Ibu menutup akar dengan tanah.,Ibu,menutup,akar,dengan tanah,Apa yang menutup akar dengan tanah?,0.7897
16,8,Ibu menutup akar dengan tanah.,Ibu,menutup,akar,dengan tanah,Apa yang Ibu tutup dengan tanah?,0.6111
16,9,Sita mengambil teko air.,Sita,mengambil,teko air,,Siapa yang mengambil teko air?,0.8113
16,9,Sita mengambil teko air.,Sita,mengambil,teko air,,Apa yang Sita ambil?,0.3753
16,10,Sita menyiram bibit bunga itu.,Sita,menyiram,bibit bunga itu,,Siapa yang menyiram bibit bunga itu?,0.8074
16,10,Sita menyiram bibit bunga itu.,Sita,menyiram,bibit bunga itu,,Apa yang Sita siram?,0.1571
16,11,Air membasahi tanah kering.,Air,membasahi,tanah kering,,Apa yang membasahi tanah kering?,0.7909
16,11,Air membasahi tanah kering.,Air,membasahi,tanah kering,,Apa yang Air basahi?,0.6316
16,12,Mereka menanam lima bibit mawar.,Mereka,menanam,lima bibit mawar,,Siapa yang menanam lima bibit mawar?,0.849
16,12,Mereka menanam lima bibit mawar.,Mereka,menanam,lima bibit mawar,,Apa yang Mereka tanam?,0.1311
16,13,Sita merasa sangat kotor.,Sita,merasa,,sangat kotor,Siapa yang merasa sangat kotor?,0.8303
16,14,Tangan Sita penuh dengan tanah.,Tangan Sita,penuh,,dengan tanah,Siapa yang penuh dengan tanah?,0.6017
16,15,Ibu mencuci tangan di keran.,Ibu,mencuci,tangan,di keran,Apa yang mencuci tangan di keran?,0.7692
16,15,Ibu mencuci tangan di keran.,Ibu,mencuci,tangan,di keran,Apa yang Ibu cuci di keran?,0.6677
16,15,Ibu mencuci tangan di keran.,Ibu,mencuci,tangan,di keran,Di mana Ibu mencuci tangan?,0.7236
16,16,Sita ikut mencuci tangan.,Sita,ikut mencuci,tangan,,Siapa yang ikut mencuci tangan?,0.8657
16,16,Sita ikut mencuci tangan.,Sita,ikut mencuci,tangan,,Apa yang Sita ikuti?,0.1868
16,18,Ibu membuang daun kering ke tempat sampah.,Ibu,membuang,daun kering,ke tempat sampah,Apa yang membuang daun kering ke tempat sampah?,0.85
16,18,Ibu membuang daun kering ke tempat sampah.,Ibu,membuang,daun kering,ke tempat sampah,Apa yang Ibu buang ke tempat sampah?,0.6584
16,18,Ibu membuang daun kering ke tempat sampah.,Ibu,membuang,daun kering,ke tempat sampah,Ke mana Ibu membuang daun kering?,0.7456
16,19,Sita membersihkan alat berkebun.,Sita,membersihkan,alat,,Siapa yang membersihkan alat?,0.5495
16,19,Sita membersihkan alat berkebun.,Sita,membersihkan,alat,,Apa yang Sita bersihkan?,0.5167
16,20,Matahari mulai bersinar terik.,Matahari,mulai bersinar,,,Siapa yang mulai bersinar?,0.4858
16,21,Mereka masuk ke dalam rumah.,Mereka,masuk,,ke dalam rumah,Siapa yang masuk ke dalam rumah?,0.7945
16,21,Mereka masuk ke dalam rumah.,Mereka,masuk,,ke dalam rumah,Ke mana Mereka masuk ?,0.4551
16,22,Ibu membuat jus jeruk dingin.,Ibu,membuat,jus jeruk dingin,,Apa yang membuat jus jeruk dingin?,0.8298
16,22,Ibu membuat jus jeruk dingin.,Ibu,membuat,jus jeruk dingin,,Apa yang Ibu buat?,0.1214
16,23,Sita meminum jus jeruk itu.,Sita,meminum,jus jeruk itu,,Siapa yang meminum jus jeruk itu?,0.8774
16,23,Sita meminum jus jeruk itu.,Sita,meminum,jus jeruk itu,,Apa yang Sita pinum?,0.3167
16,24,Sita berharap bunga segera mekar.,Sita,berharap mekar,bunga,,Siapa yang berharap mekar bunga?,0.7565
16,24,Sita berharap bunga segera mekar.,Sita,berharap mekar,bunga,,Apa yang Sita harap?,0.4478
16,25,Berkebun adalah kegiatan yang menyenangkan.,Berkebun,kegiatan,,yang menyenangkan,Siapa yang kegiatan yang menyenangkan?,0.3737
17,1,Keluarga Anton pergi ke pantai.,Keluarga Anton,pergi,,ke pantai,Siapa yang pergi ke pantai?,0.4697
17,1,Keluarga Anton pergi ke pantai.,Keluarga Anton,pergi,,ke pantai,Ke mana Keluarga Anton pergi ?,0.6723
17,2,Mereka berangkat pada pagi hari.,Mereka,berangkat pagi,,,Siapa yang berangkat pagi?,0.7996
17,3,Ayah menyetir mobil dengan hati-hati.,Ayah,menyetir,mobil,dengan hati-hati,Siapa yang menyetir mobil dengan hati-hati?,0.8155
17,3,Ayah menyetir mobil dengan hati-hati.,Ayah,menyetir,mobil,dengan hati-hati,Apa yang Ayah setir dengan hati-hati?,0.4545
17,4,Anton melihat pemandangan dari jendela.,Anton,melihat,pemandangan,dari jendela,Siapa yang melihat pemandangan dari jendela?,0.7721
17,4,Anton melihat pemandangan dari jendela.,Anton,melihat,pemandangan,dari jendela,Apa yang Anton lihat dari jendela?,0.8939
17,4,Anton melihat pemandangan dari jendela.,Anton,melihat,pemandangan,dari jendela,Dari mana Anton melihat pemandangan?,0.7155
17,5,Mobil tiba di pantai pada siang hari.,Mobil,tiba,,di pantai pada siang hari,Siapa yang tiba di pantai pada siang hari?,0.7183
17,5,Mobil tiba di pantai pada siang hari.,Mobil,tiba,,di pantai pada siang hari,Kapan Mobil tiba ?,0.5881
17,5,Mobil tiba di pantai pada siang hari.,Mobil,tiba,,di pantai pada siang hari,Di mana Mobil tiba ?,0.5422
17,6,Angin pantai bertiup sangat kencang.,Angin pantai,bertiup,,sangat kencang,Apa yang bertiup sangat kencang?,0.3951
17,7,Anton mendengar suara ombak.,Anton,mendengar,suara ombak,,Siapa yang mendengar suara ombak?,0.7284
17,7,Anton mendengar suara ombak.,Anton,mendengar,suara ombak,,Apa yang Anton dengar?,0.7158
17,8,Anton berlari menuju tepi pantai.,Anton,berlari,,menuju tepi pantai,Siapa yang berlari menuju tepi pantai?,0.6123
17,10,Anton membangun istana pasir.,Anton,membangun,istana pasir,,Siapa yang membangun istana pasir?,0.7672
17,10,Anton membangun istana pasir.,Anton,membangun,istana pasir,,Apa yang Anton bangun?,0.5177
17,11,Adik mengumpulkan kerang kecil.,Adik,mengumpulkan,kerang kecil,,Siapa yang mengumpulkan kerang kecil?,0.6708
17,11,Adik mengumpulkan kerang kecil.,Adik,mengumpulkan,kerang kecil,,Apa yang Adik kumpulkan?,0.5495
17,12,Ibu menggelar tikar di bawah pohon.,Ibu,menggelar,tikar,di bawah pohon,Siapa yang menggelar tikar di bawah pohon?,0.7351
17,12,Ibu menggelar tikar di bawah pohon.,Ibu,menggelar,tikar,di bawah pohon,Apa yang Ibu gelar di bawah pohon?,0.7048
17,12,Ibu menggelar tikar di bawah pohon.,Ibu,menggelar,tikar,di bawah pohon,Di mana Ibu menggelar tikar?,0.2807
17,13,Ayah memotret Anton dan adik.,Ayah,memotret,Anton,,Siapa yang memotret Anton?,0.8168
17,13,Ayah memotret Anton dan adik.,Ayah,memotret,Anton,,Siapa yang Ayah potret?,0.4756
17,14,Mereka bermain air di pinggir laut.,Mereka,bermain,air,di pinggir laut,Siapa yang bermain air di pinggir laut?,0.8062
17,14,Mereka bermain air di pinggir laut.,Mereka,bermain,air,di pinggir laut,Apa yang Mereka main di pinggir laut?,0.7705
17,14,Mereka bermain air di pinggir laut.,Mereka,bermain,air,di pinggir laut,Di mana Mereka bermain air?,0.6681
17,15,Air laut terasa sangat dingin.,Air laut,terasa,,sangat dingin,Apa yang terasa sangat dingin?,0.6932
17,16,Anton melihat kepiting kecil berjalan.,Anton,melihat,kepiting kecil,,Siapa yang melihat kepiting kecil?,0.5605
17,16,Anton melihat kepiting kecil berjalan.,Anton,melihat,kepiting kecil,,Apa yang Anton lihat?,0.7499
17,17,Kepiting itu bersembunyi di balik batu.,Kepiting itu,bersembunyi,,di balik batu,Apa yang bersembunyi di balik batu?,0.8939
17,17,Kepiting itu bersembunyi di balik batu.,Kepiting itu,bersembunyi,,di balik batu,Di mana Kepiting itu bersembunyi ?,0.6401
17,18,Ibu memanggil mereka untuk makan.,Ibu,memanggil makan,mereka,,Siapa yang memanggil makan mereka?,0.6926
17,18,Ibu memanggil mereka untuk makan.,Ibu,memanggil makan,mereka,,Apa yang Ibu panggilkan?,0.2292
17,19,Mereka duduk di atas tikar.,Mereka,duduk,,di atas tikar,Siapa yang duduk di atas tikar?,0.6262
17,19,Mereka duduk di atas tikar.,Mereka,duduk,,di atas tikar,Di mana Mereka duduk ?,0.7308
17,20,Ibu menyajikan ikan bakar lezat.,Ibu,menyajikan,ikan bakar lezat,,Siapa yang menyajikan ikan bakar lezat?,0.6696
17,20,Ibu menyajikan ikan bakar lezat.,Ibu,menyajikan,ikan bakar lezat,,Apa yang Ibu sajikan?,0.1388
17,21,Mereka memakan ikan bakar bersama.,Mereka,memakan,ikan bakar bersama,,Siapa yang memakan ikan bakar bersama?,0.7555
17,21,Mereka memakan ikan bakar bersama.,Mereka,memakan,ikan bakar bersama,,Apa yang Mereka makan?,0.5685
17,23,Matahari terbenam di ufuk barat.,,terbenam,,di ufuk barat,Di mana  terbenam ?,0.1385
17,24,Mereka merapikan barang bawaan.,Mereka,merapikan,barang bawaan,,Siapa yang merapikan barang bawaan?,0.7274
17,24,Mereka merapikan barang bawaan.,Mereka,merapikan,barang bawaan,,Apa yang Mereka rapikan?,0.5027
17,25,Keluarga Anton pulang dengan gembira.,Keluarga Anton,pulang,,dengan gembira,Siapa yang pulang dengan gembira?,0.5656
18,1,Dinda bangun tidur pada hari libur.,Dinda,bangun tidur,,pada hari libur,Siapa yang bangun tidur pada hari libur?,0.8302
18,2,Dinda pergi ke dapur.,Dinda,pergi,,ke dapur,Siapa yang pergi ke dapur?,0.8387
18,2,Dinda pergi ke dapur.,Dinda,pergi,,ke dapur,Ke mana Dinda pergi ?,0.393
18,3,Ibu sedang menyiapkan bahan makanan.,Ibu,sedang menyiapkan,bahan makanan,,Apa yang sedang menyiapkan bahan makanan?,0.7508
18,3,Ibu sedang menyiapkan bahan makanan.,Ibu,sedang menyiapkan,bahan makanan,,Apa yang Ibu siapkan?,0.2352
18,4,Ibu ingin memasak sayur sop.,Ibu,ingin memasak,sayur sop,,Apa yang ingin memasak sayur sop?,0.8611
18,4,Ibu ingin memasak sayur sop.,Ibu,ingin memasak,sayur sop,,Apa yang Ibu pasak?,0.084
18,5,Dinda menawarkan bantuan kepada ibu.,Dinda,menawarkan,bantuan,kepada ibu,Siapa yang menawarkan bantuan kepada ibu?,0.7271
18,5,Dinda menawarkan bantuan kepada ibu.,Dinda,menawarkan,bantuan,kepada ibu,Apa yang Dinda tawarkan kepada ibu?,0.7423
18,6,Ibu memberikan wortel kepada Dinda.,Ibu,memberikan,wortel,kepada dinda,Siapa yang memberikan wortel kepada dinda?,0.6414
18,6,Ibu memberikan wortel kepada Dinda.,Ibu,memberikan,wortel,kepada dinda,Apa yang Ibu berikan kepada dinda?,0.2951
18,7,Dinda mencuci wortel di wastafel.,Dinda,mencuci,wortel,di wastafel,Siapa yang mencuci wortel di wastafel?,0.8302
18,7,Dinda mencuci wortel di wastafel.,Dinda,mencuci,wortel,di wastafel,Apa yang Dinda cuci di wastafel?,0.7235
18,7,Dinda mencuci wortel di wastafel.,Dinda,mencuci,wortel,di wastafel,Di mana Dinda mencuci wortel?,0.7497
18,8,Dinda mengupas kulit wortel.,Dinda,mengupas,kulit wortel,,Siapa yang mengupas kulit wortel?,0.8733
18,8,Dinda mengupas kulit wortel.,Dinda,mengupas,kulit wortel,,Apa yang Dinda upas?,0.3713
18,9,Dinda memotong wortel menjadi bulat.,Dinda,memotong menjadi,wortel,,Siapa yang memotong menjadi wortel?,0.7482
18,9,Dinda memotong wortel menjadi bulat.,Dinda,memotong menjadi,wortel,,Apa yang Dinda potongi?,0.3672
18,10,Ibu memotong kentang dan buncis.,Ibu,memotong,kentang,,Apa yang memotong kentang?,0.8092
18,10,Ibu memotong kentang dan buncis.,Ibu,memotong,kentang,,Apa yang Ibu potong?,0.4876
18,11,Ibu merebus air di dalam panci.,Ibu,merebus,air,di dalam panci,Siapa yang merebus air di dalam panci?,0.6136
18,11,Ibu merebus air di dalam panci.,Ibu,merebus,air,di dalam panci,Apa yang Ibu rebus di dalam panci?,0.4186
18,11,Ibu merebus air di dalam panci.,Ibu,merebus,air,di dalam panci,Di mana Ibu merebus air?,0.4898
18,12,Air di panci mulai mendidih.,Air,mulai mendidih,,di panci,Apa yang mulai mendidih di panci?,0.8954
18,12,Air di panci mulai mendidih.,Air,mulai mendidih,,di panci,Di mana Air mulai mendidih ?,0.8359
18,13,Ibu memasukkan potongan sayuran.,Ibu,memasukkan,potongan sayuran,,Apa yang memasukkan potongan sayuran?,0.7513
18,13,Ibu memasukkan potongan sayuran.,Ibu,memasukkan,potongan sayuran,,Apa yang Ibu masukkan?,0.1856
18,14,Dinda menambahkan sedikit garam.,Dinda,menambahkan,garam,sedikit,Siapa yang menambahkan garam sedikit?,0.8233
18,14,Dinda menambahkan sedikit garam.,Dinda,menambahkan,garam,sedikit,Apa yang Dinda tambahkan sedikit?,0.5929
18,15,Ibu mengaduk sayur sop dengan sendok.,Ibu,mengaduk,sayur sop,dengan sendok,Apa yang mengaduk sayur sop dengan sendok?,0.8054
18,15,Ibu mengaduk sayur sop dengan sendok.,Ibu,mengaduk,sayur sop,dengan sendok,Apa yang Ibu kaduk dengan sendok?,0.5127
18,16,Aroma sedap memenuhi ruang dapur.,Aroma sedap,memenuhi,ruang dapur,,Apa yang memenuhi ruang dapur?,0.6692
18,16,Aroma sedap memenuhi ruang dapur.,Aroma sedap,memenuhi,ruang dapur,,Apa yang Aroma sedap penuhi?,0.6787
18,17,Dinda menyiapkan piring di meja makan.,Dinda,menyiapkan,piring,di meja makan,Siapa yang menyiapkan piring di meja makan?,0.828
18,17,Dinda menyiapkan piring di meja makan.,Dinda,menyiapkan,piring,di meja makan,Apa yang Dinda siapkan di meja makan?,0.8008
18,17,Dinda menyiapkan piring di meja makan.,Dinda,menyiapkan,piring,di meja makan,Di mana Dinda menyiapkan piring?,0.7667
18,18,Sayur sop sudah matang.,Sayur sop,sudah matang,,,Apa yang sudah matang?,0.583
18,19,Ibu menuangkan sayur ke dalam mangkuk.,Ibu,menuangkan,sayur,ke dalam mangkuk,Siapa yang menuangkan sayur ke dalam mangkuk?,0.7431
18,19,Ibu menuangkan sayur ke dalam mangkuk.,Ibu,menuangkan,sayur,ke dalam mangkuk,Apa yang Ibu tuangkan ke dalam mangkuk?,0.536
18,19,Ibu menuangkan sayur ke dalam mangkuk.,Ibu,menuangkan,sayur,ke dalam mangkuk,Ke mana Ibu menuangkan sayur?,0.6782
18,20,Ayah datang ke ruang makan.,Ayah,datang,,ke ruang makan,Siapa yang datang ke ruang makan?,0.7751
18,20,Ayah datang ke ruang makan.,Ayah,datang,,ke ruang makan,Ke mana Ayah datang ?,0.3087
18,21,Ayah duduk di kursi makan.,Ayah,duduk,,di kursi makan,Siapa yang duduk di kursi makan?,0.6822
18,21,Ayah duduk di kursi makan.,Ayah,duduk,,di kursi makan,Di mana Ayah duduk ?,0.4977
18,22,Mereka berdoa sebelum makan.,Mereka,berdoa makan,,,Siapa yang berdoa makan?,0.7502
18,23,Ayah memuji masakan ibu dan Dinda.,Ayah,memuji,masakan ibu,,Siapa yang memuji masakan ibu?,0.8472
18,23,Ayah memuji masakan ibu dan Dinda.,Ayah,memuji,masakan ibu,,Apa yang Ayah puji?,0.1745
18,24,Dinda merasa sangat bangga.,Dinda,merasa,,sangat bangga,Siapa yang merasa sangat bangga?,0.8647
18,25,Dinda memakan sayur sop dengan lahap.,Dinda,memakan lahap,sayur sop,dengan lahap,Siapa yang memakan lahap sayur sop dengan lahap?,0.6447
18,25,Dinda memakan sayur sop dengan lahap.,Dinda,memakan lahap,sayur sop,dengan lahap,Apa yang Dinda makan dengan lahap?,0.6117
19,1,Edo bermain di halaman rumah.,Edo,bermain,,di halaman rumah,Siapa yang bermain di halaman rumah?,0.5685
19,1,Edo bermain di halaman rumah.,Edo,bermain,,di halaman rumah,Di mana Edo bermain ?,0.6803
19,2,Edo melihat seekor burung pipit.,Edo,melihat,seekor burung pipit,,Siapa yang melihat seekor burung pipit?,0.6917
19,2,Edo melihat seekor burung pipit.,Edo,melihat,seekor burung pipit,,Apa yang Edo lihat?,0.5999
19,3,Burung pipit itu tergeletak di rumput.,,tergeletak,,di rumput,Di mana  tergeletak ?,0.2323
19,4,Sayap burung pipit itu terluka.,Sayap burung pipit itu,terluka,,,Apa yang terluka?,0.454
19,5,Edo merasa kasihan pada burung itu.,Edo,merasa,kasihan,pada burung itu,Siapa yang merasa kasihan pada burung itu?,0.6232
19,5,Edo merasa kasihan pada burung itu.,Edo,merasa,kasihan,pada burung itu,Apa yang Edo rasa pada burung itu?,0.8127
19,6,Edo mengambil burung pipit dengan pelan.,Edo,mengambil,burung pipit,dengan pelan,Siapa yang mengambil burung pipit dengan pelan?,0.5554
19,6,Edo mengambil burung pipit dengan pelan.,Edo,mengambil,burung pipit,dengan pelan,Apa yang Edo ambil dengan pelan?,0.537
19,7,Edo membawa burung pipit ke dalam rumah.,Edo,membawa,burung pipit,ke dalam rumah,Siapa yang membawa burung pipit ke dalam rumah?,0.6526
19,7,Edo membawa burung pipit ke dalam rumah.,Edo,membawa,burung pipit,ke dalam rumah,Apa yang Edo bawa ke dalam rumah?,0.7177
19,7,Edo membawa burung pipit ke dalam rumah.,Edo,membawa,burung pipit,ke dalam rumah,Ke mana Edo membawa burung pipit?,0.746
19,8,Edo meminta bantuan kepada ayah.,Edo,meminta,bantuan,kepada ayah,Siapa yang meminta bantuan kepada ayah?,0.5448
19,8,Edo meminta bantuan kepada ayah.,Edo,meminta,bantuan,kepada ayah,Apa yang Edo pinta kepada ayah?,0.8627
19,9,Ayah mengambil kotak sepatu bekas.,Ayah,mengambil,kotak sepatu bekas,,Siapa yang mengambil kotak sepatu bekas?,0.8497
19,9,Ayah mengambil kotak sepatu bekas.,Ayah,mengambil,kotak sepatu bekas,,Apa yang Ayah ambil?,0.4233
19,10,Ayah meletakkan kain lembut di dalam kotak.,Ayah,meletakkan,kain lembut,di dalam kotak,Siapa yang meletakkan kain lembut di dalam kotak?,0.8317
19,10,Ayah meletakkan kain lembut di dalam kotak.,Ayah,meletakkan,kain lembut,di dalam kotak,Apa yang Ayah letakkan di dalam kotak?,0.646
19,10,Ayah meletakkan kain lembut di dalam kotak.,Ayah,meletakkan,kain lembut,di dalam kotak,Di mana Ayah meletakkan kain lembut?,0.7308
19,11,Edo menaruh burung pipit di kotak.,Edo,menaruh,burung pipit,di kotak,Siapa yang menaruh burung pipit di kotak?,0.716
19,11,Edo menaruh burung pipit di kotak.,Edo,menaruh,burung pipit,di kotak,Apa yang Edo taruh di kotak?,0.6879
19,11,Edo menaruh burung pipit di kotak.,Edo,menaruh,burung pipit,di kotak,Di mana Edo menaruh burung pipit?,0.7041
19,12,Burung pipit itu tampak ketakutan.,Burung pipit itu,tampak,,ketakutan,Apa yang tampak ketakutan?,0.5445
19,13,Edo mengambil air di tutup botol.,Edo,mengambil,air,di tutup botol,Siapa yang mengambil air di tutup botol?,0.6331
19,13,Edo mengambil air di tutup botol.,Edo,mengambil,air,di tutup botol,Apa yang Edo ambil di tutup botol?,0.8356
19,13,Edo mengambil air di tutup botol.,Edo,mengambil,air,di tutup botol,Di mana Edo mengambil air?,0.7734
19,14,Edo memberikan air kepada burung pipit.,Edo,memberikan,air,kepada burung pipit,Siapa yang memberikan air kepada burung pipit?,0.5859
19,14,Edo memberikan air kepada burung pipit.,Edo,memberikan,air,kepada burung pipit,Apa yang Edo berikan kepada burung pipit?,0.763
19,15,Ayah mengobati luka di sayap burung.,Ayah,mengobati,luka,di sayap burung,Siapa yang mengobati luka di sayap burung?,0.8663
19,15,Ayah mengobati luka di sayap burung.,Ayah,mengobati,luka,di sayap burung,Apa yang Ayah obati di sayap burung?,0.7646
19,15,Ayah mengobati luka di sayap burung.,Ayah,mengobati,luka,di sayap burung,Di mana Ayah mengobati luka?,0.4467
19,16,Edo menaburkan biji-bijian di dekat burung.,Edo,menaburkan,biji-bijian,di dekat burung,Siapa yang menaburkan biji-bijian di dekat burung?,0.6065
19,16,Edo menaburkan biji-bijian di dekat burung.,Edo,menaburkan,biji-bijian,di dekat burung,Apa yang Edo taburkan di dekat burung?,0.7787
19,16,Edo menaburkan biji-bijian di dekat burung.,Edo,menaburkan,biji-bijian,di dekat burung,Di mana Edo menaburkan biji-bijian?,0.7812
19,17,Burung pipit mematuk biji-bijian itu.,Burung pipit,mematuk,biji-bijian itu,,Apa yang mematuk biji-bijian itu?,0.6745
19,17,Burung pipit mematuk biji-bijian itu.,Burung pipit,mematuk,biji-bijian itu,,Apa yang Burung pipit patuk?,0.7029
19,18,Edo merawat burung pipit setiap hari.,Edo,merawat,burung pipit setiap hari,,Siapa yang merawat burung pipit setiap hari?,0.6174
19,18,Edo merawat burung pipit setiap hari.,Edo,merawat,burung pipit setiap hari,,Apa yang Edo rawat?,0.4758
19,19,"Seminggu kemudian, luka burung pipit sembuh.",luka burung pipit,sembuh,,"seminggu kemudian , kemudian","Apa yang sembuh seminggu kemudian , kemudian?",0.6366
19,20,Burung pipit mulai mengepakkan sayap.,Burung pipit,mulai mengepakkan,sayap,,Apa yang mulai mengepakkan sayap?,0.6723
19,20,Burung pipit mulai mengepakkan sayap.,Burung pipit,mulai mengepakkan,sayap,,Apa yang Burung pipit mulaikan?,0.7669
19,21,Edo membawa kotak ke halaman.,Edo,membawa,kotak,ke halaman,Siapa yang membawa kotak ke halaman?,0.5456
19,21,Edo membawa kotak ke halaman.,Edo,membawa,kotak,ke halaman,Apa yang Edo bawa ke halaman?,0.7755
19,21,Edo membawa kotak ke halaman.,Edo,membawa,kotak,ke halaman,Ke mana Edo membawa kotak?,0.848
19,22,Edo membuka tutup kotak sepatu.,Edo,membuka,tutup kotak sepatu,,Siapa yang membuka tutup kotak sepatu?,0.6912
19,22,Edo membuka tutup kotak sepatu.,Edo,membuka,tutup kotak sepatu,,Apa yang Edo buka?,0.618
19,23,Burung pipit melompat keluar.,Burung pipit,melompat,,keluar,Apa yang melompat keluar?,0.5152
19,24,Burung pipit terbang ke udara.,Burung pipit,terbang,,ke udara,Apa yang terbang ke udara?,0.6637
19,24,Burung pipit terbang ke udara.,Burung pipit,terbang,,ke udara,Ke mana Burung pipit terbang ?,0.8191
19,25,Edo tersenyum melihat burung itu bebas.,Edo,tersenyum melihat,burung itu bebas,,Siapa yang tersenyum melihat burung itu bebas?,0.7338
19,25,Edo tersenyum melihat burung itu bebas.,Edo,tersenyum melihat,burung itu bebas,,Apa yang Edo senyum?,0.5561
20,1,Pak Tani bangun sebelum matahari terbit.,Pak Tani,bangun,,,Siapa yang bangun?,0.469
20,2,Pak Tani meminum secangkir kopi panas.,Pak Tani,meminum,secangkir kopi panas,,Siapa yang meminum secangkir kopi panas?,0.8502
20,2,Pak Tani meminum secangkir kopi panas.,Pak Tani,meminum,secangkir kopi panas,,Apa yang Pak Tani pinum?,0.4422
20,3,Pak Tani mengambil cangkul di gudang.,Pak Tani,mengambil,cangkul,di gudang,Siapa yang mengambil cangkul di gudang?,0.6383
20,3,Pak Tani mengambil cangkul di gudang.,Pak Tani,mengambil,cangkul,di gudang,Apa yang Pak Tani ambil di gudang?,0.8394
20,3,Pak Tani mengambil cangkul di gudang.,Pak Tani,mengambil,cangkul,di gudang,Di mana Pak Tani mengambil cangkul?,0.7762
20,4,Pak Tani berjalan menuju kandang.,Pak Tani,berjalan,,menuju kandang,Siapa yang berjalan menuju kandang?,0.592
20,5,Di kandang terdapat seekor kerbau hitam.,,terdapat,seekor kerbau hitam,di kandang,Di mana  terdapat seekor kerbau hitam?,0.6621
20,6,Kerbau hitam itu bertubuh sangat besar.,Kerbau hitam itu,bertubuh,,sangat besar,Apa yang bertubuh sangat besar?,0.641
20,7,Pak Tani menuntun kerbau menuju sawah.,Pak Tani,menuntun,kerbau sawah,,Siapa yang menuntun kerbau sawah?,0.6086
20,7,Pak Tani menuntun kerbau menuju sawah.,Pak Tani,menuntun,kerbau sawah,,Apa yang Pak Tani tuntun?,0.5374
20,10,Pak Tani memasang alat bajak pada kerbau.,Pak Tani,memasang,alat bajak kerbau,,Siapa yang memasang alat bajak kerbau?,0.7647
20,10,Pak Tani memasang alat bajak pada kerbau.,Pak Tani,memasang,alat bajak kerbau,,Apa yang Pak Tani memasang?,0.5738
20,11,Kerbau mulai menarik alat bajak.,Kerbau,mulai menarik,alat bajak,,Siapa yang mulai menarik alat bajak?,0.7652
20,11,Kerbau mulai menarik alat bajak.,Kerbau,mulai menarik,alat bajak,,Apa yang Kerbau mulai?,0.405
20,12,Tanah sawah menjadi gembur.,Tanah sawah,menjadi gembur,,,Apa yang menjadi gembur?,0.3383
20,13,Pak Tani bekerja tanpa kenal lelah.,Pak Tani,bekerja kenal,lelah,,Siapa yang bekerja kenal lelah?,0.4006
20,13,Pak Tani bekerja tanpa kenal lelah.,Pak Tani,bekerja kenal,lelah,,Apa yang Pak Tani bekerja?,0.7866
20,15,Burung bangau mencari makan di sawah.,Burung bangau,mencari makan,,di sawah,Apa yang mencari makan di sawah?,0.5458
20,15,Burung bangau mencari makan di sawah.,Burung bangau,mencari makan,,di sawah,Di mana Burung bangau mencari makan ?,0.8577
20,16,Pak Tani menghentikan kerbau di bawah pohon.,Pak Tani,menghentikan,kerbau,di bawah pohon,Siapa yang menghentikan kerbau di bawah pohon?,0.7279
20,16,Pak Tani menghentikan kerbau di bawah pohon.,Pak Tani,menghentikan,kerbau,di bawah pohon,Apa yang Pak Tani hentikan di bawah pohon?,0.7369
20,16,Pak Tani menghentikan kerbau di bawah pohon.,Pak Tani,menghentikan,kerbau,di bawah pohon,Di mana Pak Tani menghentikan kerbau?,0.607
20,17,Pak Tani memberikan rumput segar kepada kerbau.,Pak Tani,memberikan,rumput segar,kepada kerbau,Siapa yang memberikan rumput segar kepada kerbau?,0.6995
20,17,Pak Tani memberikan rumput segar kepada kerbau.,Pak Tani,memberikan,rumput segar,kepada kerbau,Apa yang Pak Tani berikan kepada kerbau?,0.5038
20,18,Kerbau memakan rumput dengan lahap.,Kerbau,memakan lahap,rumput,dengan lahap,Siapa yang memakan lahap rumput dengan lahap?,0.5841
20,18,Kerbau memakan rumput dengan lahap.,Kerbau,memakan lahap,rumput,dengan lahap,Apa yang Kerbau makan dengan lahap?,0.2999
20,19,Pak Tani memakan bekal dari rumah.,Pak Tani,memakan,bekal,dari rumah,Siapa yang memakan bekal dari rumah?,0.7045
20,19,Pak Tani memakan bekal dari rumah.,Pak Tani,memakan,bekal,dari rumah,Apa yang Pak Tani makan dari rumah?,0.8555
20,19,Pak Tani memakan bekal dari rumah.,Pak Tani,memakan,bekal,dari rumah,Dari mana Pak Tani memakan bekal?,0.7085
20,20,Istri Pak Tani membawakan teh manis.,Istri Pak Tani,membawakan,teh manis,,Siapa yang membawakan teh manis?,0.7574
20,20,Istri Pak Tani membawakan teh manis.,Istri Pak Tani,membawakan,teh manis,,Apa yang Istri Pak Tani bawakan?,0.6841
20,21,Pak Tani melanjutkan pekerjaan pada sore hari.,Pak Tani,melanjutkan,pekerjaan,pada sore hari,Siapa yang melanjutkan pekerjaan pada sore hari?,0.7251
20,21,Pak Tani melanjutkan pekerjaan pada sore hari.,Pak Tani,melanjutkan,pekerjaan,pada sore hari,Apa yang Pak Tani lanjutkan pada sore hari?,0.7844
20,23,Pak Tani melepaskan alat bajak.,Pak Tani,melepaskan,alat bajak,,Siapa yang melepaskan alat bajak?,0.7351
20,23,Pak Tani melepaskan alat bajak.,Pak Tani,melepaskan,alat bajak,,Apa yang Pak Tani lepaskan?,0.6377
20,24,Pak Tani membawa kerbau pulang ke kandang.,Pak Tani,membawa,kerbau,ke kandang,Siapa yang membawa kerbau ke kandang?,0.7391
20,24,Pak Tani membawa kerbau pulang ke kandang.,Pak Tani,membawa,kerbau,ke kandang,Apa yang Pak Tani bawa ke kandang?,0.7369
20,24,Pak Tani membawa kerbau pulang ke kandang.,Pak Tani,membawa,kerbau,ke kandang,Ke mana Pak Tani membawa kerbau?,0.7336
20,25,Pak Tani merasa sangat bersyukur.,Pak Tani,merasa bersyukur,,,Siapa yang merasa bersyukur?,0.6393
21,2,Awan hitam menutupi sinar matahari.,Awan hitam,menutupi,sinar matahari,,Apa yang menutupi sinar matahari?,0.5852
21,2,Awan hitam menutupi sinar matahari.,Awan hitam,menutupi,sinar matahari,,Apa yang Awan hitam tutupi?,0.7796
21,3,Angin bertiup cukup kencang.,Angin,bertiup,,cukup kencang,Siapa yang bertiup cukup kencang?,0.3663
21,4,Daun-daun berguguran di halaman rumah.,Daun-daun,berguguran,,di halaman rumah,Apa yang berguguran di halaman rumah?,0.7706
21,4,Daun-daun berguguran di halaman rumah.,Daun-daun,berguguran,,di halaman rumah,Di mana Daun-daun berguguran ?,0.4172
21,5,"Tiba-tiba, suara petir terdengar keras.",suara petir,terdengar,,Tiba-tiba keras,Apa yang terdengar Tiba-tiba keras?,0.8994
21,6,Rintik hujan mulai turun membasahi bumi.,Rintik hujan,turun membasahi,bumi,mulai,Apa yang turun membasahi bumi mulai?,0.6913
21,6,Rintik hujan mulai turun membasahi bumi.,Rintik hujan,turun membasahi,bumi,mulai,Apa yang Rintik hujan turuni mulai?,0.7469
21,7,Hujan berubah menjadi sangat deras.,Hujan,berubah menjadi,,,Siapa yang berubah menjadi?,0.2112
21,8,Dina sedang berada di teras rumah.,Dina,sedang berada,,di teras rumah,Siapa yang sedang berada di teras rumah?,0.6108
21,8,Dina sedang berada di teras rumah.,Dina,sedang berada,,di teras rumah,Di mana Dina sedang berada ?,0.612
21,9,Dina melihat air hujan mengalir di selokan.,Dina,melihat,air hujan,di selokan,Siapa yang melihat air hujan di selokan?,0.7311
21,9,Dina melihat air hujan mengalir di selokan.,Dina,melihat,air hujan,di selokan,Apa yang Dina lihat di selokan?,0.3717
21,9,Dina melihat air hujan mengalir di selokan.,Dina,melihat,air hujan,di selokan,Di mana Dina melihat air hujan?,0.7384
21,11,Udara berubah menjadi sangat dingin.,Udara,berubah menjadi,,,Siapa yang berubah menjadi?,0.1398
21,12,Dina masuk ke dalam rumah.,Dina,masuk,,ke dalam rumah,Siapa yang masuk ke dalam rumah?,0.6708
21,12,Dina masuk ke dalam rumah.,Dina,masuk,,ke dalam rumah,Ke mana Dina masuk ?,0.5324
21,13,Dina menutup pintu rapat-rapat.,Dina,menutup,pintu rapat-rapat,,Siapa yang menutup pintu rapat-rapat?,0.8128
21,13,Dina menutup pintu rapat-rapat.,Dina,menutup,pintu rapat-rapat,,Apa yang Dina tutup?,0.5628
21,14,Ibu membuatkan susu cokelat hangat.,Ibu,membuatkan,susu cokelat hangat,,Siapa yang membuatkan susu cokelat hangat?,0.7757
21,14,Ibu membuatkan susu cokelat hangat.,Ibu,membuatkan,susu cokelat hangat,,Apa yang Ibu buatkan?,0.0989
21,15,Dina meminum susu di ruang keluarga.,Dina,meminum,susu,di ruang keluarga,Siapa yang meminum susu di ruang keluarga?,0.8015
21,15,Dina meminum susu di ruang keluarga.,Dina,meminum,susu,di ruang keluarga,Apa yang Dina pinum di ruang keluarga?,0.5538
21,15,Dina meminum susu di ruang keluarga.,Dina,meminum,susu,di ruang keluarga,Di mana Dina meminum susu?,0.6381
21,16,Ayah membaca koran di sofa.,Ayah,membaca,koran,di sofa,Siapa yang membaca koran di sofa?,0.8798
21,16,Ayah membaca koran di sofa.,Ayah,membaca,koran,di sofa,Apa yang Ayah baca di sofa?,0.7869
21,16,Ayah membaca koran di sofa.,Ayah,membaca,koran,di sofa,Di mana Ayah membaca koran?,0.5334
21,17,Kucing peliharaan tidur di bawah meja.,Kucing peliharaan,tidur,,di bawah meja,Apa yang tidur di bawah meja?,0.6497
21,17,Kucing peliharaan tidur di bawah meja.,Kucing peliharaan,tidur,,di bawah meja,Di mana Kucing peliharaan tidur ?,0.6335
21,18,Hujan turun selama dua jam penuh.,Hujan,turun,,selama dua jam penuh,Siapa yang turun selama dua jam penuh?,0.628
21,19,"Akhirnya, hujan mulai mereda.",hujan,mulai mereda,,Akhirnya,Apa yang mulai mereda Akhirnya?,0.5084
21,20,Rintik hujan berubah menjadi gerimis kecil.,Rintik hujan,berubah menjadi,gerimis kecil,,Apa yang berubah menjadi gerimis kecil?,0.4785
21,20,Rintik hujan berubah menjadi gerimis kecil.,Rintik hujan,berubah menjadi,gerimis kecil,,Apa yang Rintik hujan rubahi?,0.6835
21,22,Dina membuka jendela kamar.,Dina,membuka,jendela kamar,,Siapa yang membuka jendela kamar?,0.773
21,22,Dina membuka jendela kamar.,Dina,membuka,jendela kamar,,Apa yang Dina buka?,0.4367
21,24,Dina melihat pelangi di langit.,Dina,melihat,pelangi,di langit,Siapa yang melihat pelangi di langit?,0.8029
21,24,Dina melihat pelangi di langit.,Dina,melihat,pelangi,di langit,Apa yang Dina lihat di langit?,0.7689
21,24,Dina melihat pelangi di langit.,Dina,melihat,pelangi,di langit,Di mana Dina melihat pelangi?,0.717
21,25,Pelangi itu memiliki warna yang indah.,Pelangi itu,memiliki,warna yang indah,,Apa yang memiliki warna yang indah?,0.6374
21,25,Pelangi itu memiliki warna yang indah.,Pelangi itu,memiliki,warna yang indah,,Apa yang Pelangi itu miliki?,0.6869
22,1,Desa Sukamaju mengadakan perayaan hari kemerdekaan.,Desa Sukamaju,mengadakan,perayaan hari kemerdekaan,,Siapa yang mengadakan perayaan hari kemerdekaan?,0.6296
22,1,Desa Sukamaju mengadakan perayaan hari kemerdekaan.,Desa Sukamaju,mengadakan,perayaan hari kemerdekaan,,Apa yang Desa Sukamaju adakan?,0.4889
22,2,Banyak perlombaan diadakan di lapangan desa.,,diadakan,,di lapangan desa,Di mana  diadakan ?,0.2745
22,3,Doni mendaftar lomba lari karung.,Doni,mendaftar,lomba lari karung,,Siapa yang mendaftar lomba lari karung?,0.8823
22,3,Doni mendaftar lomba lari karung.,Doni,mendaftar,lomba lari karung,,Apa yang Doni daftar?,0.2518
22,4,Doni berdiri di garis awal.,Doni,berdiri,,di garis awal,Siapa yang berdiri di garis awal?,0.7865
22,4,Doni berdiri di garis awal.,Doni,berdiri,,di garis awal,Di mana Doni berdiri ?,0.528
22,5,Panitia membagikan karung goni kepada peserta.,Panitia,membagikan,karung goni,kepada peserta,Apa yang membagikan karung goni kepada peserta?,0.7137
22,5,Panitia membagikan karung goni kepada peserta.,Panitia,membagikan,karung goni,kepada peserta,Apa yang Panitia bagikan kepada peserta?,0.8261
22,6,Doni masuk ke dalam karung goni.,Doni,masuk,,ke dalam karung goni,Siapa yang masuk ke dalam karung goni?,0.7817
22,6,Doni masuk ke dalam karung goni.,Doni,masuk,,ke dalam karung goni,Ke mana Doni masuk ?,0.7034
22,7,Doni memegang ujung karung dengan erat.,Doni,memegang,ujung karung,dengan erat,Siapa yang memegang ujung karung dengan erat?,0.7701
22,7,Doni memegang ujung karung dengan erat.,Doni,memegang,ujung karung,dengan erat,Apa yang Doni pegang dengan erat?,0.7783
22,8,Wasit meniup peluit panjang.,Wasit,meniup,peluit panjang,,Siapa yang meniup peluit panjang?,0.6999
22,8,Wasit meniup peluit panjang.,Wasit,meniup,peluit panjang,,Apa yang Wasit tiup?,0.5254
22,10,Doni melompat dengan sangat cepat.,Doni,melompat,,,Siapa yang melompat?,0.6203
22,11,Teman-teman memberi semangat dari pinggir lapangan.,Teman-teman,memberi,semangat,dari pinggir lapangan,Apa yang memberi semangat dari pinggir lapangan?,0.6542
22,11,Teman-teman memberi semangat dari pinggir lapangan.,Teman-teman,memberi,semangat,dari pinggir lapangan,Apa yang Teman-teman beri dari pinggir lapangan?,0.6952
22,11,Teman-teman memberi semangat dari pinggir lapangan.,Teman-teman,memberi,semangat,dari pinggir lapangan,Dari mana Teman-teman memberi semangat?,0.6469
22,12,Seorang peserta terjatuh di tengah lapangan.,,terjatuh,,di tengah lapangan,Di mana  terjatuh ?,0.603
22,13,Doni terus melompat ke depan.,Doni,melompat,,terus ke depan,Siapa yang melompat terus ke depan?,0.6657
22,13,Doni terus melompat ke depan.,Doni,melompat,,terus ke depan,Ke mana Doni melompat ?,0.5885
22,14,Keringat bercucuran di wajah Doni.,Keringat,bercucuran,,di wajah doni,Apa yang bercucuran di wajah doni?,0.7488
22,14,Keringat bercucuran di wajah Doni.,Keringat,bercucuran,,di wajah doni,Di mana Keringat bercucuran ?,0.4307
22,16,Doni mengerahkan seluruh tenaga.,Doni,mengerahkan,seluruh tenaga,,Siapa yang mengerahkan seluruh tenaga?,0.7234
22,16,Doni mengerahkan seluruh tenaga.,Doni,mengerahkan,seluruh tenaga,,Apa yang Doni kerahkan?,0.3316
22,17,Doni melewati garis akhir pertama kali.,Doni,melewati,garis akhir pertama kali,,Siapa yang melewati garis akhir pertama kali?,0.8579
22,17,Doni melewati garis akhir pertama kali.,Doni,melewati,garis akhir pertama kali,,Apa yang Doni lewati?,0.2941
22,18,Penonton bertepuk tangan dengan meriah.,Penonton,bertepuk,tangan,dengan meriah,Siapa yang bertepuk tangan dengan meriah?,0.8168
22,18,Penonton bertepuk tangan dengan meriah.,Penonton,bertepuk,tangan,dengan meriah,Apa yang Penonton tepuk dengan meriah?,0.4693
22,19,Doni keluar dari karung goni.,Doni,keluar,,dari karung goni,Siapa yang keluar dari karung goni?,0.8143
22,19,Doni keluar dari karung goni.,Doni,keluar,,dari karung goni,Dari mana Doni keluar ?,0.757
22,20,Doni mengambil napas dalam-dalam.,Doni,mengambil,napas dalam-dalam,,Siapa yang mengambil napas dalam-dalam?,0.8705
22,20,Doni mengambil napas dalam-dalam.,Doni,mengambil,napas dalam-dalam,,Apa yang Doni ambil?,0.3927
22,21,Kepala desa menyerahkan hadiah lomba.,Kepala desa,menyerahkan,hadiah lomba,,Apa yang menyerahkan hadiah lomba?,0.7554
22,21,Kepala desa menyerahkan hadiah lomba.,Kepala desa,menyerahkan,hadiah lomba,,Apa yang Kepala desa serahkan?,0.6118
22,22,Doni menerima sebuah piala kecil.,Doni,menerima,sebuah piala kecil,,Siapa yang menerima sebuah piala kecil?,0.8074
22,22,Doni menerima sebuah piala kecil.,Doni,menerima,sebuah piala kecil,,Apa yang Doni terima?,0.5804
22,23,Doni juga mendapatkan buku tulis baru.,Doni,mendapatkan,buku tulis baru,juga,Siapa yang mendapatkan buku tulis baru juga?,0.8111
22,23,Doni juga mendapatkan buku tulis baru.,Doni,mendapatkan,buku tulis baru,juga,Apa yang Doni dapatkan juga?,0.3921
22,24,Doni merasa sangat gembira.,Doni,merasa,,sangat gembira,Siapa yang merasa sangat gembira?,0.7878
22,25,Doni membawa pulang hadiah tersebut.,Doni,membawa pulang,hadiah tersebut,,Siapa yang membawa pulang hadiah tersebut?,0.8336
22,25,Doni membawa pulang hadiah tersebut.,Doni,membawa pulang,hadiah tersebut,,Apa yang Doni bawa?,0.5027
23,1,Tino pergi ke kebun binatang.,Tino,pergi,,ke kebun binatang,Siapa yang pergi ke kebun binatang?,0.6502
23,1,Tino pergi ke kebun binatang.,Tino,pergi,,ke kebun binatang,Ke mana Tino pergi ?,0.6487
23,2,Tino pergi bersama ayah dan ibu.,Tino,pergi,,bersama ayah dan ibu,Siapa yang pergi bersama ayah dan ibu?,0.5934
23,3,Ayah membeli tiket di loket.,Ayah,membeli,tiket,di loket,Siapa yang membeli tiket di loket?,0.8304
23,3,Ayah membeli tiket di loket.,Ayah,membeli,tiket,di loket,Apa yang Ayah beli di loket?,0.6556
23,3,Ayah membeli tiket di loket.,Ayah,membeli,tiket,di loket,Di mana Ayah membeli tiket?,0.7298
23,4,Mereka masuk melewati pintu gerbang utama.,Mereka,masuk melewati,pintu gerbang utama,,Siapa yang masuk melewati pintu gerbang utama?,0.8671
23,4,Mereka masuk melewati pintu gerbang utama.,Mereka,masuk melewati,pintu gerbang utama,,Apa yang Mereka masuki?,0.4102
23,5,Tino melihat kandang gajah yang besar.,Tino,melihat,kandang gajah yang besar,,Siapa yang melihat kandang gajah yang besar?,0.8354
23,5,Tino melihat kandang gajah yang besar.,Tino,melihat,kandang gajah yang besar,,Apa yang Tino lihat?,0.4907
23,6,Gajah itu memiliki belalai yang panjang.,Gajah itu,memiliki,belalai yang panjang,,Apa yang memiliki belalai yang panjang?,0.5571
23,6,Gajah itu memiliki belalai yang panjang.,Gajah itu,memiliki,belalai yang panjang,,Apa yang Gajah itu miliki?,0.7567
23,7,Gajah menyemprotkan air ke tubuhnya.,Gajah,menyemprotkan,air,ke tubuh nya,Siapa yang menyemprotkan air ke tubuh nya?,0.4904
23,7,Gajah menyemprotkan air ke tubuhnya.,Gajah,menyemprotkan,air,ke tubuh nya,Apa yang Gajah semprotkan ke tubuh nya?,0.7273
23,7,Gajah menyemprotkan air ke tubuhnya.,Gajah,menyemprotkan,air,ke tubuh nya,Ke mana Gajah menyemprotkan air?,0.8767
23,8,Tino berjalan ke kandang jerapah.,Tino,berjalan,,ke kandang jerapah,Siapa yang berjalan ke kandang jerapah?,0.6194
23,8,Tino berjalan ke kandang jerapah.,Tino,berjalan,,ke kandang jerapah,Ke mana Tino berjalan ?,0.7007
23,9,Jerapah memakan daun di pohon tinggi.,Jerapah,memakan,daun,di pohon tinggi,Siapa yang memakan daun di pohon tinggi?,0.7352
23,9,Jerapah memakan daun di pohon tinggi.,Jerapah,memakan,daun,di pohon tinggi,Apa yang Jerapah makan di pohon tinggi?,0.7158
23,9,Jerapah memakan daun di pohon tinggi.,Jerapah,memakan,daun,di pohon tinggi,Di mana Jerapah memakan daun?,0.5587
23,10,Tino sangat kagum melihat jerapah.,Tino,melihat,jerapah,sangat kagum,Siapa yang melihat jerapah sangat kagum?,0.6722
23,10,Tino sangat kagum melihat jerapah.,Tino,melihat,jerapah,sangat kagum,Apa yang Tino lihat sangat kagum?,0.8724
23,11,Ibu mengajak Tino melihat monyet.,Ibu,mengajak melihat,monyet,,Siapa yang mengajak melihat monyet?,0.75
23,11,Ibu mengajak Tino melihat monyet.,Ibu,mengajak melihat,monyet,,Apa yang Ibu ajak?,0.2805
23,12,Monyet-monyet itu melompat dari dahan ke dahan.,Monyet-monyet itu,melompat,,dari dahan ke dahan,Apa yang melompat dari dahan ke dahan?,0.4842
23,12,Monyet-monyet itu melompat dari dahan ke dahan.,Monyet-monyet itu,melompat,,dari dahan ke dahan,Dari mana Monyet-monyet itu melompat ?,0.8336
23,14,Mereka beristirahat di kursi taman.,Mereka,beristirahat,,di kursi taman,Siapa yang beristirahat di kursi taman?,0.7444
23,14,Mereka beristirahat di kursi taman.,Mereka,beristirahat,,di kursi taman,Di mana Mereka beristirahat ?,0.5087
23,15,Ayah membelikan es krim cokelat.,Ayah,membelikan,es krim cokelat,,Siapa yang membelikan es krim cokelat?,0.8488
23,15,Ayah membelikan es krim cokelat.,Ayah,membelikan,es krim cokelat,,Apa yang Ayah belikan?,0.4015
23,16,Tino memakan es krim dengan senang.,Tino,memakan,es krim,dengan senang,Siapa yang memakan es krim dengan senang?,0.7207
23,16,Tino memakan es krim dengan senang.,Tino,memakan,es krim,dengan senang,Apa yang Tino makan dengan senang?,0.6012
23,17,Mereka melanjutkan perjalanan ke kandang singa.,Mereka,melanjutkan,perjalanan,ke kandang singa,Siapa yang melanjutkan perjalanan ke kandang singa?,0.7913
23,17,Mereka melanjutkan perjalanan ke kandang singa.,Mereka,melanjutkan,perjalanan,ke kandang singa,Apa yang Mereka lanjutkan ke kandang singa?,0.774
23,17,Mereka melanjutkan perjalanan ke kandang singa.,Mereka,melanjutkan,perjalanan,ke kandang singa,Ke mana Mereka melanjutkan perjalanan?,0.4674
23,18,Singa jantan sedang tidur siang.,Singa jantan,sedang tidur,siang,,Apa yang sedang tidur siang?,0.5016
23,18,Singa jantan sedang tidur siang.,Singa jantan,sedang tidur,siang,,Apa yang Singa jantan tidur?,0.7847
23,19,Singa itu memiliki surai yang lebat.,Singa itu,memiliki,surai yang lebat,,Apa yang memiliki surai yang lebat?,0.2729
23,19,Singa itu memiliki surai yang lebat.,Singa itu,memiliki,surai yang lebat,,Apa yang Singa itu miliki?,0.8233
23,20,Tino mengambil foto singa dari jauh.,Tino,mengambil,foto singa,,Siapa yang mengambil foto singa?,0.7604
23,20,Tino mengambil foto singa dari jauh.,Tino,mengambil,foto singa,,Apa yang Tino ambil?,0.482
23,21,Waktu menunjukkan pukul empat sore.,Waktu,menunjukkan,pukul empat sore,,Apa yang menunjukkan pukul empat sore?,0.9298
23,21,Waktu menunjukkan pukul empat sore.,Waktu,menunjukkan,pukul empat sore,,Apa yang Waktu tunjukkan?,0.6584
23,22,Kebun binatang akan segera tutup.,Kebun binatang,akan tutup,,segera,Apa yang akan tutup segera?,0.6725
23,23,Tino berjalan menuju pintu keluar.,Tino,berjalan,,menuju pintu keluar,Siapa yang berjalan menuju pintu keluar?,0.822
23,24,Tino merasa lelah tetapi bahagia.,Tino,merasa,,lelah tetapi bahagia,Siapa yang merasa lelah tetapi bahagia?,0.6076
23,25,Mereka pulang ke rumah dengan taksi.,Mereka,pulang,,ke rumah dengan taksi,Siapa yang pulang ke rumah dengan taksi?,0.83
23,25,Mereka pulang ke rumah dengan taksi.,Mereka,pulang,,ke rumah dengan taksi,Ke mana Mereka pulang ?,0.4829
24,1,Paman memiliki seekor anjing penjaga.,Paman,memiliki,seekor anjing penjaga,,Siapa yang memiliki seekor anjing penjaga?,0.7712
24,1,Paman memiliki seekor anjing penjaga.,Paman,memiliki,seekor anjing penjaga,,Apa yang Paman miliki?,0.5754
24,2,Anjing itu bernama Bruno.,Anjing itu,bernama,Bruno,,Apa yang bernama Bruno?,0.748
24,2,Anjing itu bernama Bruno.,Anjing itu,bernama,Bruno,,Siapa yang Anjing itu nama?,0.5918
24,3,Bruno memiliki bulu berwarna cokelat.,Bruno,memiliki,bulu,,Siapa yang memiliki bulu?,0.3689
24,3,Bruno memiliki bulu berwarna cokelat.,Bruno,memiliki,bulu,,Apa yang Bruno miliki?,0.691
24,5,"Setiap malam, Bruno menjaga rumah paman.",Bruno,menjaga,rumah paman,"setiap malam ,","Siapa yang menjaga rumah paman setiap malam ,?",0.6706
24,5,"Setiap malam, Bruno menjaga rumah paman.",Bruno,menjaga,rumah paman,"setiap malam ,","Apa yang Bruno jaga setiap malam ,?",0.7069
24,5,"Setiap malam, Bruno menjaga rumah paman.",Bruno,menjaga,rumah paman,"setiap malam ,",Kapan Bruno menjaga rumah paman?,0.6963
24,6,Bruno tidur di teras depan.,Bruno,tidur,,di teras depan,Siapa yang tidur di teras depan?,0.5979
24,6,Bruno tidur di teras depan.,Bruno,tidur,,di teras depan,Di mana Bruno tidur ?,0.733
24,7,Bruno memiliki pendengaran yang tajam.,Bruno,memiliki,pendengaran yang tajam,,Siapa yang memiliki pendengaran yang tajam?,0.657
24,7,Bruno memiliki pendengaran yang tajam.,Bruno,memiliki,pendengaran yang tajam,,Apa yang Bruno miliki?,0.7008
24,8,"Pada suatu malam, cuaca sangat gelap.",Pada suatu malam,cuaca,,sangat gelap,Apa yang cuaca sangat gelap?,0.7983
24,9,Bruno mendengar suara langkah kaki.,Bruno,mendengar,suara langkah kaki,,Siapa yang mendengar suara langkah kaki?,0.757
24,9,Bruno mendengar suara langkah kaki.,Bruno,mendengar,suara langkah kaki,,Apa yang Bruno dengar?,0.759
24,10,Suara itu berasal dari pagar belakang.,Suara itu,berasal,,dari pagar belakang,Apa yang berasal dari pagar belakang?,0.7702
24,10,Suara itu berasal dari pagar belakang.,Suara itu,berasal,,dari pagar belakang,Dari mana Suara itu berasal ?,0.5771
24,11,Bruno segera berdiri.,Bruno,berdiri,,segera,Siapa yang berdiri segera?,0.5025
24,12,Bruno berlari ke arah halaman belakang.,Bruno,berlari,,ke arah halaman belakang,Siapa yang berlari ke arah halaman belakang?,0.6509
24,12,Bruno berlari ke arah halaman belakang.,Bruno,berlari,,ke arah halaman belakang,Ke mana Bruno berlari ?,0.7355
24,13,Bruno melihat bayangan orang asing.,Bruno,melihat,bayangan orang asing,,Siapa yang melihat bayangan orang asing?,0.7341
24,13,Bruno melihat bayangan orang asing.,Bruno,melihat,bayangan orang asing,,Apa yang Bruno lihat?,0.7338
24,14,Bruno menggonggong dengan sangat keras.,Bruno,menggonggong,,,Siapa yang menggonggong?,0.5999
24,15,Gonggongan Bruno membangunkan paman.,Gonggongan Bruno,membangunkan,paman,,Siapa yang membangunkan paman?,0.634
24,15,Gonggongan Bruno membangunkan paman.,Gonggongan Bruno,membangunkan,paman,,Apa yang Gonggongan Bruno bangunkan?,0.8609
24,16,Paman menyalakan lampu senter.,Paman,menyalakan,lampu senter,,Siapa yang menyalakan lampu senter?,0.6692
24,16,Paman menyalakan lampu senter.,Paman,menyalakan,lampu senter,,Apa yang Paman nyalakan?,0.5563
24,17,Paman berjalan ke halaman belakang.,Paman,berjalan,,ke halaman belakang,Siapa yang berjalan ke halaman belakang?,0.6476
24,17,Paman berjalan ke halaman belakang.,Paman,berjalan,,ke halaman belakang,Ke mana Paman berjalan ?,0.5755
24,18,Orang asing itu lari ketakutan.,Orang asing itu,lari,,ketakutan,Apa yang lari ketakutan?,0.7139
24,19,Orang asing itu melompati pagar.,Orang asing itu,melompati,pagar,,Apa yang melompati pagar?,0.6989
24,19,Orang asing itu melompati pagar.,Orang asing itu,melompati,pagar,,Apa yang Orang asing itu lompati?,0.4837
24,20,Paman mengelus kepala Bruno.,Paman,mengelus,kepala Bruno,,Siapa yang mengelus kepala Bruno?,0.8411
24,20,Paman mengelus kepala Bruno.,Paman,mengelus,kepala Bruno,,Siapa yang Paman kelus?,0.5166
24,21,Paman memuji keberanian Bruno.,Paman,memuji,keberanian Bruno,,Siapa yang memuji keberanian Bruno?,0.8883
24,21,Paman memuji keberanian Bruno.,Paman,memuji,keberanian Bruno,,Siapa yang Paman puji?,0.2991
24,22,Bruno mengibaskan ekornya.,Bruno,mengibaskan,ekor nya,,Siapa yang mengibaskan ekor nya?,0.3708
24,22,Bruno mengibaskan ekornya.,Bruno,mengibaskan,ekor nya,,Apa yang Bruno ibaskan?,0.7855
24,23,Rumah paman kembali aman.,Rumah paman,aman,,kembali,Apa yang aman kembali?,0.4891
24,24,Paman memberi Bruno biskuit anjing.,Paman,memberi,Bruno biskuit anjing,,Siapa yang memberi Bruno biskuit anjing?,0.8438
24,24,Paman memberi Bruno biskuit anjing.,Paman,memberi,Bruno biskuit anjing,,Siapa yang Paman beri?,0.426
24,25,Bruno kembali tidur di teras.,Bruno,tidur,,kembali di teras,Siapa yang tidur kembali di teras?,0.585
24,25,Bruno kembali tidur di teras.,Bruno,tidur,,kembali di teras,Di mana Bruno tidur ?,0.6857
25,1,Udin dan teman-teman pergi ke sungai.,Udin dan teman-teman,pergi,,ke sungai,Apa yang pergi ke sungai?,0.6722
25,1,Udin dan teman-teman pergi ke sungai.,Udin dan teman-teman,pergi,,ke sungai,Ke mana Udin dan teman-teman pergi ?,0.5399
25,2,Sungai itu terletak di pinggir desa.,,terletak,,di pinggir desa,Di mana  terletak ?,0.1763
25,4,Udin membawa sebuah jaring kecil.,Udin,membawa,sebuah jaring kecil,,Siapa yang membawa sebuah jaring kecil?,0.7934
25,4,Udin membawa sebuah jaring kecil.,Udin,membawa,sebuah jaring kecil,,Apa yang Udin bawa?,0.6906
25,5,Teman Udin membawa ember plastik.,Teman Udin,membawa,ember plastik,,Siapa yang membawa ember plastik?,0.8542
25,5,Teman Udin membawa ember plastik.,Teman Udin,membawa,ember plastik,,Apa yang Teman Udin bawa?,0.6623
25,6,Mereka turun ke dalam sungai.,Mereka,turun,,ke dalam sungai,Siapa yang turun ke dalam sungai?,0.7898
25,6,Mereka turun ke dalam sungai.,Mereka,turun,,ke dalam sungai,Ke mana Mereka turun ?,0.3988
25,7,Air sungai terasa sangat sejuk.,Air sungai,terasa,,sangat sejuk,Apa yang terasa sangat sejuk?,0.6027
25,8,Udin melihat sekelompok ikan kecil.,Udin,melihat,sekelompok ikan kecil,,Siapa yang melihat sekelompok ikan kecil?,0.8989
25,8,Udin melihat sekelompok ikan kecil.,Udin,melihat,sekelompok ikan kecil,,Apa yang Udin lihat?,0.3698
25,9,Ikan-ikan itu berenang di dekat batu.,Ikan-ikan itu,berenang,,di dekat batu,Apa yang berenang di dekat batu?,0.7005
25,9,Ikan-ikan itu berenang di dekat batu.,Ikan-ikan itu,berenang,,di dekat batu,Di mana Ikan-ikan itu berenang ?,0.7439
25,10,Udin mengayunkan jaring ke dalam air.,Udin,mengayunkan,jaring,ke dalam air,Siapa yang mengayunkan jaring ke dalam air?,0.8155
25,10,Udin mengayunkan jaring ke dalam air.,Udin,mengayunkan,jaring,ke dalam air,Apa yang Udin ayunkan ke dalam air?,0.6031
25,10,Udin mengayunkan jaring ke dalam air.,Udin,mengayunkan,jaring,ke dalam air,Ke mana Udin mengayunkan jaring?,0.4908
25,11,Udin berhasil menangkap tiga ekor ikan.,Udin,berhasil menangkap,tiga ekor ikan,,Siapa yang berhasil menangkap tiga ekor ikan?,0.8193
25,11,Udin berhasil menangkap tiga ekor ikan.,Udin,berhasil menangkap,tiga ekor ikan,,Apa yang Udin berhasil?,0.3135
25,12,Ikan itu berwarna perak.,Ikan itu,berwarna,perak,,Apa yang berwarna perak?,0.3057
25,12,Ikan itu berwarna perak.,Ikan itu,berwarna,perak,,Apa yang Ikan itu warna?,0.7757
25,13,Udin memasukkan ikan ke dalam ember.,Udin,memasukkan,ikan,ke dalam ember,Siapa yang memasukkan ikan ke dalam ember?,0.8422
25,13,Udin memasukkan ikan ke dalam ember.,Udin,memasukkan,ikan,ke dalam ember,Apa yang Udin masukkan ke dalam ember?,0.6127
25,13,Udin memasukkan ikan ke dalam ember.,Udin,memasukkan,ikan,ke dalam ember,Ke mana Udin memasukkan ikan?,0.6883
25,14,Teman-teman ikut mencari ikan.,Teman-teman,ikut mencari,ikan,,Apa yang ikut mencari ikan?,0.7483
25,14,Teman-teman ikut mencari ikan.,Teman-teman,ikut mencari,ikan,,Apa yang Teman-teman ikuti?,0.3733
25,15,Mereka sangat fokus mencari ikan.,Mereka,fokus mencari,ikan,sangat,Siapa yang fokus mencari ikan sangat?,0.8873
25,15,Mereka sangat fokus mencari ikan.,Mereka,fokus mencari,ikan,sangat,Apa yang Mereka fokusi sangat?,0.4778
25,16,Udin menemukan udang sungai di balik batu.,Udin,menemukan,udang sungai,di balik batu,Siapa yang menemukan udang sungai di balik batu?,0.8451
25,16,Udin menemukan udang sungai di balik batu.,Udin,menemukan,udang sungai,di balik batu,Apa yang Udin temukan di balik batu?,0.5858
25,16,Udin menemukan udang sungai di balik batu.,Udin,menemukan,udang sungai,di balik batu,Di mana Udin menemukan udang sungai?,0.7812
25,17,Udin menangkap udang itu dengan tangan.,Udin,menangkap,udang itu,dengan tangan,Siapa yang menangkap udang itu dengan tangan?,0.8305
25,17,Udin menangkap udang itu dengan tangan.,Udin,menangkap,udang itu,dengan tangan,Apa yang Udin tangkap dengan tangan?,0.5955
25,18,Mereka bermain air bersama-sama.,Mereka,bermain,air,bersama-sama,Siapa yang bermain air bersama-sama?,0.811
25,18,Mereka bermain air bersama-sama.,Mereka,bermain,air,bersama-sama,Apa yang Mereka main bersama-sama?,0.5164
25,19,Pakaian mereka menjadi sangat basah.,Pakaian mereka,menjadi,,sangat basah,Apa yang menjadi sangat basah?,0.6553
25,20,Matahari mulai terbenam di barat.,,terbenam,,mulai di barat,Di mana  terbenam ?,0.1329
25,21,Ember plastik sudah berisi banyak ikan.,Ember plastik,sudah berisi,ikan,banyak,Apa yang sudah berisi ikan banyak?,0.833
25,21,Ember plastik sudah berisi banyak ikan.,Ember plastik,sudah berisi,ikan,banyak,Apa yang Ember plastik isi banyak?,0.596
25,22,Mereka naik ke pinggir sungai.,Mereka,naik,,ke pinggir sungai,Siapa yang naik ke pinggir sungai?,0.7873
25,22,Mereka naik ke pinggir sungai.,Mereka,naik,,ke pinggir sungai,Ke mana Mereka naik ?,0.3887
25,23,Mereka membawa ikan itu pulang.,Mereka,membawa pulang,ikan itu,,Siapa yang membawa pulang ikan itu?,0.8112
25,23,Mereka membawa ikan itu pulang.,Mereka,membawa pulang,ikan itu,,Apa yang Mereka bawa?,0.4077
25,24,Ibu menggoreng ikan tersebut di rumah.,Ibu,menggoreng,ikan tersebut,di rumah,Apa yang menggoreng ikan tersebut di rumah?,0.752
25,24,Ibu menggoreng ikan tersebut di rumah.,Ibu,menggoreng,ikan tersebut,di rumah,Apa yang Ibu goreng di rumah?,0.5669
25,24,Ibu menggoreng ikan tersebut di rumah.,Ibu,menggoreng,ikan tersebut,di rumah,Di mana Ibu menggoreng ikan tersebut?,0.641
25,25,Udin memakan ikan goreng dengan nasi.,Udin,memakan,ikan goreng,dengan nasi,Siapa yang memakan ikan goreng dengan nasi?,0.8448
25,25,Udin memakan ikan goreng dengan nasi.,Udin,memakan,ikan goreng,dengan nasi,Apa yang Udin makan dengan nasi?,0.7639
26,1,Hari ini adalah hari ulang tahun Andi.,Hari ini,hari,,,Apa yang hari?,0.4261
26,2,Andi berusia sembilan tahun.,Andi,berusia,sembilan tahun,,Siapa yang berusia sembilan tahun?,0.87
26,2,Andi berusia sembilan tahun.,Andi,berusia,sembilan tahun,,Apa yang Andi usia?,0.4999
26,3,Ibu membuat kue ulang tahun cokelat.,Ibu,membuat,kue ulang tahun cokelat,,Apa yang membuat kue ulang tahun cokelat?,0.8277
26,3,Ibu membuat kue ulang tahun cokelat.,Ibu,membuat,kue ulang tahun cokelat,,Apa yang Ibu buat?,0.0822
26,5,Ayah memberikan sebuah kotak kado.,Ayah,memberikan,sebuah kotak kado,,Siapa yang memberikan sebuah kotak kado?,0.8567
26,5,Ayah memberikan sebuah kotak kado.,Ayah,memberikan,sebuah kotak kado,,Apa yang Ayah berikan?,0.589
26,7,Andi menerima kotak kado itu.,Andi,menerima,kotak kado itu,,Siapa yang menerima kotak kado itu?,0.8798
26,7,Andi menerima kotak kado itu.,Andi,menerima,kotak kado itu,,Apa yang Andi terima?,0.5739
26,8,Andi mengucapkan terima kasih kepada ayah.,Andi,mengucapkan,terima kasih,kepada ayah,Siapa yang mengucapkan terima kasih kepada ayah?,0.88
26,8,Andi mengucapkan terima kasih kepada ayah.,Andi,mengucapkan,terima kasih,kepada ayah,Apa yang Andi ucapkan kepada ayah?,0.613
26,9,Andi membuka kotak kado dengan antusias.,Andi,membuka,kotak kado,dengan antusias,Siapa yang membuka kotak kado dengan antusias?,0.8791
26,9,Andi membuka kotak kado dengan antusias.,Andi,membuka,kotak kado,dengan antusias,Apa yang Andi buka dengan antusias?,0.5472
26,10,Di dalam kotak terdapat sepasang sepatu.,,terdapat,sepasang sepatu,di dalam kotak,Di mana  terdapat sepasang sepatu?,0.778
26,11,Sepatu itu berwarna hitam dan putih.,Sepatu itu,berwarna,,hitam dan putih,Apa yang berwarna hitam dan putih?,0.4032
26,12,Sepatu itu memiliki tali merah.,Sepatu itu,memiliki,tali merah,,Apa yang memiliki tali merah?,0.6427
26,12,Sepatu itu memiliki tali merah.,Sepatu itu,memiliki,tali merah,,Apa yang Sepatu itu miliki?,0.6786
26,13,Andi sangat menyukai sepatu baru itu.,Andi,menyukai,sepatu baru itu,sangat,Siapa yang menyukai sepatu baru itu sangat?,0.8804
26,13,Andi sangat menyukai sepatu baru itu.,Andi,menyukai,sepatu baru itu,sangat,Apa yang Andi sukai sangat?,0.3448
26,14,Andi langsung mencoba sepatu tersebut.,Andi,mencoba,sepatu tersebut,langsung,Siapa yang mencoba sepatu tersebut langsung?,0.8463
26,14,Andi langsung mencoba sepatu tersebut.,Andi,mencoba,sepatu tersebut,langsung,Apa yang Andi coba langsung?,0.4858
26,16,Teman-teman Andi datang ke rumah.,Teman-teman Andi,datang,,ke rumah,Apa yang datang ke rumah?,0.7495
26,16,Teman-teman Andi datang ke rumah.,Teman-teman Andi,datang,,ke rumah,Ke mana Teman-teman Andi datang ?,0.6817
26,17,Mereka menyanyikan lagu selamat ulang tahun.,Mereka,menyanyikan,lagu selamat ulang tahun,,Siapa yang menyanyikan lagu selamat ulang tahun?,0.892
26,17,Mereka menyanyikan lagu selamat ulang tahun.,Mereka,menyanyikan,lagu selamat ulang tahun,,Apa yang Mereka nyanyikan?,0.5869
26,18,Andi meniup lilin di atas kue.,Andi,meniup,lilin,di atas kue,Siapa yang meniup lilin di atas kue?,0.8139
26,18,Andi meniup lilin di atas kue.,Andi,meniup,lilin,di atas kue,Apa yang Andi tiup di atas kue?,0.7046
26,18,Andi meniup lilin di atas kue.,Andi,meniup,lilin,di atas kue,Di mana Andi meniup lilin?,0.4107
26,19,Andi memotong kue cokelat itu.,Andi,memotong,kue cokelat itu,,Siapa yang memotong kue cokelat itu?,0.859
26,19,Andi memotong kue cokelat itu.,Andi,memotong,kue cokelat itu,,Apa yang Andi potong?,0.427
26,20,Ibu membagikan potongan kue kepada teman-teman.,Ibu,membagikan,potongan kue,kepada teman-teman,Siapa yang membagikan potongan kue kepada teman-teman?,0.8232
26,20,Ibu membagikan potongan kue kepada teman-teman.,Ibu,membagikan,potongan kue,kepada teman-teman,Apa yang Ibu bagikan kepada teman-teman?,0.4692
26,21,Mereka makan kue dengan gembira.,Mereka,makan,kue,dengan gembira,Siapa yang makan kue dengan gembira?,0.8277
26,21,Mereka makan kue dengan gembira.,Mereka,makan,kue,dengan gembira,Apa yang Mereka makan dengan gembira?,0.5627
26,22,Andi mengajak teman-teman bermain di halaman.,Andi,mengajak,teman-teman,di halaman,Siapa yang mengajak teman-teman di halaman?,0.8039
26,22,Andi mengajak teman-teman bermain di halaman.,Andi,mengajak,teman-teman,di halaman,Apa yang Andi ajak di halaman?,0.3572
26,22,Andi mengajak teman-teman bermain di halaman.,Andi,mengajak,teman-teman,di halaman,Di mana Andi mengajak teman-teman?,0.4118
26,23,Andi memakai sepatu baru saat bermain.,Andi,memakai bermain,sepatu baru,,Siapa yang memakai bermain sepatu baru?,0.8005
26,23,Andi memakai sepatu baru saat bermain.,Andi,memakai bermain,sepatu baru,,Apa yang Andi pakai?,0.4327
26,24,Pesta ulang tahun berjalan sangat meriah.,Pesta ulang tahun,berjalan,,sangat meriah,Apa yang berjalan sangat meriah?,0.3425
26,25,Andi merasa hari ini sangat spesial.,Andi,merasa,hari ini,sangat spesial,Siapa yang merasa hari ini sangat spesial?,0.8739
26,25,Andi merasa hari ini sangat spesial.,Andi,merasa,hari ini,sangat spesial,Apa yang Andi rasa sangat spesial?,0.7411
27,1,Guru mengajak siswa ke perpustakaan daerah.,Guru,mengajak,siswa,ke perpustakaan daerah,Siapa yang mengajak siswa ke perpustakaan daerah?,0.8262
27,1,Guru mengajak siswa ke perpustakaan daerah.,Guru,mengajak,siswa,ke perpustakaan daerah,Apa yang Guru ajak ke perpustakaan daerah?,0.8463
27,1,Guru mengajak siswa ke perpustakaan daerah.,Guru,mengajak,siswa,ke perpustakaan daerah,Ke mana Guru mengajak siswa?,0.6607
27,2,Perpustakaan itu berada di pusat kota.,Perpustakaan itu,berada,,di pusat kota,Apa yang berada di pusat kota?,0.5637
27,2,Perpustakaan itu berada di pusat kota.,Perpustakaan itu,berada,,di pusat kota,Di mana Perpustakaan itu berada ?,0.6929
27,3,Siswa berangkat menggunakan bus sekolah.,Siswa,berangkat menggunakan,bus sekolah,,Apa yang berangkat menggunakan bus sekolah?,0.8475
27,3,Siswa berangkat menggunakan bus sekolah.,Siswa,berangkat menggunakan,bus sekolah,,Apa yang Siswa berangkatkan?,0.41
27,4,Bus tiba di perpustakaan pada pukul sembilan.,Bus,tiba,,di perpustakaan,Siapa yang tiba di perpustakaan?,0.5278
27,4,Bus tiba di perpustakaan pada pukul sembilan.,Bus,tiba,,di perpustakaan,Di mana Bus tiba ?,0.5341
27,6,Siswa masuk dengan tertib.,Siswa,masuk,,dengan tertib,Apa yang masuk dengan tertib?,0.3593
27,7,Petugas perpustakaan menyambut mereka dengan senyum.,Petugas perpustakaan,menyambut,mereka,dengan senyum,Apa yang menyambut mereka dengan senyum?,0.5927
27,7,Petugas perpustakaan menyambut mereka dengan senyum.,Petugas perpustakaan,menyambut,mereka,dengan senyum,Apa yang Petugas perpustakaan sambut dengan senyum?,0.746
27,8,Petugas menjelaskan aturan di perpustakaan.,Petugas,menjelaskan,aturan,di perpustakaan,Apa yang menjelaskan aturan di perpustakaan?,0.7837
27,8,Petugas menjelaskan aturan di perpustakaan.,Petugas,menjelaskan,aturan,di perpustakaan,Apa yang Petugas jelaskan di perpustakaan?,0.8525
27,8,Petugas menjelaskan aturan di perpustakaan.,Petugas,menjelaskan,aturan,di perpustakaan,Di mana Petugas menjelaskan aturan?,0.5906
27,9,Pengunjung tidak boleh membuat keributan.,Pengunjung,boleh membuat,keributan,tidak,Siapa yang boleh membuat keributan tidak?,0.457
27,9,Pengunjung tidak boleh membuat keributan.,Pengunjung,boleh membuat,keributan,tidak,Apa yang Pengunjung buat tidak?,0.432
27,10,Rak buku tersusun sangat rapi.,Rak buku,tersusun,,sangat rapi,Apa yang tersusun sangat rapi?,0.299
27,11,Rio mencari buku tentang dinosaurus.,Rio,mencari,buku dinosaurus,,Siapa yang mencari buku dinosaurus?,0.7352
27,11,Rio mencari buku tentang dinosaurus.,Rio,mencari,buku dinosaurus,,Apa yang Rio cari?,0.4384
27,12,Rio menemukan buku itu di rak sejarah.,Rio,menemukan,buku itu,di rak sejarah,Siapa yang menemukan buku itu di rak sejarah?,0.6964
27,12,Rio menemukan buku itu di rak sejarah.,Rio,menemukan,buku itu,di rak sejarah,Apa yang Rio temukan di rak sejarah?,0.7899
27,12,Rio menemukan buku itu di rak sejarah.,Rio,menemukan,buku itu,di rak sejarah,Di mana Rio menemukan buku itu?,0.8159
27,13,Buku itu memiliki gambar yang bagus.,Buku itu,memiliki,gambar yang bagus,,Apa yang memiliki gambar yang bagus?,0.612
27,13,Buku itu memiliki gambar yang bagus.,Buku itu,memiliki,gambar yang bagus,,Apa yang Buku itu miliki?,0.5991
27,14,Rio duduk di kursi baca.,Rio,duduk,,di kursi baca,Siapa yang duduk di kursi baca?,0.5661
27,14,Rio duduk di kursi baca.,Rio,duduk,,di kursi baca,Di mana Rio duduk ?,0.7248
27,15,Rio membaca buku dengan tenang.,Rio,membaca,buku,dengan tenang,Siapa yang membaca buku dengan tenang?,0.6724
27,15,Rio membaca buku dengan tenang.,Rio,membaca,buku,dengan tenang,Apa yang Rio baca dengan tenang?,0.7897
27,16,Siti meminjam buku cerita rakyat.,Siti,meminjam,buku cerita rakyat,,Siapa yang meminjam buku cerita rakyat?,0.745
27,16,Siti meminjam buku cerita rakyat.,Siti,meminjam,buku cerita rakyat,,Apa yang Siti pinjam?,0.2712
27,17,Siti membawa buku itu ke meja petugas.,Siti,membawa,buku itu,ke meja petugas,Siapa yang membawa buku itu ke meja petugas?,0.7565
27,17,Siti membawa buku itu ke meja petugas.,Siti,membawa,buku itu,ke meja petugas,Apa yang Siti bawa ke meja petugas?,0.7438
27,17,Siti membawa buku itu ke meja petugas.,Siti,membawa,buku itu,ke meja petugas,Ke mana Siti membawa buku itu?,0.637
27,18,Petugas mencatat peminjaman buku Siti.,Petugas,mencatat,peminjaman buku Siti,,Siapa yang mencatat peminjaman buku Siti?,0.8413
27,18,Petugas mencatat peminjaman buku Siti.,Petugas,mencatat,peminjaman buku Siti,,Siapa yang Petugas catat?,0.3968
27,19,Waktu kunjungan berlangsung selama dua jam.,Waktu kunjungan,berlangsung,,selama dua jam,Apa yang berlangsung selama dua jam?,0.7351
27,20,Guru mengumpulkan seluruh siswa.,Guru,mengumpulkan,seluruh siswa,,Siapa yang mengumpulkan seluruh siswa?,0.7936
27,20,Guru mengumpulkan seluruh siswa.,Guru,mengumpulkan,seluruh siswa,,Apa yang Guru kumpulkan?,0.4752
27,21,Siswa merapikan kembali kursi baca.,Siswa,merapikan kembali,kursi baca,,Apa yang merapikan kembali kursi baca?,0.776
27,21,Siswa merapikan kembali kursi baca.,Siswa,merapikan kembali,kursi baca,,Apa yang Siswa rapi?,0.4494
27,22,Mereka keluar dari gedung perpustakaan.,Mereka,keluar,,dari gedung perpustakaan,Siapa yang keluar dari gedung perpustakaan?,0.8165
27,22,Mereka keluar dari gedung perpustakaan.,Mereka,keluar,,dari gedung perpustakaan,Dari mana Mereka keluar ?,0.4547
27,23,Siswa kembali naik ke dalam bus.,Siswa,naik,,kembali ke dalam bus,Apa yang naik kembali ke dalam bus?,0.7047
27,23,Siswa kembali naik ke dalam bus.,Siswa,naik,,kembali ke dalam bus,Ke mana Siswa naik ?,0.4548
27,24,Bus melaju kembali ke sekolah.,Bus,melaju kembali,,ke sekolah,Siapa yang melaju kembali ke sekolah?,0.5861
27,24,Bus melaju kembali ke sekolah.,Bus,melaju kembali,,ke sekolah,Ke mana Bus melaju kembali ?,0.7585
27,25,Rio mendapat banyak ilmu baru.,Rio,mendapat,ilmu baru,banyak,Siapa yang mendapat ilmu baru banyak?,0.4579
27,25,Rio mendapat banyak ilmu baru.,Rio,mendapat,ilmu baru,banyak,Apa yang Rio dapat banyak?,0.774
28,1,Fajar mengikuti kursus berenang.,Fajar,mengikuti,kursus berenang,,Siapa yang mengikuti kursus berenang?,0.8215
28,1,Fajar mengikuti kursus berenang.,Fajar,mengikuti,kursus berenang,,Apa yang Fajar ikuti?,0.0701
28,3,Fajar menyiapkan pakaian renang di tas.,Fajar,menyiapkan,pakaian renang,di tas,Siapa yang menyiapkan pakaian renang di tas?,0.7683
28,3,Fajar menyiapkan pakaian renang di tas.,Fajar,menyiapkan,pakaian renang,di tas,Apa yang Fajar siapkan di tas?,0.5224
28,3,Fajar menyiapkan pakaian renang di tas.,Fajar,menyiapkan,pakaian renang,di tas,Di mana Fajar menyiapkan pakaian renang?,0.6541
28,4,Fajar tiba di kolam renang pagi hari.,Fajar,tiba,,di kolam renang pagi hari,Siapa yang tiba di kolam renang pagi hari?,0.8067
28,4,Fajar tiba di kolam renang pagi hari.,Fajar,tiba,,di kolam renang pagi hari,Kapan Fajar tiba ?,0.2638
28,4,Fajar tiba di kolam renang pagi hari.,Fajar,tiba,,di kolam renang pagi hari,Di mana Fajar tiba ?,0.1434
28,5,Pelatih renang sudah menunggu di tepi kolam.,Pelatih renang,sudah menunggu,,di tepi kolam,Apa yang sudah menunggu di tepi kolam?,0.4618
28,5,Pelatih renang sudah menunggu di tepi kolam.,Pelatih renang,sudah menunggu,,di tepi kolam,Di mana Pelatih renang sudah menunggu ?,0.7879
28,6,Fajar melakukan pemanasan terlebih dahulu.,Fajar,melakukan,pemanasan,terlebih dahulu,Siapa yang melakukan pemanasan terlebih dahulu?,0.7284
28,6,Fajar melakukan pemanasan terlebih dahulu.,Fajar,melakukan,pemanasan,terlebih dahulu,Apa yang Fajar lakukan terlebih dahulu?,0.5557
28,7,Pemanasan mencegah kram otot.,Pemanasan,mencegah,kram otot,,Siapa yang mencegah kram otot?,0.8577
28,7,Pemanasan mencegah kram otot.,Pemanasan,mencegah,kram otot,,Apa yang Pemanasan cegah?,0.2911
28,8,Fajar turun ke dalam kolam renang.,Fajar,turun,,ke dalam kolam renang,Siapa yang turun ke dalam kolam renang?,0.7105
28,8,Fajar turun ke dalam kolam renang.,Fajar,turun,,ke dalam kolam renang,Ke mana Fajar turun ?,0.1327
28,9,Air kolam terasa sangat dingin.,Air kolam,terasa,,sangat dingin,Apa yang terasa sangat dingin?,0.665
28,10,Pelatih mengajarkan gaya bebas.,Pelatih,mengajarkan,gaya bebas,,Siapa yang mengajarkan gaya bebas?,0.7649
28,10,Pelatih mengajarkan gaya bebas.,Pelatih,mengajarkan,gaya bebas,,Apa yang Pelatih ajarkan?,0.6972
28,11,Fajar menggerakkan kaki ke atas dan bawah.,Fajar,menggerakkan,kaki,ke atas dan bawah,Siapa yang menggerakkan kaki ke atas dan bawah?,0.7509
28,11,Fajar menggerakkan kaki ke atas dan bawah.,Fajar,menggerakkan,kaki,ke atas dan bawah,Apa yang Fajar gerakkan ke atas dan bawah?,0.8044
28,11,Fajar menggerakkan kaki ke atas dan bawah.,Fajar,menggerakkan,kaki,ke atas dan bawah,Ke mana Fajar menggerakkan kaki?,0.7242
28,12,Fajar memutar tangan ke depan.,Fajar,memutar,tangan,ke depan,Siapa yang memutar tangan ke depan?,0.7967
28,12,Fajar memutar tangan ke depan.,Fajar,memutar,tangan,ke depan,Apa yang Fajar putar ke depan?,0.5605
28,12,Fajar memutar tangan ke depan.,Fajar,memutar,tangan,ke depan,Ke mana Fajar memutar tangan?,0.7459
28,13,Fajar mengambil napas dari samping.,Fajar,mengambil,napas,dari samping,Siapa yang mengambil napas dari samping?,0.8034
28,13,Fajar mengambil napas dari samping.,Fajar,mengambil,napas,dari samping,Apa yang Fajar ambil dari samping?,0.5339
28,13,Fajar mengambil napas dari samping.,Fajar,mengambil,napas,dari samping,Dari mana Fajar mengambil napas?,0.7633
28,15,Pelatih memberikan contoh yang benar.,Pelatih,memberikan,contoh yang benar,,Siapa yang memberikan contoh yang benar?,0.5376
28,15,Pelatih memberikan contoh yang benar.,Pelatih,memberikan,contoh yang benar,,Apa yang Pelatih berikan?,0.6221
28,16,Fajar mengulangi gerakan tersebut.,Fajar,mengulangi,gerakan tersebut,,Siapa yang mengulangi gerakan tersebut?,0.7361
28,16,Fajar mengulangi gerakan tersebut.,Fajar,mengulangi,gerakan tersebut,,Apa yang Fajar ulangi?,0.5879
28,17,Fajar berenang sejauh sepuluh meter.,Fajar,berenang,,sejauh sepuluh meter,Siapa yang berenang sejauh sepuluh meter?,0.8586
28,18,Fajar merasa napasnya sangat tersengal.,Fajar,merasa,napas nya,sangat,Siapa yang merasa napas nya sangat?,0.8605
28,18,Fajar merasa napasnya sangat tersengal.,Fajar,merasa,napas nya,sangat,Apa yang Fajar rasa sangat?,0.5995
28,19,Fajar beristirahat di pinggir kolam.,Fajar,beristirahat,,di pinggir kolam,Siapa yang beristirahat di pinggir kolam?,0.8156
28,19,Fajar beristirahat di pinggir kolam.,Fajar,beristirahat,,di pinggir kolam,Di mana Fajar beristirahat ?,0.4529
28,20,Pelatih memberikan pujian kepada Fajar.,Pelatih,memberikan,pujian,kepada fajar,Siapa yang memberikan pujian kepada fajar?,0.4209
28,20,Pelatih memberikan pujian kepada Fajar.,Pelatih,memberikan,pujian,kepada fajar,Apa yang Pelatih berikan kepada fajar?,0.4106
28,21,Fajar kembali berlatih dengan semangat.,Fajar,berlatih,,kembali dengan semangat,Siapa yang berlatih kembali dengan semangat?,0.8618
28,22,Latihan berenang selesai pada pukul sepuluh.,Latihan berenang,selesai,,,Apa yang selesai?,0.1059
28,23,Fajar membilas tubuh di kamar mandi.,Fajar,membilas,tubuh,di kamar mandi,Siapa yang membilas tubuh di kamar mandi?,0.8267
28,23,Fajar membilas tubuh di kamar mandi.,Fajar,membilas,tubuh,di kamar mandi,Apa yang Fajar bilas di kamar mandi?,0.8148
28,23,Fajar membilas tubuh di kamar mandi.,Fajar,membilas,tubuh,di kamar mandi,Di mana Fajar membilas tubuh?,0.4
28,24,Fajar mengganti pakaian dengan baju bersih.,Fajar,mengganti,pakaian,dengan baju bersih,Siapa yang mengganti pakaian dengan baju bersih?,0.7293
28,24,Fajar mengganti pakaian dengan baju bersih.,Fajar,mengganti,pakaian,dengan baju bersih,Apa yang Fajar ganti dengan baju bersih?,0.7939
28,25,Fajar pulang ke rumah bersama ayah.,Fajar,pulang,,ke rumah bersama ayah,Siapa yang pulang ke rumah bersama ayah?,0.87
28,25,Fajar pulang ke rumah bersama ayah.,Fajar,pulang,,ke rumah bersama ayah,Ke mana Fajar pulang ?,0.5971
29,1,Desa Pak Hasan berada di dekat hutan.,Desa Pak Hasan,berada,,di dekat hutan,Siapa yang berada di dekat hutan?,0.4957
29,1,Desa Pak Hasan berada di dekat hutan.,Desa Pak Hasan,berada,,di dekat hutan,Di mana Desa Pak Hasan berada ?,0.7779
29,2,Pak Hasan membutuhkan kayu bakar.,Pak Hasan,membutuhkan,kayu bakar,,Siapa yang membutuhkan kayu bakar?,0.6146
29,2,Pak Hasan membutuhkan kayu bakar.,Pak Hasan,membutuhkan,kayu bakar,,Apa yang Pak Hasan butuhkan?,0.7873
29,3,Pak Hasan pergi ke hutan membawa parang.,Pak Hasan,pergi membawa,parang,ke hutan,Siapa yang pergi membawa parang ke hutan?,0.6095
29,3,Pak Hasan pergi ke hutan membawa parang.,Pak Hasan,pergi membawa,parang,ke hutan,Apa yang Pak Hasan pergi ke hutan?,0.8141
29,3,Pak Hasan pergi ke hutan membawa parang.,Pak Hasan,pergi membawa,parang,ke hutan,Ke mana Pak Hasan pergi membawa parang?,0.7644
29,4,Pak Hasan mencari dahan pohon kering.,Pak Hasan,mencari,dahan pohon kering,,Siapa yang mencari dahan pohon kering?,0.7009
29,4,Pak Hasan mencari dahan pohon kering.,Pak Hasan,mencari,dahan pohon kering,,Apa yang Pak Hasan cari?,0.6689
29,5,Hutan itu memiliki banyak pohon rindang.,Hutan itu,memiliki,pohon rindang,banyak,Apa yang memiliki pohon rindang banyak?,0.6506
29,5,Hutan itu memiliki banyak pohon rindang.,Hutan itu,memiliki,pohon rindang,banyak,Apa yang Hutan itu miliki banyak?,0.7768
29,6,Pak Hasan menemukan sebuah pohon tumbang.,Pak Hasan,menemukan,sebuah pohon,,Siapa yang menemukan sebuah pohon?,0.6493
29,6,Pak Hasan menemukan sebuah pohon tumbang.,Pak Hasan,menemukan,sebuah pohon,,Apa yang Pak Hasan temukan?,0.642
29,8,Pak Hasan memotong dahan dengan parang.,Pak Hasan,memotong,dahan,dengan parang,Siapa yang memotong dahan dengan parang?,0.6268
29,8,Pak Hasan memotong dahan dengan parang.,Pak Hasan,memotong,dahan,dengan parang,Apa yang Pak Hasan potong dengan parang?,0.8861
29,9,Pak Hasan mengumpulkan potongan kayu.,Pak Hasan,mengumpulkan,potongan kayu,,Siapa yang mengumpulkan potongan kayu?,0.6888
29,9,Pak Hasan mengumpulkan potongan kayu.,Pak Hasan,mengumpulkan,potongan kayu,,Apa yang Pak Hasan kumpulkan?,0.6355
29,11,Pak Hasan memanggul ikatan kayu di pundak.,Pak Hasan,memanggul,ikatan kayu,di pundak,Siapa yang memanggul ikatan kayu di pundak?,0.6556
29,11,Pak Hasan memanggul ikatan kayu di pundak.,Pak Hasan,memanggul,ikatan kayu,di pundak,Apa yang Pak Hasan panggul di pundak?,0.7014
29,11,Pak Hasan memanggul ikatan kayu di pundak.,Pak Hasan,memanggul,ikatan kayu,di pundak,Di mana Pak Hasan memanggul ikatan kayu?,0.8585
29,13,Pak Hasan berjalan kembali ke desa.,Pak Hasan,berjalan kembali,,ke desa,Siapa yang berjalan kembali ke desa?,0.6268
29,13,Pak Hasan berjalan kembali ke desa.,Pak Hasan,berjalan kembali,,ke desa,Ke mana Pak Hasan berjalan kembali ?,0.7883
29,14,Pak Hasan beristirahat di dekat sungai.,Pak Hasan,beristirahat,,di dekat sungai,Siapa yang beristirahat di dekat sungai?,0.6439
29,14,Pak Hasan beristirahat di dekat sungai.,Pak Hasan,beristirahat,,di dekat sungai,Di mana Pak Hasan beristirahat ?,0.7648
29,15,Pak Hasan membasuh wajah dengan air sungai.,Pak Hasan,membasuh,wajah,dengan air sungai,Siapa yang membasuh wajah dengan air sungai?,0.6934
29,15,Pak Hasan membasuh wajah dengan air sungai.,Pak Hasan,membasuh,wajah,dengan air sungai,Apa yang Pak Hasan basuh dengan air sungai?,0.7802
29,16,Pak Hasan melanjutkan perjalanan pulang.,Pak Hasan,melanjutkan,perjalanan,,Siapa yang melanjutkan perjalanan?,0.3954
29,16,Pak Hasan melanjutkan perjalanan pulang.,Pak Hasan,melanjutkan,perjalanan,,Apa yang Pak Hasan lanjutkan?,0.7321
29,17,Pak Hasan tiba di rumah pada siang hari.,Pak Hasan,tiba,,di rumah pada siang hari,Siapa yang tiba di rumah pada siang hari?,0.6442
29,17,Pak Hasan tiba di rumah pada siang hari.,Pak Hasan,tiba,,di rumah pada siang hari,Kapan Pak Hasan tiba ?,0.6676
29,17,Pak Hasan tiba di rumah pada siang hari.,Pak Hasan,tiba,,di rumah pada siang hari,Di mana Pak Hasan tiba ?,0.644
29,18,Pak Hasan meletakkan kayu di belakang rumah.,Pak Hasan,meletakkan,kayu,di belakang rumah,Siapa yang meletakkan kayu di belakang rumah?,0.7325
29,18,Pak Hasan meletakkan kayu di belakang rumah.,Pak Hasan,meletakkan,kayu,di belakang rumah,Apa yang Pak Hasan letakkan di belakang rumah?,0.7429
29,18,Pak Hasan meletakkan kayu di belakang rumah.,Pak Hasan,meletakkan,kayu,di belakang rumah,Di mana Pak Hasan meletakkan kayu?,0.7521
29,19,Istri Pak Hasan menyalakan tungku api.,Istri Pak Hasan,menyalakan,tungku api,,Siapa yang menyalakan tungku api?,0.583
29,19,Istri Pak Hasan menyalakan tungku api.,Istri Pak Hasan,menyalakan,tungku api,,Apa yang Istri Pak Hasan nyalakan?,0.7372
29,20,Istri Pak Hasan menggunakan kayu bakar tersebut.,Istri Pak Hasan,menggunakan,kayu bakar tersebut,,Siapa yang menggunakan kayu bakar tersebut?,0.4829
29,20,Istri Pak Hasan menggunakan kayu bakar tersebut.,Istri Pak Hasan,menggunakan,kayu bakar tersebut,,Apa yang Istri Pak Hasan gunakan?,0.7218
29,21,Api menyala dengan sangat terang.,Api,menyala,,,Siapa yang menyala?,0.2409
29,22,Istri Pak Hasan merebus air minum.,Istri Pak Hasan,merebus,air minum,,Siapa yang merebus air minum?,0.5439
29,22,Istri Pak Hasan merebus air minum.,Istri Pak Hasan,merebus,air minum,,Apa yang Istri Pak Hasan rebus?,0.7276
29,23,Kayu kering menghasilkan api yang panas.,Kayu kering,menghasilkan,api yang panas,,Apa yang menghasilkan api yang panas?,0.8692
29,23,Kayu kering menghasilkan api yang panas.,Kayu kering,menghasilkan,api yang panas,,Apa yang Kayu kering hasilkan?,0.4664
29,24,Pak Hasan meminum teh hangat di teras.,Pak Hasan,meminum,teh hangat,di teras,Siapa yang meminum teh hangat di teras?,0.709
29,24,Pak Hasan meminum teh hangat di teras.,Pak Hasan,meminum,teh hangat,di teras,Apa yang Pak Hasan pinum di teras?,0.6551
29,24,Pak Hasan meminum teh hangat di teras.,Pak Hasan,meminum,teh hangat,di teras,Di mana Pak Hasan meminum teh hangat?,0.8658
29,25,Pekerjaan Pak Hasan hari ini selesai.,Pekerjaan Pak Hasan,selesai,,hari ini,Siapa yang selesai hari ini?,0.513
30,1,Paman memanen pisang di kebun.,Paman,memanen,pisang,di kebun,Siapa yang memanen pisang di kebun?,0.7657
30,1,Paman memanen pisang di kebun.,Paman,memanen,pisang,di kebun,Apa yang Paman memanen di kebun?,0.5607
30,1,Paman memanen pisang di kebun.,Paman,memanen,pisang,di kebun,Di mana Paman memanen pisang?,0.7254
30,2,Pisang itu berwarna kuning cerah.,Pisang itu,berwarna,,kuning cerah,Apa yang berwarna kuning cerah?,0.881
30,3,Paman meletakkan pisang di keranjang rotan.,Paman,meletakkan,pisang,di keranjang rotan,Siapa yang meletakkan pisang di keranjang rotan?,0.8442
30,3,Paman meletakkan pisang di keranjang rotan.,Paman,meletakkan,pisang,di keranjang rotan,Apa yang Paman letakkan di keranjang rotan?,0.4995
30,3,Paman meletakkan pisang di keranjang rotan.,Paman,meletakkan,pisang,di keranjang rotan,Di mana Paman meletakkan pisang?,0.865
30,4,Paman meletakkan keranjang di bawah pohon.,Paman,meletakkan,keranjang,di bawah pohon,Siapa yang meletakkan keranjang di bawah pohon?,0.8026
30,4,Paman meletakkan keranjang di bawah pohon.,Paman,meletakkan,keranjang,di bawah pohon,Apa yang Paman letakkan di bawah pohon?,0.8259
30,4,Paman meletakkan keranjang di bawah pohon.,Paman,meletakkan,keranjang,di bawah pohon,Di mana Paman meletakkan keranjang?,0.5903
30,5,Paman pergi mengambil air minum di gubuk.,Paman,pergi mengambil,air minum,di gubuk,Siapa yang pergi mengambil air minum di gubuk?,0.738
30,5,Paman pergi mengambil air minum di gubuk.,Paman,pergi mengambil,air minum,di gubuk,Apa yang Paman pergi di gubuk?,0.6629
30,5,Paman pergi mengambil air minum di gubuk.,Paman,pergi mengambil,air minum,di gubuk,Di mana Paman pergi mengambil air minum?,0.7664
30,6,Seekor monyet mengawasi dari atas pohon.,Seekor monyet,mengawasi,,dari atas pohon,Apa yang mengawasi dari atas pohon?,0.6781
30,6,Seekor monyet mengawasi dari atas pohon.,Seekor monyet,mengawasi,,dari atas pohon,Dari mana Seekor monyet mengawasi ?,0.7342
30,7,Monyet itu memiliki ekor panjang.,Monyet itu,memiliki,ekor panjang,,Apa yang memiliki ekor panjang?,0.5013
30,7,Monyet itu memiliki ekor panjang.,Monyet itu,memiliki,ekor panjang,,Apa yang Monyet itu miliki?,0.805
30,8,Monyet turun secara perlahan.,Monyet,turun,,perlahan,Siapa yang turun perlahan?,0.4843
30,9,Monyet mendekati keranjang pisang.,Monyet,mendekati,keranjang pisang,,Siapa yang mendekati keranjang pisang?,0.7226
30,9,Monyet mendekati keranjang pisang.,Monyet,mendekati,keranjang pisang,,Apa yang Monyet dekati?,0.7747
30,10,Monyet mengambil dua buah pisang.,Monyet,mengambil,dua buah pisang,,Siapa yang mengambil dua buah pisang?,0.7496
30,10,Monyet mengambil dua buah pisang.,Monyet,mengambil,dua buah pisang,,Apa yang Monyet ambil?,0.7501
30,11,Monyet segera memanjat pohon kembali.,Monyet,memanjat,pohon,segera kembali,Siapa yang memanjat pohon segera kembali?,0.6682
30,11,Monyet segera memanjat pohon kembali.,Monyet,memanjat,pohon,segera kembali,Apa yang Monyet panjat segera kembali?,0.7501
30,12,Paman kembali dari gubuk.,Paman,kembali,,dari gubuk,Siapa yang kembali dari gubuk?,0.6208
30,12,Paman kembali dari gubuk.,Paman,kembali,,dari gubuk,Dari mana Paman kembali ?,0.7898
30,13,Paman melihat keranjang pisangnya berantakan.,Paman,melihat,keranjang pisang nya,,Siapa yang melihat keranjang pisang nya?,0.7363
30,13,Paman melihat keranjang pisangnya berantakan.,Paman,melihat,keranjang pisang nya,,Apa yang Paman lihat?,0.4668
30,14,Paman menghitung jumlah pisang.,Paman,menghitung,jumlah pisang,,Apa yang menghitung jumlah pisang?,0.8931
30,14,Paman menghitung jumlah pisang.,Paman,menghitung,jumlah pisang,,Apa yang Paman hitung?,0.548
30,15,Beberapa pisang telah hilang.,Beberapa pisang,telah hilang,,,Apa yang telah hilang?,0.4536
30,16,Paman mendengar suara dari atas dahan.,Paman,mendengar,suara,dari atas dahan,Siapa yang mendengar suara dari atas dahan?,0.798
30,16,Paman mendengar suara dari atas dahan.,Paman,mendengar,suara,dari atas dahan,Apa yang Paman dengar dari atas dahan?,0.8722
30,16,Paman mendengar suara dari atas dahan.,Paman,mendengar,suara,dari atas dahan,Dari mana Paman mendengar suara?,0.8742
30,17,Paman melihat monyet sedang memakan pisang.,Paman,melihat,monyet,,Apa yang melihat monyet?,0.6971
30,17,Paman melihat monyet sedang memakan pisang.,Paman,melihat,monyet,,Apa yang Paman lihat?,0.3756
30,18,Monyet itu mengupas kulit pisang.,Monyet itu,mengupas,kulit pisang,,Apa yang mengupas kulit pisang?,0.7194
30,18,Monyet itu mengupas kulit pisang.,Monyet itu,mengupas,kulit pisang,,Apa yang Monyet itu upas?,0.7296
30,19,Paman hanya bisa tersenyum.,Paman,bisa tersenyum,,hanya,Siapa yang bisa tersenyum hanya?,0.5652
30,20,Paman membiarkan monyet itu memakan pisangnya.,Paman,membiarkan,monyet itu,,Siapa yang membiarkan monyet itu?,0.6618
30,20,Paman membiarkan monyet itu memakan pisangnya.,Paman,membiarkan,monyet itu,,Apa yang Paman biarkan?,0.3062
30,21,Paman membawa keranjang ke dalam gubuk.,Paman,membawa,keranjang,ke dalam gubuk,Siapa yang membawa keranjang ke dalam gubuk?,0.7087
30,21,Paman membawa keranjang ke dalam gubuk.,Paman,membawa,keranjang,ke dalam gubuk,Apa yang Paman bawa ke dalam gubuk?,0.8328
30,21,Paman membawa keranjang ke dalam gubuk.,Paman,membawa,keranjang,ke dalam gubuk,Ke mana Paman membawa keranjang?,0.8017
30,22,Paman menutup pintu gubuk rapat-rapat.,Paman,menutup,pintu gubuk rapat-rapat,,Siapa yang menutup pintu gubuk rapat-rapat?,0.7555
30,22,Paman menutup pintu gubuk rapat-rapat.,Paman,menutup,pintu gubuk rapat-rapat,,Apa yang Paman tutup?,0.6715
30,23,Monyet membuang kulit pisang ke tanah.,Monyet,membuang,kulit pisang,ke tanah,Siapa yang membuang kulit pisang ke tanah?,0.7684
30,23,Monyet membuang kulit pisang ke tanah.,Monyet,membuang,kulit pisang,ke tanah,Apa yang Monyet buang ke tanah?,0.7971
30,23,Monyet membuang kulit pisang ke tanah.,Monyet,membuang,kulit pisang,ke tanah,Ke mana Monyet membuang kulit pisang?,0.8489
30,24,Paman membersihkan kulit pisang itu.,Paman,membersihkan,kulit pisang itu,,Siapa yang membersihkan kulit pisang itu?,0.7483
30,24,Paman membersihkan kulit pisang itu.,Paman,membersihkan,kulit pisang itu,,Apa yang Paman bersihkan?,0.3562
30,25,Paman membawa pisang yang tersisa pulang.,Paman,membawa,pisang yang tersisa pulang,,Siapa yang membawa pisang yang tersisa pulang?,0.8266
30,25,Paman membawa pisang yang tersisa pulang.,Paman,membawa,pisang yang tersisa pulang,,Apa yang Paman bawa?,0.4041
31,1,Hari Jumat adalah hari kerja bakti.,Hari Jumat,hari,,,Apa yang hari?,0.5465
31,2,Siswa kelas empat membersihkan halaman sekolah.,Siswa kelas empat,membersihkan,halaman sekolah,,Apa yang membersihkan halaman sekolah?,0.6677
31,2,Siswa kelas empat membersihkan halaman sekolah.,Siswa kelas empat,membersihkan,halaman sekolah,,Apa yang Siswa kelas empat bersihkan?,0.6799
31,3,Guru membagi tugas kepada para siswa.,Guru,membagi,tugas,kepada para siswa,Siapa yang membagi tugas kepada para siswa?,0.7971
31,3,Guru membagi tugas kepada para siswa.,Guru,membagi,tugas,kepada para siswa,Apa yang Guru bagi kepada para siswa?,0.8153
31,4,Budi bertugas menyapu daun kering.,Budi,bertugas menyapu,daun kering,,Siapa yang bertugas menyapu daun kering?,0.8265
31,4,Budi bertugas menyapu daun kering.,Budi,bertugas menyapu,daun kering,,Apa yang Budi tugas?,0.2483
31,5,Budi menggunakan sapu lidi yang panjang.,Budi,menggunakan,sapu lidi yang panjang,,Siapa yang menggunakan sapu lidi yang panjang?,0.8123
31,5,Budi menggunakan sapu lidi yang panjang.,Budi,menggunakan,sapu lidi yang panjang,,Apa yang Budi gunakan?,0.4257
31,6,Ani bertugas mencabut rumput liar.,Ani,bertugas mencabut,rumput liar,,Siapa yang bertugas mencabut rumput liar?,0.7704
31,6,Ani bertugas mencabut rumput liar.,Ani,bertugas mencabut,rumput liar,,Apa yang Ani tugas?,0.4027
31,7,Ani menggunakan sarung tangan kain.,Ani,menggunakan,sarung tangan kain,,Siapa yang menggunakan sarung tangan kain?,0.8762
31,7,Ani menggunakan sarung tangan kain.,Ani,menggunakan,sarung tangan kain,,Apa yang Ani gunakan?,0.2167
31,8,Toni bertugas membuang sampah.,Toni,bertugas membuang,sampah,,Siapa yang bertugas membuang sampah?,0.707
31,8,Toni bertugas membuang sampah.,Toni,bertugas membuang,sampah,,Apa yang Toni tugas?,0.5929
31,9,Toni membawa tempat sampah plastik.,Toni,membawa,tempat sampah plastik,,Siapa yang membawa tempat sampah plastik?,0.693
31,9,Toni membawa tempat sampah plastik.,Toni,membawa,tempat sampah plastik,,Apa yang Toni bawa?,0.7012
31,10,Mereka bekerja sama dengan baik.,Mereka,bekerja,,sama dengan baik,Siapa yang bekerja sama dengan baik?,0.722
31,12,Toni memasukkan daun kering ke tempat sampah.,Toni,memasukkan,daun kering,ke tempat sampah,Siapa yang memasukkan daun kering ke tempat sampah?,0.6778
31,12,Toni memasukkan daun kering ke tempat sampah.,Toni,memasukkan,daun kering,ke tempat sampah,Apa yang Toni masukkan ke tempat sampah?,0.6598
31,12,Toni memasukkan daun kering ke tempat sampah.,Toni,memasukkan,daun kering,ke tempat sampah,Ke mana Toni memasukkan daun kering?,0.74
31,13,Halaman sekolah menjadi sangat bersih.,Halaman sekolah,menjadi,,sangat bersih,Apa yang menjadi sangat bersih?,0.5226
31,16,Kepala sekolah berkeliling melihat halaman.,Kepala sekolah,berkeliling melihat,halaman,,Apa yang berkeliling melihat halaman?,0.5048
31,16,Kepala sekolah berkeliling melihat halaman.,Kepala sekolah,berkeliling melihat,halaman,,Apa yang Kepala sekolah keliling?,0.6708
31,17,Kepala sekolah memuji kerja keras siswa.,Kepala sekolah,memuji,kerja keras siswa,,Apa yang memuji kerja keras siswa?,0.8086
31,17,Kepala sekolah memuji kerja keras siswa.,Kepala sekolah,memuji,kerja keras siswa,,Apa yang Kepala sekolah puji?,0.4802
31,18,Pekerjaan selesai dalam waktu satu jam.,Pekerjaan,selesai,,dalam waktu satu jam,Siapa yang selesai dalam waktu satu jam?,0.6784
31,19,Siswa mencuci tangan di wastafel.,Siswa,mencuci,tangan,di wastafel,Apa yang mencuci tangan di wastafel?,0.7312
31,19,Siswa mencuci tangan di wastafel.,Siswa,mencuci,tangan,di wastafel,Apa yang Siswa cuci di wastafel?,0.7273
31,19,Siswa mencuci tangan di wastafel.,Siswa,mencuci,tangan,di wastafel,Di mana Siswa mencuci tangan?,0.7509
31,20,Sabun membersihkan kotoran di tangan.,Sabun,membersihkan,kotoran,di tangan,Siapa yang membersihkan kotoran di tangan?,0.5444
31,20,Sabun membersihkan kotoran di tangan.,Sabun,membersihkan,kotoran,di tangan,Apa yang Sabun bersihkan di tangan?,0.8511
31,20,Sabun membersihkan kotoran di tangan.,Sabun,membersihkan,kotoran,di tangan,Di mana Sabun membersihkan kotoran?,0.807
31,21,Guru memberikan minuman dingin kepada siswa.,Guru,memberikan,minuman dingin,kepada siswa,Siapa yang memberikan minuman dingin kepada siswa?,0.7811
31,21,Guru memberikan minuman dingin kepada siswa.,Guru,memberikan,minuman dingin,kepada siswa,Apa yang Guru berikan kepada siswa?,0.5826
31,22,Siswa meminum air di teras kelas.,Siswa,meminum,air,di teras kelas,Apa yang meminum air di teras kelas?,0.7973
31,22,Siswa meminum air di teras kelas.,Siswa,meminum,air,di teras kelas,Apa yang Siswa pinum di teras kelas?,0.5913
31,22,Siswa meminum air di teras kelas.,Siswa,meminum,air,di teras kelas,Di mana Siswa meminum air?,0.7642
31,24,Bel istirahat berbunyi nyaring.,Bel istirahat,berbunyi,,nyaring,Apa yang berbunyi nyaring?,0.6126
31,25,Siswa pergi ke kantin sekolah.,Siswa,pergi,,ke kantin sekolah,Apa yang pergi ke kantin sekolah?,0.7402
31,25,Siswa pergi ke kantin sekolah.,Siswa,pergi,,ke kantin sekolah,Ke mana Siswa pergi ?,0.6447
32,1,Pasukan pramuka mengadakan kegiatan berkemah.,Pasukan pramuka,mengadakan,kegiatan,,Apa yang mengadakan kegiatan?,0.162
32,1,Pasukan pramuka mengadakan kegiatan berkemah.,Pasukan pramuka,mengadakan,kegiatan,,Apa yang Pasukan pramuka adakan?,0.4884
32,2,Perkemahan berlokasi di kaki gunung.,Perkemahan,berlokasi,,di kaki gunung,Siapa yang berlokasi di kaki gunung?,0.5435
32,2,Perkemahan berlokasi di kaki gunung.,Perkemahan,berlokasi,,di kaki gunung,Di mana Perkemahan berlokasi ?,0.7648
32,3,Siswa mendirikan tenda di tanah datar.,Siswa,mendirikan,tenda,di tanah datar,Apa yang mendirikan tenda di tanah datar?,0.7025
32,3,Siswa mendirikan tenda di tanah datar.,Siswa,mendirikan,tenda,di tanah datar,Apa yang Siswa dirikan di tanah datar?,0.47
32,3,Siswa mendirikan tenda di tanah datar.,Siswa,mendirikan,tenda,di tanah datar,Di mana Siswa mendirikan tenda?,0.8698
32,4,Tenda itu berwarna hijau tua.,Tenda itu,berwarna,,hijau tua,Apa yang berwarna hijau tua?,0.5568
32,5,Andi memasang pasak tenda dengan palu.,Andi,memasang,pasak tenda,dengan palu,Siapa yang memasang pasak tenda dengan palu?,0.8585
32,5,Andi memasang pasak tenda dengan palu.,Andi,memasang,pasak tenda,dengan palu,Apa yang Andi memasang dengan palu?,0.5512
32,6,Tenda berdiri dengan sangat kokoh.,Tenda,berdiri,,,Siapa yang berdiri?,0.5054
32,7,Udara di gunung sangat sejuk.,,Udara,,sangat sejuk di gunung,Di mana  Udara ?,0.427
32,8,"Sore hari, siswa mencari kayu bakar.",siswa,mencari,kayu bakar,,Apa yang mencari kayu bakar?,0.6355
32,8,"Sore hari, siswa mencari kayu bakar.",siswa,mencari,kayu bakar,,Apa yang siswa cari?,0.5347
32,9,Mereka mengumpulkan ranting-ranting kecil.,Mereka,mengumpulkan,ranting-ranting kecil,,Siapa yang mengumpulkan ranting-ranting kecil?,0.8191
32,9,Mereka mengumpulkan ranting-ranting kecil.,Mereka,mengumpulkan,ranting-ranting kecil,,Apa yang Mereka kumpulkan?,0.5065
32,10,"Malam hari, api unggun dinyalakan.",,dinyalakan,,"malam hari ,",Kapan  dinyalakan ?,0.3111
32,11,Api unggun menghangatkan tubuh mereka.,Api unggun,menghangatkan,tubuh mereka,,Apa yang menghangatkan tubuh mereka?,0.6851
32,11,Api unggun menghangatkan tubuh mereka.,Api unggun,menghangatkan,tubuh mereka,,Apa yang Api unggun hangatkan?,0.7248
32,12,Siswa bernyanyi bersama di sekitar api.,Siswa,bernyanyi,,bersama di sekitar api,Apa yang bernyanyi bersama di sekitar api?,0.7557
32,12,Siswa bernyanyi bersama di sekitar api.,Siswa,bernyanyi,,bersama di sekitar api,Di mana Siswa bernyanyi ?,0.6265
32,13,Guru bercerita tentang pahlawan nasional.,Guru,bercerita,,tentang pahlawan nasional,Siapa yang bercerita tentang pahlawan nasional?,0.8406
32,16,Waktu tidur telah tiba.,Waktu tidur,telah tiba,,,Apa yang telah tiba?,0.4574
32,17,Siswa masuk ke dalam tenda.,Siswa,masuk,,ke dalam tenda,Apa yang masuk ke dalam tenda?,0.6991
32,17,Siswa masuk ke dalam tenda.,Siswa,masuk,,ke dalam tenda,Ke mana Siswa masuk ?,0.4873
32,18,Mereka memakai jaket tebal.,Mereka,memakai,jaket tebal,,Siapa yang memakai jaket tebal?,0.7499
32,18,Mereka memakai jaket tebal.,Mereka,memakai,jaket tebal,,Apa yang Mereka pakai?,0.5034
32,19,Mereka tidur menggunakan kantong tidur.,Mereka,tidur menggunakan,kantong tidur,,Siapa yang tidur menggunakan kantong tidur?,0.7597
32,19,Mereka tidur menggunakan kantong tidur.,Mereka,tidur menggunakan,kantong tidur,,Apa yang Mereka tidurkan?,0.6605
32,20,"Pagi hari, matahari terbit sangat indah.",matahari,terbit,,"pagi hari , sangat indah","Apa yang terbit pagi hari , sangat indah?",0.7063
32,20,"Pagi hari, matahari terbit sangat indah.",matahari,terbit,,"pagi hari , sangat indah",Kapan matahari terbit ?,0.7119
32,21,Siswa melakukan senam pagi.,Siswa,melakukan,senam pagi,,Apa yang melakukan senam pagi?,0.5983
32,21,Siswa melakukan senam pagi.,Siswa,melakukan,senam pagi,,Apa yang Siswa lakukan?,0.5359
32,22,Mereka memasak mi instan untuk sarapan.,Mereka,memasak,mi instan,untuk sarapan,Siapa yang memasak mi instan untuk sarapan?,0.8489
32,22,Mereka memasak mi instan untuk sarapan.,Mereka,memasak,mi instan,untuk sarapan,Apa yang Mereka pasak untuk sarapan?,0.6867
32,23,"Setelah sarapan, mereka membongkar tenda.",mereka,membongkar,tenda,"setelah sarapan ,","Siapa yang membongkar tenda setelah sarapan ,?",0.8151
32,23,"Setelah sarapan, mereka membongkar tenda.",mereka,membongkar,tenda,"setelah sarapan ,","Apa yang mereka bongkar setelah sarapan ,?",0.6371
32,23,"Setelah sarapan, mereka membongkar tenda.",mereka,membongkar,tenda,"setelah sarapan ,",Kapan mereka membongkar tenda?,0.6581
32,24,Mereka membersihkan sampah di sekitar area.,Mereka,membersihkan,sampah,di sekitar area,Siapa yang membersihkan sampah di sekitar area?,0.8502
32,24,Mereka membersihkan sampah di sekitar area.,Mereka,membersihkan,sampah,di sekitar area,Apa yang Mereka bersihkan di sekitar area?,0.8091
32,24,Mereka membersihkan sampah di sekitar area.,Mereka,membersihkan,sampah,di sekitar area,Di mana Mereka membersihkan sampah?,0.8441
32,25,Pasukan pramuka pulang dengan pengalaman berharga.,Pasukan pramuka,pulang,,dengan pengalaman berharga,Apa yang pulang dengan pengalaman berharga?,0.6796
33,1,Kura-kura berjalan di pinggir danau.,Kura-kura,berjalan,,di pinggir danau,Siapa yang berjalan di pinggir danau?,0.5258
33,1,Kura-kura berjalan di pinggir danau.,Kura-kura,berjalan,,di pinggir danau,Di mana Kura-kura berjalan ?,0.7381
33,2,Kura-kura membawa tempurung yang berat.,Kura-kura,membawa,tempurung yang berat,,Siapa yang membawa tempurung yang berat?,0.4472
33,2,Kura-kura membawa tempurung yang berat.,Kura-kura,membawa,tempurung yang berat,,Apa yang Kura-kura bawa?,0.8329
33,4,Seekor kelinci datang menghampiri kura-kura.,Seekor kelinci,datang menghampiri,kura-kura,,Apa yang datang menghampiri kura-kura?,0.6499
33,4,Seekor kelinci datang menghampiri kura-kura.,Seekor kelinci,datang menghampiri,kura-kura,,Apa yang Seekor kelinci datangi?,0.6884
33,5,Kelinci itu melompat dengan cepat.,Kelinci itu,melompat,,dengan cepat,Apa yang melompat dengan cepat?,0.4837
33,6,Kelinci mengejek jalan kura-kura.,Kelinci,mengejek,jalan kura-kura,,Siapa yang mengejek jalan kura-kura?,0.6496
33,6,Kelinci mengejek jalan kura-kura.,Kelinci,mengejek,jalan kura-kura,,Apa yang Kelinci ejek?,0.4182
33,7,Kura-kura tidak merasa marah.,Kura-kura,merasa marah,,tidak,Siapa yang merasa marah tidak?,0.1659
33,8,Kura-kura tetap berjalan dengan tenang.,Kura-kura,berjalan,,tetap dengan tenang,Siapa yang berjalan tetap dengan tenang?,0.3461
33,9,Kelinci menantang kura-kura lomba lari.,Kelinci,menantang,kura-kura lomba lari,,Siapa yang menantang kura-kura lomba lari?,0.8023
33,9,Kelinci menantang kura-kura lomba lari.,Kelinci,menantang,kura-kura lomba lari,,Apa yang Kelinci tantang?,0.1999
33,10,Kura-kura menerima tantangan kelinci.,Kura-kura,menerima,tantangan kelinci,,Siapa yang menerima tantangan kelinci?,0.6515
33,10,Kura-kura menerima tantangan kelinci.,Kura-kura,menerima,tantangan kelinci,,Apa yang Kura-kura terima?,0.7285
33,11,Perlombaan dimulai dari pohon beringin.,,dimulai,,dari pohon beringin,Dari mana  dimulai ?,0.3126
33,12,Garis akhir berada di dekat batu besar.,Garis akhir,berada,,di dekat batu besar,Apa yang berada di dekat batu besar?,0.8534
33,12,Garis akhir berada di dekat batu besar.,Garis akhir,berada,,di dekat batu besar,Di mana Garis akhir berada ?,0.4961
33,13,Kelinci berlari sangat kencang.,Kelinci,berlari,,sangat kencang,Siapa yang berlari sangat kencang?,0.5418
33,14,Kelinci meninggalkan kura-kura jauh di belakang.,Kelinci,meninggalkan,kura-kura jauh,di belakang,Siapa yang meninggalkan kura-kura jauh di belakang?,0.7565
33,14,Kelinci meninggalkan kura-kura jauh di belakang.,Kelinci,meninggalkan,kura-kura jauh,di belakang,Apa yang Kelinci tinggalkan di belakang?,0.5367
33,14,Kelinci meninggalkan kura-kura jauh di belakang.,Kelinci,meninggalkan,kura-kura jauh,di belakang,Di mana Kelinci meninggalkan kura-kura jauh?,0.7855
33,15,Kelinci merasa sangat lelah.,Kelinci,merasa,,sangat lelah,Siapa yang merasa sangat lelah?,0.5013
33,16,Kelinci beristirahat di bawah pohon rindang.,Kelinci,beristirahat,,di bawah pohon rindang,Siapa yang beristirahat di bawah pohon rindang?,0.588
33,16,Kelinci beristirahat di bawah pohon rindang.,Kelinci,beristirahat,,di bawah pohon rindang,Di mana Kelinci beristirahat ?,0.4184
33,18,Kura-kura terus berjalan tanpa henti.,Kura-kura,berjalan,,terus tanpa henti,Siapa yang berjalan terus tanpa henti?,0.4983
33,19,Kura-kura melewati kelinci yang sedang tidur.,Kura-kura,melewati,kelinci yang sedang tidur,,Siapa yang melewati kelinci yang sedang tidur?,0.6028
33,19,Kura-kura melewati kelinci yang sedang tidur.,Kura-kura,melewati,kelinci yang sedang tidur,,Apa yang Kura-kura lewati?,0.5982
33,20,Kura-kura mendekati garis akhir.,Kura-kura,mendekati,garis akhir,,Siapa yang mendekati garis akhir?,0.4488
33,20,Kura-kura mendekati garis akhir.,Kura-kura,mendekati,garis akhir,,Apa yang Kura-kura dekati?,0.7198
33,21,Kelinci terbangun dari tidurnya.,,terbangun,,dari tidur,Dari mana  terbangun ?,0.3466
33,22,Kelinci berlari mengejar kura-kura.,Kelinci,berlari mengejar,kura-kura,,Siapa yang berlari mengejar kura-kura?,0.6664
33,22,Kelinci berlari mengejar kura-kura.,Kelinci,berlari mengejar,kura-kura,,Apa yang Kelinci lari?,0.4983
33,23,Kura-kura sudah menyentuh garis akhir.,Kura-kura,sudah menyentuh,garis akhir,,Siapa yang sudah menyentuh garis akhir?,0.4627
33,23,Kura-kura sudah menyentuh garis akhir.,Kura-kura,sudah menyentuh,garis akhir,,Apa yang Kura-kura sentuh?,0.7374
33,24,Kura-kura memenangkan perlombaan itu.,Kura-kura,memenangkan,perlombaan itu,,Siapa yang memenangkan perlombaan itu?,0.5
33,24,Kura-kura memenangkan perlombaan itu.,Kura-kura,memenangkan,perlombaan itu,,Apa yang Kura-kura menangkan?,0.6345
33,25,Kelinci meminta maaf kepada kura-kura.,Kelinci,meminta,maaf,kepada kura-kura,Siapa yang meminta maaf kepada kura-kura?,0.8559
33,25,Kelinci meminta maaf kepada kura-kura.,Kelinci,meminta,maaf,kepada kura-kura,Apa yang Kelinci pinta kepada kura-kura?,0.5492
34,1,Paman memelihara seekor ayam jago.,Paman,memelihara,seekor ayam jago,,Siapa yang memelihara seekor ayam jago?,0.7198
34,1,Paman memelihara seekor ayam jago.,Paman,memelihara,seekor ayam jago,,Apa yang Paman pelihara?,0.4107
34,2,Ayam jago itu memiliki bulu yang mengkilap.,Ayam jago itu,memiliki,bulu yang mengkilap,,Apa yang memiliki bulu yang mengkilap?,0.4839
34,2,Ayam jago itu memiliki bulu yang mengkilap.,Ayam jago itu,memiliki,bulu yang mengkilap,,Apa yang Ayam jago itu miliki?,0.8138
34,3,Jengger ayam jago berwarna merah menyala.,Jengger ayam jago,berwarna menyala,,merah,Apa yang berwarna menyala merah?,0.4654
34,4,"Setiap pagi, ayam jago bangun paling awal.",ayam jago,bangun,,"setiap pagi , paling awal","Apa yang bangun setiap pagi , paling awal?",0.7097
34,4,"Setiap pagi, ayam jago bangun paling awal.",ayam jago,bangun,,"setiap pagi , paling awal",Kapan ayam jago bangun ?,0.7153
34,5,Ayam jago melompat ke atas pagar kayu.,Ayam jago,melompat,,atas ke pagar kayu,Apa yang melompat atas ke pagar kayu?,0.6106
34,5,Ayam jago melompat ke atas pagar kayu.,Ayam jago,melompat,,atas ke pagar kayu,Ke mana Ayam jago melompat ?,0.6575
34,6,Ayam jago berkokok dengan sangat nyaring.,Ayam jago,berkokok,,dengan nyaring sangat nyaring,Apa yang berkokok dengan nyaring sangat nyaring?,0.4314
34,7,Suara kokokan membangunkan seluruh warga desa.,Suara kokokan,membangunkan,seluruh warga desa,,Apa yang membangunkan seluruh warga desa?,0.8008
34,7,Suara kokokan membangunkan seluruh warga desa.,Suara kokokan,membangunkan,seluruh warga desa,,Apa yang Suara kokokan bangunkan?,0.5852
34,8,Matahari pagi mulai terbit dari timur.,Matahari pagi,terbit,,mulai dari timur,Apa yang terbit mulai dari timur?,0.519
34,8,Matahari pagi mulai terbit dari timur.,Matahari pagi,terbit,,mulai dari timur,Dari mana Matahari pagi terbit ?,0.752
34,9,Paman keluar dari dalam rumah.,Paman,keluar,,dari dalam rumah,Siapa yang keluar dari dalam rumah?,0.6637
34,9,Paman keluar dari dalam rumah.,Paman,keluar,,dari dalam rumah,Dari mana Paman keluar ?,0.712
34,10,Paman membawa mangkuk berisi jagung kering.,Paman,membawa,mangkuk,,Siapa yang membawa mangkuk?,0.5684
34,10,Paman membawa mangkuk berisi jagung kering.,Paman,membawa,mangkuk,,Apa yang Paman bawa?,0.4274
34,11,Paman menebarkan jagung di halaman.,Paman,menebarkan,jagung,di halaman,Siapa yang menebarkan jagung di halaman?,0.8118
34,11,Paman menebarkan jagung di halaman.,Paman,menebarkan,jagung,di halaman,Apa yang Paman tebarkan di halaman?,0.2447
34,11,Paman menebarkan jagung di halaman.,Paman,menebarkan,jagung,di halaman,Di mana Paman menebarkan jagung?,0.7681
34,12,Ayam jago mematuk biji jagung dengan cepat.,Ayam jago,mematuk,biji jagung,dengan cepat,Apa yang mematuk biji jagung dengan cepat?,0.6682
34,12,Ayam jago mematuk biji jagung dengan cepat.,Ayam jago,mematuk,biji jagung,dengan cepat,Apa yang Ayam jago patuk dengan cepat?,0.6621
34,13,Ayam betina ikut berkumpul di halaman.,Ayam betina,ikut berkumpul,,di halaman,Apa yang ikut berkumpul di halaman?,0.4361
34,13,Ayam betina ikut berkumpul di halaman.,Ayam betina,ikut berkumpul,,di halaman,Di mana Ayam betina ikut berkumpul ?,0.7557
34,14,Mereka memakan jagung bersama-sama.,Mereka,memakan,jagung,bersama-sama,Siapa yang memakan jagung bersama-sama?,0.8081
34,14,Mereka memakan jagung bersama-sama.,Mereka,memakan,jagung,bersama-sama,Apa yang Mereka makan bersama-sama?,0.5771
34,15,Ayam jago menjaga ayam betina.,Ayam,jago menjaga,ayam betina,,Apa yang jago menjaga ayam betina?,0.7031
34,15,Ayam jago menjaga ayam betina.,Ayam,jago menjaga,ayam betina,,Apa yang Ayam jago?,0.5635
34,16,Ayam jago mengusir burung liar di halaman.,Ayam,jago mengusir,burung liar,di halaman,Siapa yang jago mengusir burung liar di halaman?,0.6467
34,16,Ayam jago mengusir burung liar di halaman.,Ayam,jago mengusir,burung liar,di halaman,Apa yang Ayam jago di halaman?,0.6843
34,16,Ayam jago mengusir burung liar di halaman.,Ayam,jago mengusir,burung liar,di halaman,Di mana Ayam jago mengusir burung liar?,0.8102
34,17,Paman membersihkan kandang ayam.,Paman,membersihkan,kandang ayam,,Siapa yang membersihkan kandang ayam?,0.7153
34,17,Paman membersihkan kandang ayam.,Paman,membersihkan,kandang ayam,,Apa yang Paman bersihkan?,0.4798
34,19,Kandang ayam menjadi bersih dan tidak bau.,Kandang ayam,menjadi,,bersih dan tidak bau,Apa yang menjadi bersih dan tidak bau?,0.4936
34,20,"Siang hari, ayam jago berteduh di bawah pohon.",ayam jago,berteduh,,"siang hari , di bawah pohon","Apa yang berteduh siang hari , di bawah pohon?",0.639
34,20,"Siang hari, ayam jago berteduh di bawah pohon.",ayam jago,berteduh,,"siang hari , di bawah pohon",Kapan ayam jago berteduh ?,0.5983
34,20,"Siang hari, ayam jago berteduh di bawah pohon.",ayam jago,berteduh,,"siang hari , di bawah pohon",Di mana ayam jago berteduh ?,0.665
34,21,Ayam jago mencari cacing di tanah.,Ayam jago,mencari,cacing,di tanah,Apa yang mencari cacing di tanah?,0.6939
34,21,Ayam jago mencari cacing di tanah.,Ayam jago,mencari,cacing,di tanah,Apa yang Ayam jago cari di tanah?,0.7655
34,21,Ayam jago mencari cacing di tanah.,Ayam jago,mencari,cacing,di tanah,Di mana Ayam jago mencari cacing?,0.811
34,22,Ayam jago menggali tanah menggunakan cakar.,Ayam jago,menggali menggunakan,cakar,,Apa yang menggali menggunakan cakar?,0.4835
34,22,Ayam jago menggali tanah menggunakan cakar.,Ayam jago,menggali menggunakan,cakar,,Apa yang Ayam jago galikan?,0.5493
34,23,"Sore hari, ayam jago kembali ke kandang.",ayam jago,kembali,,ke kandang,Apa yang kembali ke kandang?,0.5255
34,23,"Sore hari, ayam jago kembali ke kandang.",ayam jago,kembali,,ke kandang,Ke mana ayam jago kembali ?,0.8062
34,24,Paman menutup pintu kandang ayam.,Paman,menutup,pintu kandang ayam,,Siapa yang menutup pintu kandang ayam?,0.7725
34,24,Paman menutup pintu kandang ayam.,Paman,menutup,pintu kandang ayam,,Apa yang Paman tutup?,0.5951
34,25,Ayam jago tidur bertengger di sebatang kayu.,Ayam jago,tidur bertengger,,di sebatang kayu,Apa yang tidur bertengger di sebatang kayu?,0.5411
34,25,Ayam jago tidur bertengger di sebatang kayu.,Ayam jago,tidur bertengger,,di sebatang kayu,Di mana Ayam jago tidur bertengger ?,0.7609
35,1,Jojo ingin bermain layang-layang.,Jojo,ingin bermain,layang-layang,,Siapa yang ingin bermain layang-layang?,0.4937
35,1,Jojo ingin bermain layang-layang.,Jojo,ingin bermain,layang-layang,,Apa yang Jojo main?,0.8657
35,2,Jojo meminta ayah membuatkan layang-layang.,Jojo,meminta membuatkan,layang-layang,,Siapa yang meminta membuatkan layang-layang?,0.4011
35,2,Jojo meminta ayah membuatkan layang-layang.,Jojo,meminta membuatkan,layang-layang,,Apa yang Jojo pintakan?,0.7011
35,3,Ayah menyiapkan bahan-bahan yang diperlukan.,Ayah,menyiapkan,bahan-bahan yang diperlukan,,Siapa yang menyiapkan bahan-bahan yang diperlukan?,0.708
35,3,Ayah menyiapkan bahan-bahan yang diperlukan.,Ayah,menyiapkan,bahan-bahan yang diperlukan,,Apa yang Ayah siapkan?,0.5466
35,4,Ayah mengambil bambu tipis.,Ayah,mengambil,bambu tipis,,Siapa yang mengambil bambu tipis?,0.8215
35,4,Ayah mengambil bambu tipis.,Ayah,mengambil,bambu tipis,,Apa yang Ayah ambil?,0.2604
35,5,Ayah memotong bambu menjadi dua bagian.,Ayah,memotong menjadi,dua bagian,,Siapa yang memotong menjadi dua bagian?,0.4993
35,5,Ayah memotong bambu menjadi dua bagian.,Ayah,memotong menjadi,dua bagian,,Apa yang Ayah potongi?,0.345
35,6,Ayah menyilangkan bambu tersebut.,Ayah,menyilangkan,bambu tersebut,,Siapa yang menyilangkan bambu tersebut?,0.8282
35,6,Ayah menyilangkan bambu tersebut.,Ayah,menyilangkan,bambu tersebut,,Apa yang Ayah silangkan?,0.2267
35,7,Ayah mengikat bambu dengan benang kasur.,Ayah,mengikat,bambu,dengan benang kasur,Siapa yang mengikat bambu dengan benang kasur?,0.7696
35,7,Ayah mengikat bambu dengan benang kasur.,Ayah,mengikat,bambu,dengan benang kasur,Apa yang Ayah ikat dengan benang kasur?,0.4072
35,9,Jojo memilih kertas minyak berwarna merah.,Jojo,memilih,kertas minyak,,Siapa yang memilih kertas minyak?,0.6235
35,9,Jojo memilih kertas minyak berwarna merah.,Jojo,memilih,kertas minyak,,Apa yang Jojo pilih?,0.5645
35,10,Ayah mengoleskan lem pada rangka bambu.,Ayah,mengoleskan,lem,pada rangka bambu,Siapa yang mengoleskan lem pada rangka bambu?,0.7941
35,10,Ayah mengoleskan lem pada rangka bambu.,Ayah,mengoleskan,lem,pada rangka bambu,Apa yang Ayah oleskan pada rangka bambu?,0.7197
35,11,Ayah menempelkan kertas minyak ke rangka.,Ayah,menempelkan,kertas minyak,ke rangka,Siapa yang menempelkan kertas minyak ke rangka?,0.807
35,11,Ayah menempelkan kertas minyak ke rangka.,Ayah,menempelkan,kertas minyak,ke rangka,Apa yang Ayah tempelkan ke rangka?,0.6026
35,11,Ayah menempelkan kertas minyak ke rangka.,Ayah,menempelkan,kertas minyak,ke rangka,Ke mana Ayah menempelkan kertas minyak?,0.79
35,12,Jojo menggunting sisa kertas yang berlebih.,Jojo,menggunting,sisa kertas yang berlebih,,Siapa yang menggunting sisa kertas yang berlebih?,0.7017
35,12,Jojo menggunting sisa kertas yang berlebih.,Jojo,menggunting,sisa kertas yang berlebih,,Apa yang Jojo menggunting?,0.7086
35,13,Layang-layang merah sudah jadi.,Layang-layang merah,sudah jadi,,,Apa yang sudah jadi?,0.2929
35,14,Ayah membuat ekor dari potongan kain.,Ayah,membuat,ekor,dari potongan kain,Siapa yang membuat ekor dari potongan kain?,0.8347
35,14,Ayah membuat ekor dari potongan kain.,Ayah,membuat,ekor,dari potongan kain,Apa yang Ayah buat dari potongan kain?,0.7601
35,14,Ayah membuat ekor dari potongan kain.,Ayah,membuat,ekor,dari potongan kain,Dari mana Ayah membuat ekor?,0.5101
35,15,Ekor ditempelkan di bagian bawah layang-layang.,,ditempelkan,,di bagian bawah layang-layang,Di mana  ditempelkan ?,0.5581
35,16,Jojo membawa layang-layang ke lapangan.,Jojo,membawa,layang-layang,ke lapangan,Siapa yang membawa layang-layang ke lapangan?,0.5882
35,16,Jojo membawa layang-layang ke lapangan.,Jojo,membawa,layang-layang,ke lapangan,Apa yang Jojo bawa ke lapangan?,0.7891
35,16,Jojo membawa layang-layang ke lapangan.,Jojo,membawa,layang-layang,ke lapangan,Ke mana Jojo membawa layang-layang?,0.7246
35,17,Angin sore bertiup sangat kencang.,Angin sore,bertiup,,sangat kencang,Apa yang bertiup sangat kencang?,0.4918
35,18,Jojo memegang benang pancing.,Jojo,memegang,benang pancing,,Siapa yang memegang benang pancing?,0.6469
35,18,Jojo memegang benang pancing.,Jojo,memegang,benang pancing,,Apa yang Jojo pegang?,0.6224
35,19,Ayah membantu melepaskan layang-layang.,Ayah,membantu melepaskan,layang-layang,,Siapa yang membantu melepaskan layang-layang?,0.6801
35,19,Ayah membantu melepaskan layang-layang.,Ayah,membantu melepaskan,layang-layang,,Apa yang Ayah bantukan?,0.4185
35,20,Layang-layang terbang tinggi di udara.,Layang-layang,terbang,,tinggi di udara,Apa yang terbang tinggi di udara?,0.8158
35,20,Layang-layang terbang tinggi di udara.,Layang-layang,terbang,,tinggi di udara,Di mana Layang-layang terbang ?,0.6788
35,21,Jojo menarik benang dengan hati-hati.,Jojo,menarik,benang,dengan hati-hati,Siapa yang menarik benang dengan hati-hati?,0.4392
35,21,Jojo menarik benang dengan hati-hati.,Jojo,menarik,benang,dengan hati-hati,Apa yang Jojo menarik dengan hati-hati?,0.7435
35,22,Layang-layang menari-nari di langit.,Layang-layang,menari-nari,,di langit,Siapa yang menari-nari di langit?,0.7815
35,22,Layang-layang menari-nari di langit.,Layang-layang,menari-nari,,di langit,Di mana Layang-layang menari-nari ?,0.5913
35,23,Teman-teman Jojo ikut melihat layang-layang.,Teman-teman Jojo,ikut melihat,layang-layang,,Apa yang ikut melihat layang-layang?,0.3919
35,23,Teman-teman Jojo ikut melihat layang-layang.,Teman-teman Jojo,ikut melihat,layang-layang,,Apa yang Teman-teman Jojo ikut?,0.7005
35,24,Jojo merasa sangat senang dan bangga.,Jojo,merasa,,sangat senang dan bangga,Siapa yang merasa sangat senang dan bangga?,0.6308
35,25,Jojo bermain sampai langit menjadi gelap.,Jojo,bermain menjadi,,sampai langit,Siapa yang bermain menjadi sampai langit?,0.5376
36,1,Halaman rumah kakek memiliki pohon mangga.,Halaman rumah kakek,memiliki,pohon mangga,,Apa yang memiliki pohon mangga?,0.5965
36,1,Halaman rumah kakek memiliki pohon mangga.,Halaman rumah kakek,memiliki,pohon mangga,,Apa yang Halaman rumah kakek miliki?,0.5791
36,2,Pohon mangga itu berbuah sangat lebat.,Pohon mangga itu,berbuah,,sangat lebat,Apa yang berbuah sangat lebat?,0.1771
36,3,Buah mangga terlihat besar dan kekuningan.,Buah mangga,terlihat,,besar dan kekuningan,Apa yang terlihat besar dan kekuningan?,0.3577
36,4,Kakek ingin memanen buah mangga hari ini.,Kakek,ingin memanen,buah mangga,hari ini,Siapa yang ingin memanen buah mangga hari ini?,0.7646
36,4,Kakek ingin memanen buah mangga hari ini.,Kakek,ingin memanen,buah mangga,hari ini,Apa yang Kakek memanen hari ini?,0.5761
36,5,Kakek mengambil sebuah galah bambu panjang.,Kakek,mengambil,sebuah galah bambu panjang,,Siapa yang mengambil sebuah galah bambu panjang?,0.7409
36,5,Kakek mengambil sebuah galah bambu panjang.,Kakek,mengambil,sebuah galah bambu panjang,,Apa yang Kakek ambil?,0.5287
36,7,Doni membantu kakek di bawah pohon.,Doni,membantu,kakek,di bawah pohon,Siapa yang membantu kakek di bawah pohon?,0.9121
36,7,Doni membantu kakek di bawah pohon.,Doni,membantu,kakek,di bawah pohon,Apa yang Doni bantu di bawah pohon?,0.7018
36,7,Doni membantu kakek di bawah pohon.,Doni,membantu,kakek,di bawah pohon,Di mana Doni membantu kakek?,0.6296
36,8,Doni membawa sebuah keranjang anyaman.,Doni,membawa,sebuah keranjang anyaman,,Siapa yang membawa sebuah keranjang anyaman?,0.8184
36,8,Doni membawa sebuah keranjang anyaman.,Doni,membawa,sebuah keranjang anyaman,,Apa yang Doni bawa?,0.7184
36,9,Kakek mengarahkan jaring ke buah mangga.,Kakek,mengarahkan,jaring,ke buah mangga,Siapa yang mengarahkan jaring ke buah mangga?,0.7458
36,9,Kakek mengarahkan jaring ke buah mangga.,Kakek,mengarahkan,jaring,ke buah mangga,Apa yang Kakek karahkan ke buah mangga?,0.8371
36,9,Kakek mengarahkan jaring ke buah mangga.,Kakek,mengarahkan,jaring,ke buah mangga,Ke mana Kakek mengarahkan jaring?,0.3896
36,10,Kakek menarik galah dengan kuat.,Kakek,menarik,galah,dengan kuat,Siapa yang menarik galah dengan kuat?,0.6198
36,10,Kakek menarik galah dengan kuat.,Kakek,menarik,galah,dengan kuat,Apa yang Kakek menarik dengan kuat?,0.6338
36,11,Buah mangga jatuh ke dalam jaring.,Buah mangga,jatuh,,ke dalam jaring,Apa yang jatuh ke dalam jaring?,0.4136
36,11,Buah mangga jatuh ke dalam jaring.,Buah mangga,jatuh,,ke dalam jaring,Ke mana Buah mangga jatuh ?,0.847
36,12,Kakek menurunkan galah ke bawah.,Kakek,menurunkan,galah,ke bawah,Siapa yang menurunkan galah ke bawah?,0.7092
36,12,Kakek menurunkan galah ke bawah.,Kakek,menurunkan,galah,ke bawah,Apa yang Kakek turunkan ke bawah?,0.7228
36,12,Kakek menurunkan galah ke bawah.,Kakek,menurunkan,galah,ke bawah,Ke mana Kakek menurunkan galah?,0.733
36,13,Doni mengambil mangga dari dalam jaring.,Doni,mengambil,mangga,dari dalam jaring,Siapa yang mengambil mangga dari dalam jaring?,0.7917
36,13,Doni mengambil mangga dari dalam jaring.,Doni,mengambil,mangga,dari dalam jaring,Apa yang Doni ambil dari dalam jaring?,0.6223
36,13,Doni mengambil mangga dari dalam jaring.,Doni,mengambil,mangga,dari dalam jaring,Dari mana Doni mengambil mangga?,0.7834
36,14,Doni memasukkan mangga ke dalam keranjang.,Doni,memasukkan,mangga,ke dalam keranjang,Siapa yang memasukkan mangga ke dalam keranjang?,0.7243
36,14,Doni memasukkan mangga ke dalam keranjang.,Doni,memasukkan,mangga,ke dalam keranjang,Apa yang Doni masukkan ke dalam keranjang?,0.5878
36,14,Doni memasukkan mangga ke dalam keranjang.,Doni,memasukkan,mangga,ke dalam keranjang,Ke mana Doni memasukkan mangga?,0.7252
36,15,Mangga itu memiliki aroma yang harum.,Mangga itu,memiliki,aroma yang harum,,Apa yang memiliki aroma yang harum?,0.6145
36,15,Mangga itu memiliki aroma yang harum.,Mangga itu,memiliki,aroma yang harum,,Apa yang Mangga itu miliki?,0.7471
36,16,Kakek memetik dua puluh buah mangga.,Kakek,memetik,dua puluh buah mangga,,Siapa yang memetik dua puluh buah mangga?,0.7792
36,16,Kakek memetik dua puluh buah mangga.,Kakek,memetik,dua puluh buah mangga,,Apa yang Kakek petik?,0.3674
36,17,Keranjang anyaman menjadi sangat penuh.,Keranjang anyaman,menjadi,,sangat penuh,Apa yang menjadi sangat penuh?,0.7423
36,18,Kakek dan Doni duduk di teras rumah.,Kakek dan Doni,duduk,,di teras rumah,Siapa yang duduk di teras rumah?,0.629
36,18,Kakek dan Doni duduk di teras rumah.,Kakek dan Doni,duduk,,di teras rumah,Di mana Kakek dan Doni duduk ?,0.6904
36,19,Kakek mengupas satu buah mangga matang.,Kakek,mengupas,satu buah mangga matang,,Siapa yang mengupas satu buah mangga matang?,0.6452
36,19,Kakek mengupas satu buah mangga matang.,Kakek,mengupas,satu buah mangga matang,,Apa yang Kakek upas?,0.438
36,20,Daging mangga berwarna oranye terang.,Daging mangga,berwarna,,oranye terang,Apa yang berwarna oranye terang?,0.8262
36,21,Kakek memotong mangga menjadi potongan kecil.,Kakek,memotong menjadi,potongan kecil,,Siapa yang memotong menjadi potongan kecil?,0.5077
36,21,Kakek memotong mangga menjadi potongan kecil.,Kakek,memotong menjadi,potongan kecil,,Apa yang Kakek potongi?,0.4988
36,22,Doni memakan potongan mangga tersebut.,Doni,memakan,potongan mangga tersebut,,Siapa yang memakan potongan mangga tersebut?,0.8513
36,22,Doni memakan potongan mangga tersebut.,Doni,memakan,potongan mangga tersebut,,Apa yang Doni makan?,0.5535
36,24,Nenek membagikan mangga kepada tetangga.,Nenek,membagikan,mangga,kepada tetangga,Siapa yang membagikan mangga kepada tetangga?,0.7749
36,24,Nenek membagikan mangga kepada tetangga.,Nenek,membagikan,mangga,kepada tetangga,Apa yang Nenek bagikan kepada tetangga?,0.635
36,25,Semua orang menikmati hasil panen kakek.,Semua orang,menikmati,hasil panen kakek,,Apa yang menikmati hasil panen kakek?,0.7488
36,25,Semua orang menikmati hasil panen kakek.,Semua orang,menikmati,hasil panen kakek,,Apa yang Semua orang nikmati?,0.4229
37,1,Budi bermain sepak bola pada sore hari.,Budi,bermain,sepak bola,pada sore hari,Siapa yang bermain sepak bola pada sore hari?,0.8581
37,1,Budi bermain sepak bola pada sore hari.,Budi,bermain,sepak bola,pada sore hari,Apa yang Budi main pada sore hari?,0.7315
37,2,Budi bermain bersama teman-teman.,Budi,bermain,,bersama teman-teman,Siapa yang bermain bersama teman-teman?,0.7584
37,3,Mereka bermain di lapangan desa.,Mereka,bermain,,di lapangan desa,Siapa yang bermain di lapangan desa?,0.8402
37,3,Mereka bermain di lapangan desa.,Mereka,bermain,,di lapangan desa,Di mana Mereka bermain ?,0.4758
37,5,Budi memakai sepatu bola hitam.,Budi,memakai,sepatu bola hitam,,Siapa yang memakai sepatu bola hitam?,0.7649
37,5,Budi memakai sepatu bola hitam.,Budi,memakai,sepatu bola hitam,,Apa yang Budi pakai?,0.3951
37,6,Budi menendang bola dengan kuat.,Budi,menendang,bola,dengan kuat,Siapa yang menendang bola dengan kuat?,0.7901
37,6,Budi menendang bola dengan kuat.,Budi,menendang,bola,dengan kuat,Apa yang Budi tendang dengan kuat?,0.6678
37,7,Bola melambung tinggi ke udara.,Bola,melambung,,tinggi ke udara,Apa yang melambung tinggi ke udara?,0.6375
37,7,Bola melambung tinggi ke udara.,Bola,melambung,,tinggi ke udara,Ke mana Bola melambung ?,0.672
37,8,Kiper melompat menangkap bola.,Kiper,melompat menangkap,bola,,Siapa yang melompat menangkap bola?,0.7057
37,8,Kiper melompat menangkap bola.,Kiper,melompat menangkap,bola,,Apa yang Kiper lompat?,0.6956
37,9,Kiper gagal menangkap bola itu.,Kiper,gagal menangkap,bola itu,,Siapa yang gagal menangkap bola itu?,0.687
37,9,Kiper gagal menangkap bola itu.,Kiper,gagal menangkap,bola itu,,Apa yang Kiper gagal?,0.6828
37,10,Bola masuk ke dalam gawang.,Bola,masuk,,ke dalam gawang,Apa yang masuk ke dalam gawang?,0.5318
37,10,Bola masuk ke dalam gawang.,Bola,masuk,,ke dalam gawang,Ke mana Bola masuk ?,0.7977
37,11,Budi mencetak sebuah gol.,Budi,mencetak,sebuah gol,,Siapa yang mencetak sebuah gol?,0.8327
37,11,Budi mencetak sebuah gol.,Budi,mencetak,sebuah gol,,Apa yang Budi cetak?,0.2899
37,12,Teman-teman bersorak dengan sangat gembira.,Teman-teman,bersorak,,dengan sangat gembira,Apa yang bersorak dengan sangat gembira?,0.5884
37,13,Mereka melanjutkan permainan dengan semangat.,Mereka,melanjutkan,permainan,dengan semangat,Siapa yang melanjutkan permainan dengan semangat?,0.7469
37,13,Mereka melanjutkan permainan dengan semangat.,Mereka,melanjutkan,permainan,dengan semangat,Apa yang Mereka lanjutkan dengan semangat?,0.5889
37,14,Peluh membasahi baju mereka.,Peluh,membasahi,baju mereka,,Siapa yang membasahi baju mereka?,0.7639
37,14,Peluh membasahi baju mereka.,Peluh,membasahi,baju mereka,,Apa yang Peluh basahi?,0.3176
37,15,Waktu permainan sudah hampir habis.,Waktu permainan,sudah habis,,hampir,Apa yang sudah habis hampir?,0.5626
37,16,Wasit meniup peluit panjang.,Wasit,meniup,peluit panjang,,Siapa yang meniup peluit panjang?,0.6999
37,16,Wasit meniup peluit panjang.,Wasit,meniup,peluit panjang,,Apa yang Wasit tiup?,0.5254
37,17,Pertandingan selesai pada pukul lima.,Pertandingan,selesai,,,Apa yang selesai?,0.3411
37,18,Tim Budi memenangkan pertandingan itu.,Tim Budi,memenangkan,pertandingan itu,,Siapa yang memenangkan pertandingan itu?,0.565
37,18,Tim Budi memenangkan pertandingan itu.,Tim Budi,memenangkan,pertandingan itu,,Apa yang Tim Budi menangkan?,0.1409
37,19,Mereka bersalaman di tengah lapangan.,Mereka,bersalaman,,di tengah lapangan,Siapa yang bersalaman di tengah lapangan?,0.7928
37,19,Mereka bersalaman di tengah lapangan.,Mereka,bersalaman,,di tengah lapangan,Di mana Mereka bersalaman ?,0.5141
37,20,Budi merasa sangat lelah.,Budi,merasa,,sangat lelah,Siapa yang merasa sangat lelah?,0.8328
37,21,Budi berjalan pulang ke rumah.,Budi,berjalan pulang,,ke rumah,Siapa yang berjalan pulang ke rumah?,0.7727
37,21,Budi berjalan pulang ke rumah.,Budi,berjalan pulang,,ke rumah,Ke mana Budi berjalan pulang ?,0.8367
37,22,Ibu sudah menyiapkan air minum.,Ibu,sudah menyiapkan,air minum,,Siapa yang sudah menyiapkan air minum?,0.7524
37,22,Ibu sudah menyiapkan air minum.,Ibu,sudah menyiapkan,air minum,,Apa yang Ibu siapkan?,0.2838
37,23,Budi meminum air putih dingin.,Budi,meminum,air putih dingin,,Siapa yang meminum air putih dingin?,0.7831
37,23,Budi meminum air putih dingin.,Budi,meminum,air putih dingin,,Apa yang Budi pinum?,0.3994
37,24,Budi segera mandi dengan bersih.,Budi,mandi,,segera dengan bersih,Siapa yang mandi segera dengan bersih?,0.8879
37,25,Budi menceritakan kemenangan itu kepada ayah.,Budi,menceritakan,kemenangan itu,kepada ayah,Siapa yang menceritakan kemenangan itu kepada ayah?,0.895
37,25,Budi menceritakan kemenangan itu kepada ayah.,Budi,menceritakan,kemenangan itu,kepada ayah,Apa yang Budi ceritakan kepada ayah?,0.5846
38,1,Ibu mengajak Rini ke pasar.,Ibu,mengajak,Rini,ke pasar,Siapa yang mengajak Rini ke pasar?,0.8169
38,1,Ibu mengajak Rini ke pasar.,Ibu,mengajak,Rini,ke pasar,Siapa yang Ibu ajak ke pasar?,0.4804
38,1,Ibu mengajak Rini ke pasar.,Ibu,mengajak,Rini,ke pasar,Ke mana Ibu mengajak Rini?,0.6525
38,2,Mereka berangkat naik becak.,Mereka,berangkat naik,becak,,Siapa yang berangkat naik becak?,0.7676
38,2,Mereka berangkat naik becak.,Mereka,berangkat naik,becak,,Apa yang Mereka berangkat?,0.7472
38,3,Becak melaju dengan sangat pelan.,Becak,melaju,,,Siapa yang melaju?,0.1597
38,5,Mereka tiba di pasar tradisional.,Mereka,tiba,,di pasar tradisional,Siapa yang tiba di pasar tradisional?,0.8744
38,5,Mereka tiba di pasar tradisional.,Mereka,tiba,,di pasar tradisional,Di mana Mereka tiba ?,0.364
38,6,Suasana pasar sangat ramai.,Suasana pasar,ramai,,sangat,Apa yang ramai sangat?,0.574
38,7,Ibu berjalan menuju los sayuran.,Ibu,berjalan,,menuju los sayuran,Apa yang berjalan menuju los sayuran?,0.7301
38,8,Ibu membeli bayam dan wortel.,Ibu,membeli,bayam,,Apa yang membeli bayam?,0.6265
38,8,Ibu membeli bayam dan wortel.,Ibu,membeli,bayam,,Apa yang Ibu beli?,0.3576
38,9,Penjual menimbang sayuran itu.,Penjual,menimbang,sayuran itu,,Siapa yang menimbang sayuran itu?,0.6418
38,9,Penjual menimbang sayuran itu.,Penjual,menimbang,sayuran itu,,Apa yang Penjual timbang?,0.4642
38,10,Ibu membayar dengan uang kertas.,Ibu,membayar,,dengan uang kertas,Siapa yang membayar dengan uang kertas?,0.7547
38,11,Rini melihat pedagang buah.,Rini,melihat,pedagang buah,,Siapa yang melihat pedagang buah?,0.7594
38,11,Rini melihat pedagang buah.,Rini,melihat,pedagang buah,,Apa yang Rini lihat?,0.6116
38,12,Pedagang buah menjual apel manis.,Pedagang buah,menjual,apel manis,,Apa yang menjual apel manis?,0.8683
38,12,Pedagang buah menjual apel manis.,Pedagang buah,menjual,apel manis,,Apa yang Pedagang buah jual?,0.6541
38,13,Ibu membeli dua kilogram apel.,Ibu,membeli,dua kilogram apel,,Siapa yang membeli dua kilogram apel?,0.8489
38,13,Ibu membeli dua kilogram apel.,Ibu,membeli,dua kilogram apel,,Apa yang Ibu beli?,0.2909
38,14,Rini membawa kantong plastik buah.,Rini,membawa,kantong plastik buah,,Siapa yang membawa kantong plastik buah?,0.8264
38,14,Rini membawa kantong plastik buah.,Rini,membawa,kantong plastik buah,,Apa yang Rini bawa?,0.3089
38,15,Mereka berjalan ke bagian ikan.,Mereka,berjalan,,ke bagian ikan,Siapa yang berjalan ke bagian ikan?,0.82
38,15,Mereka berjalan ke bagian ikan.,Mereka,berjalan,,ke bagian ikan,Ke mana Mereka berjalan ?,0.3668
38,16,Ibu memilih ikan segar.,Ibu,memilih,ikan segar,,Apa yang memilih ikan segar?,0.8436
38,16,Ibu memilih ikan segar.,Ibu,memilih,ikan segar,,Apa yang Ibu pilih?,0.1193
38,17,Penjual membersihkan sisik ikan.,Penjual,membersihkan,sisik ikan,,Siapa yang membersihkan sisik ikan?,0.6451
38,17,Penjual membersihkan sisik ikan.,Penjual,membersihkan,sisik ikan,,Apa yang Penjual bersihkan?,0.5424
38,18,Ibu memasukkan ikan ke keranjang.,Ibu,memasukkan,ikan,ke keranjang,Apa yang memasukkan ikan ke keranjang?,0.7765
38,18,Ibu memasukkan ikan ke keranjang.,Ibu,memasukkan,ikan,ke keranjang,Apa yang Ibu masukkan ke keranjang?,0.3843
38,18,Ibu memasukkan ikan ke keranjang.,Ibu,memasukkan,ikan,ke keranjang,Ke mana Ibu memasukkan ikan?,0.7211
38,19,Mereka juga membeli bumbu dapur.,Mereka,membeli,bumbu dapur,juga,Siapa yang membeli bumbu dapur juga?,0.8336
38,19,Mereka juga membeli bumbu dapur.,Mereka,membeli,bumbu dapur,juga,Apa yang Mereka beli juga?,0.5056
38,21,Rini merasa sedikit capek.,Rini,merasa,,sedikit capek,Siapa yang merasa sedikit capek?,0.612
38,22,Ibu membelikan kue putu.,Ibu,membelikan,kue putu,,Apa yang membelikan kue putu?,0.8591
38,22,Ibu membelikan kue putu.,Ibu,membelikan,kue putu,,Apa yang Ibu belikan?,0.4508
38,23,Rini memakan kue putu itu.,Rini,memakan,kue putu itu,,Siapa yang memakan kue putu itu?,0.742
38,23,Rini memakan kue putu itu.,Rini,memakan,kue putu itu,,Apa yang Rini makan?,0.5099
38,24,Mereka kembali memanggil becak.,Mereka,memanggil,becak,kembali,Siapa yang memanggil becak kembali?,0.8382
38,24,Mereka kembali memanggil becak.,Mereka,memanggil,becak,kembali,Apa yang Mereka panggil kembali?,0.811
38,25,Mereka pulang ke rumah dengan senang.,Mereka,pulang,,ke rumah dengan senang,Siapa yang pulang ke rumah dengan senang?,0.7959
38,25,Mereka pulang ke rumah dengan senang.,Mereka,pulang,,ke rumah dengan senang,Ke mana Mereka pulang ?,0.4796
39,1,Tika membantu ibu di dapur.,Tika,membantu,ibu,di dapur,Siapa yang membantu ibu di dapur?,0.7546
39,1,Tika membantu ibu di dapur.,Tika,membantu,ibu,di dapur,Apa yang Tika bantu di dapur?,0.6726
39,1,Tika membantu ibu di dapur.,Tika,membantu,ibu,di dapur,Di mana Tika membantu ibu?,0.4956
39,2,Ibu ingin membuat kue bolu.,Ibu,ingin membuat,kue bolu,,Siapa yang ingin membuat kue bolu?,0.8356
39,2,Ibu ingin membuat kue bolu.,Ibu,ingin membuat,kue bolu,,Apa yang Ibu buat?,0.223
39,3,Tika mengambil telur dari kulkas.,Tika,mengambil,telur,dari kulkas,Siapa yang mengambil telur dari kulkas?,0.6288
39,3,Tika mengambil telur dari kulkas.,Tika,mengambil,telur,dari kulkas,Apa yang Tika ambil dari kulkas?,0.573
39,3,Tika mengambil telur dari kulkas.,Tika,mengambil,telur,dari kulkas,Dari mana Tika mengambil telur?,0.5138
39,4,Ibu menyiapkan tepung terigu.,Ibu,menyiapkan,tepung terigu,,Apa yang menyiapkan tepung terigu?,0.8231
39,4,Ibu menyiapkan tepung terigu.,Ibu,menyiapkan,tepung terigu,,Apa yang Ibu siapkan?,0.3161
39,5,Tika memecahkan tiga butir telur.,Tika,memecahkan,tiga butir telur,,Siapa yang memecahkan tiga butir telur?,0.7071
39,5,Tika memecahkan tiga butir telur.,Tika,memecahkan,tiga butir telur,,Apa yang Tika pecahkan?,0.5481
39,6,Ibu memasukkan gula pasir ke mangkuk.,Ibu,memasukkan,gula pasir,ke mangkuk,Apa yang memasukkan gula pasir ke mangkuk?,0.8416
39,6,Ibu memasukkan gula pasir ke mangkuk.,Ibu,memasukkan,gula pasir,ke mangkuk,Apa yang Ibu masukkan ke mangkuk?,0.6511
39,6,Ibu memasukkan gula pasir ke mangkuk.,Ibu,memasukkan,gula pasir,ke mangkuk,Ke mana Ibu memasukkan gula pasir?,0.7147
39,7,Ibu menyalakan mesin pengaduk.,Ibu,menyalakan,mesin pengaduk,,Apa yang menyalakan mesin pengaduk?,0.7468
39,7,Ibu menyalakan mesin pengaduk.,Ibu,menyalakan,mesin pengaduk,,Apa yang Ibu nyalakan?,0.4748
39,8,Adonan berubah menjadi warna putih.,Adonan,berubah menjadi,warna putih,,Siapa yang berubah menjadi warna putih?,0.7564
39,8,Adonan berubah menjadi warna putih.,Adonan,berubah menjadi,warna putih,,Apa yang Adonan rubahi?,0.3771
39,9,Tika menambahkan sedikit margarin cair.,Tika,menambahkan,margarin cair,sedikit,Siapa yang menambahkan margarin cair sedikit?,0.7595
39,9,Tika menambahkan sedikit margarin cair.,Tika,menambahkan,margarin cair,sedikit,Apa yang Tika tambahkan sedikit?,0.4836
39,10,Ibu menuangkan tepung secara perlahan.,Ibu,menuangkan,tepung,perlahan,Siapa yang menuangkan tepung perlahan?,0.6669
39,10,Ibu menuangkan tepung secara perlahan.,Ibu,menuangkan,tepung,perlahan,Apa yang Ibu tuangkan perlahan?,0.3705
39,12,Tika menyiapkan sebuah loyang bundar.,Tika,menyiapkan,sebuah loyang bundar,,Siapa yang menyiapkan sebuah loyang bundar?,0.7282
39,12,Tika menyiapkan sebuah loyang bundar.,Tika,menyiapkan,sebuah loyang bundar,,Apa yang Tika siapkan?,0.7197
39,13,Tika mengoleskan mentega pada loyang.,Tika,mengoleskan,mentega,pada loyang,Siapa yang mengoleskan mentega pada loyang?,0.6401
39,13,Tika mengoleskan mentega pada loyang.,Tika,mengoleskan,mentega,pada loyang,Apa yang Tika oleskan pada loyang?,0.2473
39,14,Ibu menuangkan adonan ke loyang.,Ibu,menuangkan,adonan,ke loyang,Apa yang menuangkan adonan ke loyang?,0.6429
39,14,Ibu menuangkan adonan ke loyang.,Ibu,menuangkan,adonan,ke loyang,Apa yang Ibu tuangkan ke loyang?,0.627
39,14,Ibu menuangkan adonan ke loyang.,Ibu,menuangkan,adonan,ke loyang,Ke mana Ibu menuangkan adonan?,0.6481
39,15,Ibu memasukkan loyang ke dalam oven.,Ibu,memasukkan,loyang,ke dalam oven,Siapa yang memasukkan loyang ke dalam oven?,0.7025
39,15,Ibu memasukkan loyang ke dalam oven.,Ibu,memasukkan,loyang,ke dalam oven,Apa yang Ibu masukkan ke dalam oven?,0.7601
39,15,Ibu memasukkan loyang ke dalam oven.,Ibu,memasukkan,loyang,ke dalam oven,Ke mana Ibu memasukkan loyang?,0.327
39,16,Oven memanaskan adonan kue itu.,Oven,memanaskan,adonan kue itu,,Siapa yang memanaskan adonan kue itu?,0.8016
39,16,Oven memanaskan adonan kue itu.,Oven,memanaskan,adonan kue itu,,Apa yang Oven manaskan?,0.2334
39,18,Tika menunggu selama tiga puluh menit.,Tika,menunggu,,selama tiga puluh menit,Siapa yang menunggu selama tiga puluh menit?,0.746
39,19,Ibu mengeluarkan loyang dari oven.,Ibu,mengeluarkan,loyang,dari oven,Siapa yang mengeluarkan loyang dari oven?,0.7894
39,19,Ibu mengeluarkan loyang dari oven.,Ibu,mengeluarkan,loyang,dari oven,Apa yang Ibu keluarkan dari oven?,0.7967
39,19,Ibu mengeluarkan loyang dari oven.,Ibu,mengeluarkan,loyang,dari oven,Dari mana Ibu mengeluarkan loyang?,0.507
39,20,Kue bolu mengembang dengan sempurna.,Kue bolu,mengembang,,dengan sempurna,Apa yang mengembang dengan sempurna?,0.3821
39,21,Ibu memotong kue menjadi beberapa bagian.,Ibu,memotong menjadi,beberapa bagian,,Siapa yang memotong menjadi beberapa bagian?,0.4796
39,21,Ibu memotong kue menjadi beberapa bagian.,Ibu,memotong menjadi,beberapa bagian,,Apa yang Ibu potongi?,0.424
39,22,Tika meletakkan kue di atas piring.,Tika,meletakkan,kue,di atas piring,Siapa yang meletakkan kue di atas piring?,0.6022
39,22,Tika meletakkan kue di atas piring.,Tika,meletakkan,kue,di atas piring,Apa yang Tika letakkan di atas piring?,0.5504
39,22,Tika meletakkan kue di atas piring.,Tika,meletakkan,kue,di atas piring,Di mana Tika meletakkan kue?,0.418
39,23,Tika memakan sepotong kue hangat.,Tika,memakan,sepotong kue hangat,,Siapa yang memakan sepotong kue hangat?,0.4966
39,23,Tika memakan sepotong kue hangat.,Tika,memakan,sepotong kue hangat,,Apa yang Tika makan?,0.6218
39,25,Tika menyukai kue buatan ibu.,Tika,menyukai,kue buatan ibu,,Siapa yang menyukai kue buatan ibu?,0.6753
39,25,Tika menyukai kue buatan ibu.,Tika,menyukai,kue buatan ibu,,Apa yang Tika sukai?,0.5483
40,1,Sekolah mengadakan karyawisata ke museum.,Sekolah,mengadakan,karyawisata,ke museum,Siapa yang mengadakan karyawisata ke museum?,0.7449
40,1,Sekolah mengadakan karyawisata ke museum.,Sekolah,mengadakan,karyawisata,ke museum,Apa yang Sekolah adakan ke museum?,0.8241
40,1,Sekolah mengadakan karyawisata ke museum.,Sekolah,mengadakan,karyawisata,ke museum,Ke mana Sekolah mengadakan karyawisata?,0.6345
40,2,Siswa berkumpul di halaman sekolah.,Siswa,berkumpul,,di halaman sekolah,Apa yang berkumpul di halaman sekolah?,0.7725
40,2,Siswa berkumpul di halaman sekolah.,Siswa,berkumpul,,di halaman sekolah,Di mana Siswa berkumpul ?,0.584
40,3,Guru membagikan tiket masuk.,Guru,membagikan,tiket,,Siapa yang membagikan tiket?,0.6308
40,3,Guru membagikan tiket masuk.,Guru,membagikan,tiket,,Apa yang Guru bagikan?,0.5785
40,4,Mereka naik ke dalam bus.,Mereka,naik,,ke dalam bus,Siapa yang naik ke dalam bus?,0.7782
40,4,Mereka naik ke dalam bus.,Mereka,naik,,ke dalam bus,Ke mana Mereka naik ?,0.2458
40,5,Bus melaju menuju museum sejarah.,Bus,melaju,,menuju museum sejarah,Siapa yang melaju menuju museum sejarah?,0.6574
40,6,Perjalanan memakan waktu satu jam.,Perjalanan,memakan,waktu satu jam,,Apa yang memakan waktu satu jam?,0.8042
40,6,Perjalanan memakan waktu satu jam.,Perjalanan,memakan,waktu satu jam,,Apa yang Perjalanan makan?,0.3416
40,7,Mereka tiba di gedung museum.,Mereka,tiba,,di gedung museum,Siapa yang tiba di gedung museum?,0.8549
40,7,Mereka tiba di gedung museum.,Mereka,tiba,,di gedung museum,Di mana Mereka tiba ?,0.4047
40,9,Siswa masuk dengan sangat tertib.,Siswa,masuk,,dengan tertib sangat tertib,Apa yang masuk dengan tertib sangat tertib?,0.4946
40,10,Pemandu museum menyambut para siswa.,Pemandu museum,menyambut,para siswa,,Siapa yang menyambut para siswa?,0.6773
40,10,Pemandu museum menyambut para siswa.,Pemandu museum,menyambut,para siswa,,Apa yang Pemandu museum sambut?,0.5829
40,11,Pemandu menjelaskan aturan di museum.,Pemandu,menjelaskan,aturan,di museum,Siapa yang menjelaskan aturan di museum?,0.8641
40,11,Pemandu menjelaskan aturan di museum.,Pemandu,menjelaskan,aturan,di museum,Apa yang Pemandu jelaskan di museum?,0.8297
40,11,Pemandu menjelaskan aturan di museum.,Pemandu,menjelaskan,aturan,di museum,Di mana Pemandu menjelaskan aturan?,0.5678
40,12,Siswa melihat benda-benda kuno.,Siswa,melihat,benda-benda kuno,,Apa yang melihat benda-benda kuno?,0.777
40,12,Siswa melihat benda-benda kuno.,Siswa,melihat,benda-benda kuno,,Apa yang Siswa lihat?,0.6322
40,13,Fajar melihat sebuah pedang tua.,Fajar,melihat,sebuah pedang tua,,Siapa yang melihat sebuah pedang tua?,0.9374
40,13,Fajar melihat sebuah pedang tua.,Fajar,melihat,sebuah pedang tua,,Apa yang Fajar lihat?,0.363
40,14,Pedang itu berada di dalam kaca.,Pedang itu,berada,,di dalam kaca,Apa yang berada di dalam kaca?,0.6163
40,14,Pedang itu berada di dalam kaca.,Pedang itu,berada,,di dalam kaca,Di mana Pedang itu berada ?,0.6783
40,15,Siti mencatat informasi di buku tulis.,Siti,mencatat,informasi,di buku tulis,Siapa yang mencatat informasi di buku tulis?,0.734
40,15,Siti mencatat informasi di buku tulis.,Siti,mencatat,informasi,di buku tulis,Apa yang Siti catat di buku tulis?,0.7077
40,15,Siti mencatat informasi di buku tulis.,Siti,mencatat,informasi,di buku tulis,Di mana Siti mencatat informasi?,0.7003
40,16,Mereka masuk ke ruang pahlawan.,Mereka,masuk,,ke ruang pahlawan,Siapa yang masuk ke ruang pahlawan?,0.8852
40,16,Mereka masuk ke ruang pahlawan.,Mereka,masuk,,ke ruang pahlawan,Ke mana Mereka masuk ?,0.5024
40,17,Ruangan itu memiliki banyak lukisan pahlawan.,Ruangan itu,memiliki,lukisan pahlawan,banyak,Apa yang memiliki lukisan pahlawan banyak?,0.7696
40,17,Ruangan itu memiliki banyak lukisan pahlawan.,Ruangan itu,memiliki,lukisan pahlawan,banyak,Apa yang Ruangan itu miliki banyak?,0.4777
40,18,Fajar memotret lukisan itu.,Fajar,memotret,lukisan itu,,Siapa yang memotret lukisan itu?,0.7745
40,18,Fajar memotret lukisan itu.,Fajar,memotret,lukisan itu,,Apa yang Fajar potret?,0.614
40,19,Guru mengajak siswa ke taman museum.,Guru,mengajak,siswa,ke taman museum,Siapa yang mengajak siswa ke taman museum?,0.8088
40,19,Guru mengajak siswa ke taman museum.,Guru,mengajak,siswa,ke taman museum,Apa yang Guru ajak ke taman museum?,0.8051
40,19,Guru mengajak siswa ke taman museum.,Guru,mengajak,siswa,ke taman museum,Ke mana Guru mengajak siswa?,0.6094
40,20,Mereka duduk di kursi panjang.,Mereka,duduk,,di kursi panjang,Siapa yang duduk di kursi panjang?,0.7706
40,20,Mereka duduk di kursi panjang.,Mereka,duduk,,di kursi panjang,Di mana Mereka duduk ?,0.527
40,21,Mereka memakan bekal makan siang.,Mereka,memakan,bekal makan siang,,Siapa yang memakan bekal makan siang?,0.762
40,21,Mereka memakan bekal makan siang.,Mereka,memakan,bekal makan siang,,Apa yang Mereka makan?,0.626
40,22,Siswa membersihkan sisa makanan.,Siswa,membersihkan,sisa makanan,,Apa yang membersihkan sisa makanan?,0.6769
40,22,Siswa membersihkan sisa makanan.,Siswa,membersihkan,sisa makanan,,Apa yang Siswa bersihkan?,0.7081
40,23,Mereka kembali ke bus sekolah.,Mereka,kembali,,ke bus sekolah,Siapa yang kembali ke bus sekolah?,0.8849
40,23,Mereka kembali ke bus sekolah.,Mereka,kembali,,ke bus sekolah,Ke mana Mereka kembali ?,0.4175
40,24,Bus membawa mereka pulang.,Bus,membawa pulang,mereka,,Siapa yang membawa pulang mereka?,0.6004
40,24,Bus membawa mereka pulang.,Bus,membawa pulang,mereka,,Apa yang Bus bawa?,0.7058
40,25,Fajar belajar banyak tentang sejarah.,Fajar,belajar,,banyak tentang sejarah,Siapa yang belajar banyak tentang sejarah?,0.9194
41,1,Sore ini anak-anak berkumpul.,anak-anak,berkumpul,,,Apa yang berkumpul?,0.3872
41,2,Mereka bermain petak umpet.,Mereka,bermain,petak umpet,,Siapa yang bermain petak umpet?,0.7573
41,2,Mereka bermain petak umpet.,Mereka,bermain,petak umpet,,Apa yang Mereka main?,0.7346
41,3,Riko bertugas menjadi penjaga.,Riko,bertugas menjadi,penjaga,,Siapa yang bertugas menjadi penjaga?,0.7373
41,3,Riko bertugas menjadi penjaga.,Riko,bertugas menjadi,penjaga,,Apa yang Riko tugasi?,0.6471
41,4,Riko menutup mata di dekat pohon.,Riko,menutup,mata,di dekat pohon,Siapa yang menutup mata di dekat pohon?,0.7171
41,4,Riko menutup mata di dekat pohon.,Riko,menutup,mata,di dekat pohon,Apa yang Riko tutup di dekat pohon?,0.5851
41,4,Riko menutup mata di dekat pohon.,Riko,menutup,mata,di dekat pohon,Di mana Riko menutup mata?,0.5948
41,5,Riko menghitung sampai sepuluh.,Riko,menghitung,,,Siapa yang menghitung?,0.3827
41,6,Teman-teman berlari mencari tempat sembunyi.,Teman-teman,berlari mencari,tempat sembunyi,,Apa yang berlari mencari tempat sembunyi?,0.7436
41,6,Teman-teman berlari mencari tempat sembunyi.,Teman-teman,berlari mencari,tempat sembunyi,,Apa yang Teman-teman lari?,0.6535
41,7,Andi bersembunyi di balik semak.,Andi,bersembunyi,,di balik semak,Siapa yang bersembunyi di balik semak?,0.845
41,7,Andi bersembunyi di balik semak.,Andi,bersembunyi,,di balik semak,Di mana Andi bersembunyi ?,0.8141
41,8,Tini bersembunyi di belakang drum air.,Tini,bersembunyi,,di belakang drum air,Siapa yang bersembunyi di belakang drum air?,0.8524
41,8,Tini bersembunyi di belakang drum air.,Tini,bersembunyi,,di belakang drum air,Di mana Tini bersembunyi ?,0.5899
41,9,Riko selesai menghitung angka.,Riko,selesai menghitung,angka,,Siapa yang selesai menghitung angka?,0.8204
41,9,Riko selesai menghitung angka.,Riko,selesai menghitung,angka,,Apa yang Riko selesai?,0.5305
41,10,Riko membuka kedua matanya.,Riko,membuka,kedua mata nya,,Siapa yang membuka kedua mata nya?,0.6557
41,10,Riko membuka kedua matanya.,Riko,membuka,kedua mata nya,,Apa yang Riko buka?,0.5622
41,11,Riko mulai mencari teman-teman.,Riko,mulai mencari,teman-teman,,Siapa yang mulai mencari teman-teman?,0.6605
41,11,Riko mulai mencari teman-teman.,Riko,mulai mencari,teman-teman,,Apa yang Riko mulai?,0.4306
41,12,Riko melihat ujung sepatu Andi.,Riko,melihat,ujung sepatu Andi,,Siapa yang melihat ujung sepatu Andi?,0.8405
41,12,Riko melihat ujung sepatu Andi.,Riko,melihat,ujung sepatu Andi,,Siapa yang Riko lihat?,0.5064
41,13,Riko berlari menuju pohon penjaga.,Riko,berlari,,menuju pohon penjaga,Siapa yang berlari menuju pohon penjaga?,0.7637
41,14,Riko menyebut nama Andi dengan keras.,Riko,menyebut,nama Andi,dengan keras,Siapa yang menyebut nama Andi dengan keras?,0.7935
41,14,Riko menyebut nama Andi dengan keras.,Riko,menyebut,nama Andi,dengan keras,Siapa yang Riko sebut dengan keras?,0.5872
41,15,Andi keluar dari balik semak.,Andi,keluar,,dari balik semak,Siapa yang keluar dari balik semak?,0.7532
41,15,Andi keluar dari balik semak.,Andi,keluar,,dari balik semak,Dari mana Andi keluar ?,0.6305
41,16,Riko mencari teman yang lain.,Riko,mencari,teman yang lain,,Siapa yang mencari teman yang lain?,0.7369
41,16,Riko mencari teman yang lain.,Riko,mencari,teman yang lain,,Apa yang Riko cari?,0.5804
41,17,Riko mendengar suara tawa kecil.,Riko,mendengar,suara tawa kecil,,Siapa yang mendengar suara tawa kecil?,0.7847
41,17,Riko mendengar suara tawa kecil.,Riko,mendengar,suara tawa kecil,,Apa yang Riko dengar?,0.6268
41,18,Suara itu berasal dari belakang drum.,Suara itu,berasal,,dari belakang drum,Apa yang berasal dari belakang drum?,0.8943
41,18,Suara itu berasal dari belakang drum.,Suara itu,berasal,,dari belakang drum,Dari mana Suara itu berasal ?,0.5969
41,19,Riko menemukan Tini di sana.,Riko,menemukan,Tini,di sana,Siapa yang menemukan Tini di sana?,0.7742
41,19,Riko menemukan Tini di sana.,Riko,menemukan,Tini,di sana,Siapa yang Riko temukan di sana?,0.8219
41,19,Riko menemukan Tini di sana.,Riko,menemukan,Tini,di sana,Di mana Riko menemukan Tini?,0.8723
41,20,Tini keluar dengan wajah cemberut.,Tini,keluar,,dengan wajah cemberut,Siapa yang keluar dengan wajah cemberut?,0.7881
41,23,Kali ini Andi menjadi penjaga.,Andi,menjadi,penjaga,kali ini,Siapa yang menjadi penjaga kali ini?,0.6682
41,23,Kali ini Andi menjadi penjaga.,Andi,menjadi,penjaga,kali ini,Apa yang Andi jadi kali ini?,0.645
41,24,Mereka bermain dengan sangat riang.,Mereka,bermain,,,Siapa yang bermain?,0.5147
41,25,Hari mulai menjadi gelap.,Hari,mulai menjadi,,,Siapa yang mulai menjadi?,0.2121
42,1,Kakek memiliki kebun tomat kecil.,Kakek,memiliki,kebun tomat kecil,,Siapa yang memiliki kebun tomat kecil?,0.6953
42,1,Kakek memiliki kebun tomat kecil.,Kakek,memiliki,kebun tomat kecil,,Apa yang Kakek miliki?,0.4902
42,2,Kebun itu berada di samping rumah.,Kebun itu,berada,,di samping rumah,Apa yang berada di samping rumah?,0.6718
42,2,Kebun itu berada di samping rumah.,Kebun itu,berada,,di samping rumah,Di mana Kebun itu berada ?,0.6801
42,3,Doni sering membantu kakek di kebun.,Doni,membantu,kakek,sering di kebun,Siapa yang membantu kakek sering di kebun?,0.9093
42,3,Doni sering membantu kakek di kebun.,Doni,membantu,kakek,sering di kebun,Apa yang Doni bantu sering di kebun?,0.7087
42,3,Doni sering membantu kakek di kebun.,Doni,membantu,kakek,sering di kebun,Di mana Doni membantu kakek?,0.5251
42,4,Hari ini Doni menyiram tanaman.,Doni,menyiram,tanaman,hari ini,Siapa yang menyiram tanaman hari ini?,0.7358
42,4,Hari ini Doni menyiram tanaman.,Doni,menyiram,tanaman,hari ini,Apa yang Doni siram hari ini?,0.302
42,5,Doni menggunakan selang air.,Doni,menggunakan,selang air,,Siapa yang menggunakan selang air?,0.8037
42,5,Doni menggunakan selang air.,Doni,menggunakan,selang air,,Apa yang Doni gunakan?,0.41
42,6,Tanaman tomat tumbuh sangat subur.,Tanaman tomat,tumbuh,,sangat subur,Apa yang tumbuh sangat subur?,0.4947
42,8,Beberapa bunga kuning mulai mekar.,Beberapa bunga kuning,mulai mekar,,,Apa yang mulai mekar?,0.1715
42,9,Kakek mencabut rumput di sekitar tanaman.,Kakek,mencabut,rumput,di sekitar tanaman,Siapa yang mencabut rumput di sekitar tanaman?,0.7203
42,9,Kakek mencabut rumput di sekitar tanaman.,Kakek,mencabut,rumput,di sekitar tanaman,Apa yang Kakek cabut di sekitar tanaman?,0.6849
42,9,Kakek mencabut rumput di sekitar tanaman.,Kakek,mencabut,rumput,di sekitar tanaman,Di mana Kakek mencabut rumput?,0.6572
42,10,Rumput liar mengganggu pertumbuhan tomat.,Rumput liar,mengganggu,pertumbuhan tomat,,Apa yang mengganggu pertumbuhan tomat?,0.9391
42,10,Rumput liar mengganggu pertumbuhan tomat.,Rumput liar,mengganggu,pertumbuhan tomat,,Apa yang Rumput liar ganggu?,0.2373
42,11,Doni melihat seekor ulat daun.,Doni,melihat,seekor ulat daun,,Siapa yang melihat seekor ulat daun?,0.8794
42,11,Doni melihat seekor ulat daun.,Doni,melihat,seekor ulat daun,,Apa yang Doni lihat?,0.3839
42,12,Doni mengambil ulat itu.,Doni,mengambil,ulat itu,,Siapa yang mengambil ulat itu?,0.8855
42,12,Doni mengambil ulat itu.,Doni,mengambil,ulat itu,,Apa yang Doni ambil?,0.4467
42,13,Doni membuang ulat jauh dari tanaman.,Doni,membuang,ulat jauh,dari tanaman,Siapa yang membuang ulat jauh dari tanaman?,0.8522
42,13,Doni membuang ulat jauh dari tanaman.,Doni,membuang,ulat jauh,dari tanaman,Apa yang Doni buang dari tanaman?,0.5754
42,13,Doni membuang ulat jauh dari tanaman.,Doni,membuang,ulat jauh,dari tanaman,Dari mana Doni membuang ulat jauh?,0.7263
42,14,Kakek memberikan pupuk kandang.,Kakek,memberikan,pupuk kandang,,Siapa yang memberikan pupuk kandang?,0.5181
42,14,Kakek memberikan pupuk kandang.,Kakek,memberikan,pupuk kandang,,Apa yang Kakek berikan?,0.7817
42,15,Pupuk menyuburkan tanah kebun.,Pupuk,menyuburkan,tanah kebun,,Siapa yang menyuburkan tanah kebun?,0.7602
42,15,Pupuk menyuburkan tanah kebun.,Pupuk,menyuburkan,tanah kebun,,Apa yang Pupuk suburkan?,0.5128
42,16,Tanaman tomat mulai berbuah lebat.,Tanaman tomat,mulai berbuah,,,Apa yang mulai berbuah?,0.2328
42,17,Buah tomat masih berwarna hijau.,Buah tomat,berwarna,,masih hijau,Apa yang berwarna masih hijau?,0.6193
42,18,Doni menyentuh buah tomat itu.,Doni,menyentuh,buah tomat itu,,Siapa yang menyentuh buah tomat itu?,0.8294
42,18,Doni menyentuh buah tomat itu.,Doni,menyentuh,buah tomat itu,,Apa yang Doni sentuh?,0.314
42,19,Buah tomat terasa sangat keras.,Buah tomat,terasa,,sangat keras,Apa yang terasa sangat keras?,0.3285
42,20,Kakek meminta Doni bersabar.,Kakek,meminta bersabar,Doni,,Siapa yang meminta bersabar Doni?,0.6365
42,20,Kakek meminta Doni bersabar.,Kakek,meminta bersabar,Doni,,Siapa yang Kakek pinta?,0.5924
42,21,Bulan depan tomat akan matang.,Bulan depan tomat,akan matang,,,Apa yang akan matang?,0.3379
42,22,Tomat matang berwarna merah cerah.,Tomat matang,berwarna,,merah cerah,Apa yang berwarna merah cerah?,0.5947
42,23,Doni membayangkan rasa tomat yang segar.,Doni,membayangkan,rasa tomat yang segar,,Siapa yang membayangkan rasa tomat yang segar?,0.9562
42,23,Doni membayangkan rasa tomat yang segar.,Doni,membayangkan,rasa tomat yang segar,,Apa yang Doni bayangkan?,0.2378
42,24,Mereka selesai merawat kebun.,Mereka,selesai merawat,kebun,,Siapa yang selesai merawat kebun?,0.8332
42,24,Mereka selesai merawat kebun.,Mereka,selesai merawat,kebun,,Apa yang Mereka selesai?,0.3869
42,25,Mereka mencuci tangan di keran.,Mereka,mencuci,tangan,di keran,Siapa yang mencuci tangan di keran?,0.7771
42,25,Mereka mencuci tangan di keran.,Mereka,mencuci,tangan,di keran,Apa yang Mereka cuci di keran?,0.6264
42,25,Mereka mencuci tangan di keran.,Mereka,mencuci,tangan,di keran,Di mana Mereka mencuci tangan?,0.8381
43,1,Keluarga Siska pergi ke stasiun.,Keluarga Siska,pergi,,ke stasiun,Siapa yang pergi ke stasiun?,0.5569
43,1,Keluarga Siska pergi ke stasiun.,Keluarga Siska,pergi,,ke stasiun,Ke mana Keluarga Siska pergi ?,0.6731
43,2,Mereka ingin pergi ke kota Surabaya.,Mereka,ingin pergi,,ke kota surabaya,Siapa yang ingin pergi ke kota surabaya?,0.6362
43,2,Mereka ingin pergi ke kota Surabaya.,Mereka,ingin pergi,,ke kota surabaya,Ke mana Mereka ingin pergi ?,0.3241
43,3,Ayah membeli tiket di loket.,Ayah,membeli,tiket,di loket,Siapa yang membeli tiket di loket?,0.8304
43,3,Ayah membeli tiket di loket.,Ayah,membeli,tiket,di loket,Apa yang Ayah beli di loket?,0.6556
43,3,Ayah membeli tiket di loket.,Ayah,membeli,tiket,di loket,Di mana Ayah membeli tiket?,0.7298
43,4,Mereka menunggu di ruang tunggu.,Mereka,menunggu,,di ruang tunggu,Siapa yang menunggu di ruang tunggu?,0.8748
43,4,Mereka menunggu di ruang tunggu.,Mereka,menunggu,,di ruang tunggu,Di mana Mereka menunggu ?,0.6624
43,5,Kereta api datang tepat waktu.,Kereta api,datang,,tepat waktu,Apa yang datang tepat waktu?,0.6151
43,7,Siska naik ke dalam gerbong kereta.,Siska,naik,,ke dalam gerbong kereta,Siapa yang naik ke dalam gerbong kereta?,0.7717
43,7,Siska naik ke dalam gerbong kereta.,Siska,naik,,ke dalam gerbong kereta,Ke mana Siska naik ?,0.2238
43,8,Siska mencari nomor kursi tiket.,Siska,mencari,nomor kursi tiket,,Siapa yang mencari nomor kursi tiket?,0.9677
43,8,Siska mencari nomor kursi tiket.,Siska,mencari,nomor kursi tiket,,Apa yang Siska cari?,0.2833
43,9,Siska duduk di dekat jendela.,Siska,duduk,,di dekat jendela,Siapa yang duduk di dekat jendela?,0.7954
43,9,Siska duduk di dekat jendela.,Siska,duduk,,di dekat jendela,Di mana Siska duduk ?,0.4801
43,10,Kereta mulai bergerak perlahan.,Kereta,mulai bergerak,,,Siapa yang mulai bergerak?,0.2735
43,11,Kereta melaju semakin cepat.,Kereta,melaju,,semakin cepat,Apa yang melaju semakin cepat?,0.5138
43,12,Siska melihat pemandangan sawah.,Siska,melihat,pemandangan sawah,,Siapa yang melihat pemandangan sawah?,0.8118
43,12,Siska melihat pemandangan sawah.,Siska,melihat,pemandangan sawah,,Apa yang Siska lihat?,0.5819
43,14,Petugas memeriksa tiket penumpang.,Petugas,memeriksa,tiket penumpang,,Apa yang memeriksa tiket penumpang?,0.8527
43,14,Petugas memeriksa tiket penumpang.,Petugas,memeriksa,tiket penumpang,,Apa yang Petugas periksa?,0.5469
43,15,Ayah menunjukkan tiket tersebut.,Ayah,menunjukkan,tiket tersebut,,Siapa yang menunjukkan tiket tersebut?,0.807
43,15,Ayah menunjukkan tiket tersebut.,Ayah,menunjukkan,tiket tersebut,,Apa yang Ayah tunjukkan?,0.4065
43,16,Ibu menawarkan roti isi kepada Siska.,Ibu,menawarkan,roti isi,kepada siska,Siapa yang menawarkan roti isi kepada siska?,0.665
43,16,Ibu menawarkan roti isi kepada Siska.,Ibu,menawarkan,roti isi,kepada siska,Apa yang Ibu tawarkan kepada siska?,0.5582
43,17,Siska memakan roti dengan lahap.,Siska,memakan,roti,dengan lahap,Siapa yang memakan roti dengan lahap?,0.7492
43,17,Siska memakan roti dengan lahap.,Siska,memakan,roti,dengan lahap,Apa yang Siska makan dengan lahap?,0.5465
43,18,Kereta melewati sebuah terowongan gelap.,Kereta,melewati,sebuah terowongan gelap,,Siapa yang melewati sebuah terowongan gelap?,0.6721
43,18,Kereta melewati sebuah terowongan gelap.,Kereta,melewati,sebuah terowongan gelap,,Apa yang Kereta lewati?,0.6414
43,19,Lampu di dalam gerbong menyala.,Lampu,menyala,,di dalam gerbong,Siapa yang menyala di dalam gerbong?,0.5279
43,19,Lampu di dalam gerbong menyala.,Lampu,menyala,,di dalam gerbong,Di mana Lampu menyala ?,0.6848
43,20,Siska merasa sangat kagum.,Siska,merasa,,sangat kagum,Siapa yang merasa sangat kagum?,0.8151
43,21,Kereta tiba di stasiun tujuan.,Kereta,tiba,,di stasiun tujuan,Siapa yang tiba di stasiun tujuan?,0.7296
43,21,Kereta tiba di stasiun tujuan.,Kereta,tiba,,di stasiun tujuan,Di mana Kereta tiba ?,0.7877
43,22,Mereka turun dari gerbong kereta.,Mereka,turun,,dari gerbong kereta,Siapa yang turun dari gerbong kereta?,0.7809
43,22,Mereka turun dari gerbong kereta.,Mereka,turun,,dari gerbong kereta,Dari mana Mereka turun ?,0.3319
43,23,Ayah membawa tas koper besar.,Ayah,membawa,tas koper besar,,Siapa yang membawa tas koper besar?,0.8735
43,23,Ayah membawa tas koper besar.,Ayah,membawa,tas koper besar,,Apa yang Ayah bawa?,0.5151
43,24,Mereka berjalan menuju pintu keluar.,Mereka,berjalan,,menuju pintu keluar,Siapa yang berjalan menuju pintu keluar?,0.8593
43,25,Siska sangat menyukai perjalanan ini.,Siska,menyukai,perjalanan ini,sangat,Siapa yang menyukai perjalanan ini sangat?,0.8648
43,25,Siska sangat menyukai perjalanan ini.,Siska,menyukai,perjalanan ini,sangat,Apa yang Siska sukai sangat?,0.512
44,1,Dito mengikuti lomba menggambar.,Dito,mengikuti,lomba,,Siapa yang mengikuti lomba?,0.5976
44,1,Dito mengikuti lomba menggambar.,Dito,mengikuti,lomba,,Apa yang Dito ikuti?,0.5061
44,2,Lomba diadakan di balai desa.,,diadakan,,di balai desa,Di mana  diadakan ?,0.3812
44,3,Dito membawa pensil warna dan kertas.,Dito,membawa,pensil warna,,Siapa yang membawa pensil warna?,0.7587
44,3,Dito membawa pensil warna dan kertas.,Dito,membawa,pensil warna,,Apa yang Dito bawa?,0.2778
44,4,Banyak peserta datang ke balai desa.,Banyak peserta,datang,,ke balai desa,Apa yang datang ke balai desa?,0.7111
44,4,Banyak peserta datang ke balai desa.,Banyak peserta,datang,,ke balai desa,Ke mana Banyak peserta datang ?,0.6091
44,5,Panitia memberikan tema pemandangan alam.,Panitia,memberikan,tema pemandangan alam,,Apa yang memberikan tema pemandangan alam?,0.8463
44,5,Panitia memberikan tema pemandangan alam.,Panitia,memberikan,tema pemandangan alam,,Apa yang Panitia berikan?,0.4034
44,6,Dito mulai menggambar sebuah gunung.,Dito,mulai menggambar,sebuah gunung,,Siapa yang mulai menggambar sebuah gunung?,0.8884
44,6,Dito mulai menggambar sebuah gunung.,Dito,mulai menggambar,sebuah gunung,,Apa yang Dito mulai?,0.2421
44,7,Dito menambahkan gambar matahari di atas gunung.,Dito,menambahkan,gambar matahari,di atas gunung,Siapa yang menambahkan gambar matahari di atas gunung?,0.8847
44,7,Dito menambahkan gambar matahari di atas gunung.,Dito,menambahkan,gambar matahari,di atas gunung,Apa yang Dito tambahkan di atas gunung?,0.6071
44,7,Dito menambahkan gambar matahari di atas gunung.,Dito,menambahkan,gambar matahari,di atas gunung,Di mana Dito menambahkan gambar matahari?,0.621
44,8,Dito menggambar sawah di bawah gunung.,Dito,menggambar,sawah,di bawah gunung,Siapa yang menggambar sawah di bawah gunung?,0.8844
44,8,Dito menggambar sawah di bawah gunung.,Dito,menggambar,sawah,di bawah gunung,Apa yang Dito gambar di bawah gunung?,0.8582
44,8,Dito menggambar sawah di bawah gunung.,Dito,menggambar,sawah,di bawah gunung,Di mana Dito menggambar sawah?,0.4773
44,9,Dito mewarnai gunung dengan warna biru.,Dito,mewarnai,gunung,dengan warna biru,Siapa yang mewarnai gunung dengan warna biru?,0.9031
44,9,Dito mewarnai gunung dengan warna biru.,Dito,mewarnai,gunung,dengan warna biru,Apa yang Dito warnai dengan warna biru?,0.6648
44,10,Dito mewarnai sawah dengan warna hijau.,Dito,mewarnai,sawah,dengan warna hijau,Siapa yang mewarnai sawah dengan warna hijau?,0.8735
44,10,Dito mewarnai sawah dengan warna hijau.,Dito,mewarnai,sawah,dengan warna hijau,Apa yang Dito warnai dengan warna hijau?,0.8681
44,11,Tangan Dito bergerak dengan lincah.,Tangan Dito,bergerak,,dengan lincah,Siapa yang bergerak dengan lincah?,0.4328
44,12,Dito mewarnai langit dengan warna biru muda.,Dito,mewarnai,langit,dengan warna biru muda,Siapa yang mewarnai langit dengan warna biru muda?,0.8633
44,12,Dito mewarnai langit dengan warna biru muda.,Dito,mewarnai,langit,dengan warna biru muda,Apa yang Dito warnai dengan warna biru muda?,0.6587
44,13,Dito menyelesaikan gambar dengan rapi.,Dito,menyelesaikan,gambar,dengan rapi,Siapa yang menyelesaikan gambar dengan rapi?,0.8268
44,13,Dito menyelesaikan gambar dengan rapi.,Dito,menyelesaikan,gambar,dengan rapi,Apa yang Dito selesaikan dengan rapi?,0.5773
44,14,Waktu lomba telah selesai.,Waktu lomba,telah selesai,,,Apa yang telah selesai?,0.4933
44,15,Panitia mengumpulkan semua kertas gambar.,Panitia,mengumpulkan,semua kertas gambar,,Apa yang mengumpulkan semua kertas gambar?,0.7696
44,15,Panitia mengumpulkan semua kertas gambar.,Panitia,mengumpulkan,semua kertas gambar,,Apa yang Panitia kumpulkan?,0.4174
44,16,Juri menilai gambar para peserta.,Juri,menilai,gambar para peserta,,Siapa yang menilai gambar para peserta?,0.7524
44,16,Juri menilai gambar para peserta.,Juri,menilai,gambar para peserta,,Apa yang Juri nilai?,0.7217
44,17,Dito menunggu dengan hati berdebar.,Dito,menunggu,,dengan hati berdebar,Siapa yang menunggu dengan hati berdebar?,0.8346
44,18,Juri mengumumkan para pemenang lomba.,Juri,mengumumkan,para pemenang lomba,,Siapa yang mengumumkan para pemenang lomba?,0.7975
44,18,Juri mengumumkan para pemenang lomba.,Juri,mengumumkan,para pemenang lomba,,Apa yang Juri umumkan?,0.5818
44,19,Dito meraih juara pertama.,Dito,meraih,juara pertama,,Siapa yang meraih juara pertama?,0.9101
44,19,Dito meraih juara pertama.,Dito,meraih,juara pertama,,Apa yang Dito raih?,0.147
44,20,Juri memberikan piala kepada Dito.,Juri,memberikan,piala,kepada dito,Siapa yang memberikan piala kepada dito?,0.3539
44,20,Juri memberikan piala kepada Dito.,Juri,memberikan,piala,kepada dito,Apa yang Juri berikan kepada dito?,0.6026
44,21,Dito tersenyum dengan sangat lebar.,Dito,tersenyum,,,Siapa yang tersenyum?,0.6072
44,22,Dito menunjukkan piala kepada ibu.,Dito,menunjukkan,piala,kepada ibu,Siapa yang menunjukkan piala kepada ibu?,0.9104
44,22,Dito menunjukkan piala kepada ibu.,Dito,menunjukkan,piala,kepada ibu,Apa yang Dito tunjukkan kepada ibu?,0.753
44,23,Ibu memeluk Dito dengan bangga.,Ibu,memeluk bangga,Dito,dengan bangga,Siapa yang memeluk bangga Dito dengan bangga?,0.7009
44,23,Ibu memeluk Dito dengan bangga.,Ibu,memeluk bangga,Dito,dengan bangga,Siapa yang Ibu peluk dengan bangga?,0.5689
44,24,Dito pulang dengan perasaan senang.,Dito,pulang,,dengan perasaan senang,Siapa yang pulang dengan perasaan senang?,0.862
45,1,Kota ini mengadakan pawai budaya.,Kota ini,mengadakan,pawai budaya,,Apa yang mengadakan pawai budaya?,0.7129
45,1,Kota ini mengadakan pawai budaya.,Kota ini,mengadakan,pawai budaya,,Apa yang Kota ini adakan?,0.655
45,2,Warga berkumpul di pinggir jalan.,Warga,berkumpul,,di pinggir jalan,Siapa yang berkumpul di pinggir jalan?,0.7961
45,2,Warga berkumpul di pinggir jalan.,Warga,berkumpul,,di pinggir jalan,Di mana Warga berkumpul ?,0.6263
45,3,Rina berdiri di barisan paling depan.,Rina,berdiri,,di barisan paling depan,Siapa yang berdiri di barisan paling depan?,0.745
45,3,Rina berdiri di barisan paling depan.,Rina,berdiri,,di barisan paling depan,Di mana Rina berdiri ?,0.6571
45,4,Rina datang bersama kakek.,Rina,datang,,bersama kakek,Siapa yang datang bersama kakek?,0.6486
45,5,Suara musik tradisional terdengar keras.,Suara musik tradisional,terdengar,,keras,Apa yang terdengar keras?,0.6653
45,6,Rombongan pertama mulai lewat.,Rombongan pertama,mulai lewat,,,Apa yang mulai lewat?,0.5241
45,7,Mereka memakai pakaian adat Bali.,Mereka,memakai,pakaian adat Bali,,Siapa yang memakai pakaian adat Bali?,0.9265
45,7,Mereka memakai pakaian adat Bali.,Mereka,memakai,pakaian adat Bali,,Siapa yang Mereka pakai?,0.4331
45,8,Beberapa orang menari dengan lincah.,Beberapa orang,menari,,dengan lincah,Apa yang menari dengan lincah?,0.7666
45,9,Rina bertepuk tangan melihat tarian itu.,Rina,bertepuk melihat,tarian itu,,Siapa yang bertepuk melihat tarian itu?,0.6493
45,9,Rina bertepuk tangan melihat tarian itu.,Rina,bertepuk melihat,tarian itu,,Apa yang Rina tepuk?,0.588
45,10,Rombongan kedua membawa alat musik angklung.,Rombongan kedua,membawa,alat musik angklung,,Apa yang membawa alat musik angklung?,0.718
45,10,Rombongan kedua membawa alat musik angklung.,Rombongan kedua,membawa,alat musik angklung,,Apa yang Rombongan kedua bawa?,0.6594
45,11,Mereka memainkan angklung dengan kompak.,Mereka,memainkan,angklung,dengan kompak,Siapa yang memainkan angklung dengan kompak?,0.8491
45,11,Mereka memainkan angklung dengan kompak.,Mereka,memainkan,angklung,dengan kompak,Apa yang Mereka mainkan dengan kompak?,0.8552
45,12,Suara angklung sangat merdu.,Suara angklung,merdu,,sangat,Apa yang merdu sangat?,0.4452
45,13,Kakek membelikan Rina minuman dingin.,Kakek,membelikan,Rina minuman dingin,,Siapa yang membelikan Rina minuman dingin?,0.7604
45,13,Kakek membelikan Rina minuman dingin.,Kakek,membelikan,Rina minuman dingin,,Siapa yang Kakek belikan?,0.5434
45,14,Rina meminum es teh manis.,Rina,meminum,es teh manis,,Siapa yang meminum es teh manis?,0.7315
45,14,Rina meminum es teh manis.,Rina,meminum,es teh manis,,Apa yang Rina pinum?,0.4959
45,15,Rombongan ketiga menampilkan Reog Ponorogo.,Rombongan ketiga,menampilkan,Reog,,Apa yang menampilkan Reog?,0.535
45,15,Rombongan ketiga menampilkan Reog Ponorogo.,Rombongan ketiga,menampilkan,Reog,,Siapa yang Rombongan ketiga tampilkan?,0.5498
45,17,Penari mengangkat topeng dengan kuat.,Penari,mengangkat,topeng,dengan kuat,Siapa yang mengangkat topeng dengan kuat?,0.7568
45,17,Penari mengangkat topeng dengan kuat.,Penari,mengangkat,topeng,dengan kuat,Apa yang Penari angkat dengan kuat?,0.4135
45,18,Rina merasa sangat takjub.,Rina,merasa,,sangat takjub,Siapa yang merasa sangat takjub?,0.5452
45,19,Pawai budaya berlangsung sangat meriah.,Pawai budaya,berlangsung,,sangat meriah,Apa yang berlangsung sangat meriah?,0.5346
45,20,Banyak orang memotret peserta pawai.,Banyak orang,memotret,peserta pawai,,Apa yang memotret peserta pawai?,0.8266
45,20,Banyak orang memotret peserta pawai.,Banyak orang,memotret,peserta pawai,,Apa yang Banyak orang potret?,0.678
45,21,Rombongan terakhir melewati jalan raya.,Rombongan terakhir,melewati,jalan raya,,Apa yang melewati jalan raya?,0.5876
45,21,Rombongan terakhir melewati jalan raya.,Rombongan terakhir,melewati,jalan raya,,Apa yang Rombongan terakhir lewati?,0.698
45,22,Pawai budaya telah selesai.,Pawai budaya,telah selesai,,,Apa yang telah selesai?,0.714
45,24,Rina dan kakek berjalan pulang.,Rina dan kakek,berjalan pulang,,,Apa yang berjalan pulang?,0.5227
45,25,Rina menyukai acara pawai itu.,Rina,menyukai,acara pawai itu,,Siapa yang menyukai acara pawai itu?,0.5684
45,25,Rina menyukai acara pawai itu.,Rina,menyukai,acara pawai itu,,Apa yang Rina sukai?,0.7325
46,2,Budi mendengar suara musik kecil.,Budi,mendengar,suara musik kecil,,Siapa yang mendengar suara musik kecil?,0.8755
46,2,Budi mendengar suara musik kecil.,Budi,mendengar,suara musik kecil,,Apa yang Budi dengar?,0.6731
46,3,Suara itu berasal dari penjual es krim.,Suara itu,berasal,,dari penjual es krim,Apa yang berasal dari penjual es krim?,0.8495
46,3,Suara itu berasal dari penjual es krim.,Suara itu,berasal,,dari penjual es krim,Dari mana Suara itu berasal ?,0.4238
46,4,Penjual es krim mengendarai sepeda gerobak.,Penjual es krim,mengendarai,sepeda gerobak,,Apa yang mengendarai sepeda gerobak?,0.5252
46,4,Penjual es krim mengendarai sepeda gerobak.,Penjual es krim,mengendarai,sepeda gerobak,,Apa yang Penjual es krim kendarai?,0.6574
46,5,Budi berlari meminta uang kepada ibu.,Budi,berlari meminta,uang,kepada ibu,Siapa yang berlari meminta uang kepada ibu?,0.8506
46,5,Budi berlari meminta uang kepada ibu.,Budi,berlari meminta,uang,kepada ibu,Apa yang Budi lari kepada ibu?,0.7024
46,6,Ibu memberikan uang selembar lima ribuan.,Ibu,memberikan,uang selembar lima ribuan,,Siapa yang memberikan uang selembar lima ribuan?,0.7411
46,6,Ibu memberikan uang selembar lima ribuan.,Ibu,memberikan,uang selembar lima ribuan,,Apa yang Ibu berikan?,0.3977
46,7,Budi berlari keluar pagar.,Budi,berlari keluar,pagar,,Siapa yang berlari keluar pagar?,0.8128
46,7,Budi berlari keluar pagar.,Budi,berlari keluar,pagar,,Apa yang Budi lari?,0.6898
46,8,Budi memanggil paman penjual es krim.,Budi,memanggil,paman penjual es krim,,Siapa yang memanggil paman penjual es krim?,0.8917
46,8,Budi memanggil paman penjual es krim.,Budi,memanggil,paman penjual es krim,,Apa yang Budi panggil?,0.2335
46,9,Sepeda gerobak berhenti di depan rumah.,Sepeda gerobak,berhenti,,di depan rumah,Apa yang berhenti di depan rumah?,0.5715
46,9,Sepeda gerobak berhenti di depan rumah.,Sepeda gerobak,berhenti,,di depan rumah,Di mana Sepeda gerobak berhenti ?,0.7699
46,10,Budi memilih es krim rasa stroberi.,Budi,memilih,es krim rasa stroberi,,Siapa yang memilih es krim rasa stroberi?,0.8707
46,10,Budi memilih es krim rasa stroberi.,Budi,memilih,es krim rasa stroberi,,Apa yang Budi pilih?,0.3009
46,11,Paman mengambil es krim dari kotak pendingin.,Paman,mengambil,es krim,dari kotak pendingin,Siapa yang mengambil es krim dari kotak pendingin?,0.7872
46,11,Paman mengambil es krim dari kotak pendingin.,Paman,mengambil,es krim,dari kotak pendingin,Apa yang Paman ambil dari kotak pendingin?,0.4998
46,11,Paman mengambil es krim dari kotak pendingin.,Paman,mengambil,es krim,dari kotak pendingin,Dari mana Paman mengambil es krim?,0.801
46,12,Paman menyerahkan es krim itu.,Paman,menyerahkan,es krim itu,,Siapa yang menyerahkan es krim itu?,0.8043
46,12,Paman menyerahkan es krim itu.,Paman,menyerahkan,es krim itu,,Apa yang Paman serahkan?,0.328
46,13,Budi memberikan uang kepada paman.,Budi,memberikan,uang,kepada paman,Siapa yang memberikan uang kepada paman?,0.8482
46,13,Budi memberikan uang kepada paman.,Budi,memberikan,uang,kepada paman,Apa yang Budi berikan kepada paman?,0.7519
46,14,Budi membuka bungkus plastik es krim.,Budi,membuka,bungkus plastik es krim,,Siapa yang membuka bungkus plastik es krim?,0.8084
46,14,Budi membuka bungkus plastik es krim.,Budi,membuka,bungkus plastik es krim,,Apa yang Budi buka?,0.3947
46,15,Budi menggigit es krim yang dingin.,Budi,menggigit,es krim yang dingin,,Siapa yang menggigit es krim yang dingin?,0.8646
46,15,Budi menggigit es krim yang dingin.,Budi,menggigit,es krim yang dingin,,Apa yang Budi gigit?,0.489
46,17,Es krim mencair perlahan.,Es krim,mencair,,perlahan,Apa yang mencair perlahan?,0.5497
46,18,Budi memakan es krim dengan cepat.,Budi,memakan,es krim,dengan cepat,Siapa yang memakan es krim dengan cepat?,0.8823
46,18,Budi memakan es krim dengan cepat.,Budi,memakan,es krim,dengan cepat,Apa yang Budi makan dengan cepat?,0.5428
46,20,Budi membuang bungkus plastik ke tempat sampah.,Budi,membuang,bungkus plastik,ke tempat sampah,Siapa yang membuang bungkus plastik ke tempat sampah?,0.8089
46,20,Budi membuang bungkus plastik ke tempat sampah.,Budi,membuang,bungkus plastik,ke tempat sampah,Apa yang Budi buang ke tempat sampah?,0.8336
46,20,Budi membuang bungkus plastik ke tempat sampah.,Budi,membuang,bungkus plastik,ke tempat sampah,Ke mana Budi membuang bungkus plastik?,0.8605
46,21,Budi masuk kembali ke rumah.,Budi,masuk kembali,,ke rumah,Siapa yang masuk kembali ke rumah?,0.7309
46,21,Budi masuk kembali ke rumah.,Budi,masuk kembali,,ke rumah,Ke mana Budi masuk kembali ?,0.7107
46,22,Budi mencuci muka di kamar mandi.,Budi,mencuci,muka,di kamar mandi,Siapa yang mencuci muka di kamar mandi?,0.8788
46,22,Budi mencuci muka di kamar mandi.,Budi,mencuci,muka,di kamar mandi,Apa yang Budi cuci di kamar mandi?,0.7756
46,22,Budi mencuci muka di kamar mandi.,Budi,mencuci,muka,di kamar mandi,Di mana Budi mencuci muka?,0.8189
46,23,Budi merasa sangat segar.,Budi,merasa,,sangat segar,Siapa yang merasa sangat segar?,0.7962
46,24,Ibu tersenyum melihat Budi.,Ibu,tersenyum melihat,Budi,,Siapa yang tersenyum melihat Budi?,0.7878
46,24,Ibu tersenyum melihat Budi.,Ibu,tersenyum melihat,Budi,,Siapa yang Ibu senyum?,0.586
46,25,Budi menonton televisi di ruang tamu.,Budi,menonton,televisi,di ruang tamu,Siapa yang menonton televisi di ruang tamu?,0.8603
46,25,Budi menonton televisi di ruang tamu.,Budi,menonton,televisi,di ruang tamu,Apa yang Budi tonton di ruang tamu?,0.8041
46,25,Budi menonton televisi di ruang tamu.,Budi,menonton,televisi,di ruang tamu,Di mana Budi menonton televisi?,0.7332
47,1,Nina memiliki banyak buku cerita.,Nina,memiliki,buku cerita,banyak,Siapa yang memiliki buku cerita banyak?,0.6002
47,1,Nina memiliki banyak buku cerita.,Nina,memiliki,buku cerita,banyak,Apa yang Nina miliki banyak?,0.7365
47,2,Nina suka membaca pada waktu luang.,Nina,suka membaca,,pada waktu luang,Siapa yang suka membaca pada waktu luang?,0.6227
47,3,Sore ini Nina membaca buku dongeng.,Nina,membaca,buku dongeng,,Siapa yang membaca buku dongeng?,0.6636
47,3,Sore ini Nina membaca buku dongeng.,Nina,membaca,buku dongeng,,Apa yang Nina baca?,0.7883
47,4,Dongeng itu bercerita tentang putri raja.,Dongeng itu,bercerita,,tentang putri raja,Apa yang bercerita tentang putri raja?,0.8533
47,5,Putri raja tinggal di istana emas.,Putri raja,tinggal,,di istana emas,Siapa yang tinggal di istana emas?,0.7668
47,5,Putri raja tinggal di istana emas.,Putri raja,tinggal,,di istana emas,Di mana Putri raja tinggal ?,0.6595
47,6,Putri memiliki seekor kuda putih.,Putri,memiliki,seekor kuda putih,,Siapa yang memiliki seekor kuda putih?,0.6679
47,6,Putri memiliki seekor kuda putih.,Putri,memiliki,seekor kuda putih,,Apa yang Putri miliki?,0.2659
47,7,Kuda putih itu bisa terbang.,Kuda putih itu,bisa terbang,,,Apa yang bisa terbang?,0.4294
47,8,Nina membaca dengan sangat serius.,Nina,membaca,,,Siapa yang membaca?,0.412
47,9,Nina membalik halaman buku perlahan.,Nina,membalik,halaman buku perlahan,,Siapa yang membalik halaman buku perlahan?,0.6132
47,9,Nina membalik halaman buku perlahan.,Nina,membalik,halaman buku perlahan,,Apa yang Nina balik?,0.5022
47,10,Putri raja pergi ke hutan ajaib.,Putri raja,pergi,,ke hutan ajaib,Siapa yang pergi ke hutan ajaib?,0.7156
47,10,Putri raja pergi ke hutan ajaib.,Putri raja,pergi,,ke hutan ajaib,Ke mana Putri raja pergi ?,0.5463
47,11,Putri raja bertemu kurcaci kecil.,Putri raja,bertemu,kurcaci kecil,,Siapa yang bertemu kurcaci kecil?,0.54
47,11,Putri raja bertemu kurcaci kecil.,Putri raja,bertemu,kurcaci kecil,,Apa yang Putri raja temu?,0.7689
47,12,Kurcaci itu memberikan sebuah apel ajaib.,Kurcaci itu,memberikan,sebuah apel ajaib,,Apa yang memberikan sebuah apel ajaib?,0.9099
47,12,Kurcaci itu memberikan sebuah apel ajaib.,Kurcaci itu,memberikan,sebuah apel ajaib,,Apa yang Kurcaci itu berikan?,0.351
47,13,Nina membayangkan istana yang megah.,Nina,membayangkan,istana yang megah,,Siapa yang membayangkan istana yang megah?,0.8011
47,13,Nina membayangkan istana yang megah.,Nina,membayangkan,istana yang megah,,Apa yang Nina bayangkan?,0.6015
47,14,Ibu masuk ke kamar Nina.,Ibu,masuk,,ke kamar nina,Apa yang masuk ke kamar nina?,0.6368
47,14,Ibu masuk ke kamar Nina.,Ibu,masuk,,ke kamar nina,Ke mana Ibu masuk ?,0.3993
47,15,Ibu membawakan segelas susu cokelat.,Ibu,membawakan,segelas susu cokelat,,Siapa yang membawakan segelas susu cokelat?,0.7842
47,15,Ibu membawakan segelas susu cokelat.,Ibu,membawakan,segelas susu cokelat,,Apa yang Ibu bawakan?,0.326
47,16,Nina mengucapkan terima kasih.,Nina,mengucapkan,terima kasih,,Siapa yang mengucapkan terima kasih?,0.5801
47,16,Nina mengucapkan terima kasih.,Nina,mengucapkan,terima kasih,,Apa yang Nina ucapkan?,0.6872
47,17,Nina meminum susu cokelat itu.,Nina,meminum,susu cokelat itu,,Siapa yang meminum susu cokelat itu?,0.7407
47,17,Nina meminum susu cokelat itu.,Nina,meminum,susu cokelat itu,,Apa yang Nina pinum?,0.4683
47,18,Nina melanjutkan membaca cerita dongeng.,Nina,melanjutkan membaca,cerita dongeng,,Siapa yang melanjutkan membaca cerita dongeng?,0.6939
47,18,Nina melanjutkan membaca cerita dongeng.,Nina,melanjutkan membaca,cerita dongeng,,Apa yang Nina lanjut?,0.5979
47,19,Cerita itu berakhir sangat bahagia.,Cerita itu,berakhir,,sangat bahagia,Apa yang berakhir sangat bahagia?,0.8207
47,20,Putri raja kembali ke istana.,Putri raja,kembali,,ke istana,Siapa yang kembali ke istana?,0.7547
47,20,Putri raja kembali ke istana.,Putri raja,kembali,,ke istana,Ke mana Putri raja kembali ?,0.7773
47,21,Nina menutup buku ceritanya.,Nina,menutup,buku cerita nya,,Siapa yang menutup buku cerita nya?,0.6487
47,21,Nina menutup buku ceritanya.,Nina,menutup,buku cerita nya,,Apa yang Nina tutup?,0.8116
47,22,Nina menyimpan buku di rak kayu.,Nina,menyimpan,buku,di rak kayu,Siapa yang menyimpan buku di rak kayu?,0.7377
47,22,Nina menyimpan buku di rak kayu.,Nina,menyimpan,buku,di rak kayu,Apa yang Nina simpan di rak kayu?,0.722
47,22,Nina menyimpan buku di rak kayu.,Nina,menyimpan,buku,di rak kayu,Di mana Nina menyimpan buku?,0.7734
47,23,Nina merasa sangat senang.,Nina,merasa,,sangat senang,Siapa yang merasa sangat senang?,0.5485
47,24,Nina menceritakan dongeng itu kepada adik.,Nina,menceritakan,dongeng itu,kepada adik,Siapa yang menceritakan dongeng itu kepada adik?,0.6805
47,24,Nina menceritakan dongeng itu kepada adik.,Nina,menceritakan,dongeng itu,kepada adik,Apa yang Nina ceritakan kepada adik?,0.8331
47,25,Adik mendengarkan cerita Nina dengan antusias.,Adik,mendengarkan,cerita Nina,dengan antusias,Siapa yang mendengarkan cerita Nina dengan antusias?,0.9542
47,25,Adik mendengarkan cerita Nina dengan antusias.,Adik,mendengarkan,cerita Nina,dengan antusias,Siapa yang Adik dengarkan dengan antusias?,0.5704
48,2,Anton mengajak ayah bermain catur.,Anton,mengajak bermain,catur,,Siapa yang mengajak bermain catur?,0.6912
48,2,Anton mengajak ayah bermain catur.,Anton,mengajak bermain,catur,,Apa yang Anton ajak?,0.5195
48,3,Ayah mengambil papan catur di lemari.,Ayah,mengambil,papan catur,di lemari,Siapa yang mengambil papan catur di lemari?,0.8743
48,3,Ayah mengambil papan catur di lemari.,Ayah,mengambil,papan catur,di lemari,Apa yang Ayah ambil di lemari?,0.5944
48,3,Ayah mengambil papan catur di lemari.,Ayah,mengambil,papan catur,di lemari,Di mana Ayah mengambil papan catur?,0.7011
48,4,Mereka duduk berhadapan di ruang tamu.,Mereka,duduk berhadapan,,di ruang tamu,Siapa yang duduk berhadapan di ruang tamu?,0.8116
48,4,Mereka duduk berhadapan di ruang tamu.,Mereka,duduk berhadapan,,di ruang tamu,Di mana Mereka duduk berhadapan ?,0.4516
48,5,Anton menyusun bidak catur putih.,Anton,menyusun,bidak catur putih,,Siapa yang menyusun bidak catur putih?,0.7589
48,5,Anton menyusun bidak catur putih.,Anton,menyusun,bidak catur putih,,Apa yang Anton susun?,0.5588
48,6,Ayah menyusun bidak catur hitam.,Ayah,menyusun,bidak catur hitam,,Siapa yang menyusun bidak catur hitam?,0.8249
48,6,Ayah menyusun bidak catur hitam.,Ayah,menyusun,bidak catur hitam,,Apa yang Ayah susun?,0.2367
48,7,Bidak pion berada di barisan depan.,Bidak pion,berada,,di barisan depan,Apa yang berada di barisan depan?,0.7299
48,7,Bidak pion berada di barisan depan.,Bidak pion,berada,,di barisan depan,Di mana Bidak pion berada ?,0.5788
48,8,Anton memajukan pion dua langkah.,Anton,memajukan,pion dua langkah,,Siapa yang memajukan pion dua langkah?,0.6744
48,8,Anton memajukan pion dua langkah.,Anton,memajukan,pion dua langkah,,Apa yang Anton majukan?,0.6576
48,9,Ayah membalas dengan memajukan pion hitam.,Ayah,membalas memajukan,pion hitam,dengan memajukan pion hitam,Siapa yang membalas memajukan pion hitam dengan memajukan pion hitam?,0.7932
48,9,Ayah membalas dengan memajukan pion hitam.,Ayah,membalas memajukan,pion hitam,dengan memajukan pion hitam,Apa yang Ayah balaskan dengan memajukan pion hitam?,0.7204
48,10,Permainan berlangsung dengan seru.,Permainan,berlangsung,,dengan seru,Apa yang berlangsung dengan seru?,0.4294
48,11,Anton memakan kuda hitam milik ayah.,Anton,memakan,kuda hitam milik ayah,,Siapa yang memakan kuda hitam milik ayah?,0.7247
48,11,Anton memakan kuda hitam milik ayah.,Anton,memakan,kuda hitam milik ayah,,Apa yang Anton makan?,0.522
48,12,Ayah tersenyum melihat strategi Anton.,Ayah,tersenyum melihat,strategi Anton,,Siapa yang tersenyum melihat strategi Anton?,0.9249
48,12,Ayah tersenyum melihat strategi Anton.,Ayah,tersenyum melihat,strategi Anton,,Siapa yang Ayah senyum?,0.4987
48,13,Ayah memajukan menteri hitam.,Ayah,memajukan,menteri hitam,,Siapa yang memajukan menteri hitam?,0.9237
48,13,Ayah memajukan menteri hitam.,Ayah,memajukan,menteri hitam,,Apa yang Ayah majukan?,0.3119
48,14,Menteri ayah mengancam raja putih.,Menteri ayah,mengancam,raja putih,,Apa yang mengancam raja putih?,0.8439
48,14,Menteri ayah mengancam raja putih.,Menteri ayah,mengancam,raja putih,,Apa yang Menteri ayah ancam?,0.6422
48,15,Anton memindahkan raja untuk berlindung.,Anton,memindahkan berlindung,raja,,Siapa yang memindahkan berlindung raja?,0.6987
48,15,Anton memindahkan raja untuk berlindung.,Anton,memindahkan berlindung,raja,,Apa yang Anton pindah?,0.664
48,16,Anton berpikir dengan sangat keras.,Anton,berpikir,,,Siapa yang berpikir?,0.278
48,17,Anton memajukan benteng putih.,Anton,memajukan,benteng putih,,Siapa yang memajukan benteng putih?,0.6789
48,17,Anton memajukan benteng putih.,Anton,memajukan,benteng putih,,Apa yang Anton majukan?,0.5969
48,18,Benteng putih menyerang menteri hitam.,Benteng putih,menyerang,menteri hitam,,Apa yang menyerang menteri hitam?,0.7981
48,18,Benteng putih menyerang menteri hitam.,Benteng putih,menyerang,menteri hitam,,Apa yang Benteng putih serang?,0.6564
48,19,Ayah menyelamatkan menteri tersebut.,Ayah,menyelamatkan,menteri tersebut,,Siapa yang menyelamatkan menteri tersebut?,0.8778
48,19,Ayah menyelamatkan menteri tersebut.,Ayah,menyelamatkan,menteri tersebut,,Apa yang Ayah selamatkan?,0.578
48,20,Pertandingan ini memakan waktu lama.,Pertandingan ini,memakan,waktu lama,,Apa yang memakan waktu lama?,0.5844
48,20,Pertandingan ini memakan waktu lama.,Pertandingan ini,memakan,waktu lama,,Apa yang Pertandingan ini makan?,0.5226
48,21,Ibu membawakan camilan pisang goreng.,Ibu,membawakan,camilan pisang goreng,,Siapa yang membawakan camilan pisang goreng?,0.7817
48,21,Ibu membawakan camilan pisang goreng.,Ibu,membawakan,camilan pisang goreng,,Apa yang Ibu bawakan?,0.396
48,22,Mereka memakan camilan sambil bermain.,Mereka,memakan bermain,camilan,,Siapa yang memakan bermain camilan?,0.6407
48,22,Mereka memakan camilan sambil bermain.,Mereka,memakan bermain,camilan,,Apa yang Mereka makan?,0.6508
48,23,Akhirnya ayah berhasil mengalahkan Anton.,ayah,berhasil mengalahkan,Anton,Akhirnya,Apa yang berhasil mengalahkan Anton Akhirnya?,0.8017
48,23,Akhirnya ayah berhasil mengalahkan Anton.,ayah,berhasil mengalahkan,Anton,Akhirnya,Siapa yang ayah berhasilkan Akhirnya?,0.4801
48,24,Ayah memberikan skakmat pada raja putih.,Ayah,memberikan,skakmat,pada raja putih,Siapa yang memberikan skakmat pada raja putih?,0.9038
48,24,Ayah memberikan skakmat pada raja putih.,Ayah,memberikan,skakmat,pada raja putih,Apa yang Ayah berikan pada raja putih?,0.736
48,25,Anton mengakui kehebatan ayah bermain catur.,Anton,mengakui,kehebatan ayah,,Siapa yang mengakui kehebatan ayah?,0.362
48,25,Anton mengakui kehebatan ayah bermain catur.,Anton,mengakui,kehebatan ayah,,Apa yang Anton akui?,0.5382
49,1,Taman desa memiliki banyak bunga mekar.,Taman desa,memiliki,bunga mekar,banyak,Apa yang memiliki bunga mekar banyak?,0.6412
49,1,Taman desa memiliki banyak bunga mekar.,Taman desa,memiliki,bunga mekar,banyak,Apa yang Taman desa miliki banyak?,0.6734
49,2,Bunga-bunga itu berwarna-warni.,Bunga-bunga itu,berwarna-warni,,,Apa yang berwarna-warni?,0.3761
49,3,Lisa pergi ke taman membawa jaring.,Lisa,pergi,,ke taman membawa jaring,Siapa yang pergi ke taman membawa jaring?,0.6228
49,3,Lisa pergi ke taman membawa jaring.,Lisa,pergi,,ke taman membawa jaring,Ke mana Lisa pergi ?,0.6332
49,4,Lisa ingin melihat kupu-kupu terbang.,Lisa,ingin melihat,kupu-kupu terbang,,Siapa yang ingin melihat kupu-kupu terbang?,0.8023
49,4,Lisa ingin melihat kupu-kupu terbang.,Lisa,ingin melihat,kupu-kupu terbang,,Apa yang Lisa lihat?,0.5762
49,5,Banyak kupu-kupu hinggap di atas bunga.,Banyak kupu-kupu,hinggap,,di atas bunga,Apa yang hinggap di atas bunga?,0.5716
49,5,Banyak kupu-kupu hinggap di atas bunga.,Banyak kupu-kupu,hinggap,,di atas bunga,Di mana Banyak kupu-kupu hinggap ?,0.8363
49,6,Kupu-kupu menghisap madu bunga.,Kupu-kupu,menghisap,madu bunga,,Siapa yang menghisap madu bunga?,0.6968
49,6,Kupu-kupu menghisap madu bunga.,Kupu-kupu,menghisap,madu bunga,,Apa yang Kupu-kupu hisap?,0.7007
49,7,Lisa melihat kupu-kupu bersayap biru.,Lisa,melihat,kupu-kupu,,Siapa yang melihat kupu-kupu?,0.7537
49,7,Lisa melihat kupu-kupu bersayap biru.,Lisa,melihat,kupu-kupu,,Apa yang Lisa lihat?,0.5136
49,9,Lisa mengendap-endap mendekati bunga mawar.,Lisa,mengendap-endap mendekati,bunga mawar,,Siapa yang mengendap-endap mendekati bunga mawar?,0.798
49,9,Lisa mengendap-endap mendekati bunga mawar.,Lisa,mengendap-endap mendekati,bunga mawar,,Apa yang Lisa mengendapi?,0.5049
49,10,Kupu-kupu biru hinggap di daun mawar.,Kupu-kupu biru,hinggap,,di daun mawar,Apa yang hinggap di daun mawar?,0.683
49,10,Kupu-kupu biru hinggap di daun mawar.,Kupu-kupu biru,hinggap,,di daun mawar,Di mana Kupu-kupu biru hinggap ?,0.7567
49,11,Lisa mengayunkan jaring dengan cepat.,Lisa,mengayunkan,jaring,dengan cepat,Siapa yang mengayunkan jaring dengan cepat?,0.5598
49,11,Lisa mengayunkan jaring dengan cepat.,Lisa,mengayunkan,jaring,dengan cepat,Apa yang Lisa ayunkan dengan cepat?,0.6242
49,12,Jaring berhasil menangkap kupu-kupu itu.,Jaring,berhasil menangkap,kupu-kupu itu,,Siapa yang berhasil menangkap kupu-kupu itu?,0.8767
49,12,Jaring berhasil menangkap kupu-kupu itu.,Jaring,berhasil menangkap,kupu-kupu itu,,Apa yang Jaring berhasil?,0.3137
49,13,Lisa melihat kupu-kupu dari luar jaring.,Lisa,melihat,kupu-kupu,dari luar jaring,Siapa yang melihat kupu-kupu dari luar jaring?,0.8191
49,13,Lisa melihat kupu-kupu dari luar jaring.,Lisa,melihat,kupu-kupu,dari luar jaring,Apa yang Lisa lihat dari luar jaring?,0.6406
49,13,Lisa melihat kupu-kupu dari luar jaring.,Lisa,melihat,kupu-kupu,dari luar jaring,Dari mana Lisa melihat kupu-kupu?,0.901
49,14,Sayap kupu-kupu bergerak dengan pelan.,Sayap kupu-kupu,bergerak,,dengan pelan,Apa yang bergerak dengan pelan?,0.3521
49,15,Lisa merasa kasihan melihat kupu-kupu terkurung.,Lisa,merasa melihat,kupu-kupu,,Siapa yang merasa melihat kupu-kupu?,0.6307
49,15,Lisa merasa kasihan melihat kupu-kupu terkurung.,Lisa,merasa melihat,kupu-kupu,,Apa yang Lisa rasa?,0.53
49,16,Ibu guru pernah berpesan tentang hewan.,Ibu guru,berpesan,,pernah tentang hewan,Apa yang berpesan pernah tentang hewan?,0.7758
49,17,Hewan liar harus hidup bebas.,Hewan liar,harus hidup,,bebas,Apa yang harus hidup bebas?,0.5938
49,18,Lisa membuka ujung jaring perlahan.,Lisa,membuka,ujung jaring perlahan,,Siapa yang membuka ujung jaring perlahan?,0.499
49,18,Lisa membuka ujung jaring perlahan.,Lisa,membuka,ujung jaring perlahan,,Apa yang Lisa buka?,0.6332
49,19,Kupu-kupu biru terbang keluar jaring.,Kupu-kupu biru,terbang,,keluar jaring,Apa yang terbang keluar jaring?,0.5621
49,20,Kupu-kupu itu kembali ke udara bebas.,Kupu-kupu itu,kembali,,ke udara bebas,Apa yang kembali ke udara bebas?,0.5445
49,20,Kupu-kupu itu kembali ke udara bebas.,Kupu-kupu itu,kembali,,ke udara bebas,Ke mana Kupu-kupu itu kembali ?,0.7613
49,21,Lisa tersenyum melihatnya terbang jauh.,Lisa,tersenyum melihat,nya,,Siapa yang tersenyum melihat nya?,0.3726
49,21,Lisa tersenyum melihatnya terbang jauh.,Lisa,tersenyum melihat,nya,,Apa yang Lisa senyum?,0.5748
49,22,Lisa mengejar kupu-kupu kuning.,Lisa,mengejar,kupu-kupu kuning,,Siapa yang mengejar kupu-kupu kuning?,0.7984
49,22,Lisa mengejar kupu-kupu kuning.,Lisa,mengejar,kupu-kupu kuning,,Apa yang Lisa kejar?,0.4183
49,23,Lisa hanya melihat kupu-kupu tanpa menangkapnya.,Lisa,melihat menangkap,nya,hanya,Siapa yang melihat menangkap nya hanya?,0.2715
49,23,Lisa hanya melihat kupu-kupu tanpa menangkapnya.,Lisa,melihat menangkap,nya,hanya,Apa yang Lisa lihat hanya?,0.5279
49,24,Lisa berlari-lari di taman luas.,Lisa,berlari-lari,,di taman luas,Siapa yang berlari-lari di taman luas?,0.6206
49,24,Lisa berlari-lari di taman luas.,Lisa,berlari-lari,,di taman luas,Di mana Lisa berlari-lari ?,0.6603
49,25,Lisa pulang saat hari mulai sore.,Lisa,pulang,,saat hari mulai sore,Siapa yang pulang saat hari mulai sore?,0.6619
49,25,Lisa pulang saat hari mulai sore.,Lisa,pulang,,saat hari mulai sore,Kapan Lisa pulang ?,0.756
50,2,Yoga baru saja bersepeda di jalan tanah.,Yoga,bersepeda,,baru saja di jalan tanah,Siapa yang bersepeda baru saja di jalan tanah?,0.5622
50,2,Yoga baru saja bersepeda di jalan tanah.,Yoga,bersepeda,,baru saja di jalan tanah,Di mana Yoga bersepeda ?,0.7895
50,3,Yoga memutuskan mencuci sepeda itu.,Yoga,memutuskan mencuci,sepeda itu,,Siapa yang memutuskan mencuci sepeda itu?,0.7433
50,3,Yoga memutuskan mencuci sepeda itu.,Yoga,memutuskan mencuci,sepeda itu,,Apa yang Yoga putusi?,0.4265
50,4,Yoga membawa sepeda ke halaman rumah.,Yoga,membawa,sepeda,ke halaman rumah,Siapa yang membawa sepeda ke halaman rumah?,0.7035
50,4,Yoga membawa sepeda ke halaman rumah.,Yoga,membawa,sepeda,ke halaman rumah,Apa yang Yoga bawa ke halaman rumah?,0.6823
50,4,Yoga membawa sepeda ke halaman rumah.,Yoga,membawa,sepeda,ke halaman rumah,Ke mana Yoga membawa sepeda?,0.8103
50,5,Yoga mengambil ember merah.,Yoga,mengambil,ember merah,,Siapa yang mengambil ember merah?,0.5046
50,5,Yoga mengambil ember merah.,Yoga,mengambil,ember merah,,Apa yang Yoga ambil?,0.5602
50,6,Yoga mengisi ember dengan air bersih.,Yoga,mengisi,ember,dengan air bersih,Siapa yang mengisi ember dengan air bersih?,0.464
50,6,Yoga mengisi ember dengan air bersih.,Yoga,mengisi,ember,dengan air bersih,Apa yang Yoga isi dengan air bersih?,0.849
50,7,Yoga menuangkan sabun cair ke ember.,Yoga,menuangkan,sabun cair,ke ember,Siapa yang menuangkan sabun cair ke ember?,0.5325
50,7,Yoga menuangkan sabun cair ke ember.,Yoga,menuangkan,sabun cair,ke ember,Apa yang Yoga tuangkan ke ember?,0.7648
50,7,Yoga menuangkan sabun cair ke ember.,Yoga,menuangkan,sabun cair,ke ember,Ke mana Yoga menuangkan sabun cair?,0.8774
50,8,Yoga mengaduk air hingga berbusa.,Yoga,mengaduk berbusa,air,,Siapa yang mengaduk berbusa air?,0.3034
50,8,Yoga mengaduk air hingga berbusa.,Yoga,mengaduk berbusa,air,,Apa yang Yoga kaduk?,0.7799
50,9,Yoga menyiram sepeda menggunakan gayung air.,Yoga,menyiram menggunakan,gayung air,,Siapa yang menyiram menggunakan gayung air?,0.2893
50,9,Yoga menyiram sepeda menggunakan gayung air.,Yoga,menyiram menggunakan,gayung air,,Apa yang Yoga siramkan?,0.4581
50,10,Yoga menggosok ban sepeda dengan sikat.,Yoga,menggosok,ban sepeda,dengan sikat,Siapa yang menggosok ban sepeda dengan sikat?,0.4944
50,10,Yoga menggosok ban sepeda dengan sikat.,Yoga,menggosok,ban sepeda,dengan sikat,Apa yang Yoga gosok dengan sikat?,0.6394
50,11,Tanah di ban mulai rontok.,Tanah,mulai,,rontok di ban,Apa yang mulai rontok di ban?,0.5674
50,11,Tanah di ban mulai rontok.,Tanah,mulai,,rontok di ban,Di mana Tanah mulai ?,0.7228
50,12,Yoga mencuci rangka sepeda dengan spons basah.,Yoga,mencuci,rangka sepeda,dengan spons basah,Siapa yang mencuci rangka sepeda dengan spons basah?,0.6866
50,12,Yoga mencuci rangka sepeda dengan spons basah.,Yoga,mencuci,rangka sepeda,dengan spons basah,Apa yang Yoga cuci dengan spons basah?,0.7649
50,13,Rangka sepeda menjadi bersih kembali.,Rangka sepeda,menjadi,,bersih kembali,Apa yang menjadi bersih kembali?,0.5307
50,14,Busa sabun menutupi seluruh sepeda.,Busa sabun,menutupi,seluruh sepeda,,Apa yang menutupi seluruh sepeda?,0.7511
50,14,Busa sabun menutupi seluruh sepeda.,Busa sabun,menutupi,seluruh sepeda,,Apa yang Busa sabun tutupi?,0.541
50,15,Yoga membilas sepeda dengan air bersih.,Yoga,membilas,sepeda,dengan air bersih,Siapa yang membilas sepeda dengan air bersih?,0.6509
50,15,Yoga membilas sepeda dengan air bersih.,Yoga,membilas,sepeda,dengan air bersih,Apa yang Yoga bilas dengan air bersih?,0.6815
50,16,Air sabun mengalir ke saluran pembuangan.,Air sabun,mengalir,,ke saluran pembuangan,Apa yang mengalir ke saluran pembuangan?,0.7298
50,16,Air sabun mengalir ke saluran pembuangan.,Air sabun,mengalir,,ke saluran pembuangan,Ke mana Air sabun mengalir ?,0.8793
50,18,Sepeda itu mengkilap di bawah sinar matahari.,Sepeda itu,mengkilap,,di bawah sinar matahari,Apa yang mengkilap di bawah sinar matahari?,0.4799
50,18,Sepeda itu mengkilap di bawah sinar matahari.,Sepeda itu,mengkilap,,di bawah sinar matahari,Di mana Sepeda itu mengkilap ?,0.7194
50,19,Yoga mengelap sepeda menggunakan kain kering.,Yoga,mengelap menggunakan,kain kering,,Siapa yang mengelap menggunakan kain kering?,0.3503
50,19,Yoga mengelap sepeda menggunakan kain kering.,Yoga,mengelap menggunakan,kain kering,,Apa yang Yoga kelapkan?,0.6487
50,20,Yoga memastikan semua bagian kering.,Yoga,memastikan,semua bagian kering,,Siapa yang memastikan semua bagian kering?,0.3473
50,20,Yoga memastikan semua bagian kering.,Yoga,memastikan,semua bagian kering,,Apa yang Yoga pastikan?,0.7493
50,21,Yoga membersihkan sisa air di lantai.,Yoga,membersihkan,sisa air,di lantai,Siapa yang membersihkan sisa air di lantai?,0.5543
50,21,Yoga membersihkan sisa air di lantai.,Yoga,membersihkan,sisa air,di lantai,Apa yang Yoga bersihkan di lantai?,0.7877
50,21,Yoga membersihkan sisa air di lantai.,Yoga,membersihkan,sisa air,di lantai,Di mana Yoga membersihkan sisa air?,0.8317
50,22,Yoga menyimpan alat cuci di gudang.,Yoga,menyimpan,alat cuci,di gudang,Siapa yang menyimpan alat cuci di gudang?,0.5114
50,22,Yoga menyimpan alat cuci di gudang.,Yoga,menyimpan,alat cuci,di gudang,Apa yang Yoga simpan di gudang?,0.7181
50,22,Yoga menyimpan alat cuci di gudang.,Yoga,menyimpan,alat cuci,di gudang,Di mana Yoga menyimpan alat cuci?,0.8685
50,23,Yoga memarkir sepeda di garasi.,Yoga,memarkir,sepeda,di garasi,Siapa yang memarkir sepeda di garasi?,0.6209
50,23,Yoga memarkir sepeda di garasi.,Yoga,memarkir,sepeda,di garasi,Apa yang Yoga markir di garasi?,0.6681
50,23,Yoga memarkir sepeda di garasi.,Yoga,memarkir,sepeda,di garasi,Di mana Yoga memarkir sepeda?,0.7815
50,24,Sepeda Yoga siap digunakan kembali.,Sepeda Yoga,siap digunakan,,,Siapa yang siap digunakan?,0.2229
50,25,Yoga merasa puas dengan hasil kerjanya.,Yoga,merasa,,puas dengan hasil kerja,Siapa yang merasa puas dengan hasil kerja?,0.3906
51,2,Adik menangis pada malam hari.,Adik,menangis,,pada malam hari,Siapa yang menangis pada malam hari?,0.6832
51,2,Adik menangis pada malam hari.,Adik,menangis,,pada malam hari,Kapan Adik menangis ?,0.7405
51,3,Ibu membawa adik ke dokter gigi.,Ibu,membawa,adik,ke dokter gigi,Siapa yang membawa adik ke dokter gigi?,0.8991
51,3,Ibu membawa adik ke dokter gigi.,Ibu,membawa,adik,ke dokter gigi,Apa yang Ibu bawa ke dokter gigi?,0.8474
51,3,Ibu membawa adik ke dokter gigi.,Ibu,membawa,adik,ke dokter gigi,Ke mana Ibu membawa adik?,0.3883
51,4,Klinik dokter gigi berada di dekat rumah.,Klinik dokter gigi,berada,,di dekat rumah,Apa yang berada di dekat rumah?,0.398
51,4,Klinik dokter gigi berada di dekat rumah.,Klinik dokter gigi,berada,,di dekat rumah,Di mana Klinik dokter gigi berada ?,0.8115
51,5,Adik duduk di ruang tunggu.,Adik,duduk,,di ruang tunggu,Siapa yang duduk di ruang tunggu?,0.7321
51,5,Adik duduk di ruang tunggu.,Adik,duduk,,di ruang tunggu,Di mana Adik duduk ?,0.6294
51,6,Suster memanggil nama adik.,Suster,memanggil,nama adik,,Siapa yang memanggil nama adik?,0.7382
51,6,Suster memanggil nama adik.,Suster,memanggil,nama adik,,Apa yang Suster panggil?,0.622
51,7,Adik masuk ke ruang periksa.,Adik,masuk,,ke ruang periksa,Siapa yang masuk ke ruang periksa?,0.7872
51,7,Adik masuk ke ruang periksa.,Adik,masuk,,ke ruang periksa,Ke mana Adik masuk ?,0.5681
51,8,Dokter gigi menyapa adik dengan ramah.,Dokter gigi,menyapa,adik,dengan ramah,Apa yang menyapa adik dengan ramah?,0.5038
51,8,Dokter gigi menyapa adik dengan ramah.,Dokter gigi,menyapa,adik,dengan ramah,Apa yang Dokter gigi sapa dengan ramah?,0.8908
51,9,Adik duduk di kursi periksa hijau.,Adik,duduk,,di kursi periksa hijau,Siapa yang duduk di kursi periksa hijau?,0.7492
51,9,Adik duduk di kursi periksa hijau.,Adik,duduk,,di kursi periksa hijau,Di mana Adik duduk ?,0.5997
51,10,Dokter meminta adik membuka mulut lebar.,Dokter,meminta membuka,mulut lebar,,Apa yang meminta membuka mulut lebar?,0.6558
51,10,Dokter meminta adik membuka mulut lebar.,Dokter,meminta membuka,mulut lebar,,Apa yang Dokter pinta?,0.6163
51,11,Dokter menyalakan lampu terang.,Dokter,menyalakan,lampu terang,,Apa yang menyalakan lampu terang?,0.5384
51,11,Dokter menyalakan lampu terang.,Dokter,menyalakan,lampu terang,,Apa yang Dokter nyalakan?,0.6695
51,12,Dokter memeriksa gigi adik menggunakan kaca kecil.,Dokter,memeriksa menggunakan,kaca kecil,,Apa yang memeriksa menggunakan kaca kecil?,0.6515
51,12,Dokter memeriksa gigi adik menggunakan kaca kecil.,Dokter,memeriksa menggunakan,kaca kecil,,Apa yang Dokter periksakan?,0.4629
51,13,Ada gigi berlubang di bagian belakang.,,Ada,gigi,di bagian belakang,Di mana  Ada gigi?,0.8204
51,14,Dokter membersihkan gigi berlubang itu.,Dokter,membersihkan,gigi itu,,Apa yang membersihkan gigi itu?,0.7666
51,14,Dokter membersihkan gigi berlubang itu.,Dokter,membersihkan,gigi itu,,Apa yang Dokter bersihkan?,0.6206
51,15,Adik menutup mata karena takut.,Adik,menutup,mata,,Siapa yang menutup mata?,0.607
51,15,Adik menutup mata karena takut.,Adik,menutup,mata,,Apa yang Adik tutup?,0.4171
51,16,Dokter bekerja dengan sangat lembut.,Dokter,bekerja,,,Apa yang bekerja?,0.0418
51,17,Dokter menambal gigi berlubang tersebut.,Dokter,menambal,gigi tersebut,,Apa yang menambal gigi tersebut?,0.7468
51,17,Dokter menambal gigi berlubang tersebut.,Dokter,menambal,gigi tersebut,,Apa yang Dokter tambal?,0.5279
51,18,Proses penambalan selesai dalam waktu singkat.,Proses penambalan,selesai,,dalam waktu singkat,Apa yang selesai dalam waktu singkat?,0.5622
51,19,Adik berkumur dengan air bersih.,Adik,berkumur,,dengan air bersih,Siapa yang berkumur dengan air bersih?,0.7007
51,20,Rasa sakit pada gigi sudah hilang.,Rasa sakit pada gigi,sudah hilang,,,Apa yang sudah hilang?,0.4618
51,21,Dokter memberikan sikat gigi baru untuk adik.,Dokter,memberikan,sikat gigi baru,untuk adik,Apa yang memberikan sikat gigi baru untuk adik?,0.8202
51,21,Dokter memberikan sikat gigi baru untuk adik.,Dokter,memberikan,sikat gigi baru,untuk adik,Apa yang Dokter berikan untuk adik?,0.4628
51,22,Dokter berpesan agar adik rajin menyikat gigi.,Dokter,berpesan,,agar adik rajin menyikat gigi,Apa yang berpesan agar adik rajin menyikat gigi?,0.8136
51,23,Ibu membayar biaya periksa di kasir.,Ibu,membayar,biaya,di kasir,Siapa yang membayar biaya di kasir?,0.6536
51,23,Ibu membayar biaya periksa di kasir.,Ibu,membayar,biaya,di kasir,Apa yang Ibu bayar di kasir?,0.5775
51,23,Ibu membayar biaya periksa di kasir.,Ibu,membayar,biaya,di kasir,Di mana Ibu membayar biaya?,0.5648
51,24,Adik tidak menangis lagi.,Adik,menangis,,tidak lagi,Siapa yang menangis tidak lagi?,0.505
51,25,Mereka pulang ke rumah dengan lega.,Mereka,pulang,,ke rumah dengan lega,Siapa yang pulang ke rumah dengan lega?,0.7257
51,25,Mereka pulang ke rumah dengan lega.,Mereka,pulang,,ke rumah dengan lega,Ke mana Mereka pulang ?,0.498
52,1,Siswa kelas lima belajar kesenian.,Siswa kelas lima,belajar,kesenian,,Apa yang belajar kesenian?,0.6894
52,1,Siswa kelas lima belajar kesenian.,Siswa kelas lima,belajar,kesenian,,Apa yang Siswa kelas lima belajar?,0.6113
52,2,Guru membawa sebongkah tanah liat.,Guru,membawa,sebongkah tanah liat,,Apa yang membawa sebongkah tanah liat?,0.6938
52,2,Guru membawa sebongkah tanah liat.,Guru,membawa,sebongkah tanah liat,,Apa yang Guru bawa?,0.6051
52,3,Tanah liat itu berwarna cokelat keabuan.,Tanah liat itu,berwarna,,cokelat keabuan,Apa yang berwarna cokelat keabuan?,0.5523
52,4,Siswa memegang tanah liat tersebut.,Siswa,memegang,tanah liat tersebut,,Apa yang memegang tanah liat tersebut?,0.5504
52,4,Siswa memegang tanah liat tersebut.,Siswa,memegang,tanah liat tersebut,,Apa yang Siswa pegang?,0.6057
52,6,Guru mengajarkan cara membuat asbak.,Guru,mengajarkan,cara,,Siapa yang mengajarkan cara?,0.6241
52,6,Guru mengajarkan cara membuat asbak.,Guru,mengajarkan,cara,,Apa yang Guru ajarkan?,0.6662
52,7,Bayu mengambil segenggam tanah liat.,Bayu,mengambil,segenggam tanah liat,,Siapa yang mengambil segenggam tanah liat?,0.822
52,7,Bayu mengambil segenggam tanah liat.,Bayu,mengambil,segenggam tanah liat,,Apa yang Bayu ambil?,0.4326
52,8,Bayu membentuk tanah menjadi bola.,Bayu,membentuk menjadi,bola,,Siapa yang membentuk menjadi bola?,0.7019
52,8,Bayu membentuk tanah menjadi bola.,Bayu,membentuk menjadi,bola,,Apa yang Bayu bentuki?,0.2655
52,9,Bayu menekan bagian tengah bola.,Bayu,menekan,bagian tengah bola,,Siapa yang menekan bagian tengah bola?,0.8414
52,9,Bayu menekan bagian tengah bola.,Bayu,menekan,bagian tengah bola,,Apa yang Bayu tekan?,0.3249
52,10,Tanah liat berubah bentuk menjadi mangkuk kecil.,Tanah liat,berubah menjadi,mangkuk kecil,,Apa yang berubah menjadi mangkuk kecil?,0.7016
52,10,Tanah liat berubah bentuk menjadi mangkuk kecil.,Tanah liat,berubah menjadi,mangkuk kecil,,Apa yang Tanah liat rubahi?,0.6485
52,11,Bayu merapikan pinggiran mangkuk dengan jari.,Bayu,merapikan,pinggiran mangkuk,dengan jari,Siapa yang merapikan pinggiran mangkuk dengan jari?,0.8291
52,11,Bayu merapikan pinggiran mangkuk dengan jari.,Bayu,merapikan,pinggiran mangkuk,dengan jari,Apa yang Bayu rapikan dengan jari?,0.682
52,12,Bayu menambahkan hiasan bunga di luar mangkuk.,Bayu,menambahkan,hiasan bunga,di luar mangkuk,Siapa yang menambahkan hiasan bunga di luar mangkuk?,0.8196
52,12,Bayu menambahkan hiasan bunga di luar mangkuk.,Bayu,menambahkan,hiasan bunga,di luar mangkuk,Apa yang Bayu tambahkan di luar mangkuk?,0.6308
52,12,Bayu menambahkan hiasan bunga di luar mangkuk.,Bayu,menambahkan,hiasan bunga,di luar mangkuk,Di mana Bayu menambahkan hiasan bunga?,0.7277
52,13,Bayu menggunakan tusuk gigi untuk menggambar pola.,Bayu,menggunakan menggambar,pola,,Siapa yang menggunakan menggambar pola?,0.6453
52,13,Bayu menggunakan tusuk gigi untuk menggambar pola.,Bayu,menggunakan menggambar,pola,,Apa yang Bayu guna?,0.1078
52,14,Asbak buatan Bayu terlihat bagus.,Bayu,terlihat,,bagus,Siapa yang terlihat bagus?,0.3142
52,15,Siswa lain membuat bentuk hewan.,Siswa lain,membuat,bentuk hewan,,Apa yang membuat bentuk hewan?,0.62
52,15,Siswa lain membuat bentuk hewan.,Siswa lain,membuat,bentuk hewan,,Apa yang Siswa lain buat?,0.555
52,16,Ani membuat kura-kura kecil dari tanah liat.,Ani,membuat,kura-kura kecil,dari tanah liat,Siapa yang membuat kura-kura kecil dari tanah liat?,0.7826
52,16,Ani membuat kura-kura kecil dari tanah liat.,Ani,membuat,kura-kura kecil,dari tanah liat,Apa yang Ani buat dari tanah liat?,0.6038
52,16,Ani membuat kura-kura kecil dari tanah liat.,Ani,membuat,kura-kura kecil,dari tanah liat,Dari mana Ani membuat kura-kura kecil?,0.818
52,17,Guru mengumpulkan semua hasil karya siswa.,Guru,mengumpulkan,semua hasil karya siswa,,Siapa yang mengumpulkan semua hasil karya siswa?,0.7781
52,17,Guru mengumpulkan semua hasil karya siswa.,Guru,mengumpulkan,semua hasil karya siswa,,Apa yang Guru kumpulkan?,0.4712
52,18,Karya tanah liat dijemur di bawah matahari.,,dijemur,,di bawah matahari,Di mana  dijemur ?,0.2777
52,19,Tanah liat akan mengeras setelah kering.,Tanah liat,akan mengeras,,setelah kering,Apa yang akan mengeras setelah kering?,0.7188
52,19,Tanah liat akan mengeras setelah kering.,Tanah liat,akan mengeras,,setelah kering,Kapan Tanah liat akan mengeras ?,0.4993
52,21,Mereka mencuci tangan di keran luar kelas.,Mereka,mencuci,tangan,di keran luar kelas,Siapa yang mencuci tangan di keran luar kelas?,0.8463
52,21,Mereka mencuci tangan di keran luar kelas.,Mereka,mencuci,tangan,di keran luar kelas,Apa yang Mereka cuci di keran luar kelas?,0.7712
52,21,Mereka mencuci tangan di keran luar kelas.,Mereka,mencuci,tangan,di keran luar kelas,Di mana Mereka mencuci tangan?,0.7517
52,22,Mereka menggunakan sabun untuk membersihkan kotoran.,Mereka,menggunakan membersihkan,kotoran,,Siapa yang menggunakan membersihkan kotoran?,0.6614
52,22,Mereka menggunakan sabun untuk membersihkan kotoran.,Mereka,menggunakan membersihkan,kotoran,,Apa yang Mereka gunakan?,0.3
52,24,Bayu berharap mendapat nilai bagus.,Bayu,berharap mendapat,nilai bagus,,Siapa yang berharap mendapat nilai bagus?,0.8994
52,24,Bayu berharap mendapat nilai bagus.,Bayu,berharap mendapat,nilai bagus,,Apa yang Bayu harap?,0.3712
52,25,Pelajaran kesenian sangat menyenangkan.,Pelajaran kesenian,menyenangkan,,sangat,Apa yang menyenangkan sangat?,0.4415
53,1,Kulkas di rumah sudah kosong.,Kulkas,sudah kosong,,di rumah,Siapa yang sudah kosong di rumah?,0.4268
53,1,Kulkas di rumah sudah kosong.,Kulkas,sudah kosong,,di rumah,Di mana Kulkas sudah kosong ?,0.7368
53,2,Ibu mengajak Tiara pergi berbelanja.,Ibu,mengajak pergi,Tiara,,Siapa yang mengajak pergi Tiara?,0.5769
53,2,Ibu mengajak Tiara pergi berbelanja.,Ibu,mengajak pergi,Tiara,,Siapa yang Ibu ajaki?,0.1639
53,3,Mereka pergi ke swalayan besar.,Mereka,pergi,,ke swalayan besar,Siapa yang pergi ke swalayan besar?,0.7965
53,3,Mereka pergi ke swalayan besar.,Mereka,pergi,,ke swalayan besar,Ke mana Mereka pergi ?,0.4242
53,4,Tiara mengambil sebuah troli belanja.,Tiara,mengambil,sebuah troli belanja,,Siapa yang mengambil sebuah troli belanja?,0.5063
53,4,Tiara mengambil sebuah troli belanja.,Tiara,mengambil,sebuah troli belanja,,Apa yang Tiara ambil?,0.57
53,5,Ibu berjalan ke rak susu.,Ibu,berjalan,,ke rak susu,Apa yang berjalan ke rak susu?,0.787
53,5,Ibu berjalan ke rak susu.,Ibu,berjalan,,ke rak susu,Ke mana Ibu berjalan ?,0.3752
53,6,Ibu mengambil dua kotak susu cair.,Ibu,mengambil,dua kotak susu cair,,Apa yang mengambil dua kotak susu cair?,0.9035
53,6,Ibu mengambil dua kotak susu cair.,Ibu,mengambil,dua kotak susu cair,,Apa yang Ibu ambil?,0.2681
53,7,Tiara mendorong troli dengan semangat.,Tiara,mendorong,troli,dengan semangat,Siapa yang mendorong troli dengan semangat?,0.4642
53,7,Tiara mendorong troli dengan semangat.,Tiara,mendorong,troli,dengan semangat,Apa yang Tiara dorong dengan semangat?,0.8202
53,8,Mereka menuju lorong makanan ringan.,Mereka,menuju,lorong makanan ringan,,Siapa yang menuju lorong makanan ringan?,0.802
53,8,Mereka menuju lorong makanan ringan.,Mereka,menuju,lorong makanan ringan,,Apa yang Mereka tuju?,0.3558
53,9,Tiara memilih sebungkus biskuit cokelat.,Tiara,memilih,sebungkus biskuit cokelat,,Siapa yang memilih sebungkus biskuit cokelat?,0.6946
53,9,Tiara memilih sebungkus biskuit cokelat.,Tiara,memilih,sebungkus biskuit cokelat,,Apa yang Tiara pilih?,0.3425
53,10,Tiara memasukkan biskuit ke dalam troli.,Tiara,memasukkan,biskuit,ke dalam troli,Siapa yang memasukkan biskuit ke dalam troli?,0.5085
53,10,Tiara memasukkan biskuit ke dalam troli.,Tiara,memasukkan,biskuit,ke dalam troli,Apa yang Tiara masukkan ke dalam troli?,0.6396
53,10,Tiara memasukkan biskuit ke dalam troli.,Tiara,memasukkan,biskuit,ke dalam troli,Ke mana Tiara memasukkan biskuit?,0.7983
53,11,Ibu mencari sabun cuci pakaian.,Ibu,mencari,sabun cuci pakaian,,Apa yang mencari sabun cuci pakaian?,0.922
53,11,Ibu mencari sabun cuci pakaian.,Ibu,mencari,sabun cuci pakaian,,Apa yang Ibu cari?,0.2997
53,12,Ibu menemukan sabun cuci di rak bawah.,Ibu,menemukan,sabun cuci,di rak bawah,Siapa yang menemukan sabun cuci di rak bawah?,0.8604
53,12,Ibu menemukan sabun cuci di rak bawah.,Ibu,menemukan,sabun cuci,di rak bawah,Apa yang Ibu temukan di rak bawah?,0.5368
53,12,Ibu menemukan sabun cuci di rak bawah.,Ibu,menemukan,sabun cuci,di rak bawah,Di mana Ibu menemukan sabun cuci?,0.8221
53,13,Ibu mengambil minyak goreng dan beras.,Ibu,mengambil,minyak goreng,,Apa yang mengambil minyak goreng?,0.6809
53,13,Ibu mengambil minyak goreng dan beras.,Ibu,mengambil,minyak goreng,,Apa yang Ibu ambil?,0.2877
53,14,Troli belanjaan menjadi semakin berat.,Troli belanjaan,menjadi,,semakin berat,Apa yang menjadi semakin berat?,0.5858
53,15,Tiara membantu ibu mendorong troli.,Tiara,membantu mendorong,troli,,Siapa yang membantu mendorong troli?,0.2887
53,15,Tiara membantu ibu mendorong troli.,Tiara,membantu mendorong,troli,,Apa yang Tiara bantu?,0.5901
53,16,Mereka berjalan ke kasir pembayaran.,Mereka,berjalan,,ke kasir pembayaran,Siapa yang berjalan ke kasir pembayaran?,0.8442
53,16,Mereka berjalan ke kasir pembayaran.,Mereka,berjalan,,ke kasir pembayaran,Ke mana Mereka berjalan ?,0.3585
53,17,Ibu mengeluarkan barang dari troli.,Ibu,mengeluarkan,barang,dari troli,Siapa yang mengeluarkan barang dari troli?,0.7374
53,17,Ibu mengeluarkan barang dari troli.,Ibu,mengeluarkan,barang,dari troli,Apa yang Ibu keluarkan dari troli?,0.7455
53,17,Ibu mengeluarkan barang dari troli.,Ibu,mengeluarkan,barang,dari troli,Dari mana Ibu mengeluarkan barang?,0.711
53,18,Kasir memindai kode barang tersebut.,Kasir,memindai,kode barang tersebut,,Siapa yang memindai kode barang tersebut?,0.8843
53,18,Kasir memindai kode barang tersebut.,Kasir,memindai,kode barang tersebut,,Apa yang Kasir pindai?,0.1658
53,19,Mesin kasir mengeluarkan bunyi bip.,Mesin kasir,mengeluarkan,bunyi bip,,Apa yang mengeluarkan bunyi bip?,0.8508
53,19,Mesin kasir mengeluarkan bunyi bip.,Mesin kasir,mengeluarkan,bunyi bip,,Apa yang Mesin kasir keluarkan?,0.5399
53,20,Tiara memasukkan barang ke kantong kain.,Tiara,memasukkan,barang,ke kantong kain,Siapa yang memasukkan barang ke kantong kain?,0.6435
53,20,Tiara memasukkan barang ke kantong kain.,Tiara,memasukkan,barang,ke kantong kain,Apa yang Tiara masukkan ke kantong kain?,0.8591
53,20,Tiara memasukkan barang ke kantong kain.,Tiara,memasukkan,barang,ke kantong kain,Ke mana Tiara memasukkan barang?,0.6088
53,21,Ibu membayar menggunakan kartu debit.,Ibu,membayar menggunakan,kartu debit,,Siapa yang membayar menggunakan kartu debit?,0.7834
53,21,Ibu membayar menggunakan kartu debit.,Ibu,membayar menggunakan,kartu debit,,Apa yang Ibu bayarkan?,0.5495
53,22,Kasir menyerahkan struk belanja kepada ibu.,Kasir,menyerahkan,struk belanja,kepada ibu,Siapa yang menyerahkan struk belanja kepada ibu?,0.8324
53,22,Kasir menyerahkan struk belanja kepada ibu.,Kasir,menyerahkan,struk belanja,kepada ibu,Apa yang Kasir serahkan kepada ibu?,0.8333
53,23,Mereka membawa barang belanjaan ke mobil.,Mereka,membawa,barang belanjaan,ke mobil,Siapa yang membawa barang belanjaan ke mobil?,0.8361
53,23,Mereka membawa barang belanjaan ke mobil.,Mereka,membawa,barang belanjaan,ke mobil,Apa yang Mereka bawa ke mobil?,0.7929
53,23,Mereka membawa barang belanjaan ke mobil.,Mereka,membawa,barang belanjaan,ke mobil,Ke mana Mereka membawa barang belanjaan?,0.6985
53,24,Ayah membantu memasukkan barang ke bagasi.,Ayah,membantu memasukkan,barang,ke bagasi,Siapa yang membantu memasukkan barang ke bagasi?,0.7964
53,24,Ayah membantu memasukkan barang ke bagasi.,Ayah,membantu memasukkan,barang,ke bagasi,Apa yang Ayah bantukan ke bagasi?,0.7843
53,24,Ayah membantu memasukkan barang ke bagasi.,Ayah,membantu memasukkan,barang,ke bagasi,Ke mana Ayah membantu memasukkan barang?,0.5694
53,25,Mereka langsung pulang ke rumah.,Mereka,pulang,,langsung ke rumah,Siapa yang pulang langsung ke rumah?,0.7405
53,25,Mereka langsung pulang ke rumah.,Mereka,pulang,,langsung ke rumah,Ke mana Mereka pulang ?,0.599
54,1,Liburan sekolah telah tiba.,Liburan sekolah,telah tiba,,,Apa yang telah tiba?,0.4094
54,2,Keluarga Feri berkunjung ke kebun stroberi.,Keluarga Feri,berkunjung,,ke kebun stroberi,Siapa yang berkunjung ke kebun stroberi?,0.7161
54,2,Keluarga Feri berkunjung ke kebun stroberi.,Keluarga Feri,berkunjung,,ke kebun stroberi,Ke mana Keluarga Feri berkunjung ?,0.5647
54,3,Kebun itu berada di dataran tinggi.,Kebun itu,berada,,di dataran tinggi,Apa yang berada di dataran tinggi?,0.4621
54,3,Kebun itu berada di dataran tinggi.,Kebun itu,berada,,di dataran tinggi,Di mana Kebun itu berada ?,0.6739
54,4,Udara di sana sangat sejuk.,Udara,sejuk,,sangat di sana,Siapa yang sejuk sangat di sana?,0.7319
54,4,Udara di sana sangat sejuk.,Udara,sejuk,,sangat di sana,Di mana Udara sejuk ?,0.8689
54,5,Petugas kebun membagikan keranjang kecil.,Petugas kebun,membagikan,keranjang kecil,,Apa yang membagikan keranjang kecil?,0.4606
54,5,Petugas kebun membagikan keranjang kecil.,Petugas kebun,membagikan,keranjang kecil,,Apa yang Petugas kebun bagikan?,0.7476
54,6,Feri membawa gunting khusus.,Feri,membawa,gunting khusus,,Siapa yang membawa gunting khusus?,0.6622
54,6,Feri membawa gunting khusus.,Feri,membawa,gunting khusus,,Apa yang Feri bawa?,0.845
54,7,Mereka berjalan menyusuri barisan tanaman stroberi.,Mereka,berjalan menyusuri,barisan tanaman stroberi,,Siapa yang berjalan menyusuri barisan tanaman stroberi?,0.8483
54,7,Mereka berjalan menyusuri barisan tanaman stroberi.,Mereka,berjalan menyusuri,barisan tanaman stroberi,,Apa yang Mereka jalani?,0.3216
54,8,Tanaman stroberi tumbuh merambat di tanah.,Tanaman stroberi,tumbuh merambat,,di tanah,Apa yang tumbuh merambat di tanah?,0.6584
54,8,Tanaman stroberi tumbuh merambat di tanah.,Tanaman stroberi,tumbuh merambat,,di tanah,Di mana Tanaman stroberi tumbuh merambat ?,0.8525
54,9,Feri mencari buah stroberi matang.,Feri,mencari,buah stroberi matang,,Siapa yang mencari buah stroberi matang?,0.8478
54,9,Feri mencari buah stroberi matang.,Feri,mencari,buah stroberi matang,,Apa yang Feri cari?,0.3008
54,10,Feri menemukan stroberi berwarna merah tua.,Feri,menemukan,stroberi,,Siapa yang menemukan stroberi?,0.6843
54,10,Feri menemukan stroberi berwarna merah tua.,Feri,menemukan,stroberi,,Apa yang Feri temukan?,0.4543
54,11,Feri memotong tangkai stroberi dengan gunting.,Feri,memotong,tangkai stroberi,dengan gunting,Siapa yang memotong tangkai stroberi dengan gunting?,0.7693
54,11,Feri memotong tangkai stroberi dengan gunting.,Feri,memotong,tangkai stroberi,dengan gunting,Apa yang Feri potong dengan gunting?,0.7512
54,12,Feri memasukkan stroberi ke keranjang.,Feri,memasukkan,stroberi,ke keranjang,Siapa yang memasukkan stroberi ke keranjang?,0.6377
54,12,Feri memasukkan stroberi ke keranjang.,Feri,memasukkan,stroberi,ke keranjang,Apa yang Feri masukkan ke keranjang?,0.7321
54,12,Feri memasukkan stroberi ke keranjang.,Feri,memasukkan,stroberi,ke keranjang,Ke mana Feri memasukkan stroberi?,0.7718
54,13,Ibu menemukan stroberi ukuran besar.,Ibu,menemukan,stroberi ukuran besar,,Siapa yang menemukan stroberi ukuran besar?,0.836
54,13,Ibu menemukan stroberi ukuran besar.,Ibu,menemukan,stroberi ukuran besar,,Apa yang Ibu temukan?,0.2659
54,14,Adik memetik stroberi yang masih sedikit hijau.,Adik,memetik,stroberi yang masih sedikit hijau,masih sedikit,Siapa yang memetik stroberi yang masih sedikit hijau masih sedikit?,0.7996
54,14,Adik memetik stroberi yang masih sedikit hijau.,Adik,memetik,stroberi yang masih sedikit hijau,masih sedikit,Apa yang Adik petik masih sedikit?,0.202
54,15,Ibu mengingatkan adik untuk memilih warna merah.,Ibu,mengingatkan memilih,warna merah,,Siapa yang mengingatkan memilih warna merah?,0.8421
54,15,Ibu mengingatkan adik untuk memilih warna merah.,Ibu,mengingatkan memilih,warna merah,,Apa yang Ibu ingat?,0.2052
54,18,Ayah memotret Feri di tengah kebun.,Ayah,memotret,Feri,di tengah kebun,Siapa yang memotret Feri di tengah kebun?,0.8553
54,18,Ayah memotret Feri di tengah kebun.,Ayah,memotret,Feri,di tengah kebun,Siapa yang Ayah potret di tengah kebun?,0.7124
54,18,Ayah memotret Feri di tengah kebun.,Ayah,memotret,Feri,di tengah kebun,Di mana Ayah memotret Feri?,0.6297
54,19,Mereka memetik stroberi selama satu jam.,Mereka,memetik,stroberi,selama satu jam,Siapa yang memetik stroberi selama satu jam?,0.7863
54,19,Mereka memetik stroberi selama satu jam.,Mereka,memetik,stroberi,selama satu jam,Apa yang Mereka petik selama satu jam?,0.5655
54,20,Mereka membawa keranjang ke tempat penimbangan.,Mereka,membawa,keranjang,ke tempat penimbangan,Siapa yang membawa keranjang ke tempat penimbangan?,0.7661
54,20,Mereka membawa keranjang ke tempat penimbangan.,Mereka,membawa,keranjang,ke tempat penimbangan,Apa yang Mereka bawa ke tempat penimbangan?,0.8207
54,20,Mereka membawa keranjang ke tempat penimbangan.,Mereka,membawa,keranjang,ke tempat penimbangan,Ke mana Mereka membawa keranjang?,0.6437
54,21,Petugas menimbang semua stroberi tersebut.,Petugas,menimbang,semua stroberi tersebut,,Siapa yang menimbang semua stroberi tersebut?,0.5875
54,21,Petugas menimbang semua stroberi tersebut.,Petugas,menimbang,semua stroberi tersebut,,Apa yang Petugas timbang?,0.4987
54,22,Ayah membayar sesuai berat stroberi.,Ayah,membayar,,sesuai berat stroberi,Siapa yang membayar sesuai berat stroberi?,0.8708
54,23,Feri mencuci buah stroberi di tempat pencucian.,Feri,mencuci,buah stroberi,di tempat pencucian,Siapa yang mencuci buah stroberi di tempat pencucian?,0.7938
54,23,Feri mencuci buah stroberi di tempat pencucian.,Feri,mencuci,buah stroberi,di tempat pencucian,Apa yang Feri cuci di tempat pencucian?,0.4831
54,23,Feri mencuci buah stroberi di tempat pencucian.,Feri,mencuci,buah stroberi,di tempat pencucian,Di mana Feri mencuci buah stroberi?,0.7076
54,24,Feri memakan satu buah stroberi manis.,Feri,memakan,satu buah stroberi manis,,Siapa yang memakan satu buah stroberi manis?,0.7716
54,24,Feri memakan satu buah stroberi manis.,Feri,memakan,satu buah stroberi manis,,Apa yang Feri makan?,0.3837
54,25,Mereka membawa sisa stroberi pulang.,Mereka,membawa,sisa stroberi,,Siapa yang membawa sisa stroberi?,0.7697
54,25,Mereka membawa sisa stroberi pulang.,Mereka,membawa,sisa stroberi,,Apa yang Mereka bawa?,0.44
55,1,Hujan turun sangat deras di siang hari.,Hujan,turun,,sangat deras di siang hari,Siapa yang turun sangat deras di siang hari?,0.7624
55,1,Hujan turun sangat deras di siang hari.,Hujan,turun,,sangat deras di siang hari,Kapan Hujan turun ?,0.7089
55,1,Hujan turun sangat deras di siang hari.,Hujan,turun,,sangat deras di siang hari,Di mana Hujan turun ?,0.7182
55,2,Halaman rumah tergenang air bersih.,Halaman rumah,tergenang,air bersih,,Apa yang tergenang air bersih?,0.6745
55,2,Halaman rumah tergenang air bersih.,Halaman rumah,tergenang,air bersih,,Apa yang Halaman rumah genang?,0.2561
55,3,Rudi meminta izin kepada ibu.,Rudi,meminta,izin,kepada ibu,Siapa yang meminta izin kepada ibu?,0.6945
55,3,Rudi meminta izin kepada ibu.,Rudi,meminta,izin,kepada ibu,Apa yang Rudi pinta kepada ibu?,0.7397
55,4,Rudi ingin bermain hujan-hujanan.,Rudi,ingin bermain,hujan-hujanan,,Siapa yang ingin bermain hujan-hujanan?,0.6501
55,4,Rudi ingin bermain hujan-hujanan.,Rudi,ingin bermain,hujan-hujanan,,Apa yang Rudi main?,0.613
55,5,Ibu memberikan izin kepada Rudi.,Ibu,memberikan,izin,kepada rudi,Siapa yang memberikan izin kepada rudi?,0.675
55,5,Ibu memberikan izin kepada Rudi.,Ibu,memberikan,izin,kepada rudi,Apa yang Ibu berikan kepada rudi?,0.5056
55,6,Rudi berlari keluar rumah.,Rudi,berlari keluar,rumah,,Siapa yang berlari keluar rumah?,0.6786
55,6,Rudi berlari keluar rumah.,Rudi,berlari keluar,rumah,,Apa yang Rudi lari?,0.6595
55,7,Air hujan membasahi tubuh Rudi.,Air hujan,membasahi,tubuh Rudi,,Apa yang membasahi tubuh Rudi?,0.7342
55,7,Air hujan membasahi tubuh Rudi.,Air hujan,membasahi,tubuh Rudi,,Siapa yang Air hujan basahi?,0.5018
55,8,Rudi melompat ke dalam genangan air.,Rudi,melompat,,ke dalam genangan air,Siapa yang melompat ke dalam genangan air?,0.625
55,8,Rudi melompat ke dalam genangan air.,Rudi,melompat,,ke dalam genangan air,Ke mana Rudi melompat ?,0.6179
55,9,Air memercik ke segala arah.,Air,memercik,,ke segala arah,Apa yang memercik ke segala arah?,0.5415
55,9,Air memercik ke segala arah.,Air,memercik,,ke segala arah,Ke mana Air memercik ?,0.6081
55,11,Edo tetangga sebelah ikut keluar rumah.,Edo tetangga,ikut keluar,rumah,,Apa yang ikut keluar rumah?,0.5606
55,11,Edo tetangga sebelah ikut keluar rumah.,Edo tetangga,ikut keluar,rumah,,Apa yang Edo tetangga ikut?,0.7487
55,12,Edo dan Rudi bermain bersama.,Edo dan Rudi,bermain,,bersama,Siapa yang bermain bersama?,0.3378
55,13,Mereka membuat perahu dari daun pisang.,Mereka,membuat,perahu,dari daun pisang,Siapa yang membuat perahu dari daun pisang?,0.8803
55,13,Mereka membuat perahu dari daun pisang.,Mereka,membuat,perahu,dari daun pisang,Apa yang Mereka buat dari daun pisang?,0.7013
55,13,Mereka membuat perahu dari daun pisang.,Mereka,membuat,perahu,dari daun pisang,Dari mana Mereka membuat perahu?,0.5702
55,14,Mereka meletakkan perahu di aliran selokan.,Mereka,meletakkan,perahu,di aliran selokan,Siapa yang meletakkan perahu di aliran selokan?,0.7854
55,14,Mereka meletakkan perahu di aliran selokan.,Mereka,meletakkan,perahu,di aliran selokan,Apa yang Mereka letakkan di aliran selokan?,0.3726
55,14,Mereka meletakkan perahu di aliran selokan.,Mereka,meletakkan,perahu,di aliran selokan,Di mana Mereka meletakkan perahu?,0.7761
55,15,Perahu daun mengalir terbawa arus air.,Perahu daun,mengalir terbawa,arus air,,Apa yang mengalir terbawa arus air?,0.5572
55,15,Perahu daun mengalir terbawa arus air.,Perahu daun,mengalir terbawa,arus air,,Apa yang Perahu daun alir?,0.6567
55,16,Mereka mengejar perahu daun itu.,Mereka,mengejar,perahu daun itu,,Siapa yang mengejar perahu daun itu?,0.825
55,16,Mereka mengejar perahu daun itu.,Mereka,mengejar,perahu daun itu,,Apa yang Mereka kejar?,0.2066
55,17,Hujan mulai mereda secara perlahan.,Hujan,mulai mereda,,,Siapa yang mulai mereda?,0.1584
55,18,Udara terasa sangat dingin di kulit.,,terasa,,sangat dingin di kulit,Di mana  terasa ?,0.3256
55,19,Tubuh Rudi menggigil kedinginan.,Tubuh Rudi,menggigil,kedinginan,,Siapa yang menggigil kedinginan?,0.3532
55,19,Tubuh Rudi menggigil kedinginan.,Tubuh Rudi,menggigil,kedinginan,,Apa yang Tubuh Rudi menggigil?,0.8032
55,20,Ibu memanggil Rudi dari teras rumah.,Ibu,memanggil,Rudi,dari teras rumah,Siapa yang memanggil Rudi dari teras rumah?,0.8361
55,20,Ibu memanggil Rudi dari teras rumah.,Ibu,memanggil,Rudi,dari teras rumah,Siapa yang Ibu panggil dari teras rumah?,0.5257
55,20,Ibu memanggil Rudi dari teras rumah.,Ibu,memanggil,Rudi,dari teras rumah,Dari mana Ibu memanggil Rudi?,0.7229
55,21,Rudi dan Edo berhenti bermain.,Rudi dan Edo,berhenti bermain,,,Siapa yang berhenti bermain?,0.5445
55,22,Rudi masuk ke kamar mandi.,Rudi,masuk,,ke kamar mandi,Siapa yang masuk ke kamar mandi?,0.7267
55,22,Rudi masuk ke kamar mandi.,Rudi,masuk,,ke kamar mandi,Ke mana Rudi masuk ?,0.5855
55,23,Rudi mandi menggunakan air hangat.,Rudi mandi,menggunakan,air hangat,,Apa yang menggunakan air hangat?,0.6338
55,23,Rudi mandi menggunakan air hangat.,Rudi mandi,menggunakan,air hangat,,Apa yang Rudi mandi gunakan?,0.7235
55,24,Ibu menyuguhkan teh manis hangat.,Ibu,menyuguhkan,teh manis hangat,,Siapa yang menyuguhkan teh manis hangat?,0.7923
55,24,Ibu menyuguhkan teh manis hangat.,Ibu,menyuguhkan,teh manis hangat,,Apa yang Ibu suguhkan?,0.2145
55,25,Rudi meminum teh itu dengan perlahan.,Rudi,meminum,teh itu,perlahan,Siapa yang meminum teh itu perlahan?,0.6782
55,25,Rudi meminum teh itu dengan perlahan.,Rudi,meminum,teh itu,perlahan,Apa yang Rudi pinum perlahan?,0.3791
56,1,Taman kota memiliki sebuah kolam besar.,Taman kota,memiliki,sebuah kolam besar,,Apa yang memiliki sebuah kolam besar?,0.6952
56,1,Taman kota memiliki sebuah kolam besar.,Taman kota,memiliki,sebuah kolam besar,,Apa yang Taman kota miliki?,0.5519
56,2,Kolam itu berisi banyak ikan koi.,Kolam itu,berisi,ikan koi,banyak,Apa yang berisi ikan koi banyak?,0.8922
56,2,Kolam itu berisi banyak ikan koi.,Kolam itu,berisi,ikan koi,banyak,Apa yang Kolam itu isi banyak?,0.2909
56,3,Dika datang ke taman bersama ayah.,Dika,datang,,ke taman bersama ayah,Siapa yang datang ke taman bersama ayah?,0.8992
56,3,Dika datang ke taman bersama ayah.,Dika,datang,,ke taman bersama ayah,Ke mana Dika datang ?,0.2557
56,4,Dika membawa sebungkus pelet ikan.,Dika,membawa,sebungkus pelet ikan,,Siapa yang membawa sebungkus pelet ikan?,0.8428
56,4,Dika membawa sebungkus pelet ikan.,Dika,membawa,sebungkus pelet ikan,,Apa yang Dika bawa?,0.4655
56,5,Dika berdiri di pinggir kolam.,Dika,berdiri,,di pinggir kolam,Siapa yang berdiri di pinggir kolam?,0.857
56,5,Dika berdiri di pinggir kolam.,Dika,berdiri,,di pinggir kolam,Di mana Dika berdiri ?,0.3782
56,6,Ikan-ikan koi berenang mendekati Dika.,Ikan-ikan koi,berenang mendekati,Dika,,Apa yang berenang mendekati Dika?,0.7372
56,6,Ikan-ikan koi berenang mendekati Dika.,Ikan-ikan koi,berenang mendekati,Dika,,Siapa yang Ikan-ikan koi renangi?,0.7892
56,7,Ikan koi memiliki warna merah dan putih.,Ikan koi,memiliki,warna merah,,Apa yang memiliki warna merah?,0.4671
56,7,Ikan koi memiliki warna merah dan putih.,Ikan koi,memiliki,warna merah,,Apa yang Ikan koi miliki?,0.761
56,8,Dika mengambil segenggam pelet ikan.,Dika,mengambil,segenggam pelet ikan,,Siapa yang mengambil segenggam pelet ikan?,0.8287
56,8,Dika mengambil segenggam pelet ikan.,Dika,mengambil,segenggam pelet ikan,,Apa yang Dika ambil?,0.3116
56,9,Dika melempar pelet ke tengah kolam.,Dika,melempar,pelet,ke tengah kolam,Siapa yang melempar pelet ke tengah kolam?,0.8371
56,9,Dika melempar pelet ke tengah kolam.,Dika,melempar,pelet,ke tengah kolam,Apa yang Dika lempar ke tengah kolam?,0.862
56,9,Dika melempar pelet ke tengah kolam.,Dika,melempar,pelet,ke tengah kolam,Ke mana Dika melempar pelet?,0.3634
56,10,Ikan-ikan koi berebut memakan pelet.,Ikan-ikan koi,berebut memakan,pelet,,Apa yang berebut memakan pelet?,0.5374
56,10,Ikan-ikan koi berebut memakan pelet.,Ikan-ikan koi,berebut memakan,pelet,,Apa yang Ikan-ikan koi rebutkan?,0.7223
56,11,Air kolam beriak karena gerakan ikan.,Air kolam,beriak,,karena gerakan ikan,Apa yang beriak karena gerakan ikan?,0.8019
56,12,Mulut ikan koi terbuka lebar.,Mulut ikan koi,terbuka,,lebar,Apa yang terbuka lebar?,0.4002
56,13,Dika merasa sangat terhibur melihatnya.,Dika,merasa terhibur,nya,,Siapa yang merasa terhibur nya?,0.6544
56,13,Dika merasa sangat terhibur melihatnya.,Dika,merasa terhibur,nya,,Apa yang Dika rasa?,0.2704
56,14,Dika kembali melempar pelet ikan.,Dika,melempar,pelet ikan,kembali,Siapa yang melempar pelet ikan kembali?,0.8762
56,14,Dika kembali melempar pelet ikan.,Dika,melempar,pelet ikan,kembali,Apa yang Dika lempar kembali?,0.6563
56,15,Ikan koi berkumpul semakin banyak.,Ikan koi,berkumpul,,semakin banyak,Siapa yang berkumpul semakin banyak?,0.3601
56,16,Ayah merekam kejadian itu dengan ponsel.,Ayah,merekam,kejadian itu,dengan ponsel,Siapa yang merekam kejadian itu dengan ponsel?,0.8455
56,16,Ayah merekam kejadian itu dengan ponsel.,Ayah,merekam,kejadian itu,dengan ponsel,Apa yang Ayah rekam dengan ponsel?,0.5367
56,17,Pelet ikan di bungkus sudah habis.,Pelet ikan,sudah habis,,di bungkus,Apa yang sudah habis di bungkus?,0.639
56,17,Pelet ikan di bungkus sudah habis.,Pelet ikan,sudah habis,,di bungkus,Di mana Pelet ikan sudah habis ?,0.7533
56,18,Ikan-ikan berenang menjauhi pinggir kolam.,Ikan-ikan berenang,menjauhi,pinggir kolam,,Apa yang menjauhi pinggir kolam?,0.6341
56,18,Ikan-ikan berenang menjauhi pinggir kolam.,Ikan-ikan berenang,menjauhi,pinggir kolam,,Apa yang Ikan-ikan berenang jauhi?,0.6801
56,19,Dika membuang bungkus kosong ke tempat sampah.,Dika,membuang,bungkus kosong,ke tempat sampah,Siapa yang membuang bungkus kosong ke tempat sampah?,0.8453
56,19,Dika membuang bungkus kosong ke tempat sampah.,Dika,membuang,bungkus kosong,ke tempat sampah,Apa yang Dika buang ke tempat sampah?,0.828
56,19,Dika membuang bungkus kosong ke tempat sampah.,Dika,membuang,bungkus kosong,ke tempat sampah,Ke mana Dika membuang bungkus kosong?,0.7159
56,20,Dika mencuci tangan di keran taman.,Dika,mencuci,tangan,di keran taman,Siapa yang mencuci tangan di keran taman?,0.8361
56,20,Dika mencuci tangan di keran taman.,Dika,mencuci,tangan,di keran taman,Apa yang Dika cuci di keran taman?,0.7197
56,20,Dika mencuci tangan di keran taman.,Dika,mencuci,tangan,di keran taman,Di mana Dika mencuci tangan?,0.7332
56,21,Mereka duduk di bangku taman.,Mereka,duduk,,di bangku taman,Siapa yang duduk di bangku taman?,0.744
56,21,Mereka duduk di bangku taman.,Mereka,duduk,,di bangku taman,Di mana Mereka duduk ?,0.5482
56,22,Ayah membelikan Dika kacang rebus.,Ayah,membelikan,Dika kacang rebus,,Siapa yang membelikan Dika kacang rebus?,0.8331
56,22,Ayah membelikan Dika kacang rebus.,Ayah,membelikan,Dika kacang rebus,,Siapa yang Ayah belikan?,0.4419
56,23,Mereka menikmati suasana taman yang sejuk.,Mereka,menikmati,suasana taman yang sejuk,,Siapa yang menikmati suasana taman yang sejuk?,0.8314
56,23,Mereka menikmati suasana taman yang sejuk.,Mereka,menikmati,suasana taman yang sejuk,,Apa yang Mereka nikmati?,0.2992
56,24,Angin berhembus sangat pelan.,Angin,berhembus,,sangat pelan,Siapa yang berhembus sangat pelan?,0.7039
56,25,Dika mengajak ayah pulang.,Dika,mengajak,ayah,,Siapa yang mengajak ayah?,0.7099
56,25,Dika mengajak ayah pulang.,Dika,mengajak,ayah,,Apa yang Dika ajak?,0.2367
57,1,Rombongan sirkus datang ke kota.,Rombongan sirkus,datang,,ke kota,Apa yang datang ke kota?,0.4934
57,1,Rombongan sirkus datang ke kota.,Rombongan sirkus,datang,,ke kota,Ke mana Rombongan sirkus datang ?,0.8179
57,2,Ayah membeli tiga lembar tiket sirkus.,Ayah,membeli,tiga lembar tiket sirkus,,Siapa yang membeli tiga lembar tiket sirkus?,0.8769
57,2,Ayah membeli tiga lembar tiket sirkus.,Ayah,membeli,tiga lembar tiket sirkus,,Apa yang Ayah beli?,0.3896
57,3,Tenda sirkus berdiri di lapangan besar.,Tenda sirkus,berdiri,,di lapangan besar,Apa yang berdiri di lapangan besar?,0.5291
57,3,Tenda sirkus berdiri di lapangan besar.,Tenda sirkus,berdiri,,di lapangan besar,Di mana Tenda sirkus berdiri ?,0.7908
57,4,Tenda itu memiliki warna merah dan putih.,Tenda itu,memiliki,warna merah,,Apa yang memiliki warna merah?,0.4828
57,4,Tenda itu memiliki warna merah dan putih.,Tenda itu,memiliki,warna merah,,Apa yang Tenda itu miliki?,0.2696
57,5,Malam hari keluarga Gilang pergi ke sirkus.,keluarga Gilang,pergi,,malam hari ke sirkus,Apa yang pergi malam hari ke sirkus?,0.7699
57,5,Malam hari keluarga Gilang pergi ke sirkus.,keluarga Gilang,pergi,,malam hari ke sirkus,Kapan keluarga Gilang pergi ?,0.3891
57,5,Malam hari keluarga Gilang pergi ke sirkus.,keluarga Gilang,pergi,,malam hari ke sirkus,Ke mana keluarga Gilang pergi ?,0.4274
57,6,Mereka masuk ke dalam tenda.,Mereka,masuk,,ke dalam tenda,Siapa yang masuk ke dalam tenda?,0.8054
57,6,Mereka masuk ke dalam tenda.,Mereka,masuk,,ke dalam tenda,Ke mana Mereka masuk ?,0.4018
57,7,Banyak penonton duduk di kursi melingkar.,Banyak penonton,duduk,,di kursi melingkar,Apa yang duduk di kursi melingkar?,0.543
57,7,Banyak penonton duduk di kursi melingkar.,Banyak penonton,duduk,,di kursi melingkar,Di mana Banyak penonton duduk ?,0.8086
57,8,Lampu panggung menyala dengan terang.,Lampu panggung,menyala,,dengan terang,Apa yang menyala dengan terang?,0.6145
57,9,Pertunjukan sirkus mulai pada pukul delapan.,Pertunjukan sirkus,mulai,,,Apa yang mulai?,0.2988
57,10,Badut muncul dari balik tirai.,Badut,muncul,,dari balik tirai,Siapa yang muncul dari balik tirai?,0.6629
57,10,Badut muncul dari balik tirai.,Badut,muncul,,dari balik tirai,Dari mana Badut muncul ?,0.5857
57,11,Badut itu memakai sepatu sangat besar.,Badut itu,memakai,sepatu besar,,Apa yang memakai sepatu besar?,0.7879
57,11,Badut itu memakai sepatu sangat besar.,Badut itu,memakai,sepatu besar,,Apa yang Badut itu pakai?,0.1914
57,12,Badut melempar bola ke udara.,Badut,melempar,bola,ke udara,Siapa yang melempar bola ke udara?,0.8581
57,12,Badut melempar bola ke udara.,Badut,melempar,bola,ke udara,Apa yang Badut lempar ke udara?,0.6327
57,12,Badut melempar bola ke udara.,Badut,melempar,bola,ke udara,Ke mana Badut melempar bola?,0.6413
57,13,Badut menangkap bola dengan lucu.,Badut,menangkap,bola,dengan lucu,Siapa yang menangkap bola dengan lucu?,0.8834
57,13,Badut menangkap bola dengan lucu.,Badut,menangkap,bola,dengan lucu,Apa yang Badut tangkap dengan lucu?,0.5345
57,15,Pertunjukan selanjutnya adalah akrobat tali.,Pertunjukan selanjutnya,akrobat,,,Apa yang akrobat?,0.461
57,16,Pemain akrobat berjalan di atas tali kecil.,Pemain akrobat,berjalan,,di atas tali kecil,Apa yang berjalan di atas tali kecil?,0.5678
57,16,Pemain akrobat berjalan di atas tali kecil.,Pemain akrobat,berjalan,,di atas tali kecil,Di mana Pemain akrobat berjalan ?,0.6313
57,17,Pemain itu memegang tongkat panjang untuk keseimbangan.,Pemain itu,memegang,tongkat panjang,untuk keseimbangan,Apa yang memegang tongkat panjang untuk keseimbangan?,0.6584
57,17,Pemain itu memegang tongkat panjang untuk keseimbangan.,Pemain itu,memegang,tongkat panjang,untuk keseimbangan,Apa yang Pemain itu pegang untuk keseimbangan?,0.6626
57,18,Penonton menahan napas dengan tegang.,Penonton,menahan,napas,dengan tegang,Siapa yang menahan napas dengan tegang?,0.7459
57,18,Penonton menahan napas dengan tegang.,Penonton,menahan,napas,dengan tegang,Apa yang Penonton tahan dengan tegang?,0.3074
57,19,Pemain akrobat berhasil menyeberangi tali.,Pemain akrobat,berhasil menyeberangi,tali,,Apa yang berhasil menyeberangi tali?,0.7333
57,19,Pemain akrobat berhasil menyeberangi tali.,Pemain akrobat,berhasil menyeberangi,tali,,Apa yang Pemain akrobat berhasili?,0.562
57,20,Semua orang bertepuk tangan meriah.,Semua orang,bertepuk,tangan meriah,,Apa yang bertepuk tangan meriah?,0.7515
57,20,Semua orang bertepuk tangan meriah.,Semua orang,bertepuk,tangan meriah,,Apa yang Semua orang tepuk?,0.7567
57,21,Pertunjukan menampilkan gajah pintar menari.,Pertunjukan,menampilkan,gajah pintar,,Siapa yang menampilkan gajah pintar?,0.7294
57,21,Pertunjukan menampilkan gajah pintar menari.,Pertunjukan,menampilkan,gajah pintar,,Apa yang Pertunjukan tampilkan?,0.4203
57,22,Gajah mengangkat kaki depan ke atas.,Gajah,mengangkat,kaki depan,ke atas,Siapa yang mengangkat kaki depan ke atas?,0.4361
57,22,Gajah mengangkat kaki depan ke atas.,Gajah,mengangkat,kaki depan,ke atas,Apa yang Gajah angkat ke atas?,0.771
57,22,Gajah mengangkat kaki depan ke atas.,Gajah,mengangkat,kaki depan,ke atas,Ke mana Gajah mengangkat kaki depan?,0.831
57,23,Sirkus berlangsung selama dua jam.,Sirkus,berlangsung,,selama dua jam,Siapa yang berlangsung selama dua jam?,0.8171
57,25,Gilang keluar dari tenda dengan bahagia.,Gilang,keluar,,dari tenda bahagia,Siapa yang keluar dari tenda bahagia?,0.8478
57,25,Gilang keluar dari tenda dengan bahagia.,Gilang,keluar,,dari tenda bahagia,Dari mana Gilang keluar ?,0.4751
58,1,Hari raya telah tiba.,Hari raya,telah tiba,,,Apa yang telah tiba?,0.5302
58,2,Keluarga Rani pergi ke rumah nenek.,Keluarga Rani,pergi,,ke rumah nenek,Siapa yang pergi ke rumah nenek?,0.6383
58,2,Keluarga Rani pergi ke rumah nenek.,Keluarga Rani,pergi,,ke rumah nenek,Ke mana Keluarga Rani pergi ?,0.7609
58,3,Rumah nenek berada di desa terpencil.,Rumah nenek,berada,,di desa terpencil,Apa yang berada di desa terpencil?,0.6024
58,3,Rumah nenek berada di desa terpencil.,Rumah nenek,berada,,di desa terpencil,Di mana Rumah nenek berada ?,0.5643
58,4,Ayah mengemudikan mobil melewati jalan berliku.,Ayah,mengemudikan melewati,jalan berliku,,Siapa yang mengemudikan melewati jalan berliku?,0.6711
58,4,Ayah mengemudikan mobil melewati jalan berliku.,Ayah,mengemudikan melewati,jalan berliku,,Apa yang Ayah kemudi?,0.4627
58,5,Pemandangan gunung terlihat dari jauh.,,terlihat,,dari jauh,Dari mana  terlihat ?,0.3586
58,6,Mobil ayah tiba di halaman rumah nenek.,Mobil ayah,tiba,,di halaman rumah nenek,Apa yang tiba di halaman rumah nenek?,0.678
58,6,Mobil ayah tiba di halaman rumah nenek.,Mobil ayah,tiba,,di halaman rumah nenek,Di mana Mobil ayah tiba ?,0.6914
58,7,Nenek menyambut mereka di teras.,Nenek,menyambut,mereka,di teras,Siapa yang menyambut mereka di teras?,0.6269
58,7,Nenek menyambut mereka di teras.,Nenek,menyambut,mereka,di teras,Apa yang Nenek sambut di teras?,0.6836
58,7,Nenek menyambut mereka di teras.,Nenek,menyambut,mereka,di teras,Di mana Nenek menyambut mereka?,0.7514
58,8,Rani memeluk nenek dengan erat.,Rani,memeluk,nenek,dengan erat,Siapa yang memeluk nenek dengan erat?,0.7082
58,8,Rani memeluk nenek dengan erat.,Rani,memeluk,nenek,dengan erat,Apa yang Rani peluk dengan erat?,0.6221
58,10,Nenek memasak opor ayam lezat.,Nenek,memasak,opor ayam lezat,,Siapa yang memasak opor ayam lezat?,0.724
58,10,Nenek memasak opor ayam lezat.,Nenek,memasak,opor ayam lezat,,Apa yang Nenek pasak?,0.2712
58,11,Rani masuk ke dalam rumah.,Rani,masuk,,ke dalam rumah,Siapa yang masuk ke dalam rumah?,0.5935
58,11,Rani masuk ke dalam rumah.,Rani,masuk,,ke dalam rumah,Ke mana Rani masuk ?,0.735
58,12,Meja makan sudah penuh dengan makanan.,Meja makan,sudah penuh,,dengan makanan,Apa yang sudah penuh dengan makanan?,0.6792
58,13,Rani memakan opor ayam dengan ketupat.,Rani,memakan,opor ayam,dengan ketupat,Siapa yang memakan opor ayam dengan ketupat?,0.7738
58,13,Rani memakan opor ayam dengan ketupat.,Rani,memakan,opor ayam,dengan ketupat,Apa yang Rani makan dengan ketupat?,0.7698
58,15,"Setelah makan, Rani pergi ke halaman belakang.",Rani,pergi makan,,ke halaman belakang,Siapa yang pergi makan ke halaman belakang?,0.4647
58,15,"Setelah makan, Rani pergi ke halaman belakang.",Rani,pergi makan,,ke halaman belakang,Ke mana Rani pergi makan ?,0.6917
58,16,Nenek memelihara banyak ayam petelur.,Nenek,memelihara,ayam petelur,banyak,Siapa yang memelihara ayam petelur banyak?,0.732
58,16,Nenek memelihara banyak ayam petelur.,Nenek,memelihara,ayam petelur,banyak,Apa yang Nenek pelihara banyak?,0.4934
58,17,Rani membantu nenek mengumpulkan telur ayam.,Rani,membantu mengumpulkan,telur ayam,,Siapa yang membantu mengumpulkan telur ayam?,0.7657
58,17,Rani membantu nenek mengumpulkan telur ayam.,Rani,membantu mengumpulkan,telur ayam,,Apa yang Rani bantukan?,0.5392
58,18,Rani memasukkan telur ke dalam keranjang rotan.,Rani,memasukkan,telur,ke dalam keranjang rotan,Siapa yang memasukkan telur ke dalam keranjang rotan?,0.678
58,18,Rani memasukkan telur ke dalam keranjang rotan.,Rani,memasukkan,telur,ke dalam keranjang rotan,Apa yang Rani masukkan ke dalam keranjang rotan?,0.6569
58,18,Rani memasukkan telur ke dalam keranjang rotan.,Rani,memasukkan,telur,ke dalam keranjang rotan,Ke mana Rani memasukkan telur?,0.8348
58,19,Rani mendapat dua puluh butir telur.,Rani,mendapat,dua puluh butir telur,,Siapa yang mendapat dua puluh butir telur?,0.7521
58,19,Rani mendapat dua puluh butir telur.,Rani,mendapat,dua puluh butir telur,,Apa yang Rani dapat?,0.4928
58,20,Nenek memberikan Rani hadiah uang saku.,Nenek,memberikan,Rani hadiah uang saku,,Siapa yang memberikan Rani hadiah uang saku?,0.8794
58,20,Nenek memberikan Rani hadiah uang saku.,Nenek,memberikan,Rani hadiah uang saku,,Siapa yang Nenek berikan?,0.6225
58,21,Rani mengucapkan terima kasih kepada nenek.,Rani,mengucapkan,terima kasih,kepada nenek,Siapa yang mengucapkan terima kasih kepada nenek?,0.7217
58,21,Rani mengucapkan terima kasih kepada nenek.,Rani,mengucapkan,terima kasih,kepada nenek,Apa yang Rani ucapkan kepada nenek?,0.765
58,22,Sore hari Rani bermain di sawah dekat rumah.,Rani,bermain,,sore hari di sawah dekat rumah,Siapa yang bermain sore hari di sawah dekat rumah?,0.5767
58,22,Sore hari Rani bermain di sawah dekat rumah.,Rani,bermain,,sore hari di sawah dekat rumah,Di mana Rani bermain ?,0.7277
58,23,Rani menikmati udara desa yang bersih.,Rani,menikmati,udara desa yang bersih,,Siapa yang menikmati udara desa yang bersih?,0.6649
58,23,Rani menikmati udara desa yang bersih.,Rani,menikmati,udara desa yang bersih,,Apa yang Rani nikmati?,0.6214
58,24,Malam hari mereka berkumpul di ruang tamu.,mereka,berkumpul,,malam hari di ruang tamu,Siapa yang berkumpul malam hari di ruang tamu?,0.8381
58,24,Malam hari mereka berkumpul di ruang tamu.,mereka,berkumpul,,malam hari di ruang tamu,Kapan mereka berkumpul ?,0.3119
58,24,Malam hari mereka berkumpul di ruang tamu.,mereka,berkumpul,,malam hari di ruang tamu,Di mana mereka berkumpul ?,0.3121
58,25,Mereka mengobrol dengan sangat hangat.,Mereka,mengobrol,,,Siapa yang mengobrol?,0.4516
59,1,Sekolah Santi mengadakan kegiatan ekstrakurikuler tari.,Sekolah Santi,mengadakan,kegiatan ekstrakurikuler tari,,Siapa yang mengadakan kegiatan ekstrakurikuler tari?,0.6611
59,1,Sekolah Santi mengadakan kegiatan ekstrakurikuler tari.,Sekolah Santi,mengadakan,kegiatan ekstrakurikuler tari,,Apa yang Sekolah Santi adakan?,0.6292
59,2,Santi memilih ekstrakurikuler tari piring.,Santi,memilih,ekstrakurikuler tari piring,,Siapa yang memilih ekstrakurikuler tari piring?,0.4953
59,2,Santi memilih ekstrakurikuler tari piring.,Santi,memilih,ekstrakurikuler tari piring,,Apa yang Santi pilih?,0.7198
59,3,Tari piring berasal dari Sumatera Barat.,Tari piring,berasal,,dari sumatera barat,Apa yang berasal dari sumatera barat?,0.5911
59,3,Tari piring berasal dari Sumatera Barat.,Tari piring,berasal,,dari sumatera barat,Dari mana Tari piring berasal ?,0.4537
59,4,Pelatih tari membawa banyak piring kecil.,Pelatih tari,membawa,piring kecil,banyak,Apa yang membawa piring kecil banyak?,0.3398
59,4,Pelatih tari membawa banyak piring kecil.,Pelatih tari,membawa,piring kecil,banyak,Apa yang Pelatih tari bawa banyak?,0.8013
59,5,Santi memegang dua piring di kedua tangan.,Santi,memegang,dua piring,di kedua tangan,Siapa yang memegang dua piring di kedua tangan?,0.6054
59,5,Santi memegang dua piring di kedua tangan.,Santi,memegang,dua piring,di kedua tangan,Apa yang Santi pegang di kedua tangan?,0.8031
59,5,Santi memegang dua piring di kedua tangan.,Santi,memegang,dua piring,di kedua tangan,Di mana Santi memegang dua piring?,0.8022
59,7,Pelatih memutar musik tradisional Minang.,Pelatih,memutar,musik tradisional Minang,,Siapa yang memutar musik tradisional Minang?,0.8627
59,7,Pelatih memutar musik tradisional Minang.,Pelatih,memutar,musik tradisional Minang,,Siapa yang Pelatih putar?,0.3271
59,8,Santi mulai menggerakkan kaki mengikuti irama.,Santi,mulai menggerakkan,irama,,Siapa yang mulai menggerakkan irama?,0.4546
59,8,Santi mulai menggerakkan kaki mengikuti irama.,Santi,mulai menggerakkan,irama,,Apa yang Santi mulaikan?,0.6344
59,9,Tangan Santi berayun ke atas dan bawah.,Tangan Santi,berayun,,ke atas dan bawah,Apa yang berayun ke atas dan bawah?,0.556
59,9,Tangan Santi berayun ke atas dan bawah.,Tangan Santi,berayun,,ke atas dan bawah,Ke mana Tangan Santi berayun ?,0.8476
59,10,Piring tidak boleh jatuh ke lantai.,Piring,boleh jatuh,,tidak ke lantai,Siapa yang boleh jatuh tidak ke lantai?,0.5675
59,10,Piring tidak boleh jatuh ke lantai.,Piring,boleh jatuh,,tidak ke lantai,Ke mana Piring boleh jatuh ?,0.3692
59,12,Santi memutar pergelangan tangan perlahan.,Santi,memutar,pergelangan tangan,perlahan,Siapa yang memutar pergelangan tangan perlahan?,0.5753
59,12,Santi memutar pergelangan tangan perlahan.,Santi,memutar,pergelangan tangan,perlahan,Apa yang Santi putar perlahan?,0.6563
59,13,Bunyi piring berdenting menyentuh cincin.,Bunyi piring,berdenting menyentuh,cincin,,Apa yang berdenting menyentuh cincin?,0.8695
59,13,Bunyi piring berdenting menyentuh cincin.,Bunyi piring,berdenting menyentuh,cincin,,Apa yang Bunyi piring denting?,0.4282
59,14,Santi berlatih gerakan langkah maju mundur.,Santi,berlatih,gerakan langkah,,Siapa yang berlatih gerakan langkah?,0.582
59,14,Santi berlatih gerakan langkah maju mundur.,Santi,berlatih,gerakan langkah,,Apa yang Santi latih?,0.7403
59,15,Pelatih mencontohkan putaran tubuh yang cepat.,Pelatih,mencontohkan,putaran tubuh yang cepat,,Siapa yang mencontohkan putaran tubuh yang cepat?,0.6743
59,15,Pelatih mencontohkan putaran tubuh yang cepat.,Pelatih,mencontohkan,putaran tubuh yang cepat,,Apa yang Pelatih contohkan?,0.5613
59,16,Santi mencoba memutar tubuhnya.,Santi,memutar,tubuh nya,mencoba,Siapa yang memutar tubuh nya mencoba?,0.5297
59,16,Santi mencoba memutar tubuhnya.,Santi,memutar,tubuh nya,mencoba,Apa yang Santi putar mencoba?,0.8337
59,17,Piring di tangan Santi hampir terjatuh.,di tangan Santi,terjatuh,,hampir di tangan Santi,Apa yang terjatuh hampir di tangan Santi?,0.9084
59,17,Piring di tangan Santi hampir terjatuh.,di tangan Santi,terjatuh,,hampir di tangan Santi,Di mana di tangan Santi terjatuh ?,0.8587
59,18,Santi menggenggam piring lebih kuat.,Santi,menggenggam,piring kuat,,Siapa yang menggenggam piring kuat?,0.5863
59,18,Santi menggenggam piring lebih kuat.,Santi,menggenggam,piring kuat,,Apa yang Santi genggam?,0.7262
59,19,Teman-teman Santi juga giat berlatih.,Teman-teman Santi,giat berlatih,,juga,Apa yang giat berlatih juga?,0.426
59,20,Mereka bergerak serempak mengikuti musik.,Mereka,bergerak mengikuti,musik,serempak,Siapa yang bergerak mengikuti musik serempak?,0.8052
59,20,Mereka bergerak serempak mengikuti musik.,Mereka,bergerak mengikuti,musik,serempak,Apa yang Mereka geraki serempak?,0.4644
59,21,Peluh membasahi wajah Santi.,Peluh,membasahi,wajah Santi,,Apa yang membasahi wajah Santi?,0.9204
59,21,Peluh membasahi wajah Santi.,Peluh,membasahi,wajah Santi,,Siapa yang Peluh basahi?,0.329
59,22,Latihan tari piring selesai sore hari.,Latihan tari piring,selesai,sore hari,,Apa yang selesai sore hari?,0.3963
59,22,Latihan tari piring selesai sore hari.,Latihan tari piring,selesai,sore hari,,Apa yang Latihan tari piring selesai?,0.8378
59,23,Santi meletakkan piring di kotak penyimpanan.,Santi,meletakkan,piring,di kotak penyimpanan,Siapa yang meletakkan piring di kotak penyimpanan?,0.6285
59,23,Santi meletakkan piring di kotak penyimpanan.,Santi,meletakkan,piring,di kotak penyimpanan,Apa yang Santi letakkan di kotak penyimpanan?,0.8814
59,23,Santi meletakkan piring di kotak penyimpanan.,Santi,meletakkan,piring,di kotak penyimpanan,Di mana Santi meletakkan piring?,0.6667
59,24,Santi merasa gerakan tarinya semakin bagus.,Santi,merasa,gerakan tari nya bagus,,Siapa yang merasa gerakan tari nya bagus?,0.6962
59,24,Santi merasa gerakan tarinya semakin bagus.,Santi,merasa,gerakan tari nya bagus,,Apa yang Santi rasa?,0.5869
59,25,Santi berjalan pulang ke rumah bersama teman-teman.,Santi,berjalan pulang,,ke rumah bersama teman-teman,Siapa yang berjalan pulang ke rumah bersama teman-teman?,0.6929
59,25,Santi berjalan pulang ke rumah bersama teman-teman.,Santi,berjalan pulang,,ke rumah bersama teman-teman,Ke mana Santi berjalan pulang ?,0.7589
60,1,Kakak membelikan Vina sebuah mainan baru.,Kakak,membelikan,Vina sebuah mainan baru,,Siapa yang membelikan Vina sebuah mainan baru?,0.8551
60,1,Kakak membelikan Vina sebuah mainan baru.,Kakak,membelikan,Vina sebuah mainan baru,,Siapa yang Kakak belikan?,0.5578
60,2,Mainan itu adalah sebuah puzzle gambar pemandangan.,Mainan itu,puzzle,,,Apa yang puzzle?,0.6329
60,3,Kotak puzzle berisi lima ratus kepingan kecil.,Kotak puzzle,berisi,lima ratus kepingan kecil,,Siapa yang berisi lima ratus kepingan kecil?,0.7193
60,3,Kotak puzzle berisi lima ratus kepingan kecil.,Kotak puzzle,berisi,lima ratus kepingan kecil,,Apa yang Kotak puzzle isi?,0.6946
60,4,Vina menuangkan kepingan puzzle di atas karpet.,Vina,menuangkan,kepingan puzzle,di atas karpet,Siapa yang menuangkan kepingan puzzle di atas karpet?,0.7894
60,4,Vina menuangkan kepingan puzzle di atas karpet.,Vina,menuangkan,kepingan puzzle,di atas karpet,Apa yang Vina tuangkan di atas karpet?,0.7425
60,4,Vina menuangkan kepingan puzzle di atas karpet.,Vina,menuangkan,kepingan puzzle,di atas karpet,Di mana Vina menuangkan kepingan puzzle?,0.7584
60,5,Kepingan puzzle berserakan di mana-mana.,Kepingan puzzle,berserakan,,di mana-mana,Apa yang berserakan di mana-mana?,0.6043
60,5,Kepingan puzzle berserakan di mana-mana.,Kepingan puzzle,berserakan,,di mana-mana,Di mana Kepingan puzzle berserakan ?,0.8694
60,6,Vina mencari kepingan bagian sudut terlebih dahulu.,Vina,mencari,kepingan bagian sudut,terlebih dahulu,Siapa yang mencari kepingan bagian sudut terlebih dahulu?,0.7851
60,6,Vina mencari kepingan bagian sudut terlebih dahulu.,Vina,mencari,kepingan bagian sudut,terlebih dahulu,Apa yang Vina cari terlebih dahulu?,0.6656
60,7,Vina menemukan empat sudut gambar.,Vina,menemukan,empat sudut gambar,,Siapa yang menemukan empat sudut gambar?,0.873
60,7,Vina menemukan empat sudut gambar.,Vina,menemukan,empat sudut gambar,,Apa yang Vina temukan?,0.4362
60,8,Vina mencari kepingan yang memiliki tepi lurus.,Vina,mencari,kepingan yang memiliki tepi lurus,,Siapa yang mencari kepingan yang memiliki tepi lurus?,0.6846
60,8,Vina mencari kepingan yang memiliki tepi lurus.,Vina,mencari,kepingan yang memiliki tepi lurus,,Apa yang Vina cari?,0.6484
60,9,Vina merangkai bingkai luar gambar pemandangan.,Vina,merangkai,bingkai gambar pemandangan,,Siapa yang merangkai bingkai gambar pemandangan?,0.5709
60,9,Vina merangkai bingkai luar gambar pemandangan.,Vina,merangkai,bingkai gambar pemandangan,,Apa yang Vina rangkai?,0.5134
60,11,Vina mulai menyusun gambar bagian langit.,Vina,mulai menyusun,gambar bagian langit,,Siapa yang mulai menyusun gambar bagian langit?,0.746
60,11,Vina mulai menyusun gambar bagian langit.,Vina,mulai menyusun,gambar bagian langit,,Apa yang Vina mulai?,0.6018
60,12,Vina mencari kepingan berwarna biru cerah.,Vina,mencari,kepingan,,Siapa yang mencari kepingan?,0.3705
60,12,Vina mencari kepingan berwarna biru cerah.,Vina,mencari,kepingan,,Apa yang Vina cari?,0.5747
60,13,Kakak datang membantu Vina menyusun kepingan.,Kakak,datang membantu,kepingan,,Siapa yang datang membantu kepingan?,0.454
60,13,Kakak datang membantu Vina menyusun kepingan.,Kakak,datang membantu,kepingan,,Apa yang Kakak datang?,0.4605
60,14,Kakak menemukan bagian gambar matahari.,Kakak,menemukan,bagian gambar matahari,,Siapa yang menemukan bagian gambar matahari?,0.8691
60,14,Kakak menemukan bagian gambar matahari.,Kakak,menemukan,bagian gambar matahari,,Apa yang Kakak temukan?,0.4241
60,15,Mereka mencari bagian gambar pegunungan hijau.,Mereka,mencari,bagian gambar pegunungan hijau,,Siapa yang mencari bagian gambar pegunungan hijau?,0.89
60,15,Mereka mencari bagian gambar pegunungan hijau.,Mereka,mencari,bagian gambar pegunungan hijau,,Apa yang Mereka cari?,0.3401
60,16,Vina mencocokkan potongan-potongan kecil.,Vina,mencocokkan,potongan-potongan kecil,,Siapa yang mencocokkan potongan-potongan kecil?,0.5404
60,16,Vina mencocokkan potongan-potongan kecil.,Vina,mencocokkan,potongan-potongan kecil,,Apa yang Vina cocokkan?,0.7028
60,17,Gambar pemandangan mulai terlihat jelas.,Gambar pemandangan,terlihat,,mulai jelas,Apa yang terlihat mulai jelas?,0.5741
60,18,Menyusun puzzle membutuhkan kesabaran tinggi.,Menyusun puzzle,membutuhkan,kesabaran tinggi,,Apa yang membutuhkan kesabaran tinggi?,0.7837
60,18,Menyusun puzzle membutuhkan kesabaran tinggi.,Menyusun puzzle,membutuhkan,kesabaran tinggi,,Apa yang Menyusun puzzle butuhkan?,0.6921
60,19,Ibu membawakan minuman jus mangga segar.,Ibu,membawakan,minuman jus mangga segar,,Siapa yang membawakan minuman jus mangga segar?,0.8092
60,19,Ibu membawakan minuman jus mangga segar.,Ibu,membawakan,minuman jus mangga segar,,Apa yang Ibu bawakan?,0.3683
60,20,Vina dan kakak meminum jus tersebut.,Vina dan kakak,meminum,jus tersebut,,Apa yang meminum jus tersebut?,0.7297
60,20,Vina dan kakak meminum jus tersebut.,Vina dan kakak,meminum,jus tersebut,,Apa yang Vina dan kakak pinum?,0.7268
60,21,Mereka melanjutkan menyusun puzzle kembali.,Mereka,melanjutkan menyusun,puzzle,,Siapa yang melanjutkan menyusun puzzle?,0.7692
60,21,Mereka melanjutkan menyusun puzzle kembali.,Mereka,melanjutkan menyusun,puzzle,,Apa yang Mereka lanjut?,0.3531
60,23,Gambar pemandangan pegunungan telah sempurna.,Gambar pemandangan pegunungan,telah sempurna,,,Apa yang telah sempurna?,0.3302
60,24,Vina merasa sangat bangga.,Vina,merasa,,sangat bangga,Siapa yang merasa sangat bangga?,0.6318
60,25,Ibu membingkai hasil puzzle Vina di dinding.,Ibu,membingkai,hasil puzzle Vina,di dinding,Siapa yang membingkai hasil puzzle Vina di dinding?,0.8789
60,25,Ibu membingkai hasil puzzle Vina di dinding.,Ibu,membingkai,hasil puzzle Vina,di dinding,Siapa yang Ibu bingkai di dinding?,0.5959
60,25,Ibu membingkai hasil puzzle Vina di dinding.,Ibu,membingkai,hasil puzzle Vina,di dinding,Di mana Ibu membingkai hasil puzzle Vina?,0.8335
61,1,Musim tanam padi telah selesai.,Musim tanam padi,telah selesai,,,Apa yang telah selesai?,0.4619
61,2,Air sawah masih menggenang dangkal.,Air sawah,menggenang,,masih dangkal,Apa yang menggenang masih dangkal?,0.4827
61,3,Ujang pergi ke sawah membawa ember hitam.,Ujang,pergi membawa,ember hitam,ke sawah,Siapa yang pergi membawa ember hitam ke sawah?,0.8052
61,3,Ujang pergi ke sawah membawa ember hitam.,Ujang,pergi membawa,ember hitam,ke sawah,Apa yang Ujang pergi ke sawah?,0.494
61,3,Ujang pergi ke sawah membawa ember hitam.,Ujang,pergi membawa,ember hitam,ke sawah,Ke mana Ujang pergi membawa ember hitam?,0.8093
61,4,Ujang ingin mencari siput sawah.,Ujang,ingin mencari,siput sawah,,Siapa yang ingin mencari siput sawah?,0.774
61,4,Ujang ingin mencari siput sawah.,Ujang,ingin mencari,siput sawah,,Apa yang Ujang cari?,0.7348
61,5,Siput bersembunyi di pangkal batang padi.,Siput,bersembunyi,,di pangkal batang padi,Siapa yang bersembunyi di pangkal batang padi?,0.8123
61,5,Siput bersembunyi di pangkal batang padi.,Siput,bersembunyi,,di pangkal batang padi,Di mana Siput bersembunyi ?,0.5329
61,6,Ujang menggulung celana panjang ke atas lutut.,Ujang,menggulung,celana panjang,ke atas lutut,Siapa yang menggulung celana panjang ke atas lutut?,0.7483
61,6,Ujang menggulung celana panjang ke atas lutut.,Ujang,menggulung,celana panjang,ke atas lutut,Apa yang Ujang gulung ke atas lutut?,0.6709
61,6,Ujang menggulung celana panjang ke atas lutut.,Ujang,menggulung,celana panjang,ke atas lutut,Ke mana Ujang menggulung celana panjang?,0.6293
61,7,Ujang turun ke lumpur sawah perlahan.,Ujang,turun,,ke lumpur sawah perlahan,Siapa yang turun ke lumpur sawah perlahan?,0.7738
61,7,Ujang turun ke lumpur sawah perlahan.,Ujang,turun,,ke lumpur sawah perlahan,Ke mana Ujang turun ?,0.392
61,9,Ujang berjalan menyusuri pematang sawah.,Ujang,berjalan menyusuri,pematang sawah,,Siapa yang berjalan menyusuri pematang sawah?,0.7521
61,9,Ujang berjalan menyusuri pematang sawah.,Ujang,berjalan menyusuri,pematang sawah,,Apa yang Ujang jalani?,0.4413
61,10,Ujang melihat cangkang hitam di dalam air.,Ujang,melihat,cangkang hitam,di dalam air,Siapa yang melihat cangkang hitam di dalam air?,0.8465
61,10,Ujang melihat cangkang hitam di dalam air.,Ujang,melihat,cangkang hitam,di dalam air,Apa yang Ujang lihat di dalam air?,0.739
61,10,Ujang melihat cangkang hitam di dalam air.,Ujang,melihat,cangkang hitam,di dalam air,Di mana Ujang melihat cangkang hitam?,0.6424
61,11,Ujang memungut siput sawah tersebut.,Ujang,memungut,siput sawah tersebut,,Siapa yang memungut siput sawah tersebut?,0.7455
61,11,Ujang memungut siput sawah tersebut.,Ujang,memungut,siput sawah tersebut,,Apa yang Ujang pungut?,0.3783
61,12,Ujang memasukkan siput ke dalam ember.,Ujang,memasukkan,siput,ke dalam ember,Siapa yang memasukkan siput ke dalam ember?,0.7676
61,12,Ujang memasukkan siput ke dalam ember.,Ujang,memasukkan,siput,ke dalam ember,Apa yang Ujang masukkan ke dalam ember?,0.7674
61,12,Ujang memasukkan siput ke dalam ember.,Ujang,memasukkan,siput,ke dalam ember,Ke mana Ujang memasukkan siput?,0.4348
61,13,Ujang melangkah pelan agar padi tidak rusak.,Ujang,melangkah,pelan,agar padi tidak rusak,Siapa yang melangkah pelan agar padi tidak rusak?,0.8475
61,13,Ujang melangkah pelan agar padi tidak rusak.,Ujang,melangkah,pelan,agar padi tidak rusak,Apa yang Ujang langkah agar padi tidak rusak?,0.8507
61,14,Banyak siput menempel di daun padi.,Banyak siput,menempel,,di daun padi,Apa yang menempel di daun padi?,0.833
61,14,Banyak siput menempel di daun padi.,Banyak siput,menempel,,di daun padi,Di mana Banyak siput menempel ?,0.2881
61,15,Ember Ujang semakin berat berisi siput.,Ember Ujang,berisi,siput,semakin berat,Siapa yang berisi siput semakin berat?,0.8131
61,15,Ember Ujang semakin berat berisi siput.,Ember Ujang,berisi,siput,semakin berat,Apa yang Ember Ujang isi semakin berat?,0.5703
61,16,Terik matahari siang menyengat punggung Ujang.,Terik matahari siang,menyengat,punggung Ujang,,Apa yang menyengat punggung Ujang?,0.4044
61,16,Terik matahari siang menyengat punggung Ujang.,Terik matahari siang,menyengat,punggung Ujang,,Siapa yang Terik matahari siang sengat?,0.7505
61,17,Ujang memakai topi caping bambu.,Ujang,memakai,topi caping bambu,,Siapa yang memakai topi caping bambu?,0.847
61,17,Ujang memakai topi caping bambu.,Ujang,memakai,topi caping bambu,,Apa yang Ujang pakai?,0.23
61,18,Ujang menemukan seekor belut kecil.,Ujang,menemukan,seekor belut kecil,,Siapa yang menemukan seekor belut kecil?,0.8096
61,18,Ujang menemukan seekor belut kecil.,Ujang,menemukan,seekor belut kecil,,Apa yang Ujang temukan?,0.5752
61,19,Belut kecil meluncur cepat masuk ke lumpur.,Belut kecil,meluncur masuk,,cepat ke lumpur,Apa yang meluncur masuk cepat ke lumpur?,0.8199
61,19,Belut kecil meluncur cepat masuk ke lumpur.,Belut kecil,meluncur masuk,,cepat ke lumpur,Ke mana Belut kecil meluncur masuk ?,0.6057
61,20,Ujang kembali fokus mencari siput.,Ujang,fokus,,kembali,Siapa yang fokus kembali?,0.6365
61,22,Ujang naik dari lumpur sawah.,Ujang,naik,,dari lumpur sawah,Siapa yang naik dari lumpur sawah?,0.817
61,22,Ujang naik dari lumpur sawah.,Ujang,naik,,dari lumpur sawah,Dari mana Ujang naik ?,0.4434
61,23,Ujang mencuci kaki di saluran irigasi.,Ujang,mencuci,kaki,di saluran irigasi,Siapa yang mencuci kaki di saluran irigasi?,0.7773
61,23,Ujang mencuci kaki di saluran irigasi.,Ujang,mencuci,kaki,di saluran irigasi,Apa yang Ujang cuci di saluran irigasi?,0.5544
61,23,Ujang mencuci kaki di saluran irigasi.,Ujang,mencuci,kaki,di saluran irigasi,Di mana Ujang mencuci kaki?,0.722
61,24,Ujang membawa ember berisi siput pulang.,Ujang,membawa berisi,siput pulang,,Siapa yang membawa berisi siput pulang?,0.6436
61,24,Ujang membawa ember berisi siput pulang.,Ujang,membawa berisi,siput pulang,,Apa yang Ujang bawai?,0.251
61,25,Ibu akan memasak siput itu menjadi lauk lezat.,Ibu,akan memasak menjadi,lauk lezat,,Siapa yang akan memasak menjadi lauk lezat?,0.7247
61,25,Ibu akan memasak siput itu menjadi lauk lezat.,Ibu,akan memasak menjadi,lauk lezat,,Apa yang Ibu pasaki?,0.1873
62,1,Bel istirahat berbunyi tanda istirahat pertama.,Bel istirahat,berbunyi,tanda istirahat pertama,,Apa yang berbunyi tanda istirahat pertama?,0.893
62,1,Bel istirahat berbunyi tanda istirahat pertama.,Bel istirahat,berbunyi,tanda istirahat pertama,,Apa yang Bel istirahat bunyi?,0.6197
62,2,Anak-anak berlarian keluar kelas.,Anak-anak,berlarian keluar,kelas,,Apa yang berlarian keluar kelas?,0.748
62,2,Anak-anak berlarian keluar kelas.,Anak-anak,berlarian keluar,kelas,,Apa yang Anak-anak lari?,0.5955
62,3,Edo dan Dika berlari menuju lapangan bola.,Edo dan Dika,berlari,,menuju lapangan bola,Siapa yang berlari menuju lapangan bola?,0.5083
62,4,Mereka berdua berlomba lari cepat.,Mereka berdua,berlomba,,,Apa yang berlomba?,0.5219
62,6,Dika jatuh tengkurap di tanah lapangan.,Dika,jatuh,tengkurap,di tanah lapangan,Siapa yang jatuh tengkurap di tanah lapangan?,0.8085
62,6,Dika jatuh tengkurap di tanah lapangan.,Dika,jatuh,tengkurap,di tanah lapangan,Apa yang Dika jatuh di tanah lapangan?,0.8961
62,6,Dika jatuh tengkurap di tanah lapangan.,Dika,jatuh,tengkurap,di tanah lapangan,Di mana Dika jatuh tengkurap?,0.6127
62,7,Lutut Dika bergesekan dengan kerikil tajam.,Lutut Dika,bergesekan,,dengan kerikil tajam,Siapa yang bergesekan dengan kerikil tajam?,0.4043
62,8,Dika meringis menahan rasa sakit.,Dika,meringis menahan,rasa sakit,,Siapa yang meringis menahan rasa sakit?,0.7836
62,8,Dika meringis menahan rasa sakit.,Dika,meringis menahan,rasa sakit,,Apa yang Dika ringis?,0.1766
62,9,Edo berhenti berlari melihat temannya jatuh.,Edo,berhenti berlari,,,Siapa yang berhenti berlari?,0.4575
62,10,Edo berbalik menghampiri Dika dengan segera.,Edo,berbalik menghampiri,Dika,dengan menghampiri,Siapa yang berbalik menghampiri Dika dengan menghampiri?,0.483
62,10,Edo berbalik menghampiri Dika dengan segera.,Edo,berbalik menghampiri,Dika,dengan menghampiri,Siapa yang Edo baliki dengan menghampiri?,0.7737
62,11,Edo mengulurkan tangan kanan kepada Dika.,Edo,mengulurkan,tangan kanan,kepada dika,Siapa yang mengulurkan tangan kanan kepada dika?,0.4701
62,11,Edo mengulurkan tangan kanan kepada Dika.,Edo,mengulurkan,tangan kanan,kepada dika,Apa yang Edo ulurkan kepada dika?,0.6455
62,12,Edo membantu Dika berdiri perlahan-lanya.,Edo,membantu berdiri,perlahan-lanya,,Siapa yang membantu berdiri perlahan-lanya?,0.4086
62,12,Edo membantu Dika berdiri perlahan-lanya.,Edo,membantu berdiri,perlahan-lanya,,Apa yang Edo bantui?,0.6139
62,14,Darah segar mengalir dari luka lutut Dika.,Darah segar,mengalir,,dari luka lutut dika,Apa yang mengalir dari luka lutut dika?,0.739
62,14,Darah segar mengalir dari luka lutut Dika.,Darah segar,mengalir,,dari luka lutut dika,Dari mana Darah segar mengalir ?,0.5546
62,15,Dika menangis terisak-isak pelan.,Dika,menangis terisak-isak,,,Siapa yang menangis terisak-isak?,0.7662
62,16,Edo merangkul pundak Dika erat.,Edo,merangkul,pundak Dika erat,,Siapa yang merangkul pundak Dika erat?,0.5953
62,16,Edo merangkul pundak Dika erat.,Edo,merangkul,pundak Dika erat,,Siapa yang Edo rangkul?,0.6536
62,17,Edo membawa Dika menuju ruang kesehatan.,Edo,membawa,Dika,menuju ruang kesehatan,Siapa yang membawa Dika menuju ruang kesehatan?,0.6469
62,17,Edo membawa Dika menuju ruang kesehatan.,Edo,membawa,Dika,menuju ruang kesehatan,Siapa yang Edo bawa menuju ruang kesehatan?,0.7463
62,18,Guru piket menyambut mereka di ruang kesehatan.,Guru piket,menyambut,mereka,di ruang kesehatan,Apa yang menyambut mereka di ruang kesehatan?,0.7258
62,18,Guru piket menyambut mereka di ruang kesehatan.,Guru piket,menyambut,mereka,di ruang kesehatan,Apa yang Guru piket sambut di ruang kesehatan?,0.6734
62,18,Guru piket menyambut mereka di ruang kesehatan.,Guru piket,menyambut,mereka,di ruang kesehatan,Di mana Guru piket menyambut mereka?,0.5623
62,19,Guru membersihkan luka Dika dengan obat merah.,Guru,membersihkan,luka Dika,dengan obat merah,Siapa yang membersihkan luka Dika dengan obat merah?,0.7784
62,19,Guru membersihkan luka Dika dengan obat merah.,Guru,membersihkan,luka Dika,dengan obat merah,Siapa yang Guru bersihkan dengan obat merah?,0.721
62,20,Guru menempelkan plester pada luka lutut.,Guru,menempelkan,plester,pada luka lutut,Siapa yang menempelkan plester pada luka lutut?,0.7455
62,20,Guru menempelkan plester pada luka lutut.,Guru,menempelkan,plester,pada luka lutut,Apa yang Guru tempelkan pada luka lutut?,0.9221
62,21,Dika berhenti menangis setelah diobati.,Dika,berhenti menangis,,,Siapa yang berhenti menangis?,0.7474
62,22,Guru memuji tindakan Edo yang cepat.,Guru,memuji,tindakan Edo yang cepat,,Siapa yang memuji tindakan Edo yang cepat?,0.8162
62,22,Guru memuji tindakan Edo yang cepat.,Guru,memuji,tindakan Edo yang cepat,,Siapa yang Guru puji?,0.3072
62,23,Edo merasa senang bisa membantu teman.,Edo,merasa membantu,teman,senang,Siapa yang merasa membantu teman senang?,0.5158
62,23,Edo merasa senang bisa membantu teman.,Edo,merasa membantu,teman,senang,Apa yang Edo rasa senang?,0.7593
62,24,Mereka duduk beristirahat di kursi panjang.,Mereka,duduk beristirahat,,di kursi panjang,Siapa yang duduk beristirahat di kursi panjang?,0.7801
62,24,Mereka duduk beristirahat di kursi panjang.,Mereka,duduk beristirahat,,di kursi panjang,Di mana Mereka duduk beristirahat ?,0.608
62,25,Bel masuk kelas kembali berbunyi.,Bel,masuk berbunyi,kelas,,Siapa yang masuk berbunyi kelas?,0.8048
62,25,Bel masuk kelas kembali berbunyi.,Bel,masuk berbunyi,kelas,,Apa yang Bel masuki?,0.343
63,1,Ibu bangun pagi menyiapkan sarapan.,Ibu,bangun menyiapkan,sarapan,,Apa yang bangun menyiapkan sarapan?,0.8173
63,1,Ibu bangun pagi menyiapkan sarapan.,Ibu,bangun menyiapkan,sarapan,,Apa yang Ibu bangunkan?,0.5438
63,2,Ibu juga membuatkan bekal untuk Sinta.,Ibu,membuatkan,bekal,juga untuk Sinta,Siapa yang membuatkan bekal juga untuk Sinta?,0.7037
63,2,Ibu juga membuatkan bekal untuk Sinta.,Ibu,membuatkan,bekal,juga untuk Sinta,Apa yang Ibu buatkan juga untuk Sinta?,0.7279
63,3,Bekal Sinta diletakkan di kotak kuning.,Sinta,diletakkan,,di kotak kuning,Siapa yang diletakkan di kotak kuning?,0.7882
63,3,Bekal Sinta diletakkan di kotak kuning.,Sinta,diletakkan,,di kotak kuning,Di mana Sinta diletakkan ?,0.4163
63,4,Ibu memasukkan nasi goreng ayam ke dalam kotak.,Ibu,memasukkan,nasi goreng ayam,ke dalam kotak,Apa yang memasukkan nasi goreng ayam ke dalam kotak?,0.8468
63,4,Ibu memasukkan nasi goreng ayam ke dalam kotak.,Ibu,memasukkan,nasi goreng ayam,ke dalam kotak,Apa yang Ibu masukkan ke dalam kotak?,0.4718
63,4,Ibu memasukkan nasi goreng ayam ke dalam kotak.,Ibu,memasukkan,nasi goreng ayam,ke dalam kotak,Ke mana Ibu memasukkan nasi goreng ayam?,0.7127
63,5,Ibu menambahkan telur dadar dan sayur buncis.,Ibu,menambahkan,telur dadar,,Siapa yang menambahkan telur dadar?,0.6296
63,5,Ibu menambahkan telur dadar dan sayur buncis.,Ibu,menambahkan,telur dadar,,Apa yang Ibu tambahkan?,0.1849
63,6,Ibu menutup kotak bekal tersebut rapat.,Ibu,menutup,kotak bekal tersebut rapat,,Apa yang menutup kotak bekal tersebut rapat?,0.7582
63,6,Ibu menutup kotak bekal tersebut rapat.,Ibu,menutup,kotak bekal tersebut rapat,,Apa yang Ibu tutup?,0.58
63,7,Sinta memasukkan kotak bekal ke tas ransel.,Sinta,memasukkan,kotak bekal,ke tas ransel,Siapa yang memasukkan kotak bekal ke tas ransel?,0.7161
63,7,Sinta memasukkan kotak bekal ke tas ransel.,Sinta,memasukkan,kotak bekal,ke tas ransel,Apa yang Sinta masukkan ke tas ransel?,0.6533
63,7,Sinta memasukkan kotak bekal ke tas ransel.,Sinta,memasukkan,kotak bekal,ke tas ransel,Ke mana Sinta memasukkan kotak bekal?,0.776
63,8,Sinta berangkat ke sekolah berjalan kaki.,Sinta,berangkat,,ke sekolah berjalan kaki,Siapa yang berangkat ke sekolah berjalan kaki?,0.8118
63,8,Sinta berangkat ke sekolah berjalan kaki.,Sinta,berangkat,,ke sekolah berjalan kaki,Ke mana Sinta berangkat ?,0.5057
63,9,Sinta belajar di kelas dengan sungguh-sungguh.,Sinta,belajar,,di kelas dengan sungguh-sungguh,Siapa yang belajar di kelas dengan sungguh-sungguh?,0.7266
63,9,Sinta belajar di kelas dengan sungguh-sungguh.,Sinta,belajar,,di kelas dengan sungguh-sungguh,Di mana Sinta belajar ?,0.6584
63,10,Waktu istirahat siang telah tiba.,Waktu istirahat siang,telah tiba,,,Apa yang telah tiba?,0.3894
63,11,Sinta mencuci tangan di wastafel sekolah.,Sinta,mencuci,tangan,di wastafel sekolah,Siapa yang mencuci tangan di wastafel sekolah?,0.8481
63,11,Sinta mencuci tangan di wastafel sekolah.,Sinta,mencuci,tangan,di wastafel sekolah,Apa yang Sinta cuci di wastafel sekolah?,0.7871
63,11,Sinta mencuci tangan di wastafel sekolah.,Sinta,mencuci,tangan,di wastafel sekolah,Di mana Sinta mencuci tangan?,0.6319
63,12,Sinta mengambil kotak kuning dari tas ransel.,Sinta,mengambil,kotak kuning,dari tas ransel,Siapa yang mengambil kotak kuning dari tas ransel?,0.8141
63,12,Sinta mengambil kotak kuning dari tas ransel.,Sinta,mengambil,kotak kuning,dari tas ransel,Apa yang Sinta ambil dari tas ransel?,0.6321
63,12,Sinta mengambil kotak kuning dari tas ransel.,Sinta,mengambil,kotak kuning,dari tas ransel,Dari mana Sinta mengambil kotak kuning?,0.7844
63,13,Sinta duduk di bangku taman sekolah.,Sinta,duduk,,di bangku taman sekolah,Siapa yang duduk di bangku taman sekolah?,0.7926
63,13,Sinta duduk di bangku taman sekolah.,Sinta,duduk,,di bangku taman sekolah,Di mana Sinta duduk ?,0.5207
63,14,Sari teman sebangku Sinta ikut duduk.,Sari teman sebang ku Sinta,ikut duduk,,,Apa yang ikut duduk?,0.4791
63,15,Sinta membuka tutup kotak bekalnya.,Sinta,membuka tutup,kotak bekal nya,,Siapa yang membuka tutup kotak bekal nya?,0.8129
63,15,Sinta membuka tutup kotak bekalnya.,Sinta,membuka tutup,kotak bekal nya,,Apa yang Sinta buka?,0.5502
63,17,Sari membawa bekal roti lapis keju.,Sari,membawa,bekal roti,,Siapa yang membawa bekal roti?,0.7007
63,17,Sari membawa bekal roti lapis keju.,Sari,membawa,bekal roti,,Apa yang Sari bawa?,0.6186
63,18,Sinta menawarkan nasi goreng kepada Sari.,Sinta,menawarkan,nasi,kepada sari,Siapa yang menawarkan nasi kepada sari?,0.5928
63,18,Sinta menawarkan nasi goreng kepada Sari.,Sinta,menawarkan,nasi,kepada sari,Apa yang Sinta tawarkan kepada sari?,0.1694
63,19,Sari memberikan separuh roti lapis kepada Sinta.,Sari,memberikan,separuh roti lapis,kepada sinta,Siapa yang memberikan separuh roti lapis kepada sinta?,0.6163
63,19,Sari memberikan separuh roti lapis kepada Sinta.,Sari,memberikan,separuh roti lapis,kepada sinta,Apa yang Sari berikan kepada sinta?,0.5217
63,20,Mereka saling bertukar makanan ringan.,Mereka,bertukar,makanan ringan,saling,Siapa yang bertukar makanan ringan saling?,0.8676
63,20,Mereka saling bertukar makanan ringan.,Mereka,bertukar,makanan ringan,saling,Apa yang Mereka tukar saling?,0.3953
63,21,Sinta memakan roti lapis keju lezat.,Sinta,memakan,roti,,Siapa yang memakan roti?,0.5906
63,21,Sinta memakan roti lapis keju lezat.,Sinta,memakan,roti,,Apa yang Sinta makan?,0.6147
63,22,Sari memuji nasi goreng buatan ibu Sinta.,Sari,memuji,nasi buatan ibu Sinta,,Siapa yang memuji nasi buatan ibu Sinta?,0.8679
63,22,Sari memuji nasi goreng buatan ibu Sinta.,Sari,memuji,nasi buatan ibu Sinta,,Siapa yang Sari puji?,0.3005
63,23,Mereka makan siang dengan sangat rukun.,Mereka,makan,siang,,Siapa yang makan siang?,0.7323
63,23,Mereka makan siang dengan sangat rukun.,Mereka,makan,siang,,Apa yang Mereka makan?,0.6074
63,24,Kotak bekal Sinta sudah kosong bersih.,Kotak bekal Sinta,sudah kosong,,bersih,Apa yang sudah kosong bersih?,0.5915
63,25,Sinta menutup kembali kotak bekalnya.,Sinta,menutup kembali,kotak bekal nya,,Siapa yang menutup kembali kotak bekal nya?,0.7587
63,25,Sinta menutup kembali kotak bekalnya.,Sinta,menutup kembali,kotak bekal nya,,Apa yang Sinta tutupi?,0.6553
64,2,Mobil-mobilan berserakan di atas lantai.,Mobil-mobilan,berserakan,,di atas lantai,Apa yang berserakan di atas lantai?,0.587
64,2,Mobil-mobilan berserakan di atas lantai.,Mobil-mobilan,berserakan,,di atas lantai,Di mana Mobil-mobilan berserakan ?,0.7179
64,3,Balok susun berserakan di dekat kasur.,Balok susun,berserakan,,di dekat kasur,Apa yang berserakan di dekat kasur?,0.758
64,3,Balok susun berserakan di dekat kasur.,Balok susun,berserakan,,di dekat kasur,Di mana Balok susun berserakan ?,0.6371
64,4,Ibu meminta Dito merapikan mainan tersebut.,Ibu,meminta merapikan,mainan tersebut,,Siapa yang meminta merapikan mainan tersebut?,0.6391
64,4,Ibu meminta Dito merapikan mainan tersebut.,Ibu,meminta merapikan,mainan tersebut,,Apa yang Ibu pintakan?,0.1919
64,5,Dito mengambil keranjang plastik besar.,Dito,mengambil,keranjang plastik besar,,Siapa yang mengambil keranjang plastik besar?,0.868
64,5,Dito mengambil keranjang plastik besar.,Dito,mengambil,keranjang plastik besar,,Apa yang Dito ambil?,0.4016
64,6,Dito memungut mobil-mobilan satu per satu.,Dito,memungut,mobil-mobilan satu satu,,Siapa yang memungut mobil-mobilan satu satu?,0.8163
64,6,Dito memungut mobil-mobilan satu per satu.,Dito,memungut,mobil-mobilan satu satu,,Apa yang Dito pungut?,0.289
64,7,Dito memasukkan mobil-mobilan ke keranjang.,Dito,memasukkan,mobil-mobilan,ke keranjang,Siapa yang memasukkan mobil-mobilan ke keranjang?,0.7875
64,7,Dito memasukkan mobil-mobilan ke keranjang.,Dito,memasukkan,mobil-mobilan,ke keranjang,Apa yang Dito masukkan ke keranjang?,0.3941
64,7,Dito memasukkan mobil-mobilan ke keranjang.,Dito,memasukkan,mobil-mobilan,ke keranjang,Ke mana Dito memasukkan mobil-mobilan?,0.6932
64,8,Dito merangkak mengambil balok susun.,Dito,merangkak mengambil,balok susun,,Siapa yang merangkak mengambil balok susun?,0.6726
64,8,Dito merangkak mengambil balok susun.,Dito,merangkak mengambil,balok susun,,Apa yang Dito rangkak?,0.466
64,9,Dito memisahkan balok susun berwarna merah.,Dito,memisahkan,balok susun,,Siapa yang memisahkan balok susun?,0.4314
64,9,Dito memisahkan balok susun berwarna merah.,Dito,memisahkan,balok susun,,Apa yang Dito pisahkan?,0.4336
64,10,Dito menaruh balok susun ke kotak kayu.,Dito,menaruh,balok susun,ke kotak kayu,Siapa yang menaruh balok susun ke kotak kayu?,0.8594
64,10,Dito menaruh balok susun ke kotak kayu.,Dito,menaruh,balok susun,ke kotak kayu,Apa yang Dito taruh ke kotak kayu?,0.8894
64,10,Dito menaruh balok susun ke kotak kayu.,Dito,menaruh,balok susun,ke kotak kayu,Ke mana Dito menaruh balok susun?,0.4047
64,11,Dito menemukan robot mainan di bawah kolong tempat tidur.,Dito,menemukan,robot mainan,di bawah kolong tempat tidur,Siapa yang menemukan robot mainan di bawah kolong tempat tidur?,0.9336
64,11,Dito menemukan robot mainan di bawah kolong tempat tidur.,Dito,menemukan,robot mainan,di bawah kolong tempat tidur,Apa yang Dito temukan di bawah kolong tempat tidur?,0.6866
64,11,Dito menemukan robot mainan di bawah kolong tempat tidur.,Dito,menemukan,robot mainan,di bawah kolong tempat tidur,Di mana Dito menemukan robot mainan?,0.6814
64,12,Dito menarik robot itu dengan sapu.,Dito,menarik,robot itu,dengan sapu,Siapa yang menarik robot itu dengan sapu?,0.8794
64,12,Dito menarik robot itu dengan sapu.,Dito,menarik,robot itu,dengan sapu,Apa yang Dito menarik dengan sapu?,0.3277
64,13,Robot Dito diletakkan di atas meja belajar.,,diletakkan,,di atas meja belajar,Di mana  diletakkan ?,0.1842
64,14,Dito merapikan buku cerita di rak.,Dito,merapikan,buku cerita,di rak,Siapa yang merapikan buku cerita di rak?,0.8484
64,14,Dito merapikan buku cerita di rak.,Dito,merapikan,buku cerita,di rak,Apa yang Dito rapikan di rak?,0.3992
64,14,Dito merapikan buku cerita di rak.,Dito,merapikan,buku cerita,di rak,Di mana Dito merapikan buku cerita?,0.7578
64,17,Dito menyapu debu di lantai kamar.,Dito,menyapu,debu,di lantai kamar,Siapa yang menyapu debu di lantai kamar?,0.8326
64,17,Dito menyapu debu di lantai kamar.,Dito,menyapu,debu,di lantai kamar,Apa yang Dito sapu di lantai kamar?,0.7935
64,17,Dito menyapu debu di lantai kamar.,Dito,menyapu,debu,di lantai kamar,Di mana Dito menyapu debu?,0.5082
64,18,Debu dikumpulkan di pojok ruangan.,,dikumpulkan,,di pojok ruangan,Di mana  dikumpulkan ?,0.3126
64,19,Dito membuang debu ke tempat sampah luar.,Dito,membuang,debu,ke tempat sampah luar,Siapa yang membuang debu ke tempat sampah luar?,0.8664
64,19,Dito membuang debu ke tempat sampah luar.,Dito,membuang,debu,ke tempat sampah luar,Apa yang Dito buang ke tempat sampah luar?,0.7681
64,19,Dito membuang debu ke tempat sampah luar.,Dito,membuang,debu,ke tempat sampah luar,Ke mana Dito membuang debu?,0.753
64,20,Dito mengembalikan keranjang mainan ke sudut kamar.,Dito,mengembalikan,keranjang mainan,ke sudut kamar,Siapa yang mengembalikan keranjang mainan ke sudut kamar?,0.8829
64,20,Dito mengembalikan keranjang mainan ke sudut kamar.,Dito,mengembalikan,keranjang mainan,ke sudut kamar,Apa yang Dito kembalikan ke sudut kamar?,0.7183
64,20,Dito mengembalikan keranjang mainan ke sudut kamar.,Dito,mengembalikan,keranjang mainan,ke sudut kamar,Ke mana Dito mengembalikan keranjang mainan?,0.7054
64,21,Ibu masuk melihat kamar Dito.,Ibu,masuk melihat,kamar Dito,,Siapa yang masuk melihat kamar Dito?,0.852
64,21,Ibu masuk melihat kamar Dito.,Ibu,masuk melihat,kamar Dito,,Siapa yang Ibu masuk?,0.4256
64,22,Ibu tersenyum melihat kamar yang bersih.,Ibu,tersenyum melihat,kamar yang bersih,,Siapa yang tersenyum melihat kamar yang bersih?,0.7453
64,22,Ibu tersenyum melihat kamar yang bersih.,Ibu,tersenyum melihat,kamar yang bersih,,Apa yang Ibu senyum?,0.3409
64,23,Ibu memberi Dito hadiah permen cokelat.,Ibu,memberi,Dito hadiah permen cokelat,,Siapa yang memberi Dito hadiah permen cokelat?,0.783
64,23,Ibu memberi Dito hadiah permen cokelat.,Ibu,memberi,Dito hadiah permen cokelat,,Siapa yang Ibu beri?,0.4021
64,24,Dito merasa senang kamarnya menjadi rapi.,Dito,merasa,kamar nya,senang,Siapa yang merasa kamar nya senang?,0.821
64,24,Dito merasa senang kamarnya menjadi rapi.,Dito,merasa,kamar nya,senang,Apa yang Dito rasa senang?,0.3503
64,25,Dito berjanji akan selalu merapikan mainan.,Dito,berjanji,,selalu,Siapa yang berjanji selalu?,0.4933
65,1,Tika memiliki sebuah boneka beruang.,Tika,memiliki,sebuah boneka beruang,,Siapa yang memiliki sebuah boneka beruang?,0.8342
65,1,Tika memiliki sebuah boneka beruang.,Tika,memiliki,sebuah boneka beruang,,Apa yang Tika miliki?,0.3297
65,2,Boneka beruang itu bernama Ciko.,Boneka beruang itu,bernama,Ciko,,Apa yang bernama Ciko?,0.5299
65,2,Boneka beruang itu bernama Ciko.,Boneka beruang itu,bernama,Ciko,,Siapa yang Boneka beruang itu nama?,0.7119
65,3,Ciko memiliki bulu berwarna cokelat muda.,Ciko,memiliki,bulu,,Siapa yang memiliki bulu?,0.4512
65,3,Ciko memiliki bulu berwarna cokelat muda.,Ciko,memiliki,bulu,,Apa yang Ciko miliki?,0.5105
65,4,Tika memeluk Ciko saat tidur malam.,Tika,memeluk,Ciko,,Siapa yang memeluk Ciko?,0.6681
65,4,Tika memeluk Ciko saat tidur malam.,Tika,memeluk,Ciko,,Siapa yang Tika peluk?,0.3441
65,5,Siang ini Tika bermain dokter-dokteran.,Tika,bermain,dokter-dokteran,,Siapa yang bermain dokter-dokteran?,0.6999
65,5,Siang ini Tika bermain dokter-dokteran.,Tika,bermain,dokter-dokteran,,Apa yang Tika main?,0.4068
65,6,Tika menjadikan Ciko sebagai pasien rumah sakit.,Tika,menjadikan,Ciko,sebagai pasien rumah sakit,Siapa yang menjadikan Ciko sebagai pasien rumah sakit?,0.8297
65,6,Tika menjadikan Ciko sebagai pasien rumah sakit.,Tika,menjadikan,Ciko,sebagai pasien rumah sakit,Siapa yang Tika jadikan sebagai pasien rumah sakit?,0.6702
65,7,Tika memakai jas dokter mainan putih.,Tika,memakai,jas dokter mainan putih,,Siapa yang memakai jas dokter mainan putih?,0.6304
65,7,Tika memakai jas dokter mainan putih.,Tika,memakai,jas dokter mainan putih,,Apa yang Tika pakai?,0.4373
65,8,Tika membaringkan Ciko di atas tempat tidur.,Tika,membaringkan,Ciko,di atas tempat tidur,Siapa yang membaringkan Ciko di atas tempat tidur?,0.6656
65,8,Tika membaringkan Ciko di atas tempat tidur.,Tika,membaringkan,Ciko,di atas tempat tidur,Siapa yang Tika baringkan di atas tempat tidur?,0.6958
65,8,Tika membaringkan Ciko di atas tempat tidur.,Tika,membaringkan,Ciko,di atas tempat tidur,Di mana Tika membaringkan Ciko?,0.31
65,9,Tika mengambil stetoskop mainan dari plastik.,Tika,mengambil,stetoskop mainan,dari plastik,Siapa yang mengambil stetoskop mainan dari plastik?,0.7603
65,9,Tika mengambil stetoskop mainan dari plastik.,Tika,mengambil,stetoskop mainan,dari plastik,Apa yang Tika ambil dari plastik?,0.6212
65,9,Tika mengambil stetoskop mainan dari plastik.,Tika,mengambil,stetoskop mainan,dari plastik,Dari mana Tika mengambil stetoskop mainan?,0.6425
65,10,Tika memeriksa detak jantung boneka beruang.,Tika,memeriksa,detak jantung boneka beruang,,Siapa yang memeriksa detak jantung boneka beruang?,0.8723
65,10,Tika memeriksa detak jantung boneka beruang.,Tika,memeriksa,detak jantung boneka beruang,,Apa yang Tika periksa?,0.3821
65,11,Tika menggelengkan kepala pura-pura cemas.,Tika,menggelengkan,kepala pura-pura cemas,,Siapa yang menggelengkan kepala pura-pura cemas?,0.4447
65,11,Tika menggelengkan kepala pura-pura cemas.,Tika,menggelengkan,kepala pura-pura cemas,,Apa yang Tika gelengkan?,0.3674
65,12,Tika mengambil termometer mainan hijau.,Tika,mengambil,termometer mainan hijau,,Siapa yang mengambil termometer mainan hijau?,0.799
65,12,Tika mengambil termometer mainan hijau.,Tika,mengambil,termometer mainan hijau,,Apa yang Tika ambil?,0.396
65,13,Tika memeriksa suhu tubuh Ciko.,Tika,memeriksa,suhu tubuh Ciko,,Siapa yang memeriksa suhu tubuh Ciko?,0.7038
65,13,Tika memeriksa suhu tubuh Ciko.,Tika,memeriksa,suhu tubuh Ciko,,Siapa yang Tika periksa?,0.346
65,14,Tika berkata Ciko sedang demam tinggi.,Tika,berkata,,,Siapa yang berkata?,0.1513
65,15,Tika mengambil botol obat sirup mainan.,Tika,mengambil,botol obat sirup mainan,,Siapa yang mengambil botol obat sirup mainan?,0.6929
65,15,Tika mengambil botol obat sirup mainan.,Tika,mengambil,botol obat sirup mainan,,Apa yang Tika ambil?,0.4997
65,16,Tika menyuapkan obat menggunakan sendok plastik.,Tika,menyuapkan menggunakan,sendok plastik,,Siapa yang menyuapkan menggunakan sendok plastik?,0.5705
65,16,Tika menyuapkan obat menggunakan sendok plastik.,Tika,menyuapkan menggunakan,sendok plastik,,Apa yang Tika suapkan?,0.2953
65,17,Tika mengusap dahi Ciko dengan sayang.,Tika,mengusap,dahi Ciko,sayang,Siapa yang mengusap dahi Ciko sayang?,0.6318
65,17,Tika mengusap dahi Ciko dengan sayang.,Tika,mengusap,dahi Ciko,sayang,Siapa yang Tika usap sayang?,0.4846
65,18,Tika menyelimuti Ciko agar tetap hangat.,Tika,menyelimuti,Ciko,agar tetap hangat,Siapa yang menyelimuti Ciko agar tetap hangat?,0.5533
65,18,Tika menyelimuti Ciko agar tetap hangat.,Tika,menyelimuti,Ciko,agar tetap hangat,Siapa yang Tika selimuti agar tetap hangat?,0.6
65,19,Tika meminta Ciko beristirahat tenang.,Tika,meminta beristirahat,,,Siapa yang meminta beristirahat?,0.6062
65,20,Permainan dokter-dokteran selesai dengan menyenangkan.,Permainan dokter-dokteran,selesai menyenangkan,,dengan menyenangkan,Apa yang selesai menyenangkan dengan menyenangkan?,0.4911
65,21,Tika mendudukkan Ciko di kursi rias.,Tika,mendudukkan,Ciko,di kursi rias,Siapa yang mendudukkan Ciko di kursi rias?,0.6892
65,21,Tika mendudukkan Ciko di kursi rias.,Tika,mendudukkan,Ciko,di kursi rias,Siapa yang Tika dudukkan di kursi rias?,0.6865
65,21,Tika mendudukkan Ciko di kursi rias.,Tika,mendudukkan,Ciko,di kursi rias,Di mana Tika mendudukkan Ciko?,0.6045
65,22,Tika menyisir bulu boneka beruang tersebut.,Tika,menyisir,bulu boneka beruang tersebut,,Siapa yang menyisir bulu boneka beruang tersebut?,0.7609
65,22,Tika menyisir bulu boneka beruang tersebut.,Tika,menyisir,bulu boneka beruang tersebut,,Apa yang Tika sisir?,0.2142
65,24,Tika membawa Ciko ke ruang tamu.,Tika,membawa,Ciko,ke ruang tamu,Siapa yang membawa Ciko ke ruang tamu?,0.8112
65,24,Tika membawa Ciko ke ruang tamu.,Tika,membawa,Ciko,ke ruang tamu,Siapa yang Tika bawa ke ruang tamu?,0.7205
65,24,Tika membawa Ciko ke ruang tamu.,Tika,membawa,Ciko,ke ruang tamu,Ke mana Tika membawa Ciko?,0.5265
65,25,Tika menonton televisi sambil memangku Ciko.,Tika,menonton memangku,Ciko,,Siapa yang menonton memangku Ciko?,0.6425
65,25,Tika menonton televisi sambil memangku Ciko.,Tika,menonton memangku,Ciko,,Siapa yang Tika tonton?,0.568
66,1,Nenek membawakan sekeranjang buah apel.,Nenek,membawakan,sekeranjang buah apel,,Siapa yang membawakan sekeranjang buah apel?,0.7531
66,1,Nenek membawakan sekeranjang buah apel.,Nenek,membawakan,sekeranjang buah apel,,Apa yang Nenek bawakan?,0.6062
66,3,Rini ingin membuat jus apel dingin.,Rini,ingin membuat,jus apel dingin,,Siapa yang ingin membuat jus apel dingin?,0.8351
66,3,Rini ingin membuat jus apel dingin.,Rini,ingin membuat,jus apel dingin,,Apa yang Rini buat?,0.3522
66,4,Rini membawa tiga buah apel ke wastafel.,Rini,membawa,tiga buah apel,ke wastafel,Siapa yang membawa tiga buah apel ke wastafel?,0.8128
66,4,Rini membawa tiga buah apel ke wastafel.,Rini,membawa,tiga buah apel,ke wastafel,Apa yang Rini bawa ke wastafel?,0.5789
66,4,Rini membawa tiga buah apel ke wastafel.,Rini,membawa,tiga buah apel,ke wastafel,Ke mana Rini membawa tiga buah apel?,0.7533
66,5,Rini mencuci buah apel di bawah air mengalir.,Rini,mencuci,buah apel,di bawah air mengalir,Siapa yang mencuci buah apel di bawah air mengalir?,0.8774
66,5,Rini mencuci buah apel di bawah air mengalir.,Rini,mencuci,buah apel,di bawah air mengalir,Apa yang Rini cuci di bawah air mengalir?,0.5984
66,5,Rini mencuci buah apel di bawah air mengalir.,Rini,mencuci,buah apel,di bawah air mengalir,Di mana Rini mencuci buah apel?,0.6823
66,6,Rini mengelap apel menggunakan kain bersih.,Rini,mengelap menggunakan,kain bersih,,Siapa yang mengelap menggunakan kain bersih?,0.5905
66,6,Rini mengelap apel menggunakan kain bersih.,Rini,mengelap menggunakan,kain bersih,,Apa yang Rini kelapkan?,0.1241
66,7,Rini mengambil pisau di laci dapur.,Rini,mengambil,pisau,di laci dapur,Siapa yang mengambil pisau di laci dapur?,0.7889
66,7,Rini mengambil pisau di laci dapur.,Rini,mengambil,pisau,di laci dapur,Apa yang Rini ambil di laci dapur?,0.6184
66,7,Rini mengambil pisau di laci dapur.,Rini,mengambil,pisau,di laci dapur,Di mana Rini mengambil pisau?,0.649
66,8,Rini memotong apel menjadi dua bagian.,Rini,memotong menjadi,dua bagian,,Siapa yang memotong menjadi dua bagian?,0.5776
66,8,Rini memotong apel menjadi dua bagian.,Rini,memotong menjadi,dua bagian,,Apa yang Rini potongi?,0.3833
66,9,Rini membuang biji apel ke tempat sampah.,Rini,membuang,biji apel,ke tempat sampah,Siapa yang membuang biji apel ke tempat sampah?,0.8315
66,9,Rini membuang biji apel ke tempat sampah.,Rini,membuang,biji apel,ke tempat sampah,Apa yang Rini buang ke tempat sampah?,0.5288
66,9,Rini membuang biji apel ke tempat sampah.,Rini,membuang,biji apel,ke tempat sampah,Ke mana Rini membuang biji apel?,0.6494
66,10,Rini memotong apel menjadi dadu kecil.,Rini,memotong menjadi,dadu kecil,,Siapa yang memotong menjadi dadu kecil?,0.535
66,10,Rini memotong apel menjadi dadu kecil.,Rini,memotong menjadi,dadu kecil,,Apa yang Rini potongi?,0.4487
66,11,Rini menyiapkan mesin blender di atas meja.,Rini,menyiapkan,mesin blender,di atas meja,Siapa yang menyiapkan mesin blender di atas meja?,0.8361
66,11,Rini menyiapkan mesin blender di atas meja.,Rini,menyiapkan,mesin blender,di atas meja,Apa yang Rini siapkan di atas meja?,0.4789
66,11,Rini menyiapkan mesin blender di atas meja.,Rini,menyiapkan,mesin blender,di atas meja,Di mana Rini menyiapkan mesin blender?,0.8516
66,12,Rini memasukkan potongan apel ke dalam blender.,Rini,memasukkan,potongan apel,ke dalam blender,Siapa yang memasukkan potongan apel ke dalam blender?,0.8219
66,12,Rini memasukkan potongan apel ke dalam blender.,Rini,memasukkan,potongan apel,ke dalam blender,Apa yang Rini masukkan ke dalam blender?,0.8054
66,12,Rini memasukkan potongan apel ke dalam blender.,Rini,memasukkan,potongan apel,ke dalam blender,Ke mana Rini memasukkan potongan apel?,0.5968
66,13,Rini menambahkan dua sendok gula pasir.,Rini,menambahkan,dua sendok gula pasir,,Siapa yang menambahkan dua sendok gula pasir?,0.7266
66,13,Rini menambahkan dua sendok gula pasir.,Rini,menambahkan,dua sendok gula pasir,,Apa yang Rini tambahkan?,0.5079
66,14,Rini menuangkan air putih matang setengah gelas.,Rini,menuangkan,air putih matang setengah gelas,,Siapa yang menuangkan air putih matang setengah gelas?,0.8417
66,14,Rini menuangkan air putih matang setengah gelas.,Rini,menuangkan,air putih matang setengah gelas,,Apa yang Rini tuangkan?,0.2518
66,15,Rini menambahkan es batu kotak.,Rini,menambahkan,es batu kotak,,Siapa yang menambahkan es batu kotak?,0.6086
66,15,Rini menambahkan es batu kotak.,Rini,menambahkan,es batu kotak,,Apa yang Rini tambahkan?,0.6506
66,16,Rini menutup rapat bagian atas blender.,Rini,menutup,rapat bagian blender,,Siapa yang menutup rapat bagian blender?,0.7744
66,16,Rini menutup rapat bagian atas blender.,Rini,menutup,rapat bagian blender,,Apa yang Rini tutup?,0.6017
66,17,Rini menekan tombol mesin blender dengan telunjuk.,Rini,menekan,tombol mesin blender,dengan telunjuk,Siapa yang menekan tombol mesin blender dengan telunjuk?,0.8467
66,17,Rini menekan tombol mesin blender dengan telunjuk.,Rini,menekan,tombol mesin blender,dengan telunjuk,Apa yang Rini tekan dengan telunjuk?,0.4738
66,18,Mesin blender berputar sangat kencang.,Mesin blender,berputar,,sangat kencang,Apa yang berputar sangat kencang?,0.3469
66,19,Potongan apel hancur menjadi cairan kental.,Potongan apel,hancur menjadi,cairan kental,,Apa yang hancur menjadi cairan kental?,0.6805
66,19,Potongan apel hancur menjadi cairan kental.,Potongan apel,hancur menjadi,cairan kental,,Apa yang Potongan apel hancuri?,0.8683
66,20,Rini mematikan mesin blender tersebut.,Rini,mematikan,mesin blender tersebut,,Siapa yang mematikan mesin blender tersebut?,0.8628
66,20,Rini mematikan mesin blender tersebut.,Rini,mematikan,mesin blender tersebut,,Apa yang Rini matikan?,0.4058
66,21,Rini menyiapkan dua gelas kaca bening.,Rini,menyiapkan,dua gelas kaca bening,,Siapa yang menyiapkan dua gelas kaca bening?,0.8019
66,21,Rini menyiapkan dua gelas kaca bening.,Rini,menyiapkan,dua gelas kaca bening,,Apa yang Rini siapkan?,0.3662
66,22,Rini menuangkan jus apel ke dalam gelas.,Rini,menuangkan,jus apel,ke dalam gelas,Siapa yang menuangkan jus apel ke dalam gelas?,0.8348
66,22,Rini menuangkan jus apel ke dalam gelas.,Rini,menuangkan,jus apel,ke dalam gelas,Apa yang Rini tuangkan ke dalam gelas?,0.5453
66,22,Rini menuangkan jus apel ke dalam gelas.,Rini,menuangkan,jus apel,ke dalam gelas,Ke mana Rini menuangkan jus apel?,0.7311
66,23,Rini menyajikan jus apel untuk ibu.,Rini,menyajikan,jus apel,untuk ibu,Siapa yang menyajikan jus apel untuk ibu?,0.8416
66,23,Rini menyajikan jus apel untuk ibu.,Rini,menyajikan,jus apel,untuk ibu,Apa yang Rini sajikan untuk ibu?,0.6169
66,24,Ibu meminum jus apel buatan Rini.,Ibu,meminum,jus apel buatan Rini,,Apa yang meminum jus apel buatan Rini?,0.9139
66,24,Ibu meminum jus apel buatan Rini.,Ibu,meminum,jus apel buatan Rini,,Siapa yang Ibu pinum?,0.2306
66,25,Rasa jus apel itu sangat menyegarkan.,Rasa jus apel itu,menyegarkan,,sangat,Apa yang menyegarkan sangat?,0.1933
67,1,Zaman dahulu gajah memiliki hidung sangat pendek.,Zaman dahulu gajah,memiliki,hidung pendek,,Apa yang memiliki hidung pendek?,0.643
67,1,Zaman dahulu gajah memiliki hidung sangat pendek.,Zaman dahulu gajah,memiliki,hidung pendek,,Apa yang Zaman dahulu gajah miliki?,0.7164
67,3,Gajah muda berjalan di pinggir sungai jernih.,Gajah muda,berjalan,,di pinggir sungai jernih,Apa yang berjalan di pinggir sungai jernih?,0.5626
67,3,Gajah muda berjalan di pinggir sungai jernih.,Gajah muda,berjalan,,di pinggir sungai jernih,Di mana Gajah muda berjalan ?,0.7211
67,4,Gajah muda merasa sangat kehausan.,Gajah muda,merasa,,sangat kehausan,Apa yang merasa sangat kehausan?,0.2982
67,5,Gajah muda menundukkan kepala ke permukaan air.,Gajah muda,menundukkan,kepala,ke permukaan air,Apa yang menundukkan kepala ke permukaan air?,0.4972
67,5,Gajah muda menundukkan kepala ke permukaan air.,Gajah muda,menundukkan,kepala,ke permukaan air,Apa yang Gajah muda tundukkan ke permukaan air?,0.8642
67,5,Gajah muda menundukkan kepala ke permukaan air.,Gajah muda,menundukkan,kepala,ke permukaan air,Ke mana Gajah muda menundukkan kepala?,0.5583
67,6,Tiba-tiba seekor buaya muncul dari dalam air.,seekor buaya,muncul,,Tiba-tiba dari dalam air,Apa yang muncul Tiba-tiba dari dalam air?,0.7256
67,6,Tiba-tiba seekor buaya muncul dari dalam air.,seekor buaya,muncul,,Tiba-tiba dari dalam air,Dari mana seekor buaya muncul ?,0.6126
67,7,Buaya itu menggigit hidung gajah muda.,Buaya itu,menggigit,hidung gajah muda,,Apa yang menggigit hidung gajah muda?,0.8229
67,7,Buaya itu menggigit hidung gajah muda.,Buaya itu,menggigit,hidung gajah muda,,Apa yang Buaya itu gigit?,0.514
67,8,Gajah muda merasa sangat terkejut.,Gajah muda,merasa terkejut,,,Apa yang merasa terkejut?,0.4812
67,9,Gajah muda menarik tubuhnya ke arah belakang.,Gajah muda,menarik,tubuh nya,ke arah belakang,Apa yang menarik tubuh nya ke arah belakang?,0.4386
67,9,Gajah muda menarik tubuhnya ke arah belakang.,Gajah muda,menarik,tubuh nya,ke arah belakang,Apa yang Gajah muda menarik ke arah belakang?,0.8844
67,9,Gajah muda menarik tubuhnya ke arah belakang.,Gajah muda,menarik,tubuh nya,ke arah belakang,Ke mana Gajah muda menarik tubuh nya?,0.8394
67,10,Buaya menarik hidung gajah ke arah depan.,Buaya,menarik,hidung gajah,ke arah depan,Siapa yang menarik hidung gajah ke arah depan?,0.8281
67,10,Buaya menarik hidung gajah ke arah depan.,Buaya,menarik,hidung gajah,ke arah depan,Apa yang Buaya menarik ke arah depan?,0.4761
67,10,Buaya menarik hidung gajah ke arah depan.,Buaya,menarik,hidung gajah,ke arah depan,Ke mana Buaya menarik hidung gajah?,0.8329
67,11,Mereka saling tarik menarik dengan sangat kuat.,Mereka,tarik menarik,,saling,Siapa yang tarik menarik saling?,0.6965
67,12,Hidung gajah muda menjadi semakin panjang melar.,Hidung gajah muda,menjadi melar,,semakin panjang,Apa yang menjadi melar semakin panjang?,0.3989
67,13,Gajah muda mendorong buaya menggunakan kaki depan.,Gajah muda,mendorong menggunakan,kaki depan,,Apa yang mendorong menggunakan kaki depan?,0.3095
67,13,Gajah muda mendorong buaya menggunakan kaki depan.,Gajah muda,mendorong menggunakan,kaki depan,,Apa yang Gajah muda dorongkan?,0.7585
67,14,Gigitan buaya akhirnya terlepas dari hidung gajah.,,terlepas,,akhirnya dari hidung gajah,Dari mana  terlepas ?,0.192
67,15,Gajah muda lari menjauhi sungai mengerikan itu.,Gajah muda,lari menjauhi,sungai itu,,Apa yang lari menjauhi sungai itu?,0.5792
67,15,Gajah muda lari menjauhi sungai mengerikan itu.,Gajah muda,lari menjauhi,sungai itu,,Apa yang Gajah muda lari?,0.6238
67,16,Gajah muda melihat hidungnya di genangan air.,Gajah muda,melihat,hidung nya,di genangan air,Apa yang melihat hidung nya di genangan air?,0.6184
67,16,Gajah muda melihat hidungnya di genangan air.,Gajah muda,melihat,hidung nya,di genangan air,Apa yang Gajah muda lihat di genangan air?,0.8443
67,16,Gajah muda melihat hidungnya di genangan air.,Gajah muda,melihat,hidung nya,di genangan air,Di mana Gajah muda melihat hidung nya?,0.6537
67,17,Hidung itu berubah menjadi belalai yang panjang.,Hidung itu,berubah menjadi,belalai yang panjang,,Apa yang berubah menjadi belalai yang panjang?,0.9135
67,17,Hidung itu berubah menjadi belalai yang panjang.,Hidung itu,berubah menjadi,belalai yang panjang,,Apa yang Hidung itu rubahi?,0.4266
67,18,Gajah muda mencoba mengambil buah di pohon.,Gajah muda,mencoba mengambil,buah,di pohon,Apa yang mencoba mengambil buah di pohon?,0.6956
67,18,Gajah muda mencoba mengambil buah di pohon.,Gajah muda,mencoba mengambil,buah,di pohon,Apa yang Gajah muda coba di pohon?,0.8255
67,18,Gajah muda mencoba mengambil buah di pohon.,Gajah muda,mencoba mengambil,buah,di pohon,Di mana Gajah muda mencoba mengambil buah?,0.7432
67,19,Belalai itu bisa memetik buah dengan mudah.,Belalai itu,bisa memetik,buah,dengan mudah,Apa yang bisa memetik buah dengan mudah?,0.8837
67,19,Belalai itu bisa memetik buah dengan mudah.,Belalai itu,bisa memetik,buah,dengan mudah,Apa yang Belalai itu petik dengan mudah?,0.3354
67,20,Gajah muda juga bisa menyedot air sungai.,Gajah muda,bisa menyedot,air sungai,juga,Apa yang bisa menyedot air sungai juga?,0.579
67,20,Gajah muda juga bisa menyedot air sungai.,Gajah muda,bisa menyedot,air sungai,juga,Apa yang Gajah muda sedot juga?,0.6091
67,21,Belalai menyemprotkan air ke punggung gajah sendiri.,Belalai,menyemprotkan,air,ke punggung gajah sendiri,Siapa yang menyemprotkan air ke punggung gajah sendiri?,0.8594
67,21,Belalai menyemprotkan air ke punggung gajah sendiri.,Belalai,menyemprotkan,air,ke punggung gajah sendiri,Apa yang Belalai semprotkan ke punggung gajah sendiri?,0.7564
67,21,Belalai menyemprotkan air ke punggung gajah sendiri.,Belalai,menyemprotkan,air,ke punggung gajah sendiri,Ke mana Belalai menyemprotkan air?,0.5122
67,22,Gajah muda merasa sangat senang sekarang.,Gajah muda,merasa,,sangat senang sekarang,Apa yang merasa sangat senang sekarang?,0.387
67,23,Belalai panjang sangat berguna bagi kelangsungan gajah.,Belalai panjang,berguna,,sangat bagi kelangsungan gajah,Apa yang berguna sangat bagi kelangsungan gajah?,0.903
67,24,Gajah muda menceritakan hal itu kepada teman-temannya.,Gajah muda,menceritakan,hal itu,kepada teman-teman,Apa yang menceritakan hal itu kepada teman-teman?,0.3624
67,24,Gajah muda menceritakan hal itu kepada teman-temannya.,Gajah muda,menceritakan,hal itu,kepada teman-teman,Apa yang Gajah muda ceritakan kepada teman-teman?,0.8921
67,25,Sejak saat itu semua gajah memiliki belalai.,semua gajah,memiliki,belalai,sejak saat itu,Apa yang memiliki belalai sejak saat itu?,0.4608
67,25,Sejak saat itu semua gajah memiliki belalai.,semua gajah,memiliki,belalai,sejak saat itu,Apa yang semua gajah miliki sejak saat itu?,0.7993
67,25,Sejak saat itu semua gajah memiliki belalai.,semua gajah,memiliki,belalai,sejak saat itu,Kapan semua gajah memiliki belalai?,0.8542
68,1,Dahulu kala jerapah bertubuh mirip seperti kuda.,kala jerapah,bertubuh,,mirip seperti kuda,Apa yang bertubuh mirip seperti kuda?,0.8621
68,2,Leher jerapah juga berukuran sangat pendek.,Leher jerapah,berukuran,,juga sangat pendek,Apa yang berukuran juga sangat pendek?,0.7809
68,3,Jerapah memakan rumput di tanah lapang luas.,Jerapah,memakan,rumput,di tanah lapang luas,Siapa yang memakan rumput di tanah lapang luas?,0.7114
68,3,Jerapah memakan rumput di tanah lapang luas.,Jerapah,memakan,rumput,di tanah lapang luas,Apa yang Jerapah makan di tanah lapang luas?,0.5792
68,3,Jerapah memakan rumput di tanah lapang luas.,Jerapah,memakan,rumput,di tanah lapang luas,Di mana Jerapah memakan rumput?,0.641
68,4,Musim kemarau panjang melanda hutan lebat itu.,Musim kemarau panjang,melanda,hutan lebat itu,,Apa yang melanda hutan lebat itu?,0.7358
68,4,Musim kemarau panjang melanda hutan lebat itu.,Musim kemarau panjang,melanda,hutan lebat itu,,Apa yang Musim kemarau panjang landa?,0.6592
68,5,Rumput di tanah menjadi kering dan mati.,Rumput,menjadi,,kering dan mati di tanah,Siapa yang menjadi kering dan mati di tanah?,0.6561
68,5,Rumput di tanah menjadi kering dan mati.,Rumput,menjadi,,kering dan mati di tanah,Di mana Rumput menjadi ?,0.2073
68,6,Semua hewan kesulitan mencari rumput hijau segar.,Semua hewan kesulitan,mencari,rumput hijau segar,,Apa yang mencari rumput hijau segar?,0.5406
68,6,Semua hewan kesulitan mencari rumput hijau segar.,Semua hewan kesulitan,mencari,rumput hijau segar,,Apa yang Semua hewan kesulitan cari?,0.5988
68,7,Jerapah melihat daun hijau di atas pohon.,Jerapah,melihat,daun hijau,di atas pohon,Apa yang melihat daun hijau di atas pohon?,0.8704
68,7,Jerapah melihat daun hijau di atas pohon.,Jerapah,melihat,daun hijau,di atas pohon,Apa yang Jerapah lihat di atas pohon?,0.7376
68,7,Jerapah melihat daun hijau di atas pohon.,Jerapah,melihat,daun hijau,di atas pohon,Di mana Jerapah melihat daun hijau?,0.7184
68,8,Pohon itu berdiri menjulang sangat tinggi.,Pohon itu,berdiri menjulang,,,Apa yang berdiri menjulang?,0.3285
68,9,Jerapah berusaha menjulurkan lehernya ke arah atas.,Jerapah,berusaha menjulurkan,leher nya,ke arah atas,Siapa yang berusaha menjulurkan leher nya ke arah atas?,0.7921
68,9,Jerapah berusaha menjulurkan lehernya ke arah atas.,Jerapah,berusaha menjulurkan,leher nya,ke arah atas,Apa yang Jerapah usahakan ke arah atas?,0.5578
68,9,Jerapah berusaha menjulurkan lehernya ke arah atas.,Jerapah,berusaha menjulurkan,leher nya,ke arah atas,Ke mana Jerapah berusaha menjulurkan leher nya?,0.7751
68,10,Jerapah berjinjit menggunakan kedua kaki depannya.,Jerapah,berjinjit menggunakan,kedua kaki depan nya,,Siapa yang berjinjit menggunakan kedua kaki depan nya?,0.6475
68,10,Jerapah berjinjit menggunakan kedua kaki depannya.,Jerapah,berjinjit menggunakan,kedua kaki depan nya,,Apa yang Jerapah jinjitkan?,0.4043
68,11,Jerapah berhasil memakan daun paling bawah pohon.,Jerapah,berhasil memakan,daun bawah pohon,,Siapa yang berhasil memakan daun bawah pohon?,0.7704
68,11,Jerapah berhasil memakan daun paling bawah pohon.,Jerapah,berhasil memakan,daun bawah pohon,,Apa yang Jerapah berhasilkan?,0.2529
68,12,Setiap hari jerapah melakukan rutinitas tersebut.,Setiap hari jerapah,melakukan,rutinitas tersebut,,Apa yang melakukan rutinitas tersebut?,0.5701
68,12,Setiap hari jerapah melakukan rutinitas tersebut.,Setiap hari jerapah,melakukan,rutinitas tersebut,,Apa yang Setiap hari jerapah lakukan?,0.795
68,13,Jerapah ingin memakan daun di dahan atas.,Jerapah,ingin memakan,daun,di dahan atas,Siapa yang ingin memakan daun di dahan atas?,0.745
68,13,Jerapah ingin memakan daun di dahan atas.,Jerapah,ingin memakan,daun,di dahan atas,Apa yang Jerapah makan di dahan atas?,0.6177
68,13,Jerapah ingin memakan daun di dahan atas.,Jerapah,ingin memakan,daun,di dahan atas,Di mana Jerapah ingin memakan daun?,0.7371
68,14,Jerapah meregangkan leher dengan sekuat tenaga besarnya.,Jerapah,meregangkan,leher,dengan sekuat tenaga besar nya,Siapa yang meregangkan leher dengan sekuat tenaga besar nya?,0.8085
68,14,Jerapah meregangkan leher dengan sekuat tenaga besarnya.,Jerapah,meregangkan,leher,dengan sekuat tenaga besar nya,Apa yang Jerapah regangkan dengan sekuat tenaga besar nya?,0.527
68,15,Perlahan leher jerapah berubah menjadi semakin panjang.,leher jerapah,berubah menjadi,,Perlahan,Apa yang berubah menjadi Perlahan?,0.3077
68,16,Kaki depan jerapah juga ikut memanjang tinggi.,Kaki depan jerapah,ikut memanjang,,juga,Apa yang ikut memanjang juga?,0.4339
68,17,Jerapah bisa mencapai pucuk pohon paling tinggi.,Jerapah,bisa mencapai,pucuk pohon paling tinggi,paling,Siapa yang bisa mencapai pucuk pohon paling tinggi paling?,0.8493
68,17,Jerapah bisa mencapai pucuk pohon paling tinggi.,Jerapah,bisa mencapai,pucuk pohon paling tinggi,paling,Apa yang Jerapah capai paling?,0.2456
68,18,Daun di pucuk pohon terasa sangat segar.,di pucuk pohon,terasa,,sangat segar di pucuk pohon,Apa yang terasa sangat segar di pucuk pohon?,0.8512
68,18,Daun di pucuk pohon terasa sangat segar.,di pucuk pohon,terasa,,sangat segar di pucuk pohon,Di mana di pucuk pohon terasa ?,0.7503
68,19,Jerapah makan dengan sangat kenyang setiap hari.,Jerapah,makan,,dengan sangat kenyang setiap hari,Apa yang makan dengan sangat kenyang setiap hari?,0.7309
68,20,Hewan lain melihat perubahan bentuk fisik jerapah.,Hewan lain,melihat,perubahan bentuk fisik jerapah,,Apa yang melihat perubahan bentuk fisik jerapah?,0.6428
68,20,Hewan lain melihat perubahan bentuk fisik jerapah.,Hewan lain,melihat,perubahan bentuk fisik jerapah,,Apa yang Hewan lain lihat?,0.7075
68,21,Mereka merasa sangat takjub melihatnya.,Mereka,merasa melihat,nya,,Siapa yang merasa melihat nya?,0.5892
68,21,Mereka merasa sangat takjub melihatnya.,Mereka,merasa melihat,nya,,Apa yang Mereka rasa?,0.4019
68,22,Jerapah tidak pernah kekurangan makanan hijau lagi.,Jerapah,kekurangan,,tidak pernah lagi,Siapa yang kekurangan tidak pernah lagi?,0.2234
68,23,Musim kemarau bukan menjadi masalah bagi jerapah.,Musim kemarau,menjadi,masalah jerapah,bukan,Apa yang menjadi masalah jerapah bukan?,0.0779
68,23,Musim kemarau bukan menjadi masalah bagi jerapah.,Musim kemarau,menjadi,masalah jerapah,bukan,Apa yang Musim kemarau jadi bukan?,0.5825
68,24,Leher panjang menjadi ciri khas hewan jerapah.,Leher panjang,menjadi,ciri khas hewan jerapah,,Apa yang menjadi ciri khas hewan jerapah?,0.8094
68,24,Leher panjang menjadi ciri khas hewan jerapah.,Leher panjang,menjadi,ciri khas hewan jerapah,,Apa yang Leher panjang jadi?,0.4593
68,25,Semua jerapah lahir dengan leher panjang sekarang.,Semua jerapah,lahir,,dengan leher panjang sekarang,Apa yang lahir dengan leher panjang sekarang?,0.7945
69,1,Beruang hitam berjalan menyusuri hutan pinus sepi.,Beruang hitam,berjalan menyusuri,hutan pinus sepi,,Apa yang berjalan menyusuri hutan pinus sepi?,0.7094
69,1,Beruang hitam berjalan menyusuri hutan pinus sepi.,Beruang hitam,berjalan menyusuri,hutan pinus sepi,,Apa yang Beruang hitam jalani?,0.5363
69,2,Beruang hitam merasa sangat lapar hari ini.,Beruang hitam,merasa,hari ini,sangat lapar,Apa yang merasa hari ini sangat lapar?,0.718
69,2,Beruang hitam merasa sangat lapar hari ini.,Beruang hitam,merasa,hari ini,sangat lapar,Apa yang Beruang hitam rasa sangat lapar?,0.9077
69,3,Beruang mencari buah beri di balik semak.,Beruang,mencari,buah,di balik semak,Siapa yang mencari buah di balik semak?,0.8211
69,3,Beruang mencari buah beri di balik semak.,Beruang,mencari,buah,di balik semak,Apa yang Beruang cari di balik semak?,0.4656
69,3,Beruang mencari buah beri di balik semak.,Beruang,mencari,buah,di balik semak,Di mana Beruang mencari buah?,0.8311
69,4,Semak-semak itu tidak memiliki buah beri matang.,Semak-semak itu,memiliki,buah,tidak,Apa yang memiliki buah tidak?,0.7346
69,4,Semak-semak itu tidak memiliki buah beri matang.,Semak-semak itu,memiliki,buah,tidak,Apa yang Semak-semak itu miliki tidak?,0.3863
69,5,Beruang hitam mencium aroma manis yang kuat.,Beruang hitam,mencium,aroma manis yang kuat,,Apa yang mencium aroma manis yang kuat?,0.731
69,5,Beruang hitam mencium aroma manis yang kuat.,Beruang hitam,mencium,aroma manis yang kuat,,Apa yang Beruang hitam cium?,0.8138
69,6,Beruang mengikuti arah aroma sedap tersebut segera.,Beruang,mengikuti,arah aroma sedap tersebut,segera,Siapa yang mengikuti arah aroma sedap tersebut segera?,0.88
69,6,Beruang mengikuti arah aroma sedap tersebut segera.,Beruang,mengikuti,arah aroma sedap tersebut,segera,Apa yang Beruang ikuti segera?,0.3519
69,7,Aroma itu berasal dari sebuah pohon besar.,Aroma itu,berasal,,dari sebuah pohon besar,Apa yang berasal dari sebuah pohon besar?,0.7856
69,7,Aroma itu berasal dari sebuah pohon besar.,Aroma itu,berasal,,dari sebuah pohon besar,Dari mana Aroma itu berasal ?,0.5877
69,8,Di dahan pohon terdapat sarang lebah madu.,,terdapat,sarang lebah madu,di dahan pohon,Di mana  terdapat sarang lebah madu?,0.8254
69,9,Banyak lebah terbang menjaga sekitar sarang itu.,Banyak lebah,terbang menjaga,,sekitar sarang itu,Apa yang terbang menjaga sekitar sarang itu?,0.4817
69,10,Beruang hitam memanjat batang pohon besar perlahan.,Beruang hitam,memanjat,batang pohon besar,perlahan,Apa yang memanjat batang pohon besar perlahan?,0.7267
69,10,Beruang hitam memanjat batang pohon besar perlahan.,Beruang hitam,memanjat,batang pohon besar,perlahan,Apa yang Beruang hitam panjat perlahan?,0.601
69,11,Beruang mendekati sarang lebah itu dengan hati-hati.,Beruang,mendekati,sarang lebah itu,dengan hati-hati,Siapa yang mendekati sarang lebah itu dengan hati-hati?,0.9138
69,11,Beruang mendekati sarang lebah itu dengan hati-hati.,Beruang,mendekati,sarang lebah itu,dengan hati-hati,Apa yang Beruang dekati dengan hati-hati?,0.3223
69,12,Beruang memasukkan cakar ke lubang dalam sarang.,Beruang,memasukkan,cakar,ke lubang dalam sarang,Siapa yang memasukkan cakar ke lubang dalam sarang?,0.7892
69,12,Beruang memasukkan cakar ke lubang dalam sarang.,Beruang,memasukkan,cakar,ke lubang dalam sarang,Apa yang Beruang masukkan ke lubang dalam sarang?,0.8817
69,12,Beruang memasukkan cakar ke lubang dalam sarang.,Beruang,memasukkan,cakar,ke lubang dalam sarang,Ke mana Beruang memasukkan cakar?,0.5862
69,13,Beruang mengambil segenggam cairan lengket berwarna kuning.,Beruang,mengambil,segenggam cairan lengket,,Siapa yang mengambil segenggam cairan lengket?,0.6687
69,13,Beruang mengambil segenggam cairan lengket berwarna kuning.,Beruang,mengambil,segenggam cairan lengket,,Apa yang Beruang ambil?,0.2437
69,14,Cairan itu adalah madu lebah segar manis.,Cairan itu,madu,,,Apa yang madu?,0.8238
69,15,Beruang memasukkan madu ke dalam mulut besarnya.,Beruang,memasukkan,madu,ke dalam mulut besar nya,Siapa yang memasukkan madu ke dalam mulut besar nya?,0.8367
69,15,Beruang memasukkan madu ke dalam mulut besarnya.,Beruang,memasukkan,madu,ke dalam mulut besar nya,Apa yang Beruang masukkan ke dalam mulut besar nya?,0.6394
69,15,Beruang memasukkan madu ke dalam mulut besarnya.,Beruang,memasukkan,madu,ke dalam mulut besar nya,Ke mana Beruang memasukkan madu?,0.7339
69,17,Beruang memejamkan mata menikmati rasa madu itu.,Beruang,memejamkan menikmati,rasa madu itu,,Siapa yang memejamkan menikmati rasa madu itu?,0.8273
69,17,Beruang memejamkan mata menikmati rasa madu itu.,Beruang,memejamkan menikmati,rasa madu itu,,Apa yang Beruang pejami?,0.3041
69,18,Lebah-lebah merasa marah kepada beruang hitam pencuri.,Lebah-lebah,merasa marah,,kepada beruang hitam pencuri,Apa yang merasa marah kepada beruang hitam pencuri?,0.7039
69,19,Lebah menyengat ujung hidung beruang hitam bertubi-tubi.,Lebah,menyengat,ujung hidung beruang hitam bertubi-tubi,,Siapa yang menyengat ujung hidung beruang hitam bertubi-tubi?,0.76
69,19,Lebah menyengat ujung hidung beruang hitam bertubi-tubi.,Lebah,menyengat,ujung hidung beruang hitam bertubi-tubi,,Apa yang Lebah sengat?,0.5281
69,20,Beruang tidak peduli dengan rasa sengatan lebah.,Beruang,peduli,,tidak dengan rasa sengatan lebah,Siapa yang peduli tidak dengan rasa sengatan lebah?,0.6645
69,21,Beruang terus memakan madu dengan sangat lahap.,Beruang,memakan,madu,terus dengan lahap sangat lahap,Siapa yang memakan madu terus dengan lahap sangat lahap?,0.7863
69,21,Beruang terus memakan madu dengan sangat lahap.,Beruang,memakan,madu,terus dengan lahap sangat lahap,Apa yang Beruang makan terus dengan lahap sangat lahap?,0.4201
69,22,Bulu tebal beruang menahan sengatan lebah lainnya.,Bulu tebal beruang,menahan,sengatan lebah lainnya,,Apa yang menahan sengatan lebah lainnya?,0.6446
69,22,Bulu tebal beruang menahan sengatan lebah lainnya.,Bulu tebal beruang,menahan,sengatan lebah lainnya,,Apa yang Bulu tebal beruang tahan?,0.7447
69,24,Beruang turun dari atas pohon beringin tua.,Beruang,turun,,dari atas pohon beringin tua,Siapa yang turun dari atas pohon beringin tua?,0.8283
69,24,Beruang turun dari atas pohon beringin tua.,Beruang,turun,,dari atas pohon beringin tua,Dari mana Beruang turun ?,0.3961
69,25,Sejak hari itu beruang sangat menyukai madu.,beruang,menyukai,madu,sejak hari itu sangat,Apa yang menyukai madu sejak hari itu sangat?,0.7238
69,25,Sejak hari itu beruang sangat menyukai madu.,beruang,menyukai,madu,sejak hari itu sangat,Apa yang beruang sukai sejak hari itu sangat?,0.7676
70,1,Ribuan tahun lalu unta tidak memiliki punuk.,unta,memiliki,punuk,ribuan tahun lalu tidak,Apa yang memiliki punuk ribuan tahun lalu tidak?,0.778
70,1,Ribuan tahun lalu unta tidak memiliki punuk.,unta,memiliki,punuk,ribuan tahun lalu tidak,Apa yang unta miliki ribuan tahun lalu tidak?,0.7704
70,3,Unta hidup di gurun pasir yang panas.,Unta,hidup,,di gurun pasir yang panas,Siapa yang hidup di gurun pasir yang panas?,0.8934
70,3,Unta hidup di gurun pasir yang panas.,Unta,hidup,,di gurun pasir yang panas,Di mana Unta hidup ?,0.2456
70,4,Hewan lain bekerja keras membangun tempat tinggal.,Hewan lain,bekerja membangun,tempat tinggal,keras,Apa yang bekerja membangun tempat tinggal keras?,0.6014
70,4,Hewan lain bekerja keras membangun tempat tinggal.,Hewan lain,bekerja membangun,tempat tinggal,keras,Apa yang Hewan lain bekerja keras?,0.7789
70,5,Kuda mengangkut batu besar setiap siang hari.,Kuda,mengangkut,batu besar setiap siang hari,,Siapa yang mengangkut batu besar setiap siang hari?,0.6928
70,5,Kuda mengangkut batu besar setiap siang hari.,Kuda,mengangkut,batu besar setiap siang hari,,Apa yang Kuda angkut?,0.6278
70,6,Keledai membawa tumpukan kayu bakar dari hutan.,Keledai,membawa,tumpukan kayu bakar,dari hutan,Siapa yang membawa tumpukan kayu bakar dari hutan?,0.8171
70,6,Keledai membawa tumpukan kayu bakar dari hutan.,Keledai,membawa,tumpukan kayu bakar,dari hutan,Apa yang Keledai bawa dari hutan?,0.669
70,6,Keledai membawa tumpukan kayu bakar dari hutan.,Keledai,membawa,tumpukan kayu bakar,dari hutan,Dari mana Keledai membawa tumpukan kayu bakar?,0.7252
70,7,Unta hanya duduk bermalas-malasan di atas pasir.,Unta,duduk bermalas-malasan,,hanya di atas pasir,Siapa yang duduk bermalas-malasan hanya di atas pasir?,0.8457
70,7,Unta hanya duduk bermalas-malasan di atas pasir.,Unta,duduk bermalas-malasan,,hanya di atas pasir,Di mana Unta duduk bermalas-malasan ?,0.4779
70,8,Unta menolak membantu pekerjaan berat hewan lain.,Unta,menolak membantu,pekerjaan berat hewan lain,,Siapa yang menolak membantu pekerjaan berat hewan lain?,0.7922
70,8,Unta menolak membantu pekerjaan berat hewan lain.,Unta,menolak membantu,pekerjaan berat hewan lain,,Apa yang Unta tolak?,0.0409
70,9,Unta hanya memakan rumput gurun kering semalaman.,Unta,memakan,rumput gurun kering semalaman,hanya,Siapa yang memakan rumput gurun kering semalaman hanya?,0.7437
70,9,Unta hanya memakan rumput gurun kering semalaman.,Unta,memakan,rumput gurun kering semalaman,hanya,Apa yang Unta makan hanya?,0.3476
70,10,Seekor jin gurun melihat sifat kemalasan unta.,Seekor jin gurun,melihat,sifat kemalasan unta,,Apa yang melihat sifat kemalasan unta?,0.4297
70,10,Seekor jin gurun melihat sifat kemalasan unta.,Seekor jin gurun,melihat,sifat kemalasan unta,,Apa yang Seekor jin gurun lihat?,0.8853
70,11,Jin gurun menghampiri unta yang sedang berbaring.,Jin gurun,menghampiri,unta yang sedang berbaring,,Apa yang menghampiri unta yang sedang berbaring?,0.5864
70,11,Jin gurun menghampiri unta yang sedang berbaring.,Jin gurun,menghampiri,unta yang sedang berbaring,,Apa yang Jin gurun hampiri?,0.7613
70,12,Jin meminta unta bekerja membantu kelompok kuda.,Jin,meminta bekerja,unta,,Siapa yang meminta bekerja unta?,0.3546
70,12,Jin meminta unta bekerja membantu kelompok kuda.,Jin,meminta bekerja,unta,,Apa yang Jin pinta?,0.5904
70,13,Unta menolak permintaan jin gurun tersebut angkuh.,Unta,menolak,permintaan jin gurun tersebut angkuh,,Siapa yang menolak permintaan jin gurun tersebut angkuh?,0.8319
70,13,Unta menolak permintaan jin gurun tersebut angkuh.,Unta,menolak,permintaan jin gurun tersebut angkuh,,Apa yang Unta tolak?,0.1367
70,14,Unta beralasan dirinya sangat lelah dan mengantuk.,Unta,beralasan,diri nya,sangat lelah dan mengantuk,Siapa yang beralasan diri nya sangat lelah dan mengantuk?,0.7783
70,14,Unta beralasan dirinya sangat lelah dan mengantuk.,Unta,beralasan,diri nya,sangat lelah dan mengantuk,Apa yang Unta alasan sangat lelah dan mengantuk?,0.8083
70,15,Jin gurun merasa sangat marah kepada unta.,Jin gurun,merasa marah,,kepada unta,Apa yang merasa marah kepada unta?,0.5988
70,16,Jin membaca sebuah mantra ajaib penunduk hewan.,Jin,membaca,sebuah mantra ajaib penunduk hewan,,Siapa yang membaca sebuah mantra ajaib penunduk hewan?,0.7882
70,16,Jin membaca sebuah mantra ajaib penunduk hewan.,Jin,membaca,sebuah mantra ajaib penunduk hewan,,Apa yang Jin baca?,0.7108
70,17,Asap tebal tiba-tiba menyelimuti tubuh unta itu.,Asap tebal,menyelimuti,tubuh unta itu,tiba-tiba,Apa yang menyelimuti tubuh unta itu tiba-tiba?,0.5775
70,17,Asap tebal tiba-tiba menyelimuti tubuh unta itu.,Asap tebal,menyelimuti,tubuh unta itu,tiba-tiba,Apa yang Asap tebal selimuti tiba-tiba?,0.9044
70,18,Punggung unta membengkak besar ke arah atas.,Punggung unta,membengkak,,besar ke arah atas,Apa yang membengkak besar ke arah atas?,0.8893
70,18,Punggung unta membengkak besar ke arah atas.,Punggung unta,membengkak,,besar ke arah atas,Ke mana Punggung unta membengkak ?,0.7039
70,19,Sebuah benjolan besar muncul di punggung unta.,Sebuah benjolan besar,muncul,,di punggung unta,Apa yang muncul di punggung unta?,0.7509
70,19,Sebuah benjolan besar muncul di punggung unta.,Sebuah benjolan besar,muncul,,di punggung unta,Di mana Sebuah benjolan besar muncul ?,0.6903
70,21,Jin berkata punuk itu menyimpan lemak cadangan.,Jin,berkata,punuk itu,,Siapa yang berkata punuk itu?,0.1858
70,21,Jin berkata punuk itu menyimpan lemak cadangan.,Jin,berkata,punuk itu,,Apa yang Jin kata?,0.5418
70,22,Unta bisa bekerja berhari-hari tanpa makan minum.,Unta,bisa bekerja makan,minum,berhari-hari,Siapa yang bisa bekerja makan minum berhari-hari?,0.7992
70,22,Unta bisa bekerja berhari-hari tanpa makan minum.,Unta,bisa bekerja makan,minum,berhari-hari,Apa yang Unta bekerjakan berhari-hari?,0.5031
70,23,Punuk memberi energi tambahan bagi unta pemalas.,Punuk,memberi,energi tambahan unta pemalas,,Siapa yang memberi energi tambahan unta pemalas?,0.8202
70,23,Punuk memberi energi tambahan bagi unta pemalas.,Punuk,memberi,energi tambahan unta pemalas,,Apa yang Punuk beri?,0.1906
70,25,Semua unta sekarang memiliki punuk di punggungnya.,Semua unta,memiliki,punuk,sekarang di punggung nya,Apa yang memiliki punuk sekarang di punggung nya?,0.798
70,25,Semua unta sekarang memiliki punuk di punggungnya.,Semua unta,memiliki,punuk,sekarang di punggung nya,Apa yang Semua unta miliki sekarang di punggung nya?,0.7899
70,25,Semua unta sekarang memiliki punuk di punggungnya.,Semua unta,memiliki,punuk,sekarang di punggung nya,Di mana Semua unta memiliki punuk?,0.6461
71,1,Bangau putih mencari ikan di genangan rawa.,Bangau putih,mencari,ikan,di genangan rawa,Apa yang mencari ikan di genangan rawa?,0.6997
71,1,Bangau putih mencari ikan di genangan rawa.,Bangau putih,mencari,ikan,di genangan rawa,Apa yang Bangau putih cari di genangan rawa?,0.5971
71,1,Bangau putih mencari ikan di genangan rawa.,Bangau putih,mencari,ikan,di genangan rawa,Di mana Bangau putih mencari ikan?,0.8539
71,2,Rawa itu memiliki air yang sangat dingin.,Rawa itu,memiliki,air yang sangat dingin,sangat,Apa yang memiliki air yang sangat dingin sangat?,0.8325
71,2,Rawa itu memiliki air yang sangat dingin.,Rawa itu,memiliki,air yang sangat dingin,sangat,Apa yang Rawa itu miliki sangat?,0.187
71,3,Bangau berdiri menggunakan kedua kakinya di air.,Bangau,berdiri menggunakan,kedua kaki nya,di air,Siapa yang berdiri menggunakan kedua kaki nya di air?,0.669
71,3,Bangau berdiri menggunakan kedua kakinya di air.,Bangau,berdiri menggunakan,kedua kaki nya,di air,Apa yang Bangau dirikan di air?,0.5568
71,3,Bangau berdiri menggunakan kedua kakinya di air.,Bangau,berdiri menggunakan,kedua kaki nya,di air,Di mana Bangau berdiri menggunakan kedua kaki nya?,0.4786
71,4,Kaki panjang bangau terendam di dalam lumpur.,,terendam,,di dalam lumpur,Di mana  terendam ?,0.307
71,5,Ikan-ikan kecil berenang di sekitar kaki bangau.,Ikan-ikan kecil,berenang,,di sekitar kaki bangau,Apa yang berenang di sekitar kaki bangau?,0.6484
71,5,Ikan-ikan kecil berenang di sekitar kaki bangau.,Ikan-ikan kecil,berenang,,di sekitar kaki bangau,Di mana Ikan-ikan kecil berenang ?,0.8482
71,6,Bangau menunggu ikan dengan sangat sabar sekali.,Bangau,menunggu,ikan,dengan sabar sangat sabar sekali,Siapa yang menunggu ikan dengan sabar sangat sabar sekali?,0.8357
71,6,Bangau menunggu ikan dengan sangat sabar sekali.,Bangau,menunggu,ikan,dengan sabar sangat sabar sekali,Apa yang Bangau tunggu dengan sabar sangat sabar sekali?,0.6076
71,7,Angin kencang bertiup melintasi rawa pada sore.,Angin kencang,bertiup melintasi,rawa,pada sore,Apa yang bertiup melintasi rawa pada sore?,0.6242
71,7,Angin kencang bertiup melintasi rawa pada sore.,Angin kencang,bertiup melintasi,rawa,pada sore,Apa yang Angin kencang tiupi pada sore?,0.8368
71,8,Air dingin membuat kaki bangau membeku kaku.,Air dingin,membuat,kaki bangau,,Apa yang membuat kaki bangau?,0.3933
71,8,Air dingin membuat kaki bangau membeku kaku.,Air dingin,membuat,kaki bangau,,Apa yang Air dingin buat?,0.7729
71,9,Bangau merasa sangat kedinginan di tengah rawa.,Bangau,merasa,,sangat kedinginan di tengah rawa,Siapa yang merasa sangat kedinginan di tengah rawa?,0.7732
71,9,Bangau merasa sangat kedinginan di tengah rawa.,Bangau,merasa,,sangat kedinginan di tengah rawa,Di mana Bangau merasa ?,0.5311
71,10,Bangau mengangkat kaki kanannya ke arah atas.,Bangau,mengangkat,kaki kanan nya,ke arah atas,Siapa yang mengangkat kaki kanan nya ke arah atas?,0.7452
71,10,Bangau mengangkat kaki kanannya ke arah atas.,Bangau,mengangkat,kaki kanan nya,ke arah atas,Apa yang Bangau angkat ke arah atas?,0.714
71,10,Bangau mengangkat kaki kanannya ke arah atas.,Bangau,mengangkat,kaki kanan nya,ke arah atas,Ke mana Bangau mengangkat kaki kanan nya?,0.6088
71,11,Bangau menyembunyikan kaki kanan di balik sayapnya.,Bangau,menyembunyikan,kaki kanan,di balik sayap,Siapa yang menyembunyikan kaki kanan di balik sayap?,0.827
71,11,Bangau menyembunyikan kaki kanan di balik sayapnya.,Bangau,menyembunyikan,kaki kanan,di balik sayap,Apa yang Bangau sembunyikan di balik sayap?,0.6865
71,11,Bangau menyembunyikan kaki kanan di balik sayapnya.,Bangau,menyembunyikan,kaki kanan,di balik sayap,Di mana Bangau menyembunyikan kaki kanan?,0.757
71,12,Sayap tebal menghangatkan kaki kanan burung bangau.,Sayap tebal,menghangatkan,kaki kanan burung bangau,,Apa yang menghangatkan kaki kanan burung bangau?,0.9267
71,12,Sayap tebal menghangatkan kaki kanan burung bangau.,Sayap tebal,menghangatkan,kaki kanan burung bangau,,Apa yang Sayap tebal hangatkan?,0.2938
71,13,Bangau berdiri seimbang menggunakan satu kaki kiri.,Bangau,berdiri menggunakan,satu kaki kiri,seimbang,Siapa yang berdiri menggunakan satu kaki kiri seimbang?,0.8522
71,13,Bangau berdiri seimbang menggunakan satu kaki kiri.,Bangau,berdiri menggunakan,satu kaki kiri,seimbang,Apa yang Bangau dirikan seimbang?,0.4586
71,14,Beberapa saat kemudian kaki kiri terasa dingin.,kaki kiri,terasa,,beberapa saat kemudian dingin,Apa yang terasa beberapa saat kemudian dingin?,0.7793
71,14,Beberapa saat kemudian kaki kiri terasa dingin.,kaki kiri,terasa,,beberapa saat kemudian dingin,Kapan kaki kiri terasa ?,0.6835
71,15,Bangau menurunkan kaki kanannya kembali ke air.,Bangau,menurunkan kembali,kaki kanan nya,ke air,Siapa yang menurunkan kembali kaki kanan nya ke air?,0.7797
71,15,Bangau menurunkan kaki kanannya kembali ke air.,Bangau,menurunkan kembali,kaki kanan nya,ke air,Apa yang Bangau turuni ke air?,0.6824
71,15,Bangau menurunkan kaki kanannya kembali ke air.,Bangau,menurunkan kembali,kaki kanan nya,ke air,Ke mana Bangau menurunkan kembali kaki kanan nya?,0.5228
71,16,Bangau berganti mengangkat kaki kirinya ke atas.,Bangau,berganti mengangkat,kaki kiri nya,ke atas,Siapa yang berganti mengangkat kaki kiri nya ke atas?,0.7716
71,16,Bangau berganti mengangkat kaki kirinya ke atas.,Bangau,berganti mengangkat,kaki kiri nya,ke atas,Apa yang Bangau ganti ke atas?,0.448
71,16,Bangau berganti mengangkat kaki kirinya ke atas.,Bangau,berganti mengangkat,kaki kiri nya,ke atas,Ke mana Bangau berganti mengangkat kaki kiri nya?,0.725
71,17,Bangau menghangatkan kaki kiri di balik bulu.,Bangau,menghangatkan,kaki kiri,di balik bulu,Siapa yang menghangatkan kaki kiri di balik bulu?,0.8587
71,17,Bangau menghangatkan kaki kiri di balik bulu.,Bangau,menghangatkan,kaki kiri,di balik bulu,Apa yang Bangau hangatkan di balik bulu?,0.5191
71,17,Bangau menghangatkan kaki kiri di balik bulu.,Bangau,menghangatkan,kaki kiri,di balik bulu,Di mana Bangau menghangatkan kaki kiri?,0.7877
71,18,Cara ini membuat bangau tidak merasa kedinginan.,Cara ini,membuat,bangau,tidak,Apa yang membuat bangau tidak?,0.3791
71,18,Cara ini membuat bangau tidak merasa kedinginan.,Cara ini,membuat,bangau,tidak,Apa yang Cara ini buat tidak?,0.2753
71,19,Bangau tetap bisa mengawasi ikan di air.,Bangau,bisa mengawasi,ikan,tetap di air,Siapa yang bisa mengawasi ikan tetap di air?,0.8377
71,19,Bangau tetap bisa mengawasi ikan di air.,Bangau,bisa mengawasi,ikan,tetap di air,Apa yang Bangau awasi tetap di air?,0.6048
71,19,Bangau tetap bisa mengawasi ikan di air.,Bangau,bisa mengawasi,ikan,tetap di air,Di mana Bangau bisa mengawasi ikan?,0.734
71,20,Seekor ikan lele berenang mendekati kaki bangau.,Seekor ikan lele,berenang mendekati,kaki bangau,,Apa yang berenang mendekati kaki bangau?,0.6729
71,20,Seekor ikan lele berenang mendekati kaki bangau.,Seekor ikan lele,berenang mendekati,kaki bangau,,Apa yang Seekor ikan lele renangi?,0.773
71,21,Bangau mematuk ikan lele menggunakan paruh panjangnya.,Bangau,mematuk menggunakan,paruh panjang nya,,Siapa yang mematuk menggunakan paruh panjang nya?,0.4694
71,21,Bangau mematuk ikan lele menggunakan paruh panjangnya.,Bangau,mematuk menggunakan,paruh panjang nya,,Apa yang Bangau patukkan?,0.2187
71,22,Bangau menelan ikan itu dengan gerakan cepat.,Bangau,menelan,ikan itu,dengan gerakan cepat,Siapa yang menelan ikan itu dengan gerakan cepat?,0.8634
71,22,Bangau menelan ikan itu dengan gerakan cepat.,Bangau,menelan,ikan itu,dengan gerakan cepat,Apa yang Bangau telan dengan gerakan cepat?,0.508
71,23,Bangau menemukan cara terbaik mencari makan siang.,Bangau,menemukan,cara terbaik,,Siapa yang menemukan cara terbaik?,0.4101
71,23,Bangau menemukan cara terbaik mencari makan siang.,Bangau,menemukan,cara terbaik,,Apa yang Bangau temukan?,0.3282
71,24,Burung bangau lain meniru cara berdiri tersebut.,Burung bangau lain,meniru,cara,,Apa yang meniru cara?,0.3017
71,24,Burung bangau lain meniru cara berdiri tersebut.,Burung bangau lain,meniru,cara,,Apa yang Burung bangau lain tiru?,0.8435
72,1,Zebra dahulu memiliki bulu berwarna putih polos.,Zebra,memiliki,bulu,dahulu,Siapa yang memiliki bulu dahulu?,0.372
72,1,Zebra dahulu memiliki bulu berwarna putih polos.,Zebra,memiliki,bulu,dahulu,Apa yang Zebra miliki dahulu?,0.7326
72,2,Zebra bermain bersama babon di padang rumput.,Zebra,bermain,,bersama babon di padang rumput,Siapa yang bermain bersama babon di padang rumput?,0.5777
72,2,Zebra bermain bersama babon di padang rumput.,Zebra,bermain,,bersama babon di padang rumput,Di mana Zebra bermain ?,0.7459
72,3,Cuaca hari itu bersinar sangat terik sekali.,Cuaca hari itu,bersinar,,sangat terik sekali,Apa yang bersinar sangat terik sekali?,0.6464
72,4,Zebra merasa kehausan setelah berlarian mengejar teman.,Zebra,merasa berlarian,teman,,Siapa yang merasa berlarian teman?,0.3806
72,4,Zebra merasa kehausan setelah berlarian mengejar teman.,Zebra,merasa berlarian,teman,,Apa yang Zebra rasa?,0.7208
72,5,Zebra melihat sebuah genangan kolam air kecil.,Zebra,melihat,sebuah genangan kolam air kecil,,Siapa yang melihat sebuah genangan kolam air kecil?,0.5905
72,5,Zebra melihat sebuah genangan kolam air kecil.,Zebra,melihat,sebuah genangan kolam air kecil,,Apa yang Zebra lihat?,0.7216
72,6,Babon sedang minum di pinggir kolam itu.,Babon,sedang minum,,di pinggir kolam itu,Siapa yang sedang minum di pinggir kolam itu?,0.714
72,6,Babon sedang minum di pinggir kolam itu.,Babon,sedang minum,,di pinggir kolam itu,Di mana Babon sedang minum ?,0.6961
72,7,Zebra meminta izin untuk ikut minum air.,Zebra,meminta ikut,air,,Siapa yang meminta ikut air?,0.5354
72,7,Zebra meminta izin untuk ikut minum air.,Zebra,meminta ikut,air,,Apa yang Zebra pinta?,0.6827
72,8,Babon melarang zebra mendekati genangan kolam air.,Babon,melarang mendekati,genangan kolam air,,Siapa yang melarang mendekati genangan kolam air?,0.5945
72,8,Babon melarang zebra mendekati genangan kolam air.,Babon,melarang mendekati,genangan kolam air,,Apa yang Babon melarangi?,0.6087
72,9,Babon mengklaim kolam itu sebagai miliknya sendiri.,Babon,mengklaim,kolam itu,sebagai milik sendiri,Siapa yang mengklaim kolam itu sebagai milik sendiri?,0.685
72,9,Babon mengklaim kolam itu sebagai miliknya sendiri.,Babon,mengklaim,kolam itu,sebagai milik sendiri,Apa yang Babon klaim sebagai milik sendiri?,0.5632
72,10,Zebra tetap melangkah maju menuju arah air.,Zebra,melangkah,,tetap maju menuju arah air,Siapa yang melangkah tetap maju menuju arah air?,0.5126
72,11,Babon marah lalu menyerang zebra putih itu.,Babon,marah menyerang,zebra putih itu,,Siapa yang marah menyerang zebra putih itu?,0.8414
72,11,Babon marah lalu menyerang zebra putih itu.,Babon,marah menyerang,zebra putih itu,,Apa yang Babon marah?,0.5664
72,12,Mereka berkelahi di dekat api unggun pemburu.,Mereka,berkelahi,,di dekat api unggun pemburu,Siapa yang berkelahi di dekat api unggun pemburu?,0.8643
72,12,Mereka berkelahi di dekat api unggun pemburu.,Mereka,berkelahi,,di dekat api unggun pemburu,Di mana Mereka berkelahi ?,0.6254
72,13,Kayu bakar di api unggun masih menyala.,Kayu bakar,menyala,,masih di api unggun,Apa yang menyala masih di api unggun?,0.8676
72,13,Kayu bakar di api unggun masih menyala.,Kayu bakar,menyala,,masih di api unggun,Di mana Kayu bakar menyala ?,0.6676
72,14,Babon mendorong zebra dengan sangat keras sekali.,Babon,mendorong,zebra,,Siapa yang mendorong zebra?,0.7606
72,14,Babon mendorong zebra dengan sangat keras sekali.,Babon,mendorong,zebra,,Apa yang Babon dorong?,0.4484
72,15,Tubuh zebra membentur tumpukan sisa kayu bakar.,Tubuh zebra,membentur,tumpukan sisa kayu bakar,,Apa yang membentur tumpukan sisa kayu bakar?,0.6233
72,15,Tubuh zebra membentur tumpukan sisa kayu bakar.,Tubuh zebra,membentur,tumpukan sisa kayu bakar,,Apa yang Tubuh zebra bentur?,0.724
72,16,Kayu arang hitam menempel di bulu zebra.,Kayu arang hitam,menempel,,di bulu zebra,Apa yang menempel di bulu zebra?,0.837
72,16,Kayu arang hitam menempel di bulu zebra.,Kayu arang hitam,menempel,,di bulu zebra,Di mana Kayu arang hitam menempel ?,0.4191
72,17,Zebra melompat menjauhi tumpukan api unggun panas.,Zebra,melompat menjauhi,tumpukan api unggun panas,,Siapa yang melompat menjauhi tumpukan api unggun panas?,0.5876
72,17,Zebra melompat menjauhi tumpukan api unggun panas.,Zebra,melompat menjauhi,tumpukan api unggun panas,,Apa yang Zebra lompati?,0.6378
72,19,Bulu putih zebra kini memiliki garis hitam.,Bulu putih zebra,memiliki,garis hitam,kini,Apa yang memiliki garis hitam kini?,0.5199
72,19,Bulu putih zebra kini memiliki garis hitam.,Bulu putih zebra,memiliki,garis hitam,kini,Apa yang Bulu putih zebra miliki kini?,0.7894
72,20,Garis-garis hitam itu tidak bisa hilang dicuci.,Garis-garis hitam itu,bisa hilang dicuci,,tidak,Apa yang bisa hilang dicuci tidak?,0.4776
72,21,Zebra berlari menuju semak hutan untuk bersembunyi.,Zebra,berlari bersembunyi,,menuju semak hutan,Siapa yang berlari bersembunyi menuju semak hutan?,0.5614
72,22,Zebra menyadari sesuatu yang sangat ajaib terjadi.,Zebra,menyadari,sesuatu yang sangat ajaib terjadi,,Siapa yang menyadari sesuatu yang sangat ajaib terjadi?,0.5778
72,22,Zebra menyadari sesuatu yang sangat ajaib terjadi.,Zebra,menyadari,sesuatu yang sangat ajaib terjadi,,Apa yang Zebra sadari?,0.8751
72,23,Garis hitam membantunya bersembunyi di rimbunan semak.,Garis hitam,membantu bersembunyi,nya,di rimbunan semak,Apa yang membantu bersembunyi nya di rimbunan semak?,0.7246
72,23,Garis hitam membantunya bersembunyi di rimbunan semak.,Garis hitam,membantu bersembunyi,nya,di rimbunan semak,Apa yang Garis hitam bantui di rimbunan semak?,0.6399
72,23,Garis hitam membantunya bersembunyi di rimbunan semak.,Garis hitam,membantu bersembunyi,nya,di rimbunan semak,Di mana Garis hitam membantu bersembunyi nya?,0.8299
72,24,Singa tidak bisa melihat zebra dengan jelas.,Singa,bisa melihat,zebra,tidak dengan jelas,Siapa yang bisa melihat zebra tidak dengan jelas?,0.7532
72,24,Singa tidak bisa melihat zebra dengan jelas.,Singa,bisa melihat,zebra,tidak dengan jelas,Apa yang Singa lihat tidak dengan jelas?,0.6923
72,25,Zebra merasa bangga dengan bulu belangnya sekarang.,Zebra,merasa,bangga,dengan bulu belang sekarang,Siapa yang merasa bangga dengan bulu belang sekarang?,0.4853
72,25,Zebra merasa bangga dengan bulu belangnya sekarang.,Zebra,merasa,bangga,dengan bulu belang sekarang,Apa yang Zebra rasa dengan bulu belang sekarang?,0.8217
73,1,Katak hijau dahulu berjalan seperti seekor kadal.,Katak hijau,berjalan,,dahulu seperti seekor kadal,Apa yang berjalan dahulu seperti seekor kadal?,0.5966
73,2,Katak merayap perlahan di atas tanah basah.,Katak,merayap,,perlahan di atas tanah basah,Siapa yang merayap perlahan di atas tanah basah?,0.6579
73,2,Katak merayap perlahan di atas tanah basah.,Katak,merayap,,perlahan di atas tanah basah,Di mana Katak merayap ?,0.2296
73,3,Kaki belakang katak berukuran sangat pendek sekali.,Kaki belakang katak,berukuran,,sangat pendek sekali,Apa yang berukuran sangat pendek sekali?,0.542
73,4,Katak sedang mencari serangga terbang siang ini.,Katak,sedang mencari,serangga terbang siang ini,,Siapa yang sedang mencari serangga terbang siang ini?,0.927
73,4,Katak sedang mencari serangga terbang siang ini.,Katak,sedang mencari,serangga terbang siang ini,,Apa yang Katak cari?,0.2838
73,5,Seekor lalat hinggap di atas batu besar.,Seekor lalat,hinggap,,di atas batu besar,Apa yang hinggap di atas batu besar?,0.6815
73,5,Seekor lalat hinggap di atas batu besar.,Seekor lalat,hinggap,,di atas batu besar,Di mana Seekor lalat hinggap ?,0.6798
73,6,Katak merayap mendekati lalat itu sangat pelan.,Katak merayap,mendekati,lalat itu pelan,,Apa yang mendekati lalat itu pelan?,0.7219
73,6,Katak merayap mendekati lalat itu sangat pelan.,Katak merayap,mendekati,lalat itu pelan,,Apa yang Katak merayap dekati?,0.1654
73,7,Gerakan merayap katak ternyata terlalu lambat laun.,Gerakan merayap katak,lambat,,ternyata terlalu laun,Apa yang lambat ternyata terlalu laun?,0.5991
73,8,Lalat keburu terbang menjauhi batu besar itu.,Lalat keburu,terbang menjauhi,batu besar itu,,Apa yang terbang menjauhi batu besar itu?,0.7596
73,8,Lalat keburu terbang menjauhi batu besar itu.,Lalat keburu,terbang menjauhi,batu besar itu,,Apa yang Lalat keburu terbangi?,0.6026
73,9,Katak merasa sangat kesal dan perutnya lapar.,Katak,merasa,,sangat kesal dan perut nya lapar,Siapa yang merasa sangat kesal dan perut nya lapar?,0.8204
73,10,Katak melihat seekor belalang hijau merumput tenang.,Katak,melihat,seekor belalang hijau,,Siapa yang melihat seekor belalang hijau?,0.7955
73,10,Katak melihat seekor belalang hijau merumput tenang.,Katak,melihat,seekor belalang hijau,,Apa yang Katak lihat?,0.2891
73,11,Belalang melompat sangat tinggi ke udara bebas.,Belalang,melompat,,sangat tinggi ke udara bebas,Siapa yang melompat sangat tinggi ke udara bebas?,0.7234
73,11,Belalang melompat sangat tinggi ke udara bebas.,Belalang,melompat,,sangat tinggi ke udara bebas,Ke mana Belalang melompat ?,0.659
73,12,Belalang berpindah tempat dengan gerakan sangat cepat.,Belalang,berpindah,tempat,dengan gerakan sangat cepat,Siapa yang berpindah tempat dengan gerakan sangat cepat?,0.8295
73,12,Belalang berpindah tempat dengan gerakan sangat cepat.,Belalang,berpindah,tempat,dengan gerakan sangat cepat,Apa yang Belalang pindah dengan gerakan sangat cepat?,0.8757
73,13,Katak ingin meniru gerakan tubuh belalang itu.,Katak,ingin meniru,gerakan tubuh belalang itu,,Siapa yang ingin meniru gerakan tubuh belalang itu?,0.9408
73,13,Katak ingin meniru gerakan tubuh belalang itu.,Katak,ingin meniru,gerakan tubuh belalang itu,,Apa yang Katak tiru?,0.2199
73,14,Katak menarik kedua kaki belakangnya erat-erat kuat.,Katak,menarik,kedua kaki belakang nya erat-erat kuat,,Siapa yang menarik kedua kaki belakang nya erat-erat kuat?,0.8166
73,14,Katak menarik kedua kaki belakangnya erat-erat kuat.,Katak,menarik,kedua kaki belakang nya erat-erat kuat,,Apa yang Katak menarik?,0.0716
73,15,Katak menekan kakinya ke tanah basah licin.,Katak,menekan,kaki nya,ke tanah basah licin,Siapa yang menekan kaki nya ke tanah basah licin?,0.8087
73,15,Katak menekan kakinya ke tanah basah licin.,Katak,menekan,kaki nya,ke tanah basah licin,Apa yang Katak tekan ke tanah basah licin?,0.7117
73,15,Katak menekan kakinya ke tanah basah licin.,Katak,menekan,kaki nya,ke tanah basah licin,Ke mana Katak menekan kaki nya?,0.5268
73,16,Katak mendorong tubuhnya melesat ke arah atas.,Katak,mendorong melesat,tubuh nya,ke arah atas,Siapa yang mendorong melesat tubuh nya ke arah atas?,0.7302
73,16,Katak mendorong tubuhnya melesat ke arah atas.,Katak,mendorong melesat,tubuh nya,ke arah atas,Apa yang Katak dorong ke arah atas?,0.6204
73,16,Katak mendorong tubuhnya melesat ke arah atas.,Katak,mendorong melesat,tubuh nya,ke arah atas,Ke mana Katak mendorong melesat tubuh nya?,0.6107
73,17,Tubuh katak melayang di atas rerumputan tanah.,Tubuh katak,melayang,,di atas rerumputan tanah,Apa yang melayang di atas rerumputan tanah?,0.5527
73,17,Tubuh katak melayang di atas rerumputan tanah.,Tubuh katak,melayang,,di atas rerumputan tanah,Di mana Tubuh katak melayang ?,0.809
73,18,Katak mendarat agak jauh di depan sana.,Katak,mendarat,,agak jauh di depan sana,Siapa yang mendarat agak jauh di depan sana?,0.7869
73,18,Katak mendarat agak jauh di depan sana.,Katak,mendarat,,agak jauh di depan sana,Di mana Katak mendarat ?,0.5235
73,19,Kaki belakang katak terasa meregang memanjang lentur.,Kaki belakang katak,terasa meregang,,,Apa yang terasa meregang?,0.2303
73,20,Katak melompat lagi ke arah gerombolan rerumputan.,Katak,melompat,,lagi ke arah gerombolan rerumputan,Siapa yang melompat lagi ke arah gerombolan rerumputan?,0.6157
73,20,Katak melompat lagi ke arah gerombolan rerumputan.,Katak,melompat,,lagi ke arah gerombolan rerumputan,Ke mana Katak melompat ?,0.6479
73,21,Lompatan kedua lebih tinggi dari lompatan pertama.,,Lompatan,,kedua lebih tinggi dari lompatan pertama,Dari mana  Lompatan ?,0.5644
73,22,Seekor nyamuk melintas di depan wajah katak.,Seekor nyamuk,melintas,,di depan wajah katak,Apa yang melintas di depan wajah katak?,0.779
73,22,Seekor nyamuk melintas di depan wajah katak.,Seekor nyamuk,melintas,,di depan wajah katak,Di mana Seekor nyamuk melintas ?,0.782
73,23,Katak melompat sambil menjulurkan lidahnya ke luar.,Katak,melompat menjulurkan,lidah nya,ke luar,Siapa yang melompat menjulurkan lidah nya ke luar?,0.749
73,23,Katak melompat sambil menjulurkan lidahnya ke luar.,Katak,melompat menjulurkan,lidah nya,ke luar,Apa yang Katak lompatkan ke luar?,0.1835
73,23,Katak melompat sambil menjulurkan lidahnya ke luar.,Katak,melompat menjulurkan,lidah nya,ke luar,Ke mana Katak melompat menjulurkan lidah nya?,0.7814
73,24,Katak berhasil menangkap nyamuk segar bergizi itu.,Katak,berhasil menangkap,nyamuk segar,,Siapa yang berhasil menangkap nyamuk segar?,0.8625
73,24,Katak berhasil menangkap nyamuk segar bergizi itu.,Katak,berhasil menangkap,nyamuk segar,,Apa yang Katak berhasil?,0.2428
73,25,Katak selalu menggunakan lompatan untuk berpindah tempat.,Katak,menggunakan berpindah,tempat,selalu,Siapa yang menggunakan berpindah tempat selalu?,0.5389
73,25,Katak selalu menggunakan lompatan untuk berpindah tempat.,Katak,menggunakan berpindah,tempat,selalu,Apa yang Katak guna selalu?,0.2962
74,1,Burung-burung mengadakan pertemuan besar di tengah hutan.,Burung-burung,mengadakan,pertemuan besar,di tengah hutan,Apa yang mengadakan pertemuan besar di tengah hutan?,0.6804
74,1,Burung-burung mengadakan pertemuan besar di tengah hutan.,Burung-burung,mengadakan,pertemuan besar,di tengah hutan,Apa yang Burung-burung adakan di tengah hutan?,0.7675
74,1,Burung-burung mengadakan pertemuan besar di tengah hutan.,Burung-burung,mengadakan,pertemuan besar,di tengah hutan,Di mana Burung-burung mengadakan pertemuan besar?,0.8187
74,2,Tikus dan hewan darat juga mengadakan rapat.,Tikus dan hewan darat,mengadakan,rapat,juga,Apa yang mengadakan rapat juga?,0.3729
74,2,Tikus dan hewan darat juga mengadakan rapat.,Tikus dan hewan darat,mengadakan,rapat,juga,Apa yang Tikus dan hewan darat adakan juga?,0.778
74,3,Mereka berselisih tentang pemilik hutan sejati selamanya.,Mereka,berselisih,,tentang pemilik hutan sejati selama nya,Siapa yang berselisih tentang pemilik hutan sejati selama nya?,0.7531
74,4,Kelelawar bingung memilih kelompok yang dirasa benar.,Kelelawar,bingung memilih,kelompok yang dirasa benar,,Siapa yang bingung memilih kelompok yang dirasa benar?,0.7829
74,4,Kelelawar bingung memilih kelompok yang dirasa benar.,Kelelawar,bingung memilih,kelompok yang dirasa benar,,Apa yang Kelelawar bingung?,0.5706
74,5,Kelelawar memiliki sayap lebar seperti seekor burung.,Kelelawar,memiliki,sayap lebar seekor burung,,Siapa yang memiliki sayap lebar seekor burung?,0.8379
74,5,Kelelawar memiliki sayap lebar seperti seekor burung.,Kelelawar,memiliki,sayap lebar seekor burung,,Apa yang Kelelawar miliki?,0.47
74,6,Kelelawar juga memiliki gigi tajam seperti tikus.,Kelelawar,memiliki,gigi tajam tikus,juga,Siapa yang memiliki gigi tajam tikus juga?,0.8681
74,6,Kelelawar juga memiliki gigi tajam seperti tikus.,Kelelawar,memiliki,gigi tajam tikus,juga,Apa yang Kelelawar miliki juga?,0.4371
74,7,Saat burung menang pertarungan kelelawar bergabung burung.,Saat burung,menang bergabung,burung,,Apa yang menang bergabung burung?,0.7911
74,7,Saat burung menang pertarungan kelelawar bergabung burung.,Saat burung,menang bergabung,burung,,Apa yang Saat burung menang?,0.8106
74,8,Kelelawar memamerkan sayap lebarnya kepada kelompok burung.,Kelelawar,memamerkan,sayap lebar nya,kepada kelompok burung,Siapa yang memamerkan sayap lebar nya kepada kelompok burung?,0.8279
74,8,Kelelawar memamerkan sayap lebarnya kepada kelompok burung.,Kelelawar,memamerkan,sayap lebar nya,kepada kelompok burung,Apa yang Kelelawar pamerkan kepada kelompok burung?,0.8196
74,9,Saat hewan darat menang kelelawar pindah kelompok.,hewan darat,menang pindah,kelompok,,Apa yang menang pindah kelompok?,0.5277
74,9,Saat hewan darat menang kelelawar pindah kelompok.,hewan darat,menang pindah,kelompok,,Apa yang hewan darat menang?,0.6414
74,10,Kelelawar menunjukkan gigi tajamnya kepada kelompok tikus.,Kelelawar,menunjukkan,gigi tajam nya,kepada kelompok tikus,Siapa yang menunjukkan gigi tajam nya kepada kelompok tikus?,0.8814
74,10,Kelelawar menunjukkan gigi tajamnya kepada kelompok tikus.,Kelelawar,menunjukkan,gigi tajam nya,kepada kelompok tikus,Apa yang Kelelawar tunjukkan kepada kelompok tikus?,0.7499
74,11,Kedua kelompok akhirnya mengetahui kecurangan si kelelawar.,Kedua kelompok,mengetahui,kecurangan si kelelawar,akhirnya,Apa yang mengetahui kecurangan si kelelawar akhirnya?,0.6948
74,11,Kedua kelompok akhirnya mengetahui kecurangan si kelelawar.,Kedua kelompok,mengetahui,kecurangan si kelelawar,akhirnya,Apa yang Kedua kelompok ketahui akhirnya?,0.6727
74,12,Raja elang mengusir kelelawar dari kelompok burung.,Raja elang,mengusir,kelelawar,dari kelompok burung,Apa yang mengusir kelelawar dari kelompok burung?,0.7461
74,12,Raja elang mengusir kelelawar dari kelompok burung.,Raja elang,mengusir,kelelawar,dari kelompok burung,Apa yang Raja elang usir dari kelompok burung?,0.7194
74,12,Raja elang mengusir kelelawar dari kelompok burung.,Raja elang,mengusir,kelelawar,dari kelompok burung,Dari mana Raja elang mengusir kelelawar?,0.7085
74,13,Raja singa mengusir kelelawar dari kelompok darat.,Raja singa,mengusir,kelelawar,dari kelompok darat,Apa yang mengusir kelelawar dari kelompok darat?,0.5653
74,13,Raja singa mengusir kelelawar dari kelompok darat.,Raja singa,mengusir,kelelawar,dari kelompok darat,Apa yang Raja singa usir dari kelompok darat?,0.7494
74,13,Raja singa mengusir kelelawar dari kelompok darat.,Raja singa,mengusir,kelelawar,dari kelompok darat,Dari mana Raja singa mengusir kelelawar?,0.7595
74,14,Kelelawar merasa sangat malu dan sedih hatinya.,Kelelawar,merasa,,sangat malu dan sedih hati nya,Siapa yang merasa sangat malu dan sedih hati nya?,0.7072
74,15,Kelelawar terbang menjauh menuju gua gelap gulita.,Kelelawar,terbang menjauh,,menuju gua gelap gulita,Siapa yang terbang menjauh menuju gua gelap gulita?,0.7699
74,16,Kelelawar bersembunyi di langit-langit gua batu itu.,Kelelawar,bersembunyi,,di langit-langit gua batu itu,Siapa yang bersembunyi di langit-langit gua batu itu?,0.8195
74,16,Kelelawar bersembunyi di langit-langit gua batu itu.,Kelelawar,bersembunyi,,di langit-langit gua batu itu,Di mana Kelelawar bersembunyi ?,0.6479
74,17,Kelelawar tidak ingin menatap hewan lain lagi.,Kelelawar,ingin menatap,hewan lain,tidak lagi,Siapa yang ingin menatap hewan lain tidak lagi?,0.6517
74,17,Kelelawar tidak ingin menatap hewan lain lagi.,Kelelawar,ingin menatap,hewan lain,tidak lagi,Apa yang Kelelawar tatap tidak lagi?,0.4941
74,18,Kelelawar menggantungkan kedua kakinya di batu atap.,Kelelawar,menggantungkan,kedua kaki nya,di batu atap,Siapa yang menggantungkan kedua kaki nya di batu atap?,0.6178
74,18,Kelelawar menggantungkan kedua kakinya di batu atap.,Kelelawar,menggantungkan,kedua kaki nya,di batu atap,Apa yang Kelelawar gantungkan di batu atap?,0.7414
74,18,Kelelawar menggantungkan kedua kakinya di batu atap.,Kelelawar,menggantungkan,kedua kaki nya,di batu atap,Di mana Kelelawar menggantungkan kedua kaki nya?,0.7553
74,19,Kepala kelelawar dibiarkan menghadap ke arah bawah.,,dibiarkan menghadap,,ke arah bawah,Ke mana  dibiarkan menghadap ?,0.5015
74,20,Posisi ini membuat kelelawar merasa aman tersembunyi.,Posisi ini,membuat,kelelawar,,Apa yang membuat kelelawar?,0.1957
74,20,Posisi ini membuat kelelawar merasa aman tersembunyi.,Posisi ini,membuat,kelelawar,,Apa yang Posisi ini buat?,0.4031
74,21,Kelelawar bisa melihat datangnya bahaya dari bawah.,Kelelawar,bisa melihat datang,bahaya,dari bawah,Siapa yang bisa melihat datang bahaya dari bawah?,0.7473
74,21,Kelelawar bisa melihat datangnya bahaya dari bawah.,Kelelawar,bisa melihat datang,bahaya,dari bawah,Apa yang Kelelawar lihat dari bawah?,0.666
74,21,Kelelawar bisa melihat datangnya bahaya dari bawah.,Kelelawar,bisa melihat datang,bahaya,dari bawah,Dari mana Kelelawar bisa melihat datang bahaya?,0.8736
74,22,Kelelawar hanya keluar mencari makan saat malam.,Kelelawar,keluar mencari,,hanya saat malam,Siapa yang keluar mencari hanya saat malam?,0.6587
74,22,Kelelawar hanya keluar mencari makan saat malam.,Kelelawar,keluar mencari,,hanya saat malam,Kapan Kelelawar keluar mencari ?,0.4466
74,23,Hewan lain sedang tidur di malam hari.,Hewan lain,sedang tidur,,di malam hari,Apa yang sedang tidur di malam hari?,0.6092
74,23,Hewan lain sedang tidur di malam hari.,Hewan lain,sedang tidur,,di malam hari,Kapan Hewan lain sedang tidur ?,0.7596
74,23,Hewan lain sedang tidur di malam hari.,Hewan lain,sedang tidur,,di malam hari,Di mana Hewan lain sedang tidur ?,0.7427
74,24,Kelelawar tidur sepanjang siang di dalam gua.,Kelelawar,tidur,,sepanjang siang di dalam gua,Siapa yang tidur sepanjang siang di dalam gua?,0.7033
74,24,Kelelawar tidur sepanjang siang di dalam gua.,Kelelawar,tidur,,sepanjang siang di dalam gua,Kapan Kelelawar tidur ?,0.4613
74,24,Kelelawar tidur sepanjang siang di dalam gua.,Kelelawar,tidur,,sepanjang siang di dalam gua,Di mana Kelelawar tidur ?,0.4707
74,25,Kebiasaan tidur terbalik ini bertahan sampai selamanya.,Kebiasaan tidur terbalik ini,bertahan,,selama nya,Apa yang bertahan selama nya?,0.4646
75,1,Kura-kura dahulu tidak memiliki cangkang keras pelindung.,Kura-kura,memiliki,cangkang keras pelindung,dahulu tidak,Siapa yang memiliki cangkang keras pelindung dahulu tidak?,0.3976
75,1,Kura-kura dahulu tidak memiliki cangkang keras pelindung.,Kura-kura,memiliki,cangkang keras pelindung,dahulu tidak,Apa yang Kura-kura miliki dahulu tidak?,0.6961
75,3,Kura-kura berjalan lambat di lantai hutan lebat.,Kura-kura,berjalan,,lambat di lantai hutan lebat,Siapa yang berjalan lambat di lantai hutan lebat?,0.5746
75,3,Kura-kura berjalan lambat di lantai hutan lebat.,Kura-kura,berjalan,,lambat di lantai hutan lebat,Di mana Kura-kura berjalan ?,0.6823
75,4,Kura-kura sering merasa ketakutan saat berjalan jauh.,Kura-kura,merasa,ketakutan,sering,Siapa yang merasa ketakutan sering?,0.5282
75,4,Kura-kura sering merasa ketakutan saat berjalan jauh.,Kura-kura,merasa,ketakutan,sering,Apa yang Kura-kura rasa sering?,0.6727
75,5,Angin kencang menerbangkan dedaunan kering di udara.,Angin kencang,menerbangkan,dedaunan kering,di udara,Apa yang menerbangkan dedaunan kering di udara?,0.8051
75,5,Angin kencang menerbangkan dedaunan kering di udara.,Angin kencang,menerbangkan,dedaunan kering,di udara,Apa yang Angin kencang terbangkan di udara?,0.7475
75,5,Angin kencang menerbangkan dedaunan kering di udara.,Angin kencang,menerbangkan,dedaunan kering,di udara,Di mana Angin kencang menerbangkan dedaunan kering?,0.8782
75,6,Ranting pohon jatuh mengenai tubuh kura-kura kecil.,Ranting pohon,jatuh,,mengenai tubuh kura-kura kecil,Apa yang jatuh mengenai tubuh kura-kura kecil?,0.7585
75,7,Kura-kura meminta bantuan pelindung kepada dewa hutan.,Kura-kura,meminta,bantuan pelindung,kepada dewa hutan,Siapa yang meminta bantuan pelindung kepada dewa hutan?,0.672
75,7,Kura-kura meminta bantuan pelindung kepada dewa hutan.,Kura-kura,meminta,bantuan pelindung,kepada dewa hutan,Apa yang Kura-kura pinta kepada dewa hutan?,0.854
75,8,Dewa hutan memberikan sebuah rumah batu bulat.,Dewa hutan,memberikan,sebuah rumah batu bulat,,Apa yang memberikan sebuah rumah batu bulat?,0.7352
75,8,Dewa hutan memberikan sebuah rumah batu bulat.,Dewa hutan,memberikan,sebuah rumah batu bulat,,Apa yang Dewa hutan berikan?,0.6462
75,9,Rumah batu itu berbentuk setengah mangkuk terbalik.,Rumah batu itu,berbentuk,setengah mangkuk,,Apa yang berbentuk setengah mangkuk?,0.5206
75,9,Rumah batu itu berbentuk setengah mangkuk terbalik.,Rumah batu itu,berbentuk,setengah mangkuk,,Apa yang Rumah batu itu bentuk?,0.7506
75,10,Kura-kura masuk bersembunyi ke dalam rumah batu.,Kura-kura,masuk bersembunyi,,ke dalam rumah batu,Siapa yang masuk bersembunyi ke dalam rumah batu?,0.6922
75,10,Kura-kura masuk bersembunyi ke dalam rumah batu.,Kura-kura,masuk bersembunyi,,ke dalam rumah batu,Ke mana Kura-kura masuk bersembunyi ?,0.8578
75,11,Kura-kura merasa sangat aman di dalam sana.,Kura-kura,merasa,,sangat aman di dalam sana,Siapa yang merasa sangat aman di dalam sana?,0.4857
75,11,Kura-kura merasa sangat aman di dalam sana.,Kura-kura,merasa,,sangat aman di dalam sana,Di mana Kura-kura merasa ?,0.7276
75,12,Namun kura-kura tidak bisa berpindah tempat lagi.,kura-kura,bisa berpindah,tempat,Namun tidak lagi,Apa yang bisa berpindah tempat Namun tidak lagi?,0.4833
75,12,Namun kura-kura tidak bisa berpindah tempat lagi.,kura-kura,bisa berpindah,tempat,Namun tidak lagi,Apa yang kura-kura pindah Namun tidak lagi?,0.8068
75,13,Kura-kura merasa kelaparan terkurung di dalam rumah.,Kura-kura,merasa,kelaparan,di dalam rumah,Siapa yang merasa kelaparan di dalam rumah?,0.5735
75,13,Kura-kura merasa kelaparan terkurung di dalam rumah.,Kura-kura,merasa,kelaparan,di dalam rumah,Apa yang Kura-kura rasa di dalam rumah?,0.7742
75,13,Kura-kura merasa kelaparan terkurung di dalam rumah.,Kura-kura,merasa,kelaparan,di dalam rumah,Di mana Kura-kura merasa kelaparan?,0.8594
75,14,Dewa hutan merasa kasihan melihat kura-kura itu.,Dewa hutan,merasa melihat,kura-kura itu,,Apa yang merasa melihat kura-kura itu?,0.7667
75,14,Dewa hutan merasa kasihan melihat kura-kura itu.,Dewa hutan,merasa melihat,kura-kura itu,,Apa yang Dewa hutan rasa?,0.5561
75,15,Dewa hutan menyatukan rumah batu dengan tubuh.,Dewa hutan,menyatukan,rumah batu,dengan tubuh,Apa yang menyatukan rumah batu dengan tubuh?,0.7769
75,15,Dewa hutan menyatukan rumah batu dengan tubuh.,Dewa hutan,menyatukan,rumah batu,dengan tubuh,Apa yang Dewa hutan satukan dengan tubuh?,0.7982
75,16,Rumah batu berubah menjadi cangkang tebal keras.,Rumah batu,berubah menjadi,cangkang tebal keras,,Apa yang berubah menjadi cangkang tebal keras?,0.648
75,16,Rumah batu berubah menjadi cangkang tebal keras.,Rumah batu,berubah menjadi,cangkang tebal keras,,Apa yang Rumah batu rubahi?,0.6065
75,17,Kura-kura bisa berjalan bebas membawa rumahnya sendiri.,Kura-kura,bisa berjalan membawa,rumah nya sendiri,bebas,Siapa yang bisa berjalan membawa rumah nya sendiri bebas?,0.618
75,17,Kura-kura bisa berjalan bebas membawa rumahnya sendiri.,Kura-kura,bisa berjalan membawa,rumah nya sendiri,bebas,Apa yang Kura-kura jalan bebas?,0.6141
75,18,Kaki dan kepala kura-kura bisa keluar masuk.,Kaki dan kepala kura-kura,bisa keluar masuk,,,Apa yang bisa keluar masuk?,0.3344
75,19,Seekor rubah datang mendekati kura-kura di jalan.,Seekor rubah,datang mendekati,kura-kura,di jalan,Apa yang datang mendekati kura-kura di jalan?,0.8333
75,19,Seekor rubah datang mendekati kura-kura di jalan.,Seekor rubah,datang mendekati,kura-kura,di jalan,Apa yang Seekor rubah datangi di jalan?,0.6118
75,19,Seekor rubah datang mendekati kura-kura di jalan.,Seekor rubah,datang mendekati,kura-kura,di jalan,Di mana Seekor rubah datang mendekati kura-kura?,0.7649
75,20,Kura-kura segera menarik kepalanya ke dalam cangkang.,Kura-kura,menarik,kepala nya,segera ke dalam cangkang,Siapa yang menarik kepala nya segera ke dalam cangkang?,0.5235
75,20,Kura-kura segera menarik kepalanya ke dalam cangkang.,Kura-kura,menarik,kepala nya,segera ke dalam cangkang,Apa yang Kura-kura menarik segera ke dalam cangkang?,0.848
75,20,Kura-kura segera menarik kepalanya ke dalam cangkang.,Kura-kura,menarik,kepala nya,segera ke dalam cangkang,Ke mana Kura-kura menarik kepala nya?,0.8081
75,21,Rubah menggigit cangkang keras itu dengan taring.,Rubah,menggigit,cangkang keras itu,dengan taring,Siapa yang menggigit cangkang keras itu dengan taring?,0.7657
75,21,Rubah menggigit cangkang keras itu dengan taring.,Rubah,menggigit,cangkang keras itu,dengan taring,Apa yang Rubah gigit dengan taring?,0.7811
75,23,Rubah lari pergi meninggalkan kura-kura tersebut ketakutan.,Rubah,lari pergi,kura-kura tersebut ketakutan,,Siapa yang lari pergi kura-kura tersebut ketakutan?,0.8321
75,23,Rubah lari pergi meninggalkan kura-kura tersebut ketakutan.,Rubah,lari pergi,kura-kura tersebut ketakutan,,Apa yang Rubah lari?,0.1666
75,24,Kura-kura kembali mengeluarkan kepala dan kaki jalannya.,Kura-kura,mengeluarkan,kepala,kembali,Siapa yang mengeluarkan kepala kembali?,0.372
75,24,Kura-kura kembali mengeluarkan kepala dan kaki jalannya.,Kura-kura,mengeluarkan,kepala,kembali,Apa yang Kura-kura keluarkan kembali?,0.8056
75,25,Kura-kura hidup tenang bersama cangkang rumahnya selamanya.,Kura-kura,hidup,,tenang bersama cangkang rumah selama nya,Siapa yang hidup tenang bersama cangkang rumah selama nya?,0.4845
76,1,Rusa jantan melihat pantulan dirinya di danau.,Rusa jantan,melihat,pantulan diri nya,di danau,Apa yang melihat pantulan diri nya di danau?,0.7567
76,1,Rusa jantan melihat pantulan dirinya di danau.,Rusa jantan,melihat,pantulan diri nya,di danau,Apa yang Rusa jantan lihat di danau?,0.7492
76,1,Rusa jantan melihat pantulan dirinya di danau.,Rusa jantan,melihat,pantulan diri nya,di danau,Di mana Rusa jantan melihat pantulan diri nya?,0.3885
76,2,Rusa memiliki tubuh yang sangat gagah berani.,Rusa,memiliki,tubuh yang sangat gagah berani,sangat,Siapa yang memiliki tubuh yang sangat gagah berani sangat?,0.8209
76,2,Rusa memiliki tubuh yang sangat gagah berani.,Rusa,memiliki,tubuh yang sangat gagah berani,sangat,Apa yang Rusa miliki sangat?,0.4417
76,3,Rusa juga memiliki kaki yang kuat berlari.,Rusa,memiliki,kaki yang kuat berlari,juga,Siapa yang memiliki kaki yang kuat berlari juga?,0.8005
76,3,Rusa juga memiliki kaki yang kuat berlari.,Rusa,memiliki,kaki yang kuat berlari,juga,Apa yang Rusa miliki juga?,0.3862
76,4,Namun rusa merasa kepalanya sangat polos botak.,rusa,merasa,kepala nya polos botak,Namun,Apa yang merasa kepala nya polos botak Namun?,0.6443
76,4,Namun rusa merasa kepalanya sangat polos botak.,rusa,merasa,kepala nya polos botak,Namun,Apa yang rusa rasa Namun?,0.6863
76,5,Anjing hutan selalu mengejek kepala rusa itu.,Anjing hutan,mengejek,kepala rusa itu,selalu,Apa yang mengejek kepala rusa itu selalu?,0.743
76,5,Anjing hutan selalu mengejek kepala rusa itu.,Anjing hutan,mengejek,kepala rusa itu,selalu,Apa yang Anjing hutan ejek selalu?,0.6959
76,6,Rusa jantan merasa sangat sedih dan malu.,Rusa jantan,merasa,,sangat sedih dan malu,Apa yang merasa sangat sedih dan malu?,0.7617
76,7,Rusa memohon bantuan kepada peri hutan baik.,Rusa,memohon,bantuan,kepada peri hutan baik,Siapa yang memohon bantuan kepada peri hutan baik?,0.635
76,7,Rusa memohon bantuan kepada peri hutan baik.,Rusa,memohon,bantuan,kepada peri hutan baik,Apa yang Rusa mohon kepada peri hutan baik?,0.8692
76,8,Peri hutan membawa dua dahan pohon mati.,Peri hutan,membawa,dua dahan pohon mati,,Apa yang membawa dua dahan pohon mati?,0.837
76,8,Peri hutan membawa dua dahan pohon mati.,Peri hutan,membawa,dua dahan pohon mati,,Apa yang Peri hutan bawa?,0.4638
76,9,Peri menyentuhkan dahan mati ke kepala rusa.,Peri,menyentuhkan,dahan mati,ke kepala rusa,Apa yang menyentuhkan dahan mati ke kepala rusa?,0.8648
76,9,Peri menyentuhkan dahan mati ke kepala rusa.,Peri,menyentuhkan,dahan mati,ke kepala rusa,Apa yang Peri sentuhkan ke kepala rusa?,0.7187
76,9,Peri menyentuhkan dahan mati ke kepala rusa.,Peri,menyentuhkan,dahan mati,ke kepala rusa,Ke mana Peri menyentuhkan dahan mati?,0.3914
76,10,Ajaibnya dahan itu menempel kuat di kepala.,dahan itu,menempel,,Ajaibnya kuat di kepala,Apa yang menempel Ajaibnya kuat di kepala?,0.7821
76,10,Ajaibnya dahan itu menempel kuat di kepala.,dahan itu,menempel,,Ajaibnya kuat di kepala,Di mana dahan itu menempel ?,0.4737
76,11,Dahan tersebut berubah menjadi tanduk keras indah.,Dahan tersebut,berubah menjadi,tanduk keras indah,,Apa yang berubah menjadi tanduk keras indah?,0.7243
76,11,Dahan tersebut berubah menjadi tanduk keras indah.,Dahan tersebut,berubah menjadi,tanduk keras indah,,Apa yang Dahan tersebut rubahi?,0.5902
76,12,Tanduk itu bercabang-cabang seperti pohon ranting kecil.,Tanduk itu,bercabang-cabang,,seperti pohon ranting kecil,Apa yang bercabang-cabang seperti pohon ranting kecil?,0.9041
76,13,Rusa jantan berkaca kembali di tepi danau.,Rusa jantan,berkaca,,di tepi danau,Apa yang berkaca di tepi danau?,0.7128
76,13,Rusa jantan berkaca kembali di tepi danau.,Rusa jantan,berkaca,,di tepi danau,Di mana Rusa jantan berkaca ?,0.0738
76,15,Anjing hutan datang kembali berniat mengejek rusa.,Anjing hutan,datang berniat,rusa,,Apa yang datang berniat rusa?,0.6621
76,15,Anjing hutan datang kembali berniat mengejek rusa.,Anjing hutan,datang berniat,rusa,,Apa yang Anjing hutan datang?,0.7139
76,16,Rusa menundukkan kepala dan memamerkan tanduk runcingnya.,Rusa,menundukkan,kepala,,Siapa yang menundukkan kepala?,0.569
76,16,Rusa menundukkan kepala dan memamerkan tanduk runcingnya.,Rusa,menundukkan,kepala,,Apa yang Rusa tundukkan?,0.4398
76,17,Rusa mendorong anjing hutan menggunakan tanduk kuat.,Rusa,mendorong menggunakan,tanduk kuat,,Siapa yang mendorong menggunakan tanduk kuat?,0.4013
76,17,Rusa mendorong anjing hutan menggunakan tanduk kuat.,Rusa,mendorong menggunakan,tanduk kuat,,Apa yang Rusa dorongkan?,0.2944
76,18,Anjing hutan lari ketakutan masuk ke semak.,Anjing hutan lari ketakutan,masuk,,ke semak,Apa yang masuk ke semak?,0.2222
76,18,Anjing hutan lari ketakutan masuk ke semak.,Anjing hutan lari ketakutan,masuk,,ke semak,Ke mana Anjing hutan lari ketakutan masuk ?,0.8357
76,19,Rusa jantan berjalan keliling hutan dengan bangga.,Rusa jantan,berjalan bangga,keliling hutan,dengan bangga,Apa yang berjalan bangga keliling hutan dengan bangga?,0.6686
76,19,Rusa jantan berjalan keliling hutan dengan bangga.,Rusa jantan,berjalan bangga,keliling hutan,dengan bangga,Apa yang Rusa jantan jalan dengan bangga?,0.4775
76,20,Tanduk itu berguna menyingkirkan ranting pohon rintangan.,Tanduk itu,berguna menyingkirkan,ranting pohon rintangan,,Apa yang berguna menyingkirkan ranting pohon rintangan?,0.9152
76,20,Tanduk itu berguna menyingkirkan ranting pohon rintangan.,Tanduk itu,berguna menyingkirkan,ranting pohon rintangan,,Apa yang Tanduk itu gunakan?,0.2384
76,21,Rusa bisa berlari kencang tanpa hambatan belukar.,Rusa,bisa berlari,,kencang tanpa hambatan belukar,Siapa yang bisa berlari kencang tanpa hambatan belukar?,0.7375
76,22,Rusa betina sangat mengagumi tanduk rusa jantan.,Rusa betina,mengagumi,tanduk rusa jantan,sangat,Apa yang mengagumi tanduk rusa jantan sangat?,0.7209
76,22,Rusa betina sangat mengagumi tanduk rusa jantan.,Rusa betina,mengagumi,tanduk rusa jantan,sangat,Apa yang Rusa betina kagumi sangat?,0.7211
76,23,Setiap tahun tanduk rusa akan lepas sendiri.,tanduk rusa,akan lepas,,setiap tahun sendiri,Apa yang akan lepas setiap tahun sendiri?,0.6011
76,24,Tanduk baru akan tumbuh lebih besar lagi.,Tanduk baru,akan tumbuh,,lebih besar lagi,Apa yang akan tumbuh lebih besar lagi?,0.8773
76,25,Rusa selalu merawat tanduk indahnya setiap hari.,Rusa,merawat,tanduk indah nya,selalu setiap hari,Siapa yang merawat tanduk indah nya selalu setiap hari?,0.6216
76,25,Rusa selalu merawat tanduk indahnya setiap hari.,Rusa,merawat,tanduk indah nya,selalu setiap hari,Apa yang Rusa rawat selalu setiap hari?,0.5194
77,1,Andi bangun lebih awal dari biasanya pagi.,Andi,bangun,,lebih awal biasanya dari biasanya pagi,Siapa yang bangun lebih awal biasanya dari biasanya pagi?,0.8751
77,1,Andi bangun lebih awal dari biasanya pagi.,Andi,bangun,,lebih awal biasanya dari biasanya pagi,Kapan Andi bangun ?,0.6576
77,1,Andi bangun lebih awal dari biasanya pagi.,Andi,bangun,,lebih awal biasanya dari biasanya pagi,Dari mana Andi bangun ?,0.4432
77,2,Hari ini adalah hari pertama masuk sekolah.,Hari ini,hari,,pertama,Apa yang hari pertama?,0.7196
77,3,Andi mandi menggunakan air hangat yang segar.,Andi mandi,menggunakan,air hangat yang segar,,Apa yang menggunakan air hangat yang segar?,0.7515
77,3,Andi mandi menggunakan air hangat yang segar.,Andi mandi,menggunakan,air hangat yang segar,,Apa yang Andi mandi gunakan?,0.5993
77,4,Andi memakai seragam merah putih dengan rapi.,Andi,memakai,seragam merah putih,dengan rapi,Siapa yang memakai seragam merah putih dengan rapi?,0.8801
77,4,Andi memakai seragam merah putih dengan rapi.,Andi,memakai,seragam merah putih,dengan rapi,Apa yang Andi pakai dengan rapi?,0.3584
77,5,Ibu menyiapkan sarapan nasi goreng telur dadar.,Ibu,menyiapkan,sarapan nasi goreng telur dadar,,Apa yang menyiapkan sarapan nasi goreng telur dadar?,0.9008
77,5,Ibu menyiapkan sarapan nasi goreng telur dadar.,Ibu,menyiapkan,sarapan nasi goreng telur dadar,,Apa yang Ibu siapkan?,0.1932
77,6,Andi menghabiskan sarapan pagi dengan sangat cepat.,Andi,menghabiskan,sarapan pagi,,Siapa yang menghabiskan sarapan pagi?,0.6704
77,6,Andi menghabiskan sarapan pagi dengan sangat cepat.,Andi,menghabiskan,sarapan pagi,,Apa yang Andi habiskan?,0.2984
77,7,Ayah mengantar Andi menggunakan sepeda motor matik.,Ayah,mengantar menggunakan,sepeda motor matik,,Siapa yang mengantar menggunakan sepeda motor matik?,0.7114
77,7,Ayah mengantar Andi menggunakan sepeda motor matik.,Ayah,mengantar menggunakan,sepeda motor matik,,Apa yang Ayah antarkan?,0.0498
77,8,Mereka tiba di depan gerbang sekolah besar.,Mereka,tiba,,di depan gerbang sekolah besar,Siapa yang tiba di depan gerbang sekolah besar?,0.8869
77,8,Mereka tiba di depan gerbang sekolah besar.,Mereka,tiba,,di depan gerbang sekolah besar,Di mana Mereka tiba ?,0.3875
77,9,Banyak siswa baru datang bersama orang tua.,Banyak siswa baru,datang,,bersama orang tua,Apa yang datang bersama orang tua?,0.5625
77,10,Andi mencium tangan ayah untuk berpamitan masuk.,Andi,mencium berpamitan,tangan ayah,,Siapa yang mencium berpamitan tangan ayah?,0.8111
77,10,Andi mencium tangan ayah untuk berpamitan masuk.,Andi,mencium berpamitan,tangan ayah,,Apa yang Andi cium?,0.4442
77,11,Andi melangkah masuk ke halaman sekolah luas.,Andi,melangkah masuk,,ke halaman sekolah luas,Siapa yang melangkah masuk ke halaman sekolah luas?,0.8616
77,11,Andi melangkah masuk ke halaman sekolah luas.,Andi,melangkah masuk,,ke halaman sekolah luas,Ke mana Andi melangkah masuk ?,0.4072
77,12,Andi melihat papan nama menempel kelas satu.,Andi,melihat,papan nama,,Siapa yang melihat papan nama?,0.6934
77,12,Andi melihat papan nama menempel kelas satu.,Andi,melihat,papan nama,,Apa yang Andi lihat?,0.3841
77,13,Andi berjalan masuk ke dalam ruang kelas.,Andi,berjalan masuk,,ke dalam ruang kelas,Siapa yang berjalan masuk ke dalam ruang kelas?,0.8171
77,13,Andi berjalan masuk ke dalam ruang kelas.,Andi,berjalan masuk,,ke dalam ruang kelas,Ke mana Andi berjalan masuk ?,0.4531
77,14,Andi memilih kursi kosong di baris depan.,Andi,memilih,kursi kosong,di baris depan,Siapa yang memilih kursi kosong di baris depan?,0.8455
77,14,Andi memilih kursi kosong di baris depan.,Andi,memilih,kursi kosong,di baris depan,Apa yang Andi pilih di baris depan?,0.5472
77,14,Andi memilih kursi kosong di baris depan.,Andi,memilih,kursi kosong,di baris depan,Di mana Andi memilih kursi kosong?,0.8185
77,15,Seorang anak laki-laki duduk di sebelah Andi.,Seorang anak laki-laki,duduk,,di sebelah andi,Apa yang duduk di sebelah andi?,0.4188
77,15,Seorang anak laki-laki duduk di sebelah Andi.,Seorang anak laki-laki,duduk,,di sebelah andi,Di mana Seorang anak laki-laki duduk ?,0.755
77,16,Anak laki-laki teman baru itu bernama Budi.,Anak laki-laki teman baru itu,bernama,Budi,,Apa yang bernama Budi?,0.7182
77,16,Anak laki-laki teman baru itu bernama Budi.,Anak laki-laki teman baru itu,bernama,Budi,,Siapa yang Anak laki-laki teman baru itu nama?,0.669
77,17,Andi berkenalan dengan Budi sambil tersenyum ramah.,Andi,berkenalan,,dengan budi,Siapa yang berkenalan dengan budi?,0.4002
77,18,Bel sekolah berbunyi dengan suara sangat nyaring.,Bel sekolah,berbunyi,,dengan suara sangat nyaring,Apa yang berbunyi dengan suara sangat nyaring?,0.6165
77,19,Ibu guru melangkah masuk ke dalam ruangan.,Ibu guru,melangkah masuk,,ke dalam ruangan,Apa yang melangkah masuk ke dalam ruangan?,0.6364
77,19,Ibu guru melangkah masuk ke dalam ruangan.,Ibu guru,melangkah masuk,,ke dalam ruangan,Ke mana Ibu guru melangkah masuk ?,0.7263
77,20,Ibu guru memperkenalkan diri kepada murid-murid baru.,Ibu guru,memperkenalkan,diri,kepada murid-murid baru,Apa yang memperkenalkan diri kepada murid-murid baru?,0.7384
77,20,Ibu guru memperkenalkan diri kepada murid-murid baru.,Ibu guru,memperkenalkan,diri,kepada murid-murid baru,Apa yang Ibu guru kenalkan kepada murid-murid baru?,0.8673
77,21,Ibu guru membagikan buku tulis gambar baru.,Ibu guru,membagikan,buku tulis gambar baru,,Apa yang membagikan buku tulis gambar baru?,0.7341
77,21,Ibu guru membagikan buku tulis gambar baru.,Ibu guru,membagikan,buku tulis gambar baru,,Apa yang Ibu guru bagikan?,0.5908
77,22,Murid-murid belajar bernyanyi bersama-sama penuh riang.,Murid-murid,belajar bernyanyi,,,Apa yang belajar bernyanyi?,0.7777
77,23,Waktu istirahat tiba pada pukul sembilan tepat.,Waktu istirahat,tiba,,,Apa yang tiba?,0.3652
77,24,Andi dan Budi memakan bekal roti bersama.,Andi dan Budi,memakan,bekal roti,bersama,Siapa yang memakan bekal roti bersama?,0.8031
77,24,Andi dan Budi memakan bekal roti bersama.,Andi dan Budi,memakan,bekal roti,bersama,Apa yang Andi dan Budi makan bersama?,0.7686
77,25,Andi sangat menyukai hari pertama sekolah ini.,Andi,menyukai,hari pertama sekolah ini,sangat,Siapa yang menyukai hari pertama sekolah ini sangat?,0.8921
77,25,Andi sangat menyukai hari pertama sekolah ini.,Andi,menyukai,hari pertama sekolah ini,sangat,Apa yang Andi sukai sangat?,0.3617
78,1,Sekolah mengadakan kegiatan pemilihan dokter cilik teladan.,Sekolah,mengadakan,kegiatan pemilihan dokter cilik teladan,,Siapa yang mengadakan kegiatan pemilihan dokter cilik teladan?,0.8416
78,1,Sekolah mengadakan kegiatan pemilihan dokter cilik teladan.,Sekolah,mengadakan,kegiatan pemilihan dokter cilik teladan,,Apa yang Sekolah adakan?,0.5079
78,2,Rina mendaftar menjadi peserta seleksi acara tersebut.,Rina,mendaftar menjadi,peserta seleksi acara tersebut,,Siapa yang mendaftar menjadi peserta seleksi acara tersebut?,0.6743
78,2,Rina mendaftar menjadi peserta seleksi acara tersebut.,Rina,mendaftar menjadi,peserta seleksi acara tersebut,,Apa yang Rina daftari?,0.6033
78,3,Rina membaca banyak buku tentang kesehatan anak.,Rina,membaca,buku kesehatan anak,banyak,Siapa yang membaca buku kesehatan anak banyak?,0.6905
78,3,Rina membaca banyak buku tentang kesehatan anak.,Rina,membaca,buku kesehatan anak,banyak,Apa yang Rina baca banyak?,0.6867
78,4,Guru pembina memberikan lembar tes kepada peserta.,Guru pembina,memberikan,lembar tes,kepada peserta,Apa yang memberikan lembar tes kepada peserta?,0.7598
78,4,Guru pembina memberikan lembar tes kepada peserta.,Guru pembina,memberikan,lembar tes,kepada peserta,Apa yang Guru pembina berikan kepada peserta?,0.6496
78,5,Rina menjawab semua pertanyaan tes dengan benar.,Rina,menjawab,semua pertanyaan tes benar,,Siapa yang menjawab semua pertanyaan tes benar?,0.6003
78,5,Rina menjawab semua pertanyaan tes dengan benar.,Rina,menjawab,semua pertanyaan tes benar,,Apa yang Rina jawab?,0.4461
78,6,Guru pembina mengumumkan hasil tes seleksi itu.,Guru pembina,mengumumkan,hasil tes seleksi itu,,Apa yang mengumumkan hasil tes seleksi itu?,0.7965
78,6,Guru pembina mengumumkan hasil tes seleksi itu.,Guru pembina,mengumumkan,hasil tes seleksi itu,,Apa yang Guru pembina umumkan?,0.4842
78,8,Rina mendapat seragam jas putih ukuran kecil.,Rina,mendapat,seragam jas putih ukuran kecil,,Siapa yang mendapat seragam jas putih ukuran kecil?,0.6744
78,8,Rina mendapat seragam jas putih ukuran kecil.,Rina,mendapat,seragam jas putih ukuran kecil,,Apa yang Rina dapat?,0.5106
78,9,Rina juga mendapat lencana bergambar palang merah.,Rina,mendapat,lencana,juga,Siapa yang mendapat lencana juga?,0.2236
78,9,Rina juga mendapat lencana bergambar palang merah.,Rina,mendapat,lencana,juga,Apa yang Rina dapat juga?,0.6616
78,10,Tugas Rina menjaga ruang Usaha Kesehatan Sekolah.,Tugas Rina,menjaga,ruang Usaha,,Siapa yang menjaga ruang Usaha?,0.3963
78,10,Tugas Rina menjaga ruang Usaha Kesehatan Sekolah.,Tugas Rina,menjaga,ruang Usaha,,Siapa yang Tugas Rina jaga?,0.4676
78,12,Saat jam istirahat Toni jatuh di lapangan.,jam istirahat Toni,jatuh,,di lapangan,Apa yang jatuh di lapangan?,0.5532
78,12,Saat jam istirahat Toni jatuh di lapangan.,jam istirahat Toni,jatuh,,di lapangan,Di mana jam istirahat Toni jatuh ?,0.8433
78,13,Toni menangis karena lutut kirinya sedikit berdarah.,Toni,menangis,,sedikit,Siapa yang menangis sedikit?,0.4972
78,14,Teman-teman memapah Toni ke ruang kesehatan segera.,Teman-teman,memapah,Toni,ke ruang kesehatan segera,Apa yang memapah Toni ke ruang kesehatan segera?,0.7494
78,14,Teman-teman memapah Toni ke ruang kesehatan segera.,Teman-teman,memapah,Toni,ke ruang kesehatan segera,Siapa yang Teman-teman papah ke ruang kesehatan segera?,0.6264
78,14,Teman-teman memapah Toni ke ruang kesehatan segera.,Teman-teman,memapah,Toni,ke ruang kesehatan segera,Ke mana Teman-teman memapah Toni?,0.5597
78,15,Rina cepat mengambil kotak obat pertolongan pertama.,Rina cepat,mengambil,kotak obat pertolongan pertama,,Apa yang mengambil kotak obat pertolongan pertama?,0.6511
78,15,Rina cepat mengambil kotak obat pertolongan pertama.,Rina cepat,mengambil,kotak obat pertolongan pertama,,Apa yang Rina cepat ambil?,0.668
78,16,Rina membersihkan luka Toni menggunakan kapas basah.,Rina,membersihkan menggunakan,kapas basah,,Siapa yang membersihkan menggunakan kapas basah?,0.6068
78,16,Rina membersihkan luka Toni menggunakan kapas basah.,Rina,membersihkan menggunakan,kapas basah,,Apa yang Rina bersihkan?,0.5258
78,17,Rina mengoleskan cairan antiseptik pada luka berdarah.,Rina,mengoleskan,cairan antiseptik,pada luka berdarah,Siapa yang mengoleskan cairan antiseptik pada luka berdarah?,0.7763
78,17,Rina mengoleskan cairan antiseptik pada luka berdarah.,Rina,mengoleskan,cairan antiseptik,pada luka berdarah,Apa yang Rina oleskan pada luka berdarah?,0.7953
78,18,Toni meringis pelan menahan perih di lutut.,Toni,meringis menahan,perih,pelan di lutut,Siapa yang meringis menahan perih pelan di lutut?,0.5653
78,18,Toni meringis pelan menahan perih di lutut.,Toni,meringis menahan,perih,pelan di lutut,Apa yang Toni ringis pelan di lutut?,0.7363
78,18,Toni meringis pelan menahan perih di lutut.,Toni,meringis menahan,perih,pelan di lutut,Di mana Toni meringis menahan perih?,0.6153
78,19,Rina menempelkan plester cokelat dengan sangat hati-hati.,Rina,menempelkan,plester cokelat,,Siapa yang menempelkan plester cokelat?,0.4676
78,19,Rina menempelkan plester cokelat dengan sangat hati-hati.,Rina,menempelkan,plester cokelat,,Apa yang Rina tempelkan?,0.5784
78,20,Rina memberikan segelas air putih hangat diminum.,Rina,memberikan,segelas air putih hangat,,Siapa yang memberikan segelas air putih hangat?,0.6533
78,20,Rina memberikan segelas air putih hangat diminum.,Rina,memberikan,segelas air putih hangat,,Apa yang Rina berikan?,0.5465
78,21,Toni meminum air putih untuk menenangkan diri.,Toni,meminum menenangkan,diri,,Siapa yang meminum menenangkan diri?,0.5343
78,21,Toni meminum air putih untuk menenangkan diri.,Toni,meminum menenangkan,diri,,Apa yang Toni pinumkan?,0.452
78,22,Toni mengucapkan terima kasih kepada dokter Rina.,Toni,mengucapkan,terima kasih,kepada dokter rina,Siapa yang mengucapkan terima kasih kepada dokter rina?,0.7293
78,22,Toni mengucapkan terima kasih kepada dokter Rina.,Toni,mengucapkan,terima kasih,kepada dokter rina,Apa yang Toni ucapkan kepada dokter rina?,0.6405
78,23,Rina merasa bangga bisa menolong teman sakit.,Rina,merasa,,,Siapa yang merasa?,0.1027
78,24,Guru pembina memuji tindakan Rina yang cekatan.,Guru pembina,memuji,tindakan Rina yang cekatan,,Apa yang memuji tindakan Rina yang cekatan?,0.7304
78,24,Guru pembina memuji tindakan Rina yang cekatan.,Guru pembina,memuji,tindakan Rina yang cekatan,,Siapa yang Guru pembina puji?,0.4057
79,1,Desa Mekar Sari mengadakan perlombaan menyanyi tahunan.,Desa Mekar Sari,mengadakan,perlombaan menyanyi tahunan,,Siapa yang mengadakan perlombaan menyanyi tahunan?,0.5639
79,1,Desa Mekar Sari mengadakan perlombaan menyanyi tahunan.,Desa Mekar Sari,mengadakan,perlombaan menyanyi tahunan,,Apa yang Desa Mekar Sari adakan?,0.3303
79,2,Panggung besar didirikan di lapangan balai desa.,,didirikan,,di lapangan balai desa,Di mana  didirikan ?,0.3985
79,3,Siti mendaftar sebagai peserta lomba tarik suara.,Siti,mendaftar,,sebagai peserta lomba tarik suara,Siapa yang mendaftar sebagai peserta lomba tarik suara?,0.7792
79,4,Siti berlatih menyanyi setiap sore hari cerah.,Siti,berlatih menyanyi,setiap sore hari cerah,,Siapa yang berlatih menyanyi setiap sore hari cerah?,0.7835
79,4,Siti berlatih menyanyi setiap sore hari cerah.,Siti,berlatih menyanyi,setiap sore hari cerah,,Apa yang Siti latihi?,0.424
79,5,Siti memilih lagu tentang keindahan alam desa.,Siti,memilih,lagu keindahan alam desa,,Siapa yang memilih lagu keindahan alam desa?,0.7914
79,5,Siti memilih lagu tentang keindahan alam desa.,Siti,memilih,lagu keindahan alam desa,,Apa yang Siti pilih?,0.4456
79,6,Malam perlombaan tiba dengan suasana sangat meriah.,Malam perlombaan,tiba,,dengan suasana sangat meriah,Apa yang tiba dengan suasana sangat meriah?,0.5457
79,7,Banyak warga berkumpul menonton di depan panggung.,Banyak warga,berkumpul menonton,,di depan panggung,Apa yang berkumpul menonton di depan panggung?,0.8546
79,7,Banyak warga berkumpul menonton di depan panggung.,Banyak warga,berkumpul menonton,,di depan panggung,Di mana Banyak warga berkumpul menonton ?,0.6884
79,8,Pembawa acara memanggil nama peserta satu persatu.,Pembawa acara,memanggil,nama peserta satu persatu,,Apa yang memanggil nama peserta satu persatu?,0.811
79,8,Pembawa acara memanggil nama peserta satu persatu.,Pembawa acara,memanggil,nama peserta satu persatu,,Apa yang Pembawa acara panggil?,0.7096
79,9,Tiba giliran nomor Siti naik ke panggung.,Siti,naik,,ke panggung,Siapa yang naik ke panggung?,0.6073
79,9,Tiba giliran nomor Siti naik ke panggung.,Siti,naik,,ke panggung,Ke mana Siti naik ?,0.6382
79,10,Siti memakai gaun panjang berwarna merah jambu.,Siti,memakai,gaun panjang,,Siapa yang memakai gaun panjang?,0.4197
79,10,Siti memakai gaun panjang berwarna merah jambu.,Siti,memakai,gaun panjang,,Apa yang Siti pakai?,0.5102
79,11,Jantung Siti berdebar di dada sangat kencang.,Jantung Siti,berdebar,,di dada sangat kencang,Siapa yang berdebar di dada sangat kencang?,0.7531
79,11,Jantung Siti berdebar di dada sangat kencang.,Jantung Siti,berdebar,,di dada sangat kencang,Di mana Jantung Siti berdebar ?,0.7575
79,12,Siti memegang mikrofon dengan tangan sedikit gemetar.,Siti,memegang,mikrofon,dengan tangan sedikit gemetar,Siapa yang memegang mikrofon dengan tangan sedikit gemetar?,0.7883
79,12,Siti memegang mikrofon dengan tangan sedikit gemetar.,Siti,memegang,mikrofon,dengan tangan sedikit gemetar,Apa yang Siti pegang dengan tangan sedikit gemetar?,0.6928
79,14,Siti menarik napas panjang dan menjadi tenang.,Siti,menarik,napas panjang,,Siapa yang menarik napas panjang?,0.5912
79,14,Siti menarik napas panjang dan menjadi tenang.,Siti,menarik,napas panjang,,Apa yang Siti menarik?,0.2735
79,15,Siti menyanyikan lirik lagu dengan nada merdu.,Siti,menyanyikan,lirik lagu,dengan nada merdu,Siapa yang menyanyikan lirik lagu dengan nada merdu?,0.7004
79,15,Siti menyanyikan lirik lagu dengan nada merdu.,Siti,menyanyikan,lirik lagu,dengan nada merdu,Apa yang Siti nyanyikan dengan nada merdu?,0.8449
79,18,Siti bernyanyi sambil tersenyum manis menatap penonton.,Siti,bernyanyi tersenyum,penonton,,Siapa yang bernyanyi tersenyum penonton?,0.781
79,18,Siti bernyanyi sambil tersenyum manis menatap penonton.,Siti,bernyanyi tersenyum,penonton,,Apa yang Siti nyanyi?,0.5774
79,19,Lagu berakhir dengan nada tinggi yang sempurna.,Lagu,berakhir,,dengan nada tinggi yang sempurna,Siapa yang berakhir dengan nada tinggi yang sempurna?,0.5902
79,20,Semua penonton bertepuk tangan bergemuruh sangat keras.,Semua penonton,bertepuk bergemuruh,tangan,,Apa yang bertepuk bergemuruh tangan?,0.2996
79,20,Semua penonton bertepuk tangan bergemuruh sangat keras.,Semua penonton,bertepuk bergemuruh,tangan,,Apa yang Semua penonton tepuk?,0.7994
79,21,Siti menundukkan badan ke depan memberi hormat.,Siti,menundukkan memberi,hormat,ke depan,Siapa yang menundukkan memberi hormat ke depan?,0.5105
79,21,Siti menundukkan badan ke depan memberi hormat.,Siti,menundukkan memberi,hormat,ke depan,Apa yang Siti tunduki ke depan?,0.4488
79,21,Siti menundukkan badan ke depan memberi hormat.,Siti,menundukkan memberi,hormat,ke depan,Ke mana Siti menundukkan memberi hormat?,0.4203
79,22,Siti turun dari anak tangga panggung lega.,Siti,turun,,dari anak tangga panggung lega,Siapa yang turun dari anak tangga panggung lega?,0.8606
79,22,Siti turun dari anak tangga panggung lega.,Siti,turun,,dari anak tangga panggung lega,Dari mana Siti turun ?,0.3836
79,23,Kepala desa mengumumkan pemenang lomba menyanyi itu.,Kepala desa,mengumumkan,pemenang lomba,,Apa yang mengumumkan pemenang lomba?,0.6451
79,23,Kepala desa mengumumkan pemenang lomba menyanyi itu.,Kepala desa,mengumumkan,pemenang lomba,,Apa yang Kepala desa umumkan?,0.4917
79,24,Siti berhasil meraih posisi juara pertama bernyanyi.,Siti,berhasil meraih,posisi juara pertama bernyanyi,,Siapa yang berhasil meraih posisi juara pertama bernyanyi?,0.7164
79,24,Siti berhasil meraih posisi juara pertama bernyanyi.,Siti,berhasil meraih,posisi juara pertama bernyanyi,,Apa yang Siti berhasil?,0.5843
79,25,Ayah dan ibu memeluk Siti sangat gembira.,Ayah dan ibu,memeluk,Siti,sangat gembira,Apa yang memeluk Siti sangat gembira?,0.7192
79,25,Ayah dan ibu memeluk Siti sangat gembira.,Ayah dan ibu,memeluk,Siti,sangat gembira,Siapa yang Ayah dan ibu peluk sangat gembira?,0.6876
80,1,Malam ini adalah jadwal piket poskamling ayah.,Malam ini,jadwal,,,Apa yang jadwal?,0.5631
80,2,Ayah bersiap pergi menuju pos ronda desa.,Ayah,bersiap pergi,,menuju pos ronda desa,Siapa yang bersiap pergi menuju pos ronda desa?,0.7202
80,3,Ayah memakai jaket tebal dan kain sarung.,Ayah,memakai,jaket tebal,,Siapa yang memakai jaket tebal?,0.5551
80,3,Ayah memakai jaket tebal dan kain sarung.,Ayah,memakai,jaket tebal,,Apa yang Ayah pakai?,0.2685
80,4,Ayah membawa lampu senter hitam ukuran besar.,Ayah,membawa,lampu senter hitam ukuran besar,,Siapa yang membawa lampu senter hitam ukuran besar?,0.865
80,4,Ayah membawa lampu senter hitam ukuran besar.,Ayah,membawa,lampu senter hitam ukuran besar,,Apa yang Ayah bawa?,0.4119
80,5,Doni melihat ayah berangkat dari jendela kaca.,Doni,melihat berangkat,ayah,dari jendela kaca,Siapa yang melihat berangkat ayah dari jendela kaca?,0.9001
80,5,Doni melihat ayah berangkat dari jendela kaca.,Doni,melihat berangkat,ayah,dari jendela kaca,Apa yang Doni lihat dari jendela kaca?,0.7265
80,5,Doni melihat ayah berangkat dari jendela kaca.,Doni,melihat berangkat,ayah,dari jendela kaca,Dari mana Doni melihat berangkat ayah?,0.5592
80,6,Ayah berjalan menuju pos ronda di pertigaan.,Ayah,berjalan,,menuju pos ronda di pertigaan,Siapa yang berjalan menuju pos ronda di pertigaan?,0.5981
80,6,Ayah berjalan menuju pos ronda di pertigaan.,Ayah,berjalan,,menuju pos ronda di pertigaan,Di mana Ayah berjalan ?,0.3469
80,7,Beberapa tetangga bapak sudah berkumpul di pos.,Beberapa tetangga bapak,sudah berkumpul,,di pos,Apa yang sudah berkumpul di pos?,0.6338
80,7,Beberapa tetangga bapak sudah berkumpul di pos.,Beberapa tetangga bapak,sudah berkumpul,,di pos,Di mana Beberapa tetangga bapak sudah berkumpul ?,0.7381
80,8,Mereka menyalakan api kecil di kaleng bekas.,Mereka,menyalakan,api kecil,di kaleng bekas,Siapa yang menyalakan api kecil di kaleng bekas?,0.81
80,8,Mereka menyalakan api kecil di kaleng bekas.,Mereka,menyalakan,api kecil,di kaleng bekas,Apa yang Mereka nyalakan di kaleng bekas?,0.4953
80,8,Mereka menyalakan api kecil di kaleng bekas.,Mereka,menyalakan,api kecil,di kaleng bekas,Di mana Mereka menyalakan api kecil?,0.795
80,9,Ayah duduk bersila di bangku kayu panjang.,Ayah,duduk bersila,,di bangku kayu panjang,Siapa yang duduk bersila di bangku kayu panjang?,0.7773
80,9,Ayah duduk bersila di bangku kayu panjang.,Ayah,duduk bersila,,di bangku kayu panjang,Di mana Ayah duduk bersila ?,0.4967
80,10,Bapak-bapak mengobrol sambil meminum kopi panas hitam.,Bapak-bapak,mengobrol meminum,kopi panas hitam,,Apa yang mengobrol meminum kopi panas hitam?,0.641
80,10,Bapak-bapak mengobrol sambil meminum kopi panas hitam.,Bapak-bapak,mengobrol meminum,kopi panas hitam,,Apa yang Bapak-bapak kobrol?,0.4235
80,11,Waktu malam menunjukkan pukul dua belas tepat.,Waktu malam,menunjukkan,pukul dua belas tepat,,Apa yang menunjukkan pukul dua belas tepat?,0.8405
80,11,Waktu malam menunjukkan pukul dua belas tepat.,Waktu malam,menunjukkan,pukul dua belas tepat,,Apa yang Waktu malam tunjukkan?,0.6815
80,12,Ayah dan Pak RT mulai berkeliling desa.,Ayah dan Pak RT,mulai berkeliling,desa,,Siapa yang mulai berkeliling desa?,0.6941
80,12,Ayah dan Pak RT mulai berkeliling desa.,Ayah dan Pak RT,mulai berkeliling,desa,,Apa yang Ayah dan Pak RT mulai?,0.7205
80,13,Mereka memukul kentongan bambu secara berirama pelan.,Mereka,memukul berirama,kentongan bambu,,Siapa yang memukul berirama kentongan bambu?,0.694
80,13,Mereka memukul kentongan bambu secara berirama pelan.,Mereka,memukul berirama,kentongan bambu,,Apa yang Mereka pukul?,0.3237
80,14,Suara kentongan tanda aman terdengar ke rumah.,,terdengar,,ke rumah,Ke mana  terdengar ?,0.4082
80,15,Ayah memeriksa kunci pintu pagar rumah warga.,Ayah,memeriksa,kunci pintu pagar rumah warga,,Siapa yang memeriksa kunci pintu pagar rumah warga?,0.9265
80,15,Ayah memeriksa kunci pintu pagar rumah warga.,Ayah,memeriksa,kunci pintu pagar rumah warga,,Apa yang Ayah periksa?,0.3983
80,16,Ayah mengarahkan cahaya senter ke jalan gelap.,Ayah,mengarahkan,cahaya senter,ke jalan gelap,Siapa yang mengarahkan cahaya senter ke jalan gelap?,0.8323
80,16,Ayah mengarahkan cahaya senter ke jalan gelap.,Ayah,mengarahkan,cahaya senter,ke jalan gelap,Apa yang Ayah karahkan ke jalan gelap?,0.6374
80,16,Ayah mengarahkan cahaya senter ke jalan gelap.,Ayah,mengarahkan,cahaya senter,ke jalan gelap,Ke mana Ayah mengarahkan cahaya senter?,0.6635
80,17,Suasana desa malam ini sangat sepi aman.,Suasana desa malam ini,sepi,,sangat aman,Apa yang sepi sangat aman?,0.5517
80,18,Mereka kembali ke pos ronda selesai berkeliling.,Mereka,kembali,,ke pos ronda,Siapa yang kembali ke pos ronda?,0.7117
80,18,Mereka kembali ke pos ronda selesai berkeliling.,Mereka,kembali,,ke pos ronda,Ke mana Mereka kembali ?,0.617
80,19,Ibu membawakan piring singkong rebus untuk ayah.,Ibu,membawakan,piring singkong rebus,untuk ayah,Siapa yang membawakan piring singkong rebus untuk ayah?,0.8195
80,19,Ibu membawakan piring singkong rebus untuk ayah.,Ibu,membawakan,piring singkong rebus,untuk ayah,Apa yang Ibu bawakan untuk ayah?,0.5765
80,20,Ibu menyerahkan bungkusan itu kepada Doni terbangun.,Ibu,menyerahkan terbangun,bungkusan itu,,Siapa yang menyerahkan terbangun bungkusan itu?,0.6263
80,20,Ibu menyerahkan bungkusan itu kepada Doni terbangun.,Ibu,menyerahkan terbangun,bungkusan itu,,Apa yang Ibu serah?,0.2296
80,21,Doni mengantarkan singkong rebus ke pos ronda.,Doni,mengantarkan,singkong rebus,ke pos ronda,Siapa yang mengantarkan singkong rebus ke pos ronda?,0.7989
80,21,Doni mengantarkan singkong rebus ke pos ronda.,Doni,mengantarkan,singkong rebus,ke pos ronda,Apa yang Doni antarkan ke pos ronda?,0.3339
80,21,Doni mengantarkan singkong rebus ke pos ronda.,Doni,mengantarkan,singkong rebus,ke pos ronda,Ke mana Doni mengantarkan singkong rebus?,0.7534
80,22,Ayah membagikan makanan singkong kepada teman piket.,Ayah,membagikan,makanan singkong,kepada teman piket,Siapa yang membagikan makanan singkong kepada teman piket?,0.8401
80,22,Ayah membagikan makanan singkong kepada teman piket.,Ayah,membagikan,makanan singkong,kepada teman piket,Apa yang Ayah bagikan kepada teman piket?,0.5947
80,23,Mereka makan singkong sambil menjaga keamanan desa.,Mereka,makan menjaga,keamanan desa,,Siapa yang makan menjaga keamanan desa?,0.7631
80,23,Mereka makan singkong sambil menjaga keamanan desa.,Mereka,makan menjaga,keamanan desa,,Apa yang Mereka makan?,0.4929
80,24,Doni segera pulang kembali ke rumah tidur.,Doni,pulang,,segera ke rumah tidur,Siapa yang pulang segera ke rumah tidur?,0.6481
80,24,Doni segera pulang kembali ke rumah tidur.,Doni,pulang,,segera ke rumah tidur,Ke mana Doni pulang ?,0.4709
80,25,Kegiatan siskamling membuat lingkungan desa selalu aman.,Kegiatan siskamling,membuat,lingkungan desa aman,,Apa yang membuat lingkungan desa aman?,0.8059
80,25,Kegiatan siskamling membuat lingkungan desa selalu aman.,Kegiatan siskamling,membuat,lingkungan desa aman,,Apa yang Kegiatan siskamling buat?,0.0938
81,1,Andi memiliki sepeda mini beroda empat hijau.,Andi,memiliki,sepeda mini,,Siapa yang memiliki sepeda mini?,0.6873
81,1,Andi memiliki sepeda mini beroda empat hijau.,Andi,memiliki,sepeda mini,,Apa yang Andi miliki?,0.3136
81,2,Andi ingin bisa mengendarai sepeda roda dua.,Andi,ingin bisa mengendarai,sepeda roda dua,,Siapa yang ingin bisa mengendarai sepeda roda dua?,0.8475
81,2,Andi ingin bisa mengendarai sepeda roda dua.,Andi,ingin bisa mengendarai,sepeda roda dua,,Apa yang Andi kendarai?,0.4574
81,3,Ayah melepaskan dua roda bantuan kecil di belakang.,Ayah,melepaskan,dua roda bantuan kecil,di belakang,Siapa yang melepaskan dua roda bantuan kecil di belakang?,0.8277
81,3,Ayah melepaskan dua roda bantuan kecil di belakang.,Ayah,melepaskan,dua roda bantuan kecil,di belakang,Apa yang Ayah lepaskan di belakang?,0.5252
81,3,Ayah melepaskan dua roda bantuan kecil di belakang.,Ayah,melepaskan,dua roda bantuan kecil,di belakang,Di mana Ayah melepaskan dua roda bantuan kecil?,0.7844
81,4,Ayah membawa sepeda Andi ke lapangan rumput.,Ayah,membawa,sepeda Andi,ke lapangan rumput,Siapa yang membawa sepeda Andi ke lapangan rumput?,0.8815
81,4,Ayah membawa sepeda Andi ke lapangan rumput.,Ayah,membawa,sepeda Andi,ke lapangan rumput,Siapa yang Ayah bawa ke lapangan rumput?,0.4478
81,4,Ayah membawa sepeda Andi ke lapangan rumput.,Ayah,membawa,sepeda Andi,ke lapangan rumput,Ke mana Ayah membawa sepeda Andi?,0.7364
81,5,Lapangan rumput mengurangi risiko sakit saat jatuh.,Lapangan rumput,mengurangi jatuh,risiko sakit,,Apa yang mengurangi jatuh risiko sakit?,0.738
81,5,Lapangan rumput mengurangi risiko sakit saat jatuh.,Lapangan rumput,mengurangi jatuh,risiko sakit,,Apa yang Lapangan rumput kurang?,0.4013
81,6,Andi menaiki sadel sepeda hijau tersebut berani.,Andi,menaiki,sadel sepeda hijau tersebut berani,,Siapa yang menaiki sadel sepeda hijau tersebut berani?,0.844
81,6,Andi menaiki sadel sepeda hijau tersebut berani.,Andi,menaiki,sadel sepeda hijau tersebut berani,,Apa yang Andi naiki?,0.3485
81,7,Kaki Andi memijak pedal bagian kiri kanan.,Kaki Andi,memijak,pedal bagian kiri kanan,,Siapa yang memijak pedal bagian kiri kanan?,0.7678
81,7,Kaki Andi memijak pedal bagian kiri kanan.,Kaki Andi,memijak,pedal bagian kiri kanan,,Apa yang Kaki Andi pijak?,0.5843
81,8,Ayah memegang erat bagian belakang jok sepeda.,Ayah,memegang,bagian belakang jok sepeda,erat,Siapa yang memegang bagian belakang jok sepeda erat?,0.8327
81,8,Ayah memegang erat bagian belakang jok sepeda.,Ayah,memegang,bagian belakang jok sepeda,erat,Apa yang Ayah pegang erat?,0.364
81,9,Andi mulai mengayuh pedal dengan dorongan perlahan.,Andi,mulai mengayuh,pedal,dengan dorongan perlahan,Siapa yang mulai mengayuh pedal dengan dorongan perlahan?,0.7895
81,9,Andi mulai mengayuh pedal dengan dorongan perlahan.,Andi,mulai mengayuh,pedal,dengan dorongan perlahan,Apa yang Andi mulai dengan dorongan perlahan?,0.659
81,10,Sepeda hijau melaju lurus ke arah depan.,Sepeda hijau,melaju,,lurus ke arah depan,Apa yang melaju lurus ke arah depan?,0.3718
81,10,Sepeda hijau melaju lurus ke arah depan.,Sepeda hijau,melaju,,lurus ke arah depan,Ke mana Sepeda hijau melaju ?,0.8423
81,11,Ayah berlari kecil mengikuti gerakan sepeda Andi.,Ayah,berlari mengikuti,gerakan sepeda Andi,kecil,Siapa yang berlari mengikuti gerakan sepeda Andi kecil?,0.7514
81,11,Ayah berlari kecil mengikuti gerakan sepeda Andi.,Ayah,berlari mengikuti,gerakan sepeda Andi,kecil,Siapa yang Ayah lari kecil?,0.5118
81,12,Andi merasa keseimbangan tubuhnya menjadi sedikit goyah.,Andi,merasa,keseimbangan tubuh nya,,Siapa yang merasa keseimbangan tubuh nya?,0.5408
81,12,Andi merasa keseimbangan tubuhnya menjadi sedikit goyah.,Andi,merasa,keseimbangan tubuh nya,,Apa yang Andi rasa?,0.5311
81,13,Stang sepeda tiba-tiba berbelok tajam ke kiri.,Stang sepeda,berbelok,,tiba-tiba tajam ke kiri,Apa yang berbelok tiba-tiba tajam ke kiri?,0.5775
81,13,Stang sepeda tiba-tiba berbelok tajam ke kiri.,Stang sepeda,berbelok,,tiba-tiba tajam ke kiri,Ke mana Stang sepeda berbelok ?,0.7869
81,14,Andi terjatuh lemas ke atas rumput tebal.,,terjatuh,,lemas ke atas rumput tebal,Ke mana  terjatuh ?,0.5909
81,15,Andi tidak menangis sama sekali merasa sakit.,Andi,menangis,,tidak sama sekali,Siapa yang menangis tidak sama sekali?,0.4762
81,16,Ayah membangunkan Andi dan membersihkan kotoran rumput.,Ayah,membangunkan,Andi,,Siapa yang membangunkan Andi?,0.573
81,16,Ayah membangunkan Andi dan membersihkan kotoran rumput.,Ayah,membangunkan,Andi,,Siapa yang Ayah bangunkan?,0.3864
81,17,Andi kembali menaiki sepeda kesayangannya pantang menyerah.,Andi,menaiki menyerah,sepeda kesayangan nya,kembali,Siapa yang menaiki menyerah sepeda kesayangan nya kembali?,0.7844
81,17,Andi kembali menaiki sepeda kesayangannya pantang menyerah.,Andi,menaiki menyerah,sepeda kesayangan nya,kembali,Apa yang Andi naik kembali?,0.3317
81,18,Andi mengayuh pedal lebih cepat dari sebelumnya.,Andi,mengayuh,pedal,lebih cepat dari sebelumnya,Siapa yang mengayuh pedal lebih cepat dari sebelumnya?,0.8769
81,18,Andi mengayuh pedal lebih cepat dari sebelumnya.,Andi,mengayuh,pedal,lebih cepat dari sebelumnya,Apa yang Andi ayuh lebih cepat dari sebelumnya?,0.639
81,18,Andi mengayuh pedal lebih cepat dari sebelumnya.,Andi,mengayuh,pedal,lebih cepat dari sebelumnya,Kapan Andi mengayuh pedal?,0.6156
81,18,Andi mengayuh pedal lebih cepat dari sebelumnya.,Andi,mengayuh,pedal,lebih cepat dari sebelumnya,Dari mana Andi mengayuh pedal?,0.5601
81,19,Kecepatan membantu putaran sepeda menjadi lebih seimbang.,Kecepatan membantu putaran sepeda,menjadi,,lebih seimbang,Apa yang menjadi lebih seimbang?,0.4689
81,20,Ayah perlahan melepaskan pegangannya dari jok belakang.,Ayah,melepaskan,pegangan nya,perlahan dari jok belakang,Siapa yang melepaskan pegangan nya perlahan dari jok belakang?,0.5806
81,20,Ayah perlahan melepaskan pegangannya dari jok belakang.,Ayah,melepaskan,pegangan nya,perlahan dari jok belakang,Apa yang Ayah lepaskan perlahan dari jok belakang?,0.5275
81,20,Ayah perlahan melepaskan pegangannya dari jok belakang.,Ayah,melepaskan,pegangan nya,perlahan dari jok belakang,Dari mana Ayah melepaskan pegangan nya?,0.4327
81,21,Andi mengayuh sepeda sendirian melaju tanpa bantuan.,Andi,mengayuh melaju,sepeda sendirian,tanpa bantuan,Siapa yang mengayuh melaju sepeda sendirian tanpa bantuan?,0.8049
81,21,Andi mengayuh sepeda sendirian melaju tanpa bantuan.,Andi,mengayuh melaju,sepeda sendirian,tanpa bantuan,Apa yang Andi ayuh tanpa bantuan?,0.3919
81,22,Andi berhasil melaju sejauh jarak sepuluh meter.,Andi,berhasil melaju,,sejauh jarak sepuluh meter,Siapa yang berhasil melaju sejauh jarak sepuluh meter?,0.835
81,23,Andi menekan tuas rem rem secara perlahan.,Andi,menekan,tuas rem rem,perlahan,Siapa yang menekan tuas rem rem perlahan?,0.6832
81,23,Andi menekan tuas rem rem secara perlahan.,Andi,menekan,tuas rem rem,perlahan,Apa yang Andi tekan perlahan?,0.6152
81,24,Sepeda berhenti dengan sangat mulus di ujung.,Sepeda,berhenti,,di ujung,Siapa yang berhenti di ujung?,0.3176
81,24,Sepeda berhenti dengan sangat mulus di ujung.,Sepeda,berhenti,,di ujung,Di mana Sepeda berhenti ?,0.8371
81,25,Andi bersorak kegirangan karena berhasil bisa bersepeda.,Andi,bersorak,kegirangan,,Siapa yang bersorak kegirangan?,0.2267
81,25,Andi bersorak kegirangan karena berhasil bisa bersepeda.,Andi,bersorak,kegirangan,,Apa yang Andi sorak?,0.1631
82,1,Siswa kelas lima sekolah mengadakan bakti sosial.,Siswa kelas lima sekolah,mengadakan,bakti sosial,,Apa yang mengadakan bakti sosial?,0.5204
82,1,Siswa kelas lima sekolah mengadakan bakti sosial.,Siswa kelas lima sekolah,mengadakan,bakti sosial,,Apa yang Siswa kelas lima sekolah adakan?,0.7069
82,2,Mereka mengunjungi gedung panti asuhan pinggir kota.,Mereka,mengunjungi,gedung panti asuhan pinggir kota,,Siapa yang mengunjungi gedung panti asuhan pinggir kota?,0.8569
82,2,Mereka mengunjungi gedung panti asuhan pinggir kota.,Mereka,mengunjungi,gedung panti asuhan pinggir kota,,Apa yang Mereka kunjungi?,0.5548
82,3,Siswa membawa kardus sumbangan buku dan pakaian layak.,Siswa,membawa,kardus sumbangan buku,,Apa yang membawa kardus sumbangan buku?,0.7367
82,3,Siswa membawa kardus sumbangan buku dan pakaian layak.,Siswa,membawa,kardus sumbangan buku,,Apa yang Siswa bawa?,0.7163
82,4,Rombongan tiba di lokasi panti asuhan siang.,Rombongan,tiba,,di lokasi panti asuhan siang,Siapa yang tiba di lokasi panti asuhan siang?,0.7506
82,4,Rombongan tiba di lokasi panti asuhan siang.,Rombongan,tiba,,di lokasi panti asuhan siang,Kapan Rombongan tiba ?,0.6418
82,4,Rombongan tiba di lokasi panti asuhan siang.,Rombongan,tiba,,di lokasi panti asuhan siang,Di mana Rombongan tiba ?,0.6491
82,5,Pengurus panti menyambut para siswa dengan sangat hangat.,Pengurus panti,menyambut,para siswa,,Apa yang menyambut para siswa?,0.7396
82,5,Pengurus panti menyambut para siswa dengan sangat hangat.,Pengurus panti,menyambut,para siswa,,Apa yang Pengurus panti sambut?,0.1168
82,6,Anak-anak panti asuhan berbaris rapi di aula.,Anak-anak panti asuhan,berbaris,,rapi di aula,Apa yang berbaris rapi di aula?,0.5473
82,6,Anak-anak panti asuhan berbaris rapi di aula.,Anak-anak panti asuhan,berbaris,,rapi di aula,Di mana Anak-anak panti asuhan berbaris ?,0.5187
82,7,Ketua kelas menyerahkan sumbangan simbolis kepada pengurus.,Ketua kelas,menyerahkan,sumbangan simbolis,kepada pengurus,Apa yang menyerahkan sumbangan simbolis kepada pengurus?,0.7705
82,7,Ketua kelas menyerahkan sumbangan simbolis kepada pengurus.,Ketua kelas,menyerahkan,sumbangan simbolis,kepada pengurus,Apa yang Ketua kelas serahkan kepada pengurus?,0.7006
82,8,Siswa membagikan kotak nasi makanan kepada anak.,Siswa,membagikan,kotak nasi makanan,kepada anak,Apa yang membagikan kotak nasi makanan kepada anak?,0.8015
82,8,Siswa membagikan kotak nasi makanan kepada anak.,Siswa,membagikan,kotak nasi makanan,kepada anak,Apa yang Siswa bagikan kepada anak?,0.6013
82,9,Mereka duduk melingkar membaur di atas karpet.,Mereka,duduk melingkar membaur,,di atas karpet,Siapa yang duduk melingkar membaur di atas karpet?,0.6977
82,9,Mereka duduk melingkar membaur di atas karpet.,Mereka,duduk melingkar membaur,,di atas karpet,Di mana Mereka duduk melingkar membaur ?,0.6097
82,10,Fina berkenalan dengan anak perempuan bernama Sari.,Fina,berkenalan,,dengan anak perempuan bernama sari,Siapa yang berkenalan dengan anak perempuan bernama sari?,0.6965
82,11,Sari bercerita tenang tentang kegiatannya di panti.,Sari,bercerita,,tenang tentang kegiatan di panti,Siapa yang bercerita tenang tentang kegiatan di panti?,0.5337
82,11,Sari bercerita tenang tentang kegiatannya di panti.,Sari,bercerita,,tenang tentang kegiatan di panti,Di mana Sari bercerita ?,0.6217
82,12,Sari mengatakan sangat suka membaca buku cerita.,Sari,mengatakan suka,buku cerita,,Siapa yang mengatakan suka buku cerita?,0.6614
82,12,Sari mengatakan sangat suka membaca buku cerita.,Sari,mengatakan suka,buku cerita,,Apa yang Sari kata?,0.2746
82,13,Fina mengambil sebuah buku dongeng baru bergambar.,Fina,mengambil,sebuah buku dongeng baru,,Siapa yang mengambil sebuah buku dongeng baru?,0.7089
82,13,Fina mengambil sebuah buku dongeng baru bergambar.,Fina,mengambil,sebuah buku dongeng baru,,Apa yang Fina ambil?,0.462
82,14,Fina memberikan buku dongeng bagus kepada Sari.,Fina,memberikan,buku dongeng bagus,kepada sari,Siapa yang memberikan buku dongeng bagus kepada sari?,0.4397
82,14,Fina memberikan buku dongeng bagus kepada Sari.,Fina,memberikan,buku dongeng bagus,kepada sari,Apa yang Fina berikan kepada sari?,0.3417
82,16,Fina dan teman-teman mengadakan permainan tebak kelompok.,Fina dan teman-teman,mengadakan,permainan tebak kelompok,,Apa yang mengadakan permainan tebak kelompok?,0.7219
82,16,Fina dan teman-teman mengadakan permainan tebak kelompok.,Fina dan teman-teman,mengadakan,permainan tebak kelompok,,Apa yang Fina dan teman-teman adakan?,0.56
82,17,Mereka bermain tebak kata hewan dengan meriah.,Mereka,bermain,tebak kata hewan,dengan meriah,Siapa yang bermain tebak kata hewan dengan meriah?,0.887
82,17,Mereka bermain tebak kata hewan dengan meriah.,Mereka,bermain,tebak kata hewan,dengan meriah,Apa yang Mereka main dengan meriah?,0.6367
82,18,Suara tawa keras memenuhi ruangan aula panti.,Suara tawa keras,memenuhi,ruangan aula panti,,Apa yang memenuhi ruangan aula panti?,0.5428
82,18,Suara tawa keras memenuhi ruangan aula panti.,Suara tawa keras,memenuhi,ruangan aula panti,,Apa yang Suara tawa keras penuhi?,0.6825
82,19,Pemenang permainan mendapat hadiah sebungkus makanan ringan.,Pemenang permainan,mendapat,hadiah sebungkus makanan ringan,,Apa yang mendapat hadiah sebungkus makanan ringan?,0.7803
82,19,Pemenang permainan mendapat hadiah sebungkus makanan ringan.,Pemenang permainan,mendapat,hadiah sebungkus makanan ringan,,Apa yang Pemenang permainan dapat?,0.7154
82,20,Waktu kunjungan bersama terasa berjalan sangat singkat.,Waktu kunjungan,terasa berjalan,,bersama,Apa yang terasa berjalan bersama?,0.2297
82,21,Siswa harus kembali menuju sekolah sore ini.,Siswa,harus kembali,,menuju sekolah sore ini,Apa yang harus kembali menuju sekolah sore ini?,0.8438
82,22,Mereka berpamitan menyalami anak-anak penghuni panti asuhan.,Mereka,berpamitan menyalami,anak-anak penghuni panti asuhan,,Siapa yang berpamitan menyalami anak-anak penghuni panti asuhan?,0.8733
82,22,Mereka berpamitan menyalami anak-anak penghuni panti asuhan.,Mereka,berpamitan menyalami,anak-anak penghuni panti asuhan,,Apa yang Mereka pamiti?,0.3915
82,23,Fina melambaikan tangan panjang ke arah Sari.,Fina,melambaikan,tangan panjang,ke arah sari,Siapa yang melambaikan tangan panjang ke arah sari?,0.4165
82,23,Fina melambaikan tangan panjang ke arah Sari.,Fina,melambaikan,tangan panjang,ke arah sari,Apa yang Fina lambaikan ke arah sari?,0.4479
82,23,Fina melambaikan tangan panjang ke arah Sari.,Fina,melambaikan,tangan panjang,ke arah sari,Ke mana Fina melambaikan tangan panjang?,0.7188
82,24,Kegiatan bakti sosial ini mengajarkan rasa peduli.,Kegiatan bakti sosial ini,mengajarkan,rasa,,Apa yang mengajarkan rasa?,0.4589
82,24,Kegiatan bakti sosial ini mengajarkan rasa peduli.,Kegiatan bakti sosial ini,mengajarkan,rasa,,Apa yang Kegiatan bakti sosial ini ajarkan?,0.7806
82,25,Semua siswa merasa bersyukur memiliki keluarga utuh.,Semua siswa,merasa bersyukur,keluarga utuh,,Apa yang merasa bersyukur keluarga utuh?,0.6605
82,25,Semua siswa merasa bersyukur memiliki keluarga utuh.,Semua siswa,merasa bersyukur,keluarga utuh,,Apa yang Semua siswa rasa?,0.375
83,1,Liburan sekolah semester Bayu dihabiskan di desa.,Bayu,dihabiskan,,di desa,Siapa yang dihabiskan di desa?,0.457
83,1,Liburan sekolah semester Bayu dihabiskan di desa.,Bayu,dihabiskan,,di desa,Di mana Bayu dihabiskan ?,0.4556
83,2,Kakek akan memanen hamparan padi di sawah.,Kakek,akan memanen,hamparan padi,di sawah,Siapa yang akan memanen hamparan padi di sawah?,0.7364
83,2,Kakek akan memanen hamparan padi di sawah.,Kakek,akan memanen,hamparan padi,di sawah,Apa yang Kakek memanen di sawah?,0.4795
83,2,Kakek akan memanen hamparan padi di sawah.,Kakek,akan memanen,hamparan padi,di sawah,Di mana Kakek akan memanen hamparan padi?,0.8409
83,3,Pagi hari Bayu memakai topi caping bambu.,Bayu,memakai,topi caping bambu,pagi hari,Siapa yang memakai topi caping bambu pagi hari?,0.8798
83,3,Pagi hari Bayu memakai topi caping bambu.,Bayu,memakai,topi caping bambu,pagi hari,Apa yang Bayu pakai pagi hari?,0.4503
83,3,Pagi hari Bayu memakai topi caping bambu.,Bayu,memakai,topi caping bambu,pagi hari,Kapan Bayu memakai topi caping bambu?,0.8779
83,4,Bayu membawa sebotol besar air minum dingin.,Bayu,membawa,sebotol besar air minum dingin,,Siapa yang membawa sebotol besar air minum dingin?,0.8776
83,4,Bayu membawa sebotol besar air minum dingin.,Bayu,membawa,sebotol besar air minum dingin,,Apa yang Bayu bawa?,0.2323
83,5,Mereka berjalan menyusuri pematang sawah jalan setapak.,Mereka,berjalan menyusuri,pematang sawah jalan setapak,,Siapa yang berjalan menyusuri pematang sawah jalan setapak?,0.8025
83,5,Mereka berjalan menyusuri pematang sawah jalan setapak.,Mereka,berjalan menyusuri,pematang sawah jalan setapak,,Apa yang Mereka jalani?,0.4544
83,6,Padi di sawah menguning layaknya hamparan emas.,Padi,menguning,layak nya hamparan emas,di sawah,Siapa yang menguning layak nya hamparan emas di sawah?,0.794
83,6,Padi di sawah menguning layaknya hamparan emas.,Padi,menguning,layak nya hamparan emas,di sawah,Apa yang Padi uning di sawah?,0.5157
83,6,Padi di sawah menguning layaknya hamparan emas.,Padi,menguning,layak nya hamparan emas,di sawah,Di mana Padi menguning layak nya hamparan emas?,0.8648
83,7,Banyak buruh tani lain ikut membantu kakek.,Banyak buruh tani lain,ikut membantu,kakek,,Apa yang ikut membantu kakek?,0.5877
83,7,Banyak buruh tani lain ikut membantu kakek.,Banyak buruh tani lain,ikut membantu,kakek,,Apa yang Banyak buruh tani lain ikut?,0.582
83,8,Kakek memotong batang padi menggunakan arit tajam.,Kakek,memotong menggunakan,arit tajam,,Siapa yang memotong menggunakan arit tajam?,0.4436
83,8,Kakek memotong batang padi menggunakan arit tajam.,Kakek,memotong menggunakan,arit tajam,,Apa yang Kakek potongkan?,0.4997
83,9,Bayu bertugas rajin mengumpulkan potongan batang padi.,Bayu,bertugas rajin,potongan batang padi,,Siapa yang bertugas rajin potongan batang padi?,0.8253
83,9,Bayu bertugas rajin mengumpulkan potongan batang padi.,Bayu,bertugas rajin,potongan batang padi,,Apa yang Bayu tugas?,0.1643
83,10,Bayu menumpuk padi panen di atas tikar.,Bayu,menumpuk,padi panen,di atas tikar,Siapa yang menumpuk padi panen di atas tikar?,0.8463
83,10,Bayu menumpuk padi panen di atas tikar.,Bayu,menumpuk,padi panen,di atas tikar,Apa yang Bayu tumpuk di atas tikar?,0.2787
83,10,Bayu menumpuk padi panen di atas tikar.,Bayu,menumpuk,padi panen,di atas tikar,Di mana Bayu menumpuk padi panen?,0.8821
83,11,Tumpukan batang padi menjadi terlihat sangat tinggi.,Tumpukan batang padi,menjadi terlihat,,,Apa yang menjadi terlihat?,0.2225
83,12,Kakek membawa alat mesin perontok padi manual.,Kakek,membawa,alat mesin perontok padi manual,,Siapa yang membawa alat mesin perontok padi manual?,0.8023
83,12,Kakek membawa alat mesin perontok padi manual.,Kakek,membawa,alat mesin perontok padi manual,,Apa yang Kakek bawa?,0.4709
83,13,Kakek menginjak pedal alat kayu perontok itu.,Kakek,menginjak,pedal alat kayu perontok itu,,Siapa yang menginjak pedal alat kayu perontok itu?,0.702
83,13,Kakek menginjak pedal alat kayu perontok itu.,Kakek,menginjak,pedal alat kayu perontok itu,,Apa yang Kakek injak?,0.5868
83,14,Kakek memukul batang padi mendekati putaran roda.,Kakek,memukul mendekati,putaran roda,,Siapa yang memukul mendekati putaran roda?,0.5199
83,14,Kakek memukul batang padi mendekati putaran roda.,Kakek,memukul mendekati,putaran roda,,Apa yang Kakek pukuli?,0.5412
83,15,Bulir-bulir gabah padi rontok jatuh ke tikar.,Bulir-bulir gabah padi rontok,jatuh,,ke tikar,Apa yang jatuh ke tikar?,0.4023
83,15,Bulir-bulir gabah padi rontok jatuh ke tikar.,Bulir-bulir gabah padi rontok,jatuh,,ke tikar,Ke mana Bulir-bulir gabah padi rontok jatuh ?,0.8978
83,16,Bayu membantu memasukkan butiran gabah ke karung.,Bayu,membantu memasukkan,butiran gabah,ke karung,Siapa yang membantu memasukkan butiran gabah ke karung?,0.7851
83,16,Bayu membantu memasukkan butiran gabah ke karung.,Bayu,membantu memasukkan,butiran gabah,ke karung,Apa yang Bayu bantukan ke karung?,0.5428
83,16,Bayu membantu memasukkan butiran gabah ke karung.,Bayu,membantu memasukkan,butiran gabah,ke karung,Ke mana Bayu membantu memasukkan butiran gabah?,0.8143
83,17,Tangan leher Bayu terasa sedikit gatal daun.,Bayu,terasa,,sedikit gatal daun,Siapa yang terasa sedikit gatal daun?,0.7866
83,18,Kakek mencuci tubuh Bayu di aliran parit.,Kakek,mencuci,tubuh Bayu,di aliran parit,Siapa yang mencuci tubuh Bayu di aliran parit?,0.6963
83,18,Kakek mencuci tubuh Bayu di aliran parit.,Kakek,mencuci,tubuh Bayu,di aliran parit,Siapa yang Kakek cuci di aliran parit?,0.6812
83,18,Kakek mencuci tubuh Bayu di aliran parit.,Kakek,mencuci,tubuh Bayu,di aliran parit,Di mana Kakek mencuci tubuh Bayu?,0.8012
83,19,Siang hari terik nenek mengantar rantang makanan.,,terik mengantar,rantang makanan,siang hari,Kapan  terik mengantar rantang makanan?,0.536
83,20,Mereka makan siang berteduh di bawah pohon.,Mereka,makan,siang,di bawah pohon,Siapa yang makan siang di bawah pohon?,0.802
83,20,Mereka makan siang berteduh di bawah pohon.,Mereka,makan,siang,di bawah pohon,Apa yang Mereka makan di bawah pohon?,0.7636
83,20,Mereka makan siang berteduh di bawah pohon.,Mereka,makan,siang,di bawah pohon,Di mana Mereka makan siang?,0.5108
83,21,Angin sepoi sawah bertiup membawa rasa sejuk.,Angin sepoi sawah bertiup,membawa,rasa sejuk,,Apa yang membawa rasa sejuk?,0.7333
83,21,Angin sepoi sawah bertiup membawa rasa sejuk.,Angin sepoi sawah bertiup,membawa,rasa sejuk,,Apa yang Angin sepoi sawah bertiup bawa?,0.7583
83,22,Panen potong padi selesai menjelang waktu sore.,Panen potong padi,selesai,,menjelang waktu sore,Apa yang selesai menjelang waktu sore?,0.4304
83,23,Kakek mengangkut karung gabah menggunakan gerobak sapi.,Kakek,mengangkut menggunakan,gerobak sapi,,Siapa yang mengangkut menggunakan gerobak sapi?,0.7003
83,23,Kakek mengangkut karung gabah menggunakan gerobak sapi.,Kakek,mengangkut menggunakan,gerobak sapi,,Apa yang Kakek angkutkan?,0.4424
83,24,Bayu ikut duduk tenang di atas gerobak.,Bayu,ikut duduk,,di atas gerobak,Siapa yang ikut duduk di atas gerobak?,0.6423
83,24,Bayu ikut duduk tenang di atas gerobak.,Bayu,ikut duduk,,di atas gerobak,Di mana Bayu ikut duduk ?,0.5818
83,25,Pengalaman panen padi sangat melelahkan tapi menyenangkan.,Pengalaman panen padi,melelahkan,,sangat,Apa yang melelahkan sangat?,0.3817
84,1,Hari ini nenek kandung berulang tahun keenam puluh.,Hari ini,nenek,,berulang,Apa yang nenek berulang?,0.5917
84,2,Keluarga besar kumpul bersama di rumah kakek.,Keluarga besar,kumpul,,bersama di rumah kakek,Apa yang kumpul bersama di rumah kakek?,0.7857
84,2,Keluarga besar kumpul bersama di rumah kakek.,Keluarga besar,kumpul,,bersama di rumah kakek,Di mana Keluarga besar kumpul ?,0.679
84,3,Ibu sibuk memasak banyak makanan di dapur.,Ibu sibuk,memasak,makanan,banyak di dapur,Apa yang memasak makanan banyak di dapur?,0.6234
84,3,Ibu sibuk memasak banyak makanan di dapur.,Ibu sibuk,memasak,makanan,banyak di dapur,Apa yang Ibu sibuk pasak banyak di dapur?,0.6613
84,3,Ibu sibuk memasak banyak makanan di dapur.,Ibu sibuk,memasak,makanan,banyak di dapur,Di mana Ibu sibuk memasak makanan?,0.7681
84,4,Paman memasang dekorasi lampion balon di ruangan.,Paman,memasang,dekorasi lampion balon,di ruangan,Siapa yang memasang dekorasi lampion balon di ruangan?,0.8732
84,4,Paman memasang dekorasi lampion balon di ruangan.,Paman,memasang,dekorasi lampion balon,di ruangan,Apa yang Paman memasang di ruangan?,0.5894
84,4,Paman memasang dekorasi lampion balon di ruangan.,Paman,memasang,dekorasi lampion balon,di ruangan,Di mana Paman memasang dekorasi lampion balon?,0.8353
84,5,Dina menyiapkan kado kejutan spesial untuk nenek.,Dina,menyiapkan,kado kejutan spesial,untuk nenek,Siapa yang menyiapkan kado kejutan spesial untuk nenek?,0.8754
84,5,Dina menyiapkan kado kejutan spesial untuk nenek.,Dina,menyiapkan,kado kejutan spesial,untuk nenek,Apa yang Dina siapkan untuk nenek?,0.6654
84,6,Kado itu adalah syal rajutan wol buatan.,Kado itu,syal,,,Apa yang syal?,0.2282
84,8,Nenek duduk tenang di kursi utama ruangan.,Nenek,duduk,,tenang di kursi utama ruangan,Siapa yang duduk tenang di kursi utama ruangan?,0.6797
84,8,Nenek duduk tenang di kursi utama ruangan.,Nenek,duduk,,tenang di kursi utama ruangan,Di mana Nenek duduk ?,0.6573
84,9,Ayah membawa kue tart rasa cokelat lezat.,Ayah,membawa,kue tart rasa cokelat lezat,,Siapa yang membawa kue tart rasa cokelat lezat?,0.8154
84,9,Ayah membawa kue tart rasa cokelat lezat.,Ayah,membawa,kue tart rasa cokelat lezat,,Apa yang Ayah bawa?,0.2651
84,10,Kue itu memiliki angka lilin enam puluh.,Kue itu,memiliki,angka lilin enam puluh,,Apa yang memiliki angka lilin enam puluh?,0.7472
84,10,Kue itu memiliki angka lilin enam puluh.,Kue itu,memiliki,angka lilin enam puluh,,Apa yang Kue itu miliki?,0.5901
84,11,Seluruh anggota keluarga menyanyikan lagu panjang umurnya.,Seluruh anggota keluarga,menyanyikan,lagu panjang umurnya,,Apa yang menyanyikan lagu panjang umurnya?,0.5915
84,11,Seluruh anggota keluarga menyanyikan lagu panjang umurnya.,Seluruh anggota keluarga,menyanyikan,lagu panjang umurnya,,Apa yang Seluruh anggota keluarga nyanyikan?,0.783
84,12,Nenek meniup nyala lilin dengan sekali hembusan.,Nenek,meniup,nyala lilin,sekali dengan sekali hembusan,Siapa yang meniup nyala lilin sekali dengan sekali hembusan?,0.7521
84,12,Nenek meniup nyala lilin dengan sekali hembusan.,Nenek,meniup,nyala lilin,sekali dengan sekali hembusan,Apa yang Nenek tiup sekali dengan sekali hembusan?,0.6235
84,13,Semua orang bertepuk tangan gembira sangat meriah.,Semua orang,bertepuk,tangan gembira,sangat meriah,Apa yang bertepuk tangan gembira sangat meriah?,0.8065
84,13,Semua orang bertepuk tangan gembira sangat meriah.,Semua orang,bertepuk,tangan gembira,sangat meriah,Apa yang Semua orang tepuk sangat meriah?,0.7394
84,14,Nenek memotong kue tart cokelat potongan pertama.,Nenek,memotong,kue tart cokelat potongan pertama,,Siapa yang memotong kue tart cokelat potongan pertama?,0.7413
84,14,Nenek memotong kue tart cokelat potongan pertama.,Nenek,memotong,kue tart cokelat potongan pertama,,Apa yang Nenek potong?,0.49
84,16,Dina maju ke depan menyodorkan kotak kado.,Dina,maju menyodorkan,kotak kado,ke depan,Siapa yang maju menyodorkan kotak kado ke depan?,0.8396
84,16,Dina maju ke depan menyodorkan kotak kado.,Dina,maju menyodorkan,kotak kado,ke depan,Apa yang Dina majukan ke depan?,0.4311
84,16,Dina maju ke depan menyodorkan kotak kado.,Dina,maju menyodorkan,kotak kado,ke depan,Ke mana Dina maju menyodorkan kotak kado?,0.8324
84,17,Nenek membuka robek kertas kado dengan hati-hati.,Nenek,membuka,robek kertas kado,dengan hati-hati,Siapa yang membuka robek kertas kado dengan hati-hati?,0.6705
84,17,Nenek membuka robek kertas kado dengan hati-hati.,Nenek,membuka,robek kertas kado,dengan hati-hati,Apa yang Nenek buka dengan hati-hati?,0.7511
84,18,Nenek melihat syal rajutan berwarna merah hati.,Nenek,melihat,syal rajutan,,Siapa yang melihat syal rajutan?,0.5144
84,18,Nenek melihat syal rajutan berwarna merah hati.,Nenek,melihat,syal rajutan,,Apa yang Nenek lihat?,0.7246
84,19,Nenek sangat menyukai hasil hadiah cucunya itu.,Nenek,menyukai,hasil hadiah cucu nya itu,sangat,Siapa yang menyukai hasil hadiah cucu nya itu sangat?,0.827
84,19,Nenek sangat menyukai hasil hadiah cucunya itu.,Nenek,menyukai,hasil hadiah cucu nya itu,sangat,Apa yang Nenek sukai sangat?,0.6245
84,20,Nenek langsung melilitkan memakai syal merah tebal.,Nenek,melilitkan memakai,syal merah tebal,langsung,Siapa yang melilitkan memakai syal merah tebal langsung?,0.6783
84,20,Nenek langsung melilitkan memakai syal merah tebal.,Nenek,melilitkan memakai,syal merah tebal,langsung,Apa yang Nenek liliti langsung?,0.3766
84,21,Mereka makan malam bersama menyantap masakan nikmat.,Mereka,makan menyantap,masakan nikmat,,Siapa yang makan menyantap masakan nikmat?,0.7523
84,21,Mereka makan malam bersama menyantap masakan nikmat.,Mereka,makan menyantap,masakan nikmat,,Apa yang Mereka makan?,0.5314
84,22,Paman memetik gitar akustik menghibur suasana keluarga.,Paman,memetik menghibur,suasana keluarga,,Siapa yang memetik menghibur suasana keluarga?,0.5626
84,22,Paman memetik gitar akustik menghibur suasana keluarga.,Paman,memetik menghibur,suasana keluarga,,Apa yang Paman petik?,0.2819
84,23,Sepupu kembar Dina ikut bernyanyi lagu riang.,Sepupu kembar Dina,ikut bernyanyi,lagu riang,,Apa yang ikut bernyanyi lagu riang?,0.5912
84,23,Sepupu kembar Dina ikut bernyanyi lagu riang.,Sepupu kembar Dina,ikut bernyanyi,lagu riang,,Apa yang Sepupu kembar Dina ikuti?,0.6947
84,24,Nenek tersenyum bahagia melihat seluruh keluarganya kumpul.,Nenek,tersenyum melihat,seluruh keluarga nya,bahagia,Siapa yang tersenyum melihat seluruh keluarga nya bahagia?,0.7658
84,24,Nenek tersenyum bahagia melihat seluruh keluarganya kumpul.,Nenek,tersenyum melihat,seluruh keluarga nya,bahagia,Apa yang Nenek senyum bahagia?,0.7635
84,25,Perayaan sederhana tahunan ini penuh rasa cinta.,Perayaan sederhana tahunan ini,penuh,,,Apa yang penuh?,0.183
85,1,Sekolah swasta Santi mengadakan kelas kesenian membatik.,Sekolah swasta Santi,mengadakan,kelas kesenian,,Apa yang mengadakan kelas kesenian?,0.5153
85,1,Sekolah swasta Santi mengadakan kelas kesenian membatik.,Sekolah swasta Santi,mengadakan,kelas kesenian,,Apa yang Sekolah swasta Santi adakan?,0.6839
85,2,Guru kesenian sengaja mengundang pengrajin batik lokal.,Guru kesenian,mengundang,pengrajin batik lokal,sengaja,Apa yang mengundang pengrajin batik lokal sengaja?,0.7276
85,2,Guru kesenian sengaja mengundang pengrajin batik lokal.,Guru kesenian,mengundang,pengrajin batik lokal,sengaja,Apa yang Guru kesenian undang sengaja?,0.5316
85,3,Pengrajin wanita membawa kain mori berwarna putih.,Pengrajin wanita,membawa,kain mori,,Apa yang membawa kain mori?,0.6533
85,3,Pengrajin wanita membawa kain mori berwarna putih.,Pengrajin wanita,membawa,kain mori,,Apa yang Pengrajin wanita bawa?,0.5369
85,4,Pengrajin menyalakan api kompor dan wajan besi.,Pengrajin,menyalakan,api kompor,,Siapa yang menyalakan api kompor?,0.7505
85,4,Pengrajin menyalakan api kompor dan wajan besi.,Pengrajin,menyalakan,api kompor,,Apa yang Pengrajin nyalakan?,0.2989
85,5,Lilin kuning dipanaskan di dalam wajan.,,dipanaskan,,di dalam wajan,Di mana  dipanaskan ?,0.2957
85,6,Santi menggambar desain pola bunga di kain.,Santi,menggambar,desain pola bunga,di kain,Siapa yang menggambar desain pola bunga di kain?,0.7519
85,6,Santi menggambar desain pola bunga di kain.,Santi,menggambar,desain pola bunga,di kain,Apa yang Santi gambar di kain?,0.7781
85,6,Santi menggambar desain pola bunga di kain.,Santi,menggambar,desain pola bunga,di kain,Di mana Santi menggambar desain pola bunga?,0.8199
85,7,Santi menggunakan pensil tumpul menggambar pola kelopak.,Santi,menggunakan,pensil,,Siapa yang menggunakan pensil?,0.5688
85,7,Santi menggunakan pensil tumpul menggambar pola kelopak.,Santi,menggunakan,pensil,,Apa yang Santi gunakan?,0.5523
85,8,Pengrajin membagikan gagang canting kepada setiap siswa.,Pengrajin,membagikan,gagang canting,kepada setiap siswa,Siapa yang membagikan gagang canting kepada setiap siswa?,0.8392
85,8,Pengrajin membagikan gagang canting kepada setiap siswa.,Pengrajin,membagikan,gagang canting,kepada setiap siswa,Apa yang Pengrajin bagikan kepada setiap siswa?,0.6945
85,9,Canting adalah alat melukis meneteskan lilin cair.,Canting,alat,,,Siapa yang alat?,0.2112
85,10,Santi mengambil sedikit panas malam menggunakan canting.,Santi,mengambil menggunakan,canting,sedikit panas,Siapa yang mengambil menggunakan canting sedikit panas?,0.4978
85,10,Santi mengambil sedikit panas malam menggunakan canting.,Santi,mengambil menggunakan,canting,sedikit panas,Apa yang Santi ambilkan sedikit panas?,0.7879
85,11,Santi meniup ujung canting menetralkan rasa panas.,Santi,meniup menetralkan,rasa panas,,Siapa yang meniup menetralkan rasa panas?,0.6271
85,11,Santi meniup ujung canting menetralkan rasa panas.,Santi,meniup menetralkan,rasa panas,,Apa yang Santi tiupkan?,0.5978
85,12,Santi menggoreskan ujung canting mengikuti pola pensil.,Santi,menggoreskan mengikuti,pola pensil,,Siapa yang menggoreskan mengikuti pola pensil?,0.6124
85,12,Santi menggoreskan ujung canting mengikuti pola pensil.,Santi,menggoreskan mengikuti,pola pensil,,Apa yang Santi goresi?,0.5091
85,13,Lilin cair langsung menempel membentuk garis bunga.,Lilin cair,menempel membentuk,garis bunga,langsung,Apa yang menempel membentuk garis bunga langsung?,0.7437
85,13,Lilin cair langsung menempel membentuk garis bunga.,Lilin cair,menempel membentuk,garis bunga,langsung,Apa yang Lilin cair tempel langsung?,0.7057
85,14,Tangan memegang canting Santi bergerak sangat tenang.,Tangan memegang canting Santi,bergerak,,sangat tenang,Apa yang bergerak sangat tenang?,0.4311
85,15,Proses melukis cairan lilin memakan waktu lama.,Proses melukis cairan lilin,memakan,waktu lama,,Apa yang memakan waktu lama?,0.4326
85,15,Proses melukis cairan lilin memakan waktu lama.,Proses melukis cairan lilin,memakan,waktu lama,,Apa yang Proses melukis cairan lilin makan?,0.6735
85,17,Langkah berikutnya adalah proses perendaman pewarnaan kain.,Lang kah berikutnya,proses,,,Apa yang proses?,0.2749
85,18,Pengrajin mencelupkan kain basah ke pewarna biru.,Pengrajin,mencelupkan,kain basah,ke pewarna biru,Siapa yang mencelupkan kain basah ke pewarna biru?,0.8144
85,18,Pengrajin mencelupkan kain basah ke pewarna biru.,Pengrajin,mencelupkan,kain basah,ke pewarna biru,Apa yang Pengrajin celupkan ke pewarna biru?,0.7411
85,18,Pengrajin mencelupkan kain basah ke pewarna biru.,Pengrajin,mencelupkan,kain basah,ke pewarna biru,Ke mana Pengrajin mencelupkan kain basah?,0.7503
85,21,Kain batik basah Santi dijemur di jemuran.,,dijemur,,di jemuran,Di mana  dijemur ?,0.3484
85,22,Angin kencang mengeringkan serat kain batik tersebut.,Angin kencang,mengeringkan,serat kain batik tersebut,,Apa yang mengeringkan serat kain batik tersebut?,0.8522
85,22,Angin kencang mengeringkan serat kain batik tersebut.,Angin kencang,mengeringkan,serat kain batik tersebut,,Apa yang Angin kencang keringkan?,0.5085
85,23,Santi memegang kain hasil karya batiknya bangga.,Santi,memegang,kain hasil karya batik nya,,Siapa yang memegang kain hasil karya batik nya?,0.7118
85,23,Santi memegang kain hasil karya batiknya bangga.,Santi,memegang,kain hasil karya batik nya,,Apa yang Santi pegang?,0.5559
85,24,Santi berniat memberikan kain batik kepada ibunya.,Santi,berniat memberikan,kain batik,kepada ibu,Siapa yang berniat memberikan kain batik kepada ibu?,0.7832
85,24,Santi berniat memberikan kain batik kepada ibunya.,Santi,berniat memberikan,kain batik,kepada ibu,Apa yang Santi niatkan kepada ibu?,0.6957
85,25,Membatik menjadi seni tradisional yang sangat mengasyikkan.,Membatik,menjadi,seni tradisional yang sangat mengasyikkan,sangat,Siapa yang menjadi seni tradisional yang sangat mengasyikkan sangat?,0.8948
85,25,Membatik menjadi seni tradisional yang sangat mengasyikkan.,Membatik,menjadi,seni tradisional yang sangat mengasyikkan,sangat,Apa yang Membatik jadi sangat?,0.1519
86,1,Pasukan siswa penggalang bersiap mengikuti lomba pramuka.,Pasukan siswa penggalang,bersiap mengikuti,lomba pramuka,,Apa yang bersiap mengikuti lomba pramuka?,0.5201
86,1,Pasukan siswa penggalang bersiap mengikuti lomba pramuka.,Pasukan siswa penggalang,bersiap mengikuti,lomba pramuka,,Apa yang Pasukan siswa penggalang siapi?,0.8213
86,2,Regu Elang maju mewakili nama sekolah Rian.,Regu Elang,maju mewakili,nama sekolah Rian,,Siapa yang maju mewakili nama sekolah Rian?,0.7963
86,2,Regu Elang maju mewakili nama sekolah Rian.,Regu Elang,maju mewakili,nama sekolah Rian,,Siapa yang Regu Elang majui?,0.5131
86,4,Mereka rajin berlatih tali-temali setiap jadwal sore.,Mereka,rajin berlatih,setiap jadwal sore,,Siapa yang rajin berlatih setiap jadwal sore?,0.7695
86,4,Mereka rajin berlatih tali-temali setiap jadwal sore.,Mereka,rajin berlatih,setiap jadwal sore,,Apa yang Mereka rajin?,0.3942
86,5,Hari pelaksanaan perlombaan diadakan di bumi perkemahan.,,diadakan,,di bumi perkemahan,Di mana  diadakan ?,0.3768
86,6,Banyak tenda kemah peserta didirikan di rumput.,,didirikan,,di rumput,Di mana  didirikan ?,0.2432
86,7,Lomba tantangan pertama adalah mendirikan tenda cepat.,Lomba tantangan pertama,mendirikan,tenda cepat,,Apa yang mendirikan tenda cepat?,0.8327
86,7,Lomba tantangan pertama adalah mendirikan tenda cepat.,Lomba tantangan pertama,mendirikan,tenda cepat,,Apa yang Lomba tantangan pertama dirikan?,0.6829
86,8,Regu Elang membagi tugas pekerjaan masing-masing anggota.,Regu Elang,membagi,tugas pekerjaan masing-masing anggota,,Siapa yang membagi tugas pekerjaan masing-masing anggota?,0.6092
86,8,Regu Elang membagi tugas pekerjaan masing-masing anggota.,Regu Elang,membagi,tugas pekerjaan masing-masing anggota,,Apa yang Regu Elang bagi?,0.5481
86,9,Rian memukul pasak tenda menggunakan palu kayu.,Rian,memukul menggunakan,palu kayu,,Siapa yang memukul menggunakan palu kayu?,0.7134
86,9,Rian memukul pasak tenda menggunakan palu kayu.,Rian,memukul menggunakan,palu kayu,,Apa yang Rian pukulkan?,0.3607
86,10,Tenda kemah Regu Elang berdiri sangat kokoh.,Tenda kemah Regu Elang,berdiri,,sangat kokoh,Apa yang berdiri sangat kokoh?,0.3005
86,11,Lomba tantangan kedua adalah memecahkan sandi morse.,Lomba tantangan kedua,memecahkan,sandi morse,,Apa yang memecahkan sandi morse?,0.6996
86,11,Lomba tantangan kedua adalah memecahkan sandi morse.,Lomba tantangan kedua,memecahkan,sandi morse,,Apa yang Lomba tantangan kedua pecahkan?,0.7509
86,12,Panitia perlombaan meniup peluit bunyi panjang pendek.,Panitia perlombaan,meniup,peluit bunyi panjang pendek,,Apa yang meniup peluit bunyi panjang pendek?,0.5835
86,12,Panitia perlombaan meniup peluit bunyi panjang pendek.,Panitia perlombaan,meniup,peluit bunyi panjang pendek,,Apa yang Panitia perlombaan tiup?,0.5424
86,13,Rian teliti mencatat sandi rumit di kertas.,Rian teliti,mencatat,sandi rumit,di kertas,Apa yang mencatat sandi rumit di kertas?,0.8486
86,13,Rian teliti mencatat sandi rumit di kertas.,Rian teliti,mencatat,sandi rumit,di kertas,Apa yang Rian teliti catat di kertas?,0.6173
86,13,Rian teliti mencatat sandi rumit di kertas.,Rian teliti,mencatat,sandi rumit,di kertas,Di mana Rian teliti mencatat sandi rumit?,0.5555
86,14,Teman Rian menerjemahkan huruf sandi menjadi kalimat.,Teman Rian,menerjemahkan menjadi,kalimat,,Siapa yang menerjemahkan menjadi kalimat?,0.6523
86,14,Teman Rian menerjemahkan huruf sandi menjadi kalimat.,Teman Rian,menerjemahkan menjadi,kalimat,,Apa yang Teman Rian terjemahi?,0.4597
86,15,Mereka sukses berhasil menemukan pesan tersembunyi tersebut.,Mereka,berhasil menemukan,pesan tersebut,sukses,Siapa yang berhasil menemukan pesan tersebut sukses?,0.709
86,15,Mereka sukses berhasil menemukan pesan tersembunyi tersebut.,Mereka,berhasil menemukan,pesan tersebut,sukses,Apa yang Mereka berhasilkan sukses?,0.3847
86,16,Pos lomba terakhir adalah rintangan kolam lumpur.,Pos lomba terakhir,rintangan,,,Apa yang rintangan?,0.2958
86,17,Regu Elang merayap masuk di bawah jaring.,Regu Elang,merayap,,di bawah jaring,Siapa yang merayap di bawah jaring?,0.4508
86,17,Regu Elang merayap masuk di bawah jaring.,Regu Elang,merayap,,di bawah jaring,Di mana Regu Elang merayap ?,0.5886
86,19,Mereka berlari-lari menyentuh garis batas akhir.,Mereka,berlari-lari menyentuh,garis batas akhir,,Siapa yang berlari-lari menyentuh garis batas akhir?,0.8332
86,19,Mereka berlari-lari menyentuh garis batas akhir.,Mereka,berlari-lari menyentuh,garis batas akhir,,Apa yang Mereka lari?,0.6599
86,20,Sorak penonton ramai menggema di bumi perkemahan.,Sorak penonton,menggema,,ramai di bumi perkemahan,Apa yang menggema ramai di bumi perkemahan?,0.6945
86,20,Sorak penonton ramai menggema di bumi perkemahan.,Sorak penonton,menggema,,ramai di bumi perkemahan,Di mana Sorak penonton menggema ?,0.5494
86,21,Panitia acara menghitung skor poin seluruh peserta.,Panitia acara,menghitung,skor poin seluruh peserta,,Apa yang menghitung skor poin seluruh peserta?,0.8153
86,21,Panitia acara menghitung skor poin seluruh peserta.,Panitia acara,menghitung,skor poin seluruh peserta,,Apa yang Panitia acara hitung?,0.5659
86,22,Regu Elang rupanya mendapat nilai paling tertinggi.,Regu Elang rupa nya,mendapat,nilai tertinggi,,Apa yang mendapat nilai tertinggi?,0.5675
86,22,Regu Elang rupanya mendapat nilai paling tertinggi.,Regu Elang rupa nya,mendapat,nilai tertinggi,,Apa yang Regu Elang rupa nya dapat?,0.5224
86,23,Rian mewakili menerima piala juara satu.,Rian,mewakili menerima,piala juara satu,,Siapa yang mewakili menerima piala juara satu?,0.8782
86,23,Rian mewakili menerima piala juara satu.,Rian,mewakili menerima,piala juara satu,,Apa yang Rian wakil?,0.1974
86,24,Regu Elang bersorak merayakan kemenangan kelompok bernyanyi.,Regu Elang,bersorak merayakan,kemenangan kelompok bernyanyi,,Siapa yang bersorak merayakan kemenangan kelompok bernyanyi?,0.7824
86,24,Regu Elang bersorak merayakan kemenangan kelompok bernyanyi.,Regu Elang,bersorak merayakan,kemenangan kelompok bernyanyi,,Apa yang Regu Elang sorakkan?,0.2063
86,25,Mereka pulang membawa piala untuk sekolah.,Mereka,pulang membawa,piala,untuk sekolah,Siapa yang pulang membawa piala untuk sekolah?,0.8222
86,25,Mereka pulang membawa piala untuk sekolah.,Mereka,pulang membawa,piala,untuk sekolah,Apa yang Mereka pulang untuk sekolah?,0.7915
87,1,Yoga menerima paket kotak hadiah dari paman.,Yoga,menerima,paket kotak hadiah,dari paman,Siapa yang menerima paket kotak hadiah dari paman?,0.6616
87,1,Yoga menerima paket kotak hadiah dari paman.,Yoga,menerima,paket kotak hadiah,dari paman,Apa yang Yoga terima dari paman?,0.6991
87,1,Yoga menerima paket kotak hadiah dari paman.,Yoga,menerima,paket kotak hadiah,dari paman,Dari mana Yoga menerima paket kotak hadiah?,0.854
87,3,Yoga menyobek kotak menggunakan pisau gunting.,Yoga,menyobek menggunakan,pisau gunting,,Siapa yang menyobek menggunakan pisau gunting?,0.5841
87,3,Yoga menyobek kotak menggunakan pisau gunting.,Yoga,menyobek menggunakan,pisau gunting,,Apa yang Yoga sobekkan?,0.5006
87,4,Di dalam kotak terdapat mainan robot canggih.,,terdapat,mainan robot canggih,di dalam kotak,Di mana  terdapat mainan robot canggih?,0.8312
87,5,Robot canggih itu berwarna perak dan biru.,Robot canggih itu,berwarna,,perak dan biru,Apa yang berwarna perak dan biru?,0.5869
87,6,Yoga teliti membaca buku petunjuk pada kertas lipat.,Yoga,membaca,buku petunjuk,teliti pada kertas lipat,Siapa yang membaca buku petunjuk teliti pada kertas lipat?,0.5443
87,6,Yoga teliti membaca buku petunjuk pada kertas lipat.,Yoga,membaca,buku petunjuk,teliti pada kertas lipat,Apa yang Yoga baca teliti pada kertas lipat?,0.8693
87,7,Yoga mengambil dua baterai baru di laci.,Yoga,mengambil,dua baterai baru,di laci,Siapa yang mengambil dua baterai baru di laci?,0.6309
87,7,Yoga mengambil dua baterai baru di laci.,Yoga,mengambil,dua baterai baru,di laci,Apa yang Yoga ambil di laci?,0.6471
87,7,Yoga mengambil dua baterai baru di laci.,Yoga,mengambil,dua baterai baru,di laci,Di mana Yoga mengambil dua baterai baru?,0.9378
87,8,Yoga memasukkan ujung baterai ke punggung robot.,Yoga,memasukkan,ujung baterai,ke punggung robot,Siapa yang memasukkan ujung baterai ke punggung robot?,0.7035
87,8,Yoga memasukkan ujung baterai ke punggung robot.,Yoga,memasukkan,ujung baterai,ke punggung robot,Apa yang Yoga masukkan ke punggung robot?,0.8192
87,8,Yoga memasukkan ujung baterai ke punggung robot.,Yoga,memasukkan,ujung baterai,ke punggung robot,Ke mana Yoga memasukkan ujung baterai?,0.8074
87,9,Yoga memencet tombol daya merah di dada.,Yoga,memencet,tombol daya merah,di dada,Siapa yang memencet tombol daya merah di dada?,0.6083
87,9,Yoga memencet tombol daya merah di dada.,Yoga,memencet,tombol daya merah,di dada,Apa yang Yoga pencet di dada?,0.8339
87,9,Yoga memencet tombol daya merah di dada.,Yoga,memencet,tombol daya merah,di dada,Di mana Yoga memencet tombol daya merah?,0.8693
87,10,Mata robot langsung menyala berwarna hijau.,Mata robot,menyala berwarna,,langsung,Apa yang menyala berwarna langsung?,0.4358
87,11,Robot itu berbicara mengucapkan kalimat bahasa asing.,Robot itu,berbicara mengucapkan,kalimat bahasa asing,,Apa yang berbicara mengucapkan kalimat bahasa asing?,0.557
87,11,Robot itu berbicara mengucapkan kalimat bahasa asing.,Robot itu,berbicara mengucapkan,kalimat bahasa asing,,Apa yang Robot itu bicarakan?,0.7817
87,12,Yoga menggenggam erat remot kontrol dari jarak jauh.,Yoga,menggenggam,remot kontrol,erat dari jarak jauh,Siapa yang menggenggam remot kontrol erat dari jarak jauh?,0.4183
87,12,Yoga menggenggam erat remot kontrol dari jarak jauh.,Yoga,menggenggam,remot kontrol,erat dari jarak jauh,Apa yang Yoga genggam erat dari jarak jauh?,0.908
87,12,Yoga menggenggam erat remot kontrol dari jarak jauh.,Yoga,menggenggam,remot kontrol,erat dari jarak jauh,Dari mana Yoga menggenggam remot kontrol?,0.8865
87,13,Yoga menggerakkan tuas kemudi remot ke depan.,Yoga,menggerakkan,tuas kemudi remot,ke depan,Siapa yang menggerakkan tuas kemudi remot ke depan?,0.4622
87,13,Yoga menggerakkan tuas kemudi remot ke depan.,Yoga,menggerakkan,tuas kemudi remot,ke depan,Apa yang Yoga gerakkan ke depan?,0.8372
87,13,Yoga menggerakkan tuas kemudi remot ke depan.,Yoga,menggerakkan,tuas kemudi remot,ke depan,Ke mana Yoga menggerakkan tuas kemudi remot?,0.9403
87,14,Kaki roda robot melangkah bergerak melaju maju.,Kaki roda robot,melangkah bergerak,,,Apa yang melangkah bergerak?,0.2962
87,15,Yoga menekan tombol arah panah belok kiri.,Yoga,menekan,tombol arah panah belok kiri,,Siapa yang menekan tombol arah panah belok kiri?,0.4747
87,15,Yoga menekan tombol arah panah belok kiri.,Yoga,menekan,tombol arah panah belok kiri,,Apa yang Yoga tekan?,0.7545
87,16,Robot berputar gasing ke kiri sangat cepat.,Robot,berputar,gasing,ke kiri sangat cepat,Siapa yang berputar gasing ke kiri sangat cepat?,0.6419
87,16,Robot berputar gasing ke kiri sangat cepat.,Robot,berputar,gasing,ke kiri sangat cepat,Apa yang Robot putar ke kiri sangat cepat?,0.8658
87,16,Robot berputar gasing ke kiri sangat cepat.,Robot,berputar,gasing,ke kiri sangat cepat,Ke mana Robot berputar gasing?,0.788
87,17,Robot bisa mengangkat kedua lengan capit di tangannya.,Robot,bisa mengangkat,kedua lengan capit,di tangan,Siapa yang bisa mengangkat kedua lengan capit di tangan?,0.6491
87,17,Robot bisa mengangkat kedua lengan capit di tangannya.,Robot,bisa mengangkat,kedua lengan capit,di tangan,Apa yang Robot angkat di tangan?,0.7756
87,17,Robot bisa mengangkat kedua lengan capit di tangannya.,Robot,bisa mengangkat,kedua lengan capit,di tangan,Di mana Robot bisa mengangkat kedua lengan capit?,0.9117
87,18,Yoga membuat arena lintasan balang dari buku.,Yoga,membuat,arena lintasan balang,dari buku,Siapa yang membuat arena lintasan balang dari buku?,0.4654
87,18,Yoga membuat arena lintasan balang dari buku.,Yoga,membuat,arena lintasan balang,dari buku,Apa yang Yoga buat dari buku?,0.8183
87,18,Yoga membuat arena lintasan balang dari buku.,Yoga,membuat,arena lintasan balang,dari buku,Dari mana Yoga membuat arena lintasan balang?,0.8181
87,19,Yoga mengendalikan laju robot melewati rintangan buku.,Yoga,mengendalikan melewati,rintangan buku,,Siapa yang mengendalikan melewati rintangan buku?,0.3983
87,19,Yoga mengendalikan laju robot melewati rintangan buku.,Yoga,mengendalikan melewati,rintangan buku,,Apa yang Yoga kendali?,0.6279
87,20,Robot berhasil melewati rintangan tanpa tabrakan.,Robot,berhasil melewati,rintangan tabrakan,,Siapa yang berhasil melewati rintangan tabrakan?,0.4217
87,20,Robot berhasil melewati rintangan tanpa tabrakan.,Robot,berhasil melewati,rintangan tabrakan,,Apa yang Robot berhasili?,0.586
87,21,Adik Yoga hanya melihat aksi robot dengan kagum.,Adik Yoga,melihat,aksi robot,hanya dengan kagum,Siapa yang melihat aksi robot hanya dengan kagum?,0.7371
87,21,Adik Yoga hanya melihat aksi robot dengan kagum.,Adik Yoga,melihat,aksi robot,hanya dengan kagum,Apa yang Adik Yoga lihat hanya dengan kagum?,0.6794
87,22,Yoga berbaik hati meminjamkan remot kontrol kemudi.,Yoga,berbaik meminjamkan,remot kontrol kemudi,,Siapa yang berbaik meminjamkan remot kontrol kemudi?,0.2768
87,22,Yoga berbaik hati meminjamkan remot kontrol kemudi.,Yoga,berbaik meminjamkan,remot kontrol kemudi,,Apa yang Yoga baikkan?,0.8144
87,23,Adik kecil bermain robot di atas karpet.,Adik kecil,bermain,robot,di atas karpet,Apa yang bermain robot di atas karpet?,0.7458
87,23,Adik kecil bermain robot di atas karpet.,Adik kecil,bermain,robot,di atas karpet,Apa yang Adik kecil main di atas karpet?,0.6643
87,23,Adik kecil bermain robot di atas karpet.,Adik kecil,bermain,robot,di atas karpet,Di mana Adik kecil bermain robot?,0.8115
87,24,Mainan gerak ini sangat menghibur rasa bosan.,Mainan gerak ini,menghibur,rasa bosan,sangat,Apa yang menghibur rasa bosan sangat?,0.8654
87,24,Mainan gerak ini sangat menghibur rasa bosan.,Mainan gerak ini,menghibur,rasa bosan,sangat,Apa yang Mainan gerak ini hibur sangat?,0.6159
87,25,Yoga berjanji selalu merawat mainan robot tersebut.,Yoga,berjanji merawat,mainan robot tersebut,,Siapa yang berjanji merawat mainan robot tersebut?,0.5017
87,25,Yoga berjanji selalu merawat mainan robot tersebut.,Yoga,berjanji merawat,mainan robot tersebut,,Apa yang Yoga janji?,0.4709
88,1,Halaman belakang rumah Tina memiliki tanah kosong.,Halaman belakang rumah Tina,memiliki,tanah kosong,,Apa yang memiliki tanah kosong?,0.5599
88,1,Halaman belakang rumah Tina memiliki tanah kosong.,Halaman belakang rumah Tina,memiliki,tanah kosong,,Apa yang Halaman belakang rumah Tina miliki?,0.5979
88,2,Ayah sengaja membeli bibit pohon mangga madu.,Ayah,membeli,bibit pohon mangga madu,sengaja,Siapa yang membeli bibit pohon mangga madu sengaja?,0.8685
88,2,Ayah sengaja membeli bibit pohon mangga madu.,Ayah,membeli,bibit pohon mangga madu,sengaja,Apa yang Ayah beli sengaja?,0.4292
88,3,Bibit berakar pohon ditanam di kantong plastik.,Bibit,berakar ditanam,pohon,di kantong plastik,Siapa yang berakar ditanam pohon di kantong plastik?,0.7766
88,3,Bibit berakar pohon ditanam di kantong plastik.,Bibit,berakar ditanam,pohon,di kantong plastik,Apa yang Bibit akar di kantong plastik?,0.6859
88,3,Bibit berakar pohon ditanam di kantong plastik.,Bibit,berakar ditanam,pohon,di kantong plastik,Di mana Bibit berakar ditanam pohon?,0.6666
88,4,Ayah mengajak Tina menanam pohon mangga bersama.,Ayah,mengajak menanam,pohon mangga,,Siapa yang mengajak menanam pohon mangga?,0.6493
88,4,Ayah mengajak Tina menanam pohon mangga bersama.,Ayah,mengajak menanam,pohon mangga,,Apa yang Ayah ajak?,0.1651
88,5,Ayah mengambil sebatang cangkul dari dalam gudang.,Ayah,mengambil,sebatang cangkul,dari dalam gudang,Siapa yang mengambil sebatang cangkul dari dalam gudang?,0.8156
88,5,Ayah mengambil sebatang cangkul dari dalam gudang.,Ayah,mengambil,sebatang cangkul,dari dalam gudang,Apa yang Ayah ambil dari dalam gudang?,0.7418
88,5,Ayah mengambil sebatang cangkul dari dalam gudang.,Ayah,mengambil,sebatang cangkul,dari dalam gudang,Dari mana Ayah mengambil sebatang cangkul?,0.7155
88,6,Ayah menggali tanah membentuk lubang berukuran sedang.,Ayah,menggali membentuk,lubang,,Siapa yang menggali membentuk lubang?,0.8075
88,6,Ayah menggali tanah membentuk lubang berukuran sedang.,Ayah,menggali membentuk,lubang,,Apa yang Ayah gali?,0.1736
88,7,Tina membantu melepaskan sobekan plastik dari akar.,Tina,membantu melepaskan,sobekan plastik,dari akar,Siapa yang membantu melepaskan sobekan plastik dari akar?,0.6694
88,7,Tina membantu melepaskan sobekan plastik dari akar.,Tina,membantu melepaskan,sobekan plastik,dari akar,Apa yang Tina bantukan dari akar?,0.7085
88,7,Tina membantu melepaskan sobekan plastik dari akar.,Tina,membantu melepaskan,sobekan plastik,dari akar,Dari mana Tina membantu melepaskan sobekan plastik?,0.7903
88,8,Tanah kompos menempel kuat pada akar pohon.,Tanah kompos,menempel,,kuat pada akar pohon,Apa yang menempel kuat pada akar pohon?,0.7711
88,9,Ayah meletakkan akar bibit ke dalam lubang.,Ayah,meletakkan,akar bibit,ke dalam lubang,Siapa yang meletakkan akar bibit ke dalam lubang?,0.7981
88,9,Ayah meletakkan akar bibit ke dalam lubang.,Ayah,meletakkan,akar bibit,ke dalam lubang,Apa yang Ayah letakkan ke dalam lubang?,0.6987
88,9,Ayah meletakkan akar bibit ke dalam lubang.,Ayah,meletakkan,akar bibit,ke dalam lubang,Ke mana Ayah meletakkan akar bibit?,0.4129
88,10,Ayah memegang tengah batang pohon agar berdiri tegak.,Ayah,memegang,tengah batang pohon,,Siapa yang memegang tengah batang pohon?,0.7245
88,10,Ayah memegang tengah batang pohon agar berdiri tegak.,Ayah,memegang,tengah batang pohon,,Apa yang Ayah pegang?,0.2765
88,11,Tina mendorong kumpulan tanah menutupi celah akar.,Tina,mendorong menutupi,celah akar,,Siapa yang mendorong menutupi celah akar?,0.529
88,11,Tina mendorong kumpulan tanah menutupi celah akar.,Tina,mendorong menutupi,celah akar,,Apa yang Tina dorongi?,0.5011
88,12,Tina menekan tanah di sekitar batang.,Tina,menekan,tanah,di sekitar batang,Siapa yang menekan tanah di sekitar batang?,0.5179
88,12,Tina menekan tanah di sekitar batang.,Tina,menekan,tanah,di sekitar batang,Apa yang Tina tekan di sekitar batang?,0.7714
88,12,Tina menekan tanah di sekitar batang.,Tina,menekan,tanah,di sekitar batang,Di mana Tina menekan tanah?,0.7727
88,13,Ayah menancapkan sebatang bambu di sebelah bibit.,Ayah,menancapkan,sebatang bambu,di sebelah bibit,Siapa yang menancapkan sebatang bambu di sebelah bibit?,0.7891
88,13,Ayah menancapkan sebatang bambu di sebelah bibit.,Ayah,menancapkan,sebatang bambu,di sebelah bibit,Apa yang Ayah tancapkan di sebelah bibit?,0.2621
88,13,Ayah menancapkan sebatang bambu di sebelah bibit.,Ayah,menancapkan,sebatang bambu,di sebelah bibit,Di mana Ayah menancapkan sebatang bambu?,0.8867
88,14,Ayah mengikat batang pohon pada bambu penopang.,Ayah,mengikat,batang pohon,pada bambu penopang,Siapa yang mengikat batang pohon pada bambu penopang?,0.8087
88,14,Ayah mengikat batang pohon pada bambu penopang.,Ayah,mengikat,batang pohon,pada bambu penopang,Apa yang Ayah ikat pada bambu penopang?,0.7918
88,15,Bambu penyangga mencegah pohon tumbang tertiup angin.,Bambu penyangga,mencegah,pohon tumbang,,Apa yang mencegah pohon tumbang?,0.6944
88,15,Bambu penyangga mencegah pohon tumbang tertiup angin.,Bambu penyangga,mencegah,pohon tumbang,,Apa yang Bambu penyangga cegah?,0.6697
88,16,Tina mengangkat teko untuk menyiram tanaman warna hijau.,Tina,mengangkat menyiram,tanaman warna hijau,,Siapa yang mengangkat menyiram tanaman warna hijau?,0.6276
88,16,Tina mengangkat teko untuk menyiram tanaman warna hijau.,Tina,mengangkat menyiram,tanaman warna hijau,,Apa yang Tina angkat?,0.5552
88,17,Tina mengisi penuh teko dengan air keran.,Tina,mengisi,penuh teko,dengan air keran,Siapa yang mengisi penuh teko dengan air keran?,0.7063
88,17,Tina mengisi penuh teko dengan air keran.,Tina,mengisi,penuh teko,dengan air keran,Apa yang Tina isi dengan air keran?,0.7531
88,18,Tina perlahan menyiram tanah di sekitar bibit.,Tina,menyiram,tanah,perlahan di sekitar bibit,Siapa yang menyiram tanah perlahan di sekitar bibit?,0.517
88,18,Tina perlahan menyiram tanah di sekitar bibit.,Tina,menyiram,tanah,perlahan di sekitar bibit,Apa yang Tina siram perlahan di sekitar bibit?,0.6491
88,18,Tina perlahan menyiram tanah di sekitar bibit.,Tina,menyiram,tanah,perlahan di sekitar bibit,Di mana Tina menyiram tanah?,0.7722
88,19,Air bening meresap membasahi butir tanah kering.,Air bening,meresap membasahi,butir tanah kering,,Apa yang meresap membasahi butir tanah kering?,0.8442
88,19,Air bening meresap membasahi butir tanah kering.,Air bening,meresap membasahi,butir tanah kering,,Apa yang Air bening resapi?,0.6161
88,20,Ayah menaburkan segenggam pupuk kompos di atas.,Ayah,menaburkan,segenggam pupuk kompos,di atas,Siapa yang menaburkan segenggam pupuk kompos di atas?,0.7047
88,20,Ayah menaburkan segenggam pupuk kompos di atas.,Ayah,menaburkan,segenggam pupuk kompos,di atas,Apa yang Ayah taburkan di atas?,0.2894
88,20,Ayah menaburkan segenggam pupuk kompos di atas.,Ayah,menaburkan,segenggam pupuk kompos,di atas,Di mana Ayah menaburkan segenggam pupuk kompos?,0.7364
88,21,Pupuk akan memberi nutrisi pertumbuhan pohon.,Pupuk,akan memberi,nutrisi pertumbuhan pohon,,Siapa yang akan memberi nutrisi pertumbuhan pohon?,0.8555
88,21,Pupuk akan memberi nutrisi pertumbuhan pohon.,Pupuk,akan memberi,nutrisi pertumbuhan pohon,,Apa yang Pupuk beri?,0.3471
88,22,Mereka mencuci bersih alat berkebun dengan selang air.,Mereka,mencuci,alat,bersih dengan selang air,Siapa yang mencuci alat bersih dengan selang air?,0.6806
88,22,Mereka mencuci bersih alat berkebun dengan selang air.,Mereka,mencuci,alat,bersih dengan selang air,Apa yang Mereka cuci bersih dengan selang air?,0.7835
88,23,Tina berdoa agar pohon mangga lekas berbuah manis.,Tina,berdoa,,,Siapa yang berdoa?,0.5182
88,24,Ayah mengingatkan jadwal Tina menyiram pohon setiap sore.,Ayah,mengingatkan,jadwal Tina,,Siapa yang mengingatkan jadwal Tina?,0.6845
88,24,Ayah mengingatkan jadwal Tina menyiram pohon setiap sore.,Ayah,mengingatkan,jadwal Tina,,Siapa yang Ayah ingatkan?,0.203
88,25,Menanam pohon membuat lingkungan terasa asri.,Menanam pohon,membuat,lingkungan,,Apa yang membuat lingkungan?,0.5703
88,25,Menanam pohon membuat lingkungan terasa asri.,Menanam pohon,membuat,lingkungan,,Apa yang Menanam pohon buat?,0.727
89,1,Hari Minggu pagi turun gerimis rintik-rintik.,Hari Minggu pagi,turun,gerimis rintik-rintik,,Siapa yang turun gerimis rintik-rintik?,0.222
89,1,Hari Minggu pagi turun gerimis rintik-rintik.,Hari Minggu pagi,turun,gerimis rintik-rintik,,Apa yang Hari Minggu pagi turun?,0.846
89,2,Dodi terpaksa bermain di dalam kamar yang kering.,Dodi,bermain,,terpaksa di dalam kamar yang kering,Siapa yang bermain terpaksa di dalam kamar yang kering?,0.6931
89,2,Dodi terpaksa bermain di dalam kamar yang kering.,Dodi,bermain,,terpaksa di dalam kamar yang kering,Di mana Dodi bermain ?,0.5531
89,3,Kakak mengambil beberapa lembar kertas bekas.,Kakak,mengambil,beberapa lembar kertas bekas,,Siapa yang mengambil beberapa lembar kertas bekas?,0.7105
89,3,Kakak mengambil beberapa lembar kertas bekas.,Kakak,mengambil,beberapa lembar kertas bekas,,Apa yang Kakak ambil?,0.4814
89,4,Kakak bersedia mengajari Dodi membuat pesawat kertas.,Kakak,bersedia mengajari,pesawat kertas,,Siapa yang bersedia mengajari pesawat kertas?,0.7505
89,4,Kakak bersedia mengajari Dodi membuat pesawat kertas.,Kakak,bersedia mengajari,pesawat kertas,,Apa yang Kakak sediai?,0.3795
89,5,Dodi melipat kertas persegi menjadi setengah.,Dodi,melipat menjadi,setengah,,Siapa yang melipat menjadi setengah?,0.6232
89,5,Dodi melipat kertas persegi menjadi setengah.,Dodi,melipat menjadi,setengah,,Apa yang Dodi lipati?,0.1626
89,6,Dodi membuka kembali lipatan kertas itu perlahan.,Dodi,membuka kembali,lipatan kertas itu,perlahan,Siapa yang membuka kembali lipatan kertas itu perlahan?,0.7791
89,6,Dodi membuka kembali lipatan kertas itu perlahan.,Dodi,membuka kembali,lipatan kertas itu,perlahan,Apa yang Dodi bukai perlahan?,0.6154
89,7,Dodi melipat siku kedua ujung atas tengah.,Dodi,melipat,siku kedua ujung tengah,,Siapa yang melipat siku kedua ujung tengah?,0.7705
89,7,Dodi melipat siku kedua ujung atas tengah.,Dodi,melipat,siku kedua ujung tengah,,Apa yang Dodi lipat?,0.6385
89,8,Ujung lipatan kertas membentuk segitiga sama kaki.,Ujung lipatan kertas,membentuk,segitiga sama kaki,,Apa yang membentuk segitiga sama kaki?,0.8085
89,8,Ujung lipatan kertas membentuk segitiga sama kaki.,Ujung lipatan kertas,membentuk,segitiga sama kaki,,Apa yang Ujung lipatan kertas bentuk?,0.7208
89,9,Kakak menyuruh adik melipat kertas itu lagi.,Kakak,menyuruh,adik,lagi,Siapa yang menyuruh adik lagi?,0.3817
89,9,Kakak menyuruh adik melipat kertas itu lagi.,Kakak,menyuruh,adik,lagi,Apa yang Kakak suruh lagi?,0.4301
89,10,Dodi melipat sisi bagian samping membentuk sayap.,Dodi,melipat membentuk,sayap,,Siapa yang melipat membentuk sayap?,0.7398
89,10,Dodi melipat sisi bagian samping membentuk sayap.,Dodi,melipat membentuk,sayap,,Apa yang Dodi lipat?,0.545
89,11,Pesawat lipat kertas milik Dodi sudah selesai.,Pesawat lipat kertas milik Dodi,sudah selesai,,,Apa yang sudah selesai?,0.4963
89,12,Pesawat terbang itu berwarna biru kertas cerah.,Pesawat terbang itu,berwarna,kertas cerah,biru,Apa yang berwarna kertas cerah biru?,0.5829
89,12,Pesawat terbang itu berwarna biru kertas cerah.,Pesawat terbang itu,berwarna,kertas cerah,biru,Apa yang Pesawat terbang itu warna biru?,0.8541
89,13,Kakak membuat kreasi pesawat berwarna kuning terang.,Kakak,membuat,kreasi pesawat,,Siapa yang membuat kreasi pesawat?,0.6671
89,13,Kakak membuat kreasi pesawat berwarna kuning terang.,Kakak,membuat,kreasi pesawat,,Apa yang Kakak buat?,0.283
89,14,Kakak menambahkan jepitan kertas berat di bagian hidung.,Kakak,menambahkan,jepitan kertas berat,di bagian hidung,Siapa yang menambahkan jepitan kertas berat di bagian hidung?,0.8505
89,14,Kakak menambahkan jepitan kertas berat di bagian hidung.,Kakak,menambahkan,jepitan kertas berat,di bagian hidung,Apa yang Kakak tambahkan di bagian hidung?,0.7785
89,14,Kakak menambahkan jepitan kertas berat di bagian hidung.,Kakak,menambahkan,jepitan kertas berat,di bagian hidung,Di mana Kakak menambahkan jepitan kertas berat?,0.6905
89,15,Mereka pergi bergeser ke ruang tamu yang luas.,Mereka,pergi bergeser,,ke ruang tamu yang luas,Siapa yang pergi bergeser ke ruang tamu yang luas?,0.813
89,15,Mereka pergi bergeser ke ruang tamu yang luas.,Mereka,pergi bergeser,,ke ruang tamu yang luas,Ke mana Mereka pergi bergeser ?,0.383
89,16,Dodi melempar pesawat birunya ke udara.,Dodi,melempar,pesawat biru nya,ke udara,Siapa yang melempar pesawat biru nya ke udara?,0.8533
89,16,Dodi melempar pesawat birunya ke udara.,Dodi,melempar,pesawat biru nya,ke udara,Apa yang Dodi lempar ke udara?,0.678
89,16,Dodi melempar pesawat birunya ke udara.,Dodi,melempar,pesawat biru nya,ke udara,Ke mana Dodi melempar pesawat biru nya?,0.8198
89,17,Pesawat warna biru melayang lurus meluncur jauh.,Pesawat warna biru,melayang meluncur,,lurus,Apa yang melayang meluncur lurus?,0.3815
89,18,Pesawat terbang biru mendarat pelan di sofa.,Pesawat terbang biru,mendarat,,pelan di sofa,Apa yang mendarat pelan di sofa?,0.5531
89,18,Pesawat terbang biru mendarat pelan di sofa.,Pesawat terbang biru,mendarat,,pelan di sofa,Di mana Pesawat terbang biru mendarat ?,0.7087
89,19,Kakak melempar pesawat kuning sangat kuat.,Kakak,melempar,pesawat kuning kuat,,Siapa yang melempar pesawat kuning kuat?,0.8141
89,19,Kakak melempar pesawat kuning sangat kuat.,Kakak,melempar,pesawat kuning kuat,,Apa yang Kakak lempar?,0.5374
89,20,Pesawat kuning berputar membuat lingkaran udara.,Pesawat kuning,berputar membuat,lingkaran udara,,Apa yang berputar membuat lingkaran udara?,0.702
89,20,Pesawat kuning berputar membuat lingkaran udara.,Pesawat kuning,berputar membuat,lingkaran udara,,Apa yang Pesawat kuning putar?,0.7978
89,21,Dodi bersorak gembira melihat pesawat berputar.,Dodi,bersorak melihat,pesawat,gembira,Siapa yang bersorak melihat pesawat gembira?,0.7751
89,21,Dodi bersorak gembira melihat pesawat berputar.,Dodi,bersorak melihat,pesawat,gembira,Apa yang Dodi sorak gembira?,0.5614
89,22,Mereka berdua menerbangkan pesawat kertas berulang kali.,Mereka berdua,menerbangkan,pesawat kertas,berulang kali,Apa yang menerbangkan pesawat kertas berulang kali?,0.7872
89,22,Mereka berdua menerbangkan pesawat kertas berulang kali.,Mereka berdua,menerbangkan,pesawat kertas,berulang kali,Apa yang Mereka berdua terbangkan berulang kali?,0.7556
89,23,Beberapa pesawat salah tersangkut di lampu gantung.,,tersangkut,,di lampu gantung,Di mana  tersangkut ?,0.1617
89,24,Ayah membantu mengambil pesawat pakai sapu.,Ayah,membantu mengambil,pesawat,,Siapa yang membantu mengambil pesawat?,0.8015
89,24,Ayah membantu mengambil pesawat pakai sapu.,Ayah,membantu mengambil,pesawat,,Apa yang Ayah bantu?,0.2144
89,25,Permainan lipat sederhana ini sangat disukai Dodi.,Permainan lipat sederhana ini,disukai,Dodi,sangat,Apa yang disukai Dodi sangat?,0.7407
89,25,Permainan lipat sederhana ini sangat disukai Dodi.,Permainan lipat sederhana ini,disukai,Dodi,sangat,Siapa yang Permainan lipat sederhana ini sukai sangat?,0.6178
90,1,Rio pergi berlibur ke pesisir pantai laut.,Rio,pergi berlibur,,ke pesisir pantai laut,Siapa yang pergi berlibur ke pesisir pantai laut?,0.5803
90,1,Rio pergi berlibur ke pesisir pantai laut.,Rio,pergi berlibur,,ke pesisir pantai laut,Ke mana Rio pergi berlibur ?,0.7375
90,2,Matahari siang bersinar terik menyinari pasir putih.,Matahari siang,bersinar menyinari,pasir putih,terik,Apa yang bersinar menyinari pasir putih terik?,0.7972
90,2,Matahari siang bersinar terik menyinari pasir putih.,Matahari siang,bersinar menyinari,pasir putih,terik,Apa yang Matahari siang sinari terik?,0.7003
90,3,Rio membawa ember cetak dan sekop mainan.,Rio,membawa,ember,,Siapa yang membawa ember?,0.5037
90,3,Rio membawa ember cetak dan sekop mainan.,Rio,membawa,ember,,Apa yang Rio bawa?,0.6795
90,4,Rio duduk di batas ombak air.,Rio,duduk,,di batas ombak air,Siapa yang duduk di batas ombak air?,0.5881
90,4,Rio duduk di batas ombak air.,Rio,duduk,,di batas ombak air,Di mana Rio duduk ?,0.7069
90,6,Rio antusias mulai menggali gundukan pasir besar.,Rio antusias,mulai menggali,gundukan pasir besar,,Apa yang mulai menggali gundukan pasir besar?,0.7238
90,6,Rio antusias mulai menggali gundukan pasir besar.,Rio antusias,mulai menggali,gundukan pasir besar,,Apa yang Rio antusias mulai?,0.6019
90,7,Rio memukul pasir menggunakan punggung sekop.,Rio,memukul menggunakan,punggung sekop,,Siapa yang memukul menggunakan punggung sekop?,0.4337
90,7,Rio memukul pasir menggunakan punggung sekop.,Rio,memukul menggunakan,punggung sekop,,Apa yang Rio pukulkan?,0.7247
90,8,Kakak datang membantu Rio membangun istana.,Kakak,datang membantu,istana,,Siapa yang datang membantu istana?,0.5691
90,8,Kakak datang membantu Rio membangun istana.,Kakak,datang membantu,istana,,Apa yang Kakak datang?,0.2705
90,9,Kakak membuat dinding panjang benteng pelindung istana.,Kakak,membuat,dinding panjang benteng pelindung istana,,Siapa yang membuat dinding panjang benteng pelindung istana?,0.8286
90,9,Kakak membuat dinding panjang benteng pelindung istana.,Kakak,membuat,dinding panjang benteng pelindung istana,,Apa yang Kakak buat?,0.1543
90,10,Rio mencetak pasir menggunakan ember kerucut.,Rio,mencetak menggunakan,ember kerucut,,Siapa yang mencetak menggunakan ember kerucut?,0.3062
90,10,Rio mencetak pasir menggunakan ember kerucut.,Rio,mencetak menggunakan,ember kerucut,,Apa yang Rio cetakkan?,0.548
90,11,Rio meletakkan menara di empat sudut.,Rio,meletakkan,menara,di empat sudut,Siapa yang meletakkan menara di empat sudut?,0.6673
90,11,Rio meletakkan menara di empat sudut.,Rio,meletakkan,menara,di empat sudut,Apa yang Rio letakkan di empat sudut?,0.7762
90,11,Rio meletakkan menara di empat sudut.,Rio,meletakkan,menara,di empat sudut,Di mana Rio meletakkan menara?,0.7202
90,13,Kakak berkeliling mencari kerang kecil dan cangkang siput.,Kakak,berkeliling mencari,kerang kecil,,Siapa yang berkeliling mencari kerang kecil?,0.6821
90,13,Kakak berkeliling mencari kerang kecil dan cangkang siput.,Kakak,berkeliling mencari,kerang kecil,,Apa yang Kakak kelilingi?,0.5576
90,14,Kakak menempelkan kerang menghiasi pintu gerbang.,Kakak,menempelkan menghiasi,pintu gerbang,,Siapa yang menempelkan menghiasi pintu gerbang?,0.7728
90,14,Kakak menempelkan kerang menghiasi pintu gerbang.,Kakak,menempelkan menghiasi,pintu gerbang,,Apa yang Kakak tempeli?,0.5202
90,15,Rio menggali parit mengelilingi dinding istana.,Rio,menggali,parit,,Siapa yang menggali parit?,0.3721
90,15,Rio menggali parit mengelilingi dinding istana.,Rio,menggali,parit,,Apa yang Rio gali?,0.5493
90,16,Air sisa ombak masuk mengisi parit buatan.,Air sisa ombak,masuk mengisi,parit buatan,,Apa yang masuk mengisi parit buatan?,0.3433
90,16,Air sisa ombak masuk mengisi parit buatan.,Air sisa ombak,masuk mengisi,parit buatan,,Apa yang Air sisa ombak masuki?,0.8938
90,17,Ayah memegang kamera mengambil foto istana pasir.,Ayah,memegang mengambil,foto istana pasir,,Siapa yang memegang mengambil foto istana pasir?,0.8373
90,17,Ayah memegang kamera mengambil foto istana pasir.,Ayah,memegang mengambil,foto istana pasir,,Apa yang Ayah pegang?,0.2298
90,18,Pengunjung lewat pantai memuji karya istana megah.,Pengunjung lewat pantai,memuji,karya istana megah,,Apa yang memuji karya istana megah?,0.6937
90,18,Pengunjung lewat pantai memuji karya istana megah.,Pengunjung lewat pantai,memuji,karya istana megah,,Apa yang Pengunjung lewat pantai puji?,0.5492
90,19,Tiba-tiba riak ombak besar datang menyapu pesisir.,riak ombak besar,datang menyapu,pesisir,Tiba-tiba,Apa yang datang menyapu pesisir Tiba-tiba?,0.684
90,19,Tiba-tiba riak ombak besar datang menyapu pesisir.,riak ombak besar,datang menyapu,pesisir,Tiba-tiba,Apa yang riak ombak besar datang Tiba-tiba?,0.8814
90,20,Air dorongan ombak menghantam dinding benteng pasir.,Air dorongan ombak,menghantam,dinding benteng pasir,,Apa yang menghantam dinding benteng pasir?,0.7003
90,20,Air dorongan ombak menghantam dinding benteng pasir.,Air dorongan ombak,menghantam,dinding benteng pasir,,Apa yang Air dorongan ombak hantam?,0.5944
90,21,Menara tinggi istana pasir luluh runtuh perlahan.,Menara tinggi istana pasir,luluh runtuh,,,Apa yang luluh runtuh?,0.2511
90,22,Rio tidak menangis melihat istananya hancur.,Rio,menangis melihat,istana nya,tidak,Siapa yang menangis melihat istana nya tidak?,0.4382
90,22,Rio tidak menangis melihat istananya hancur.,Rio,menangis melihat,istana nya,tidak,Apa yang Rio tangis tidak?,0.5802
90,23,Air sapuan laut meratakan pasir menjadi datar.,Air sapuan laut,meratakan menjadi,pasir,,Apa yang meratakan menjadi pasir?,0.7407
90,23,Air sapuan laut meratakan pasir menjadi datar.,Air sapuan laut,meratakan menjadi,pasir,,Apa yang Air sapuan laut ratai?,0.7051
90,24,Rio mencuci tangan di air laut.,Rio,mencuci,tangan,di air laut,Siapa yang mencuci tangan di air laut?,0.6894
90,24,Rio mencuci tangan di air laut.,Rio,mencuci,tangan,di air laut,Apa yang Rio cuci di air laut?,0.7553
90,24,Rio mencuci tangan di air laut.,Rio,mencuci,tangan,di air laut,Di mana Rio mencuci tangan?,0.763
90,25,Rio berlari mencari es kelapa muda.,Rio,berlari mencari,es kelapa muda,,Siapa yang berlari mencari es kelapa muda?,0.789
90,25,Rio berlari mencari es kelapa muda.,Rio,berlari mencari,es kelapa muda,,Apa yang Rio lari?,0.6168
91,1,Doni melihat pertunjukan festival layang-layang di televisi.,Doni,melihat,pertunjukan festival layang-layang,di televisi,Siapa yang melihat pertunjukan festival layang-layang di televisi?,0.8746
91,1,Doni melihat pertunjukan festival layang-layang di televisi.,Doni,melihat,pertunjukan festival layang-layang,di televisi,Apa yang Doni lihat di televisi?,0.6582
91,1,Doni melihat pertunjukan festival layang-layang di televisi.,Doni,melihat,pertunjukan festival layang-layang,di televisi,Di mana Doni melihat pertunjukan festival layang-layang?,0.6985
91,2,Doni ingin memiliki layang-layang kepala naga.,Doni,ingin memiliki,layang-layang kepala naga,,Siapa yang ingin memiliki layang-layang kepala naga?,0.777
91,2,Doni ingin memiliki layang-layang kepala naga.,Doni,ingin memiliki,layang-layang kepala naga,,Apa yang Doni miliki?,0.5219
91,3,Ayah berjanji nanti siang membantu Doni membuat layang-layang.,Ayah,berjanji,layang-layang,nanti,Siapa yang berjanji layang-layang nanti?,0.4653
91,3,Ayah berjanji nanti siang membantu Doni membuat layang-layang.,Ayah,berjanji,layang-layang,nanti,Apa yang Ayah janji nanti?,0.3394
91,4,Mereka membeli kerangka batang bambu di pasar.,Mereka,membeli,kerangka batang bambu,di pasar,Siapa yang membeli kerangka batang bambu di pasar?,0.8615
91,4,Mereka membeli kerangka batang bambu di pasar.,Mereka,membeli,kerangka batang bambu,di pasar,Apa yang Mereka beli di pasar?,0.5491
91,4,Mereka membeli kerangka batang bambu di pasar.,Mereka,membeli,kerangka batang bambu,di pasar,Di mana Mereka membeli kerangka batang bambu?,0.8654
91,5,Ayah memotong bambu menjadi lingkaran.,Ayah,memotong menjadi,lingkaran,,Siapa yang memotong menjadi lingkaran?,0.4834
91,5,Ayah memotong bambu menjadi lingkaran.,Ayah,memotong menjadi,lingkaran,,Apa yang Ayah potongi?,0.2809
91,6,Ayah merajut rangka menggunakan benang pancing.,Ayah,merajut menggunakan,benang pancing,,Siapa yang merajut menggunakan benang pancing?,0.7726
91,6,Ayah merajut rangka menggunakan benang pancing.,Ayah,merajut menggunakan,benang pancing,,Apa yang Ayah rajutkan?,0.1202
91,7,Ayah merakit kerangka badan naga yang beruas-ruas.,Ayah,merakit,kerangka badan naga yang beruas-ruas,,Siapa yang merakit kerangka badan naga yang beruas-ruas?,0.8401
91,7,Ayah merakit kerangka badan naga yang beruas-ruas.,Ayah,merakit,kerangka badan naga yang beruas-ruas,,Apa yang Ayah rakit?,0.2771
91,8,Doni menempelkan kertas layang warna merah.,Doni,menempelkan,kertas layang warna merah,,Siapa yang menempelkan kertas layang warna merah?,0.8488
91,8,Doni menempelkan kertas layang warna merah.,Doni,menempelkan,kertas layang warna merah,,Apa yang Doni tempelkan?,0.3286
91,9,Doni mengoleskan lem kayu agar merekat.,Doni,mengoleskan,lem kayu,,Siapa yang mengoleskan lem kayu?,0.775
91,9,Doni mengoleskan lem kayu agar merekat.,Doni,mengoleskan,lem kayu,,Apa yang Doni oleskan?,0.275
91,10,Ayah memotong kertas emas untuk sisik dengan gunting.,Ayah,memotong,kertas emas,untuk sisik dengan gunting,Siapa yang memotong kertas emas untuk sisik dengan gunting?,0.856
91,10,Ayah memotong kertas emas untuk sisik dengan gunting.,Ayah,memotong,kertas emas,untuk sisik dengan gunting,Apa yang Ayah potong untuk sisik dengan gunting?,0.6267
91,11,Doni menempelkan sisik emas sepanjang badan dengan hati-hati.,Doni,menempelkan,sisik emas,sepanjang badan dengan hati-hati,Siapa yang menempelkan sisik emas sepanjang badan dengan hati-hati?,0.8756
91,11,Doni menempelkan sisik emas sepanjang badan dengan hati-hati.,Doni,menempelkan,sisik emas,sepanjang badan dengan hati-hati,Apa yang Doni tempelkan sepanjang badan dengan hati-hati?,0.5549
91,12,Mereka membuat mata naga dengan plastik hitam.,Mereka,membuat,mata naga,dengan plastik hitam,Siapa yang membuat mata naga dengan plastik hitam?,0.8796
91,12,Mereka membuat mata naga dengan plastik hitam.,Mereka,membuat,mata naga,dengan plastik hitam,Apa yang Mereka buat dengan plastik hitam?,0.7418
91,13,Ayah mengikat tali kama bagian kepala dengan kencang.,Ayah,mengikat,tali kama bagian kepala,dengan kencang,Siapa yang mengikat tali kama bagian kepala dengan kencang?,0.8423
91,13,Ayah mengikat tali kama bagian kepala dengan kencang.,Ayah,mengikat,tali kama bagian kepala,dengan kencang,Apa yang Ayah ikat dengan kencang?,0.6012
91,14,Layang-layang naga raksasa menghabiskan waktu dua hari.,Layang-layang naga raksasa,menghabiskan,waktu dua hari,,Apa yang menghabiskan waktu dua hari?,0.6804
91,14,Layang-layang naga raksasa menghabiskan waktu dua hari.,Layang-layang naga raksasa,menghabiskan,waktu dua hari,,Apa yang Layang-layang naga raksasa habiskan?,0.5482
91,15,Sore ini angin bertiup sangat kencang.,Sore ini,angin,,sangat kencang,Apa yang angin sangat kencang?,0.8939
91,16,Ayah membawa layang-layang ke lapangan rumput.,Ayah,membawa,layang-layang,ke lapangan rumput,Siapa yang membawa layang-layang ke lapangan rumput?,0.8189
91,16,Ayah membawa layang-layang ke lapangan rumput.,Ayah,membawa,layang-layang,ke lapangan rumput,Apa yang Ayah bawa ke lapangan rumput?,0.8059
91,16,Ayah membawa layang-layang ke lapangan rumput.,Ayah,membawa,layang-layang,ke lapangan rumput,Ke mana Ayah membawa layang-layang?,0.5535
91,17,Ayah memegang ekor naga yang panjang.,Ayah,memegang,ekor naga yang panjang,,Siapa yang memegang ekor naga yang panjang?,0.8454
91,17,Ayah memegang ekor naga yang panjang.,Ayah,memegang,ekor naga yang panjang,,Apa yang Ayah pegang?,0.4633
91,18,Doni berlari dengan cepat menarik gulungan benang yang tebal.,Doni,berlari menarik,gulungan benang yang tebal,dengan cepat,Siapa yang berlari menarik gulungan benang yang tebal dengan cepat?,0.8175
91,18,Doni berlari dengan cepat menarik gulungan benang yang tebal.,Doni,berlari menarik,gulungan benang yang tebal,dengan cepat,Apa yang Doni lari dengan cepat?,0.617
91,19,Angin mengangkat kepala naga ke udara.,Angin,mengangkat,kepala naga,ke udara,Siapa yang mengangkat kepala naga ke udara?,0.6251
91,19,Angin mengangkat kepala naga ke udara.,Angin,mengangkat,kepala naga,ke udara,Apa yang Angin angkat ke udara?,0.8694
91,19,Angin mengangkat kepala naga ke udara.,Angin,mengangkat,kepala naga,ke udara,Ke mana Angin mengangkat kepala naga?,0.799
91,20,Ayah melepaskan badan naga ke langit.,Ayah,melepaskan,badan naga,ke langit,Siapa yang melepaskan badan naga ke langit?,0.757
91,20,Ayah melepaskan badan naga ke langit.,Ayah,melepaskan,badan naga,ke langit,Apa yang Ayah lepaskan ke langit?,0.7151
91,20,Ayah melepaskan badan naga ke langit.,Ayah,melepaskan,badan naga,ke langit,Ke mana Ayah melepaskan badan naga?,0.4384
91,21,Layang-layang naga meliuk-liuk gagah di angkasa.,Layang-layang naga,meliuk-liuk,,gagah di angkasa,Apa yang meliuk-liuk gagah di angkasa?,0.885
91,21,Layang-layang naga meliuk-liuk gagah di angkasa.,Layang-layang naga,meliuk-liuk,,gagah di angkasa,Di mana Layang-layang naga meliuk-liuk ?,0.464
91,22,Bentuknya menyerupai naga asli yang sedang terbang.,Bentuk nya,menyerupai,naga asli yang sedang terbang,,Apa yang menyerupai naga asli yang sedang terbang?,0.9417
91,22,Bentuknya menyerupai naga asli yang sedang terbang.,Bentuk nya,menyerupai,naga asli yang sedang terbang,,Apa yang Bentuk nya serupai?,0.6213
91,23,Anak-anak di lapangan berkumpul mengagumi layang-layang besar Doni.,Anak-anak,berkumpul mengagumi,layang-layang besar Doni,di lapangan,Apa yang berkumpul mengagumi layang-layang besar Doni di lapangan?,0.6787
91,23,Anak-anak di lapangan berkumpul mengagumi layang-layang besar Doni.,Anak-anak,berkumpul mengagumi,layang-layang besar Doni,di lapangan,Siapa yang Anak-anak kumpuli di lapangan?,0.6404
91,23,Anak-anak di lapangan berkumpul mengagumi layang-layang besar Doni.,Anak-anak,berkumpul mengagumi,layang-layang besar Doni,di lapangan,Di mana Anak-anak berkumpul mengagumi layang-layang besar Doni?,0.8564
91,24,Doni memegang gulungan benang sangat erat.,Doni,memegang,gulungan benang erat,,Siapa yang memegang gulungan benang erat?,0.8253
91,24,Doni memegang gulungan benang sangat erat.,Doni,memegang,gulungan benang erat,,Apa yang Doni pegang?,0.4541
91,25,Ayah duduk tersenyum melihat kebahagiaan anak lelakinya.,Ayah duduk,tersenyum melihat,kebahagiaan anak lelaki nya,,Apa yang tersenyum melihat kebahagiaan anak lelaki nya?,0.8371
91,25,Ayah duduk tersenyum melihat kebahagiaan anak lelakinya.,Ayah duduk,tersenyum melihat,kebahagiaan anak lelaki nya,,Apa yang Ayah duduk senyum?,0.5289
92,1,Nenek sering salah membaca tulisan koran.,Nenek,salah membaca,tulisan koran,sering,Siapa yang salah membaca tulisan koran sering?,0.7914
92,1,Nenek sering salah membaca tulisan koran.,Nenek,salah membaca,tulisan koran,sering,Apa yang Nenek salah sering?,0.6009
92,2,Mata nenek mulai kabur dimakan usia.,Mata nenek,kabur dimakan,usia,mulai,Apa yang kabur dimakan usia mulai?,0.6809
92,2,Mata nenek mulai kabur dimakan usia.,Mata nenek,kabur dimakan,usia,mulai,Apa yang Mata nenek kaburkan mulai?,0.6835
92,3,Ayah mengajak nenek pergi ke optik.,Ayah,mengajak pergi,nenek,ke optik,Siapa yang mengajak pergi nenek ke optik?,0.9044
92,3,Ayah mengajak nenek pergi ke optik.,Ayah,mengajak pergi,nenek,ke optik,Apa yang Ayah ajaki ke optik?,0.7565
92,3,Ayah mengajak nenek pergi ke optik.,Ayah,mengajak pergi,nenek,ke optik,Ke mana Ayah mengajak pergi nenek?,0.5163
92,4,Toko kacamata optik berada di pusat perbelanjaan.,Toko kacamata optik,berada,,di pusat perbelanjaan,Apa yang berada di pusat perbelanjaan?,0.5078
92,4,Toko kacamata optik berada di pusat perbelanjaan.,Toko kacamata optik,berada,,di pusat perbelanjaan,Di mana Toko kacamata optik berada ?,0.8304
92,5,Petugas wanita optik menyambut nenek dengan sangat ramah.,Petugas wanita optik,menyambut,nenek,,Apa yang menyambut nenek?,0.6307
92,5,Petugas wanita optik menyambut nenek dengan sangat ramah.,Petugas wanita optik,menyambut,nenek,,Apa yang Petugas wanita optik sambut?,0.6209
92,6,Petugas mempersilahkan nenek duduk di kursi periksa.,Petugas,mempersilahkan,nenek,di kursi periksa,Siapa yang mempersilahkan nenek di kursi periksa?,0.8014
92,6,Petugas mempersilahkan nenek duduk di kursi periksa.,Petugas,mempersilahkan,nenek,di kursi periksa,Apa yang Petugas persilahkan di kursi periksa?,0.5882
92,6,Petugas mempersilahkan nenek duduk di kursi periksa.,Petugas,mempersilahkan,nenek,di kursi periksa,Di mana Petugas mempersilahkan nenek?,0.7311
92,7,Nenek fokus menatap layar berisi deretan huruf.,Nenek fokus,menatap berisi,deretan huruf,,Apa yang menatap berisi deretan huruf?,0.5863
92,7,Nenek fokus menatap layar berisi deretan huruf.,Nenek fokus,menatap berisi,deretan huruf,,Apa yang Nenek fokus tatapi?,0.5575
92,8,Petugas cekatan memasangkan bingkai uji mata nenek.,Petugas cekatan,memasangkan,bingkai uji mata nenek,,Apa yang memasangkan bingkai uji mata nenek?,0.7804
92,8,Petugas cekatan memasangkan bingkai uji mata nenek.,Petugas cekatan,memasangkan,bingkai uji mata nenek,,Apa yang Petugas cekatan masangkan?,0.4569
92,9,Petugas mengganti lensa tebal bergantian untuk di pasang.,Petugas,mengganti di,lensa tebal bergantian,,Siapa yang mengganti di lensa tebal bergantian?,0.6267
92,9,Petugas mengganti lensa tebal bergantian untuk di pasang.,Petugas,mengganti di,lensa tebal bergantian,,Apa yang Petugas ganti?,0.4503
92,11,Nenek berhasil menemukan lensa paling terang.,Nenek,berhasil menemukan,lensa terang,,Siapa yang berhasil menemukan lensa terang?,0.742
92,11,Nenek berhasil menemukan lensa paling terang.,Nenek,berhasil menemukan,lensa terang,,Apa yang Nenek berhasilkan?,0.5011
92,12,Petugas mencatat ukuran mata minus.,Petugas,mencatat,ukuran mata minus,,Apa yang mencatat ukuran mata minus?,0.8347
92,12,Petugas mencatat ukuran mata minus.,Petugas,mencatat,ukuran mata minus,,Apa yang Petugas catat?,0.3407
92,13,Nenek memilih bingkai kacamata warna marun.,Nenek,memilih,bingkai kacamata warna marun,,Siapa yang memilih bingkai kacamata warna marun?,0.7338
92,13,Nenek memilih bingkai kacamata warna marun.,Nenek,memilih,bingkai kacamata warna marun,,Apa yang Nenek pilih?,0.3621
92,14,Bingkai kacamata itu sangat ringan dari bahan titanium.,,Bingkai,,sangat ringan dari bahan titanium,Dari mana  Bingkai ?,0.0137
92,15,Petugas mesin merakit lensa kaca ke bingkai.,Petugas mesin,merakit,lensa kaca,ke bingkai,Apa yang merakit lensa kaca ke bingkai?,0.6336
92,15,Petugas mesin merakit lensa kaca ke bingkai.,Petugas mesin,merakit,lensa kaca,ke bingkai,Apa yang Petugas mesin rakit ke bingkai?,0.5125
92,15,Petugas mesin merakit lensa kaca ke bingkai.,Petugas mesin,merakit,lensa kaca,ke bingkai,Ke mana Petugas mesin merakit lensa kaca?,0.7608
92,16,Proses waktu perakitan memakan waktu tiga puluh menit.,Proses waktu perakitan,memakan,waktu tiga puluh menit,,Apa yang memakan waktu tiga puluh menit?,0.8808
92,16,Proses waktu perakitan memakan waktu tiga puluh menit.,Proses waktu perakitan,memakan,waktu tiga puluh menit,,Apa yang Proses waktu perakitan makan?,0.2337
92,17,Ayah membelikan minuman kopi hangat di kafe.,Ayah,membelikan,minuman kopi hangat,di kafe,Siapa yang membelikan minuman kopi hangat di kafe?,0.9042
92,17,Ayah membelikan minuman kopi hangat di kafe.,Ayah,membelikan,minuman kopi hangat,di kafe,Apa yang Ayah belikan di kafe?,0.7557
92,17,Ayah membelikan minuman kopi hangat di kafe.,Ayah,membelikan,minuman kopi hangat,di kafe,Di mana Ayah membelikan minuman kopi hangat?,0.7953
92,19,Petugas lap membersihkan kacamata memakai cairan khusus.,Petugas lap,membersihkan,kacamata,,Apa yang membersihkan kacamata?,0.7421
92,19,Petugas lap membersihkan kacamata memakai cairan khusus.,Petugas lap,membersihkan,kacamata,,Apa yang Petugas lap bersihkan?,0.4253
92,20,Nenek memakai kacamata menatap di depan cermin.,Nenek,memakai,kacamata,di depan cermin,Siapa yang memakai kacamata di depan cermin?,0.6661
92,20,Nenek memakai kacamata menatap di depan cermin.,Nenek,memakai,kacamata,di depan cermin,Apa yang Nenek pakai di depan cermin?,0.6998
92,20,Nenek memakai kacamata menatap di depan cermin.,Nenek,memakai,kacamata,di depan cermin,Di mana Nenek memakai kacamata?,0.7527
92,21,Nenek langsung bisa melihat wajah ayah dengan jelas.,Nenek,bisa melihat,wajah ayah,langsung dengan jelas,Siapa yang bisa melihat wajah ayah langsung dengan jelas?,0.607
92,21,Nenek langsung bisa melihat wajah ayah dengan jelas.,Nenek,bisa melihat,wajah ayah,langsung dengan jelas,Apa yang Nenek lihat langsung dengan jelas?,0.6276
92,22,Nenek membaca tulisan kecil di kemasan kopi.,Nenek,membaca,tulisan kecil,di kemasan kopi,Siapa yang membaca tulisan kecil di kemasan kopi?,0.794
92,22,Nenek membaca tulisan kecil di kemasan kopi.,Nenek,membaca,tulisan kecil,di kemasan kopi,Apa yang Nenek baca di kemasan kopi?,0.8913
92,22,Nenek membaca tulisan kecil di kemasan kopi.,Nenek,membaca,tulisan kecil,di kemasan kopi,Di mana Nenek membaca tulisan kecil?,0.7111
92,23,Ayah membayar kacamata di kasir.,Ayah,membayar,kacamata,di kasir,Siapa yang membayar kacamata di kasir?,0.8351
92,23,Ayah membayar kacamata di kasir.,Ayah,membayar,kacamata,di kasir,Apa yang Ayah bayar di kasir?,0.4621
92,23,Ayah membayar kacamata di kasir.,Ayah,membayar,kacamata,di kasir,Di mana Ayah membayar kacamata?,0.7511
92,24,Nenek sangat senang mendapat kacamata terang.,Nenek,mendapat,kacamata terang,sangat senang,Siapa yang mendapat kacamata terang sangat senang?,0.695
92,24,Nenek sangat senang mendapat kacamata terang.,Nenek,mendapat,kacamata terang,sangat senang,Apa yang Nenek dapat sangat senang?,0.6249
92,25,Nenek bisa kembali membaca koran di pagi hari.,Nenek,bisa kembali membaca,koran,di pagi hari,Siapa yang bisa kembali membaca koran di pagi hari?,0.7544
92,25,Nenek bisa kembali membaca koran di pagi hari.,Nenek,bisa kembali membaca,koran,di pagi hari,Apa yang Nenek kembali di pagi hari?,0.6592
92,25,Nenek bisa kembali membaca koran di pagi hari.,Nenek,bisa kembali membaca,koran,di pagi hari,Kapan Nenek bisa kembali membaca koran?,0.7274
92,25,Nenek bisa kembali membaca koran di pagi hari.,Nenek,bisa kembali membaca,koran,di pagi hari,Di mana Nenek bisa kembali membaca koran?,0.7407
93,1,Paman membelikan hadiah besar untuk Tari.,Paman,membelikan,hadiah besar,untuk Tari,Siapa yang membelikan hadiah besar untuk Tari?,0.8574
93,1,Paman membelikan hadiah besar untuk Tari.,Paman,membelikan,hadiah besar,untuk Tari,Apa yang Paman belikan untuk Tari?,0.7946
93,2,Hadiah kardus itu berisi sepasang sepatu roda.,Hadiah kardus itu,berisi,sepasang sepatu roda,,Apa yang berisi sepasang sepatu roda?,0.7649
93,2,Hadiah kardus itu berisi sepasang sepatu roda.,Hadiah kardus itu,berisi,sepasang sepatu roda,,Apa yang Hadiah kardus itu isi?,0.5635
93,3,Sepatu roda memiliki empat roda karet.,Sepatu roda,memiliki,empat roda karet,,Apa yang memiliki empat roda karet?,0.7778
93,3,Sepatu roda memiliki empat roda karet.,Sepatu roda,memiliki,empat roda karet,,Apa yang Sepatu roda miliki?,0.7735
93,4,Tari segera memakai pelindung lutut dan siku.,Tari,memakai,pelindung lutut,segera,Siapa yang memakai pelindung lutut segera?,0.7456
93,4,Tari segera memakai pelindung lutut dan siku.,Tari,memakai,pelindung lutut,segera,Apa yang Tari pakai segera?,0.5019
93,5,Tari juga memakai helm sepeda biru untuk melindungi kepalanya.,Tari,memakai melindungi,kepala nya,juga,Siapa yang memakai melindungi kepala nya juga?,0.6452
93,5,Tari juga memakai helm sepeda biru untuk melindungi kepalanya.,Tari,memakai melindungi,kepala nya,juga,Apa yang Tari pakai juga?,0.3991
93,6,Tari mencoba memakai sepatu di ruang tamu.,Tari,memakai,sepatu,mencoba di ruang tamu,Siapa yang memakai sepatu mencoba di ruang tamu?,0.74
93,6,Tari mencoba memakai sepatu di ruang tamu.,Tari,memakai,sepatu,mencoba di ruang tamu,Apa yang Tari pakai mencoba di ruang tamu?,0.7412
93,6,Tari mencoba memakai sepatu di ruang tamu.,Tari,memakai,sepatu,mencoba di ruang tamu,Di mana Tari memakai sepatu?,0.6557
93,8,Tari berdiri memegang bantalan pinggiran sofa.,Tari,berdiri memegang,bantalan pinggiran sofa,,Siapa yang berdiri memegang bantalan pinggiran sofa?,0.726
93,8,Tari berdiri memegang bantalan pinggiran sofa.,Tari,berdiri memegang,bantalan pinggiran sofa,,Apa yang Tari diri?,0.2347
93,9,Roda sepatu meluncur tanpa bisa dikendalikan.,Roda sepatu,meluncur,,,Apa yang meluncur?,0.2699
93,10,Tari jatuh ke karpet tebal di dekat sofa.,Tari,jatuh,,ke karpet tebal di dekat sofa,Siapa yang jatuh ke karpet tebal di dekat sofa?,0.7207
93,10,Tari jatuh ke karpet tebal di dekat sofa.,Tari,jatuh,,ke karpet tebal di dekat sofa,Ke mana Tari jatuh ?,0.5595
93,11,Ayah cepat datang membimbing Tari keluar garasi.,Ayah cepat,datang membimbing,garasi,,Apa yang datang membimbing garasi?,0.6126
93,11,Ayah cepat datang membimbing Tari keluar garasi.,Ayah cepat,datang membimbing,garasi,,Apa yang Ayah cepat datang?,0.3264
93,12,Lantai semen garasi memiliki permukaan sangat rata.,Lantai semen garasi,memiliki,permukaan rata,,Apa yang memiliki permukaan rata?,0.3273
93,12,Lantai semen garasi memiliki permukaan sangat rata.,Lantai semen garasi,memiliki,permukaan rata,,Apa yang Lantai semen garasi miliki?,0.6072
93,13,Ayah memegang erat kedua belah tangan Tari.,Ayah,memegang,kedua belah tangan Tari,erat,Siapa yang memegang kedua belah tangan Tari erat?,0.8451
93,13,Ayah memegang erat kedua belah tangan Tari.,Ayah,memegang,kedua belah tangan Tari,erat,Siapa yang Ayah pegang erat?,0.5306
93,14,Tari menggerakkan kaki kanannya ke arah serong luar.,Tari,menggerakkan,kaki kanan nya,ke arah serong luar,Siapa yang menggerakkan kaki kanan nya ke arah serong luar?,0.7296
93,14,Tari menggerakkan kaki kanannya ke arah serong luar.,Tari,menggerakkan,kaki kanan nya,ke arah serong luar,Apa yang Tari gerakkan ke arah serong luar?,0.6758
93,14,Tari menggerakkan kaki kanannya ke arah serong luar.,Tari,menggerakkan,kaki kanan nya,ke arah serong luar,Ke mana Tari menggerakkan kaki kanan nya?,0.7464
93,15,Tari bergantian mengayunkan kaki kirinya ke belakang.,Tari bergantian,mengayunkan,kaki kiri nya,ke belakang,Apa yang mengayunkan kaki kiri nya ke belakang?,0.813
93,15,Tari bergantian mengayunkan kaki kirinya ke belakang.,Tari bergantian,mengayunkan,kaki kiri nya,ke belakang,Apa yang Tari bergantian ayunkan ke belakang?,0.5822
93,15,Tari bergantian mengayunkan kaki kirinya ke belakang.,Tari bergantian,mengayunkan,kaki kiri nya,ke belakang,Ke mana Tari bergantian mengayunkan kaki kiri nya?,0.8323
93,16,Tari meluncur sangat pelan serta hati-hati.,Tari,meluncur,,sangat pelan serta hati-hati,Siapa yang meluncur sangat pelan serta hati-hati?,0.707
93,17,Ayah perlahan melepaskan pegangan lengannya daro tari.,Ayah,melepaskan,pegangan lengan nya daro tari,perlahan,Siapa yang melepaskan pegangan lengan nya daro tari perlahan?,0.6064
93,17,Ayah perlahan melepaskan pegangan lengannya daro tari.,Ayah,melepaskan,pegangan lengan nya daro tari,perlahan,Apa yang Ayah lepaskan perlahan?,0.2232
93,18,Tari berhasil meluncur sampai jarak dua meter.,Tari,berhasil meluncur,,sampai jarak dua meter,Siapa yang berhasil meluncur sampai jarak dua meter?,0.7716
93,19,Tari tekun berlatih menjaga titik keseimbangan tubuhnya.,Tari tekun,berlatih menjaga,titik keseimbangan tubuh nya,,Apa yang berlatih menjaga titik keseimbangan tubuh nya?,0.8084
93,19,Tari tekun berlatih menjaga titik keseimbangan tubuhnya.,Tari tekun,berlatih menjaga,titik keseimbangan tubuh nya,,Apa yang Tari tekun latih?,0.586
93,20,Tari memutar badannya di ujung garasi.,Tari,memutar,badan nya,di ujung garasi,Siapa yang memutar badan nya di ujung garasi?,0.7961
93,20,Tari memutar badannya di ujung garasi.,Tari,memutar,badan nya,di ujung garasi,Apa yang Tari putar di ujung garasi?,0.6995
93,20,Tari memutar badannya di ujung garasi.,Tari,memutar,badan nya,di ujung garasi,Di mana Tari memutar badan nya?,0.4543
93,21,Keringat bercucuran membasahi wajah lelah tari.,Keringat bercucuran,membasahi,wajah lelah tari,,Apa yang membasahi wajah lelah tari?,0.896
93,21,Keringat bercucuran membasahi wajah lelah tari.,Keringat bercucuran,membasahi,wajah lelah tari,,Apa yang Keringat bercucuran basahi?,0.2819
93,22,Ibu membawakan segelas jus jeruk dingin yang manis.,Ibu,membawakan,segelas jus jeruk dingin yang manis,,Siapa yang membawakan segelas jus jeruk dingin yang manis?,0.8336
93,22,Ibu membawakan segelas jus jeruk dingin yang manis.,Ibu,membawakan,segelas jus jeruk dingin yang manis,,Apa yang Ibu bawakan?,0.3434
93,23,Tari beristirahat meminum jus segar.,Tari,beristirahat meminum,jus segar,,Siapa yang beristirahat meminum jus segar?,0.8717
93,23,Tari beristirahat meminum jus segar.,Tari,beristirahat meminum,jus segar,,Apa yang Tari istirahat?,0.3494
93,25,Tari berjanji akan giat berlatih besok dengan lebih semangat.,Tari,berjanji,besok,,Siapa yang berjanji besok?,0.3492
93,25,Tari berjanji akan giat berlatih besok dengan lebih semangat.,Tari,berjanji,besok,,Apa yang Tari janji?,0.3782
94,1,Siti selalu memiliki payung lipat warna kuning.,Siti,memiliki,payung lipat warna kuning,selalu,Siapa yang memiliki payung lipat warna kuning selalu?,0.669
94,1,Siti selalu memiliki payung lipat warna kuning.,Siti,memiliki,payung lipat warna kuning,selalu,Apa yang Siti miliki selalu?,0.274
94,2,Payung kuning itu hadiah ulang tahun dari ibu.,,Payung,,dari ibu,Dari mana  Payung ?,0.2165
94,3,Payung lucu tersebut bergambar paruh bebek kecil.,Payung lucu tersebut,bergambar,paruh bebek kecil,,Apa yang bergambar paruh bebek kecil?,0.8932
94,3,Payung lucu tersebut bergambar paruh bebek kecil.,Payung lucu tersebut,bergambar,paruh bebek kecil,,Apa yang Payung lucu tersebut gambar?,0.6308
94,4,Siti selalu membawa payungnya di tas ransel.,Siti,membawa,payung nya,selalu di tas ransel,Siapa yang membawa payung nya selalu di tas ransel?,0.6769
94,4,Siti selalu membawa payungnya di tas ransel.,Siti,membawa,payung nya,selalu di tas ransel,Apa yang Siti bawa selalu di tas ransel?,0.509
94,4,Siti selalu membawa payungnya di tas ransel.,Siti,membawa,payung nya,selalu di tas ransel,Di mana Siti membawa payung nya?,0.5372
94,6,Hujan deras turun berdering saat pulang sekolah.,Hujan deras,turun,,,Apa yang turun?,0.3012
94,7,Banyak anak berteduh di depan teras kelas.,Banyak anak,berteduh,,di depan teras kelas,Apa yang berteduh di depan teras kelas?,0.6518
94,7,Banyak anak berteduh di depan teras kelas.,Banyak anak,berteduh,,di depan teras kelas,Di mana Banyak anak berteduh ?,0.6007
94,8,Siti mengeluarkan payung kuning dari ranselnya.,Siti,mengeluarkan,payung kuning,dari ransel nya,Siapa yang mengeluarkan payung kuning dari ransel nya?,0.6866
94,8,Siti mengeluarkan payung kuning dari ranselnya.,Siti,mengeluarkan,payung kuning,dari ransel nya,Apa yang Siti keluarkan dari ransel nya?,0.4413
94,8,Siti mengeluarkan payung kuning dari ranselnya.,Siti,mengeluarkan,payung kuning,dari ransel nya,Dari mana Siti mengeluarkan payung kuning?,0.7536
94,9,Siti menekan tombol tuas gagang paying dengan jempolnya.,Siti,menekan,tombol tuas gagang paying,dengan jempol,Siapa yang menekan tombol tuas gagang paying dengan jempol?,0.7812
94,9,Siti menekan tombol tuas gagang paying dengan jempolnya.,Siti,menekan,tombol tuas gagang paying,dengan jempol,Apa yang Siti tekan dengan jempol?,0.3737
94,10,Payung kuning terbuka dengan suara nyaring.,Payung kuning,terbuka,,dengan suara nyaring,Apa yang terbuka dengan suara nyaring?,0.5964
94,11,Siti melangkah masuk ke rintik hujan deras.,Siti,melangkah masuk,,ke rintik hujan deras,Siapa yang melangkah masuk ke rintik hujan deras?,0.8166
94,11,Siti melangkah masuk ke rintik hujan deras.,Siti,melangkah masuk,,ke rintik hujan deras,Ke mana Siti melangkah masuk ?,0.395
94,12,Payung kuning melindungi pakaian Siti dari basah.,Payung kuning,melindungi,pakaian Siti,,Apa yang melindungi pakaian Siti?,0.6473
94,12,Payung kuning melindungi pakaian Siti dari basah.,Payung kuning,melindungi,pakaian Siti,,Siapa yang Payung kuning lindungi?,0.5028
94,13,Siti melihat temannya berlari menembus hujan.,Siti,melihat,hujan,,Siapa yang melihat hujan?,0.6438
94,13,Siti melihat temannya berlari menembus hujan.,Siti,melihat,hujan,,Apa yang Siti lihat?,0.3966
94,14,Teman kelas Siti bernama Rani lupa membawa payung.,Teman kelas Siti bernama Rani,lupa membawa,payung,,Apa yang lupa membawa payung?,0.6868
94,14,Teman kelas Siti bernama Rani lupa membawa payung.,Teman kelas Siti bernama Rani,lupa membawa,payung,,Apa yang Teman kelas Siti bernama Rani lupa?,0.7407
94,15,Siti memanggil nama Rani dengan sangat keras.,Siti,memanggil,nama Rani,,Siapa yang memanggil nama Rani?,0.6904
94,15,Siti memanggil nama Rani dengan sangat keras.,Siti,memanggil,nama Rani,,Siapa yang Siti panggil?,0.5496
94,16,Siti mengajak Rani berlindung di bawah payungnya.,Siti,mengajak berlindung,Rani,di bawah payung,Siapa yang mengajak berlindung Rani di bawah payung?,0.8229
94,16,Siti mengajak Rani berlindung di bawah payungnya.,Siti,mengajak berlindung,Rani,di bawah payung,Siapa yang Siti ajak di bawah payung?,0.6452
94,16,Siti mengajak Rani berlindung di bawah payungnya.,Siti,mengajak berlindung,Rani,di bawah payung,Di mana Siti mengajak berlindung Rani?,0.736
94,17,Rani segera mendekat ke bahu sebelah Siti.,Rani,mendekat,,segera ke bahu sebelah siti,Siapa yang mendekat segera ke bahu sebelah siti?,0.4651
94,17,Rani segera mendekat ke bahu sebelah Siti.,Rani,mendekat,,segera ke bahu sebelah siti,Ke mana Rani mendekat ?,0.6548
94,18,Payung kuning cukup menutupi mereka berdua.,Payung kuning,menutupi,mereka berdua,cukup,Apa yang menutupi mereka berdua cukup?,0.5059
94,18,Payung kuning cukup menutupi mereka berdua.,Payung kuning,menutupi,mereka berdua,cukup,Apa yang Payung kuning tutupi cukup?,0.7407
94,19,Mereka tapak berjalan bersama menuju jalan raya.,Mereka,tapak berjalan,,bersama menuju jalan raya,Siapa yang tapak berjalan bersama menuju jalan raya?,0.8175
94,20,Ayah Rani datang menjemput dengan mobil putih.,Ayah Rani,datang menjemput,,dengan mobil putih,Siapa yang datang menjemput dengan mobil putih?,0.6997
94,21,Mobil ayah berhenti di pinggir aspal jalan.,Mobil ayah,berhenti,,di pinggir aspal jalan,Apa yang berhenti di pinggir aspal jalan?,0.6741
94,21,Mobil ayah berhenti di pinggir aspal jalan.,Mobil ayah,berhenti,,di pinggir aspal jalan,Di mana Mobil ayah berhenti ?,0.7451
94,22,Rani mengucapkan terima kasih kepada Siti.,Rani,mengucapkan,terima kasih,kepada siti,Siapa yang mengucapkan terima kasih kepada siti?,0.4639
94,22,Rani mengucapkan terima kasih kepada Siti.,Rani,mengucapkan,terima kasih,kepada siti,Apa yang Rani ucapkan kepada siti?,0.6327
94,23,Rani masuk ke bangku di dalam mobil.,Rani,masuk,,ke bangku di dalam mobil,Siapa yang masuk ke bangku di dalam mobil?,0.6835
94,23,Rani masuk ke bangku di dalam mobil.,Rani,masuk,,ke bangku di dalam mobil,Ke mana Rani masuk ?,0.6667
94,24,Siti melanjutkan perjalanan pulang ke rumah.,Siti,melanjutkan,perjalanan,ke rumah,Siapa yang melanjutkan perjalanan ke rumah?,0.6743
94,24,Siti melanjutkan perjalanan pulang ke rumah.,Siti,melanjutkan,perjalanan,ke rumah,Apa yang Siti lanjutkan ke rumah?,0.742
94,24,Siti melanjutkan perjalanan pulang ke rumah.,Siti,melanjutkan,perjalanan,ke rumah,Ke mana Siti melanjutkan perjalanan?,0.6643
94,25,Payung kuning sangat berguna di musim penghujan.,Payung kuning,berguna,,sangat di musim penghujan,Apa yang berguna sangat di musim penghujan?,0.6194
94,25,Payung kuning sangat berguna di musim penghujan.,Payung kuning,berguna,,sangat di musim penghujan,Di mana Payung kuning berguna ?,0.6668
95,1,Bagas dan temannya bermain peran lakon bajak laut.,Bagas dan teman nya,bermain,peran lakon bajak laut,,Apa yang bermain peran lakon bajak laut?,0.6492
95,1,Bagas dan temannya bermain peran lakon bajak laut.,Bagas dan teman nya,bermain,peran lakon bajak laut,,Apa yang Bagas dan teman nya main?,0.6392
95,2,Bagas membuat topi kapten dari koran bekas.,Bagas,membuat,topi kapten,dari koran bekas,Siapa yang membuat topi kapten dari koran bekas?,0.7963
95,2,Bagas membuat topi kapten dari koran bekas.,Bagas,membuat,topi kapten,dari koran bekas,Apa yang Bagas buat dari koran bekas?,0.648
95,2,Bagas membuat topi kapten dari koran bekas.,Bagas,membuat,topi kapten,dari koran bekas,Dari mana Bagas membuat topi kapten?,0.8744
95,3,Kakak iseng menyembunyikan kotak kue di halaman belakang.,Kakak,iseng menyembunyikan,kotak kue,di halaman belakang,Siapa yang iseng menyembunyikan kotak kue di halaman belakang?,0.8378
95,3,Kakak iseng menyembunyikan kotak kue di halaman belakang.,Kakak,iseng menyembunyikan,kotak kue,di halaman belakang,Apa yang Kakak isengkan di halaman belakang?,0.5775
95,3,Kakak iseng menyembunyikan kotak kue di halaman belakang.,Kakak,iseng menyembunyikan,kotak kue,di halaman belakang,Di mana Kakak iseng menyembunyikan kotak kue?,0.8572
95,4,Kakak menggambar peta denah harta karun.,Kakak,menggambar,peta denah harta karun,,Siapa yang menggambar peta denah harta karun?,0.8155
95,4,Kakak menggambar peta denah harta karun.,Kakak,menggambar,peta denah harta karun,,Apa yang Kakak gambar?,0.3676
95,5,Peta kertas itu memiliki gambar pohon batu.,Peta kertas itu,memiliki,gambar pohon batu,,Apa yang memiliki gambar pohon batu?,0.7851
95,5,Peta kertas itu memiliki gambar pohon batu.,Peta kertas itu,memiliki,gambar pohon batu,,Apa yang Peta kertas itu miliki?,0.6979
95,6,Garis titik putus-putus menunjukkan arah rute langkah.,Garis titik putus-putus,menunjukkan,arah rute lang,,Apa yang menunjukkan arah rute lang?,0.7884
95,6,Garis titik putus-putus menunjukkan arah rute langkah.,Garis titik putus-putus,menunjukkan,arah rute lang,,Apa yang Garis titik putus-putus tunjukkan?,0.6634
95,7,Bagas memegang erat peta gulung harta karun.,Bagas,memegang,peta gulung harta karun,erat,Siapa yang memegang peta gulung harta karun erat?,0.6796
95,7,Bagas memegang erat peta gulung harta karun.,Bagas,memegang,peta gulung harta karun,erat,Apa yang Bagas pegang erat?,0.76
95,8,Teman-teman riuh mengikuti Bagas berbaris di belakang.,Teman-teman riuh,mengikuti berbaris,Bagas,di belakang,Apa yang mengikuti berbaris Bagas di belakang?,0.7133
95,8,Teman-teman riuh mengikuti Bagas berbaris di belakang.,Teman-teman riuh,mengikuti berbaris,Bagas,di belakang,Siapa yang Teman-teman riuh ikut di belakang?,0.623
95,8,Teman-teman riuh mengikuti Bagas berbaris di belakang.,Teman-teman riuh,mengikuti berbaris,Bagas,di belakang,Di mana Teman-teman riuh mengikuti berbaris Bagas?,0.7912
95,9,Petunjuk arah pertama mengarah ke pangkal pohon mangga.,Petunjuk arah pertama,mengarah,,ke pangkal pohon mangga,Apa yang mengarah ke pangkal pohon mangga?,0.7959
95,9,Petunjuk arah pertama mengarah ke pangkal pohon mangga.,Petunjuk arah pertama,mengarah,,ke pangkal pohon mangga,Ke mana Petunjuk arah pertama mengarah ?,0.6168
95,10,Bagas berjalan lima langkah dari mangga.,Bagas,berjalan,lima langkah,dari mangga,Siapa yang berjalan lima langkah dari mangga?,0.6885
95,10,Bagas berjalan lima langkah dari mangga.,Bagas,berjalan,lima langkah,dari mangga,Apa yang Bagas jalan dari mangga?,0.5149
95,10,Bagas berjalan lima langkah dari mangga.,Bagas,berjalan,lima langkah,dari mangga,Dari mana Bagas berjalan lima langkah?,0.6821
95,11,Mereka melihat batu besar di pinggir pagar.,Mereka,melihat,batu besar,di pinggir pagar,Siapa yang melihat batu besar di pinggir pagar?,0.9035
95,11,Mereka melihat batu besar di pinggir pagar.,Mereka,melihat,batu besar,di pinggir pagar,Apa yang Mereka lihat di pinggir pagar?,0.6607
95,11,Mereka melihat batu besar di pinggir pagar.,Mereka,melihat,batu besar,di pinggir pagar,Di mana Mereka melihat batu besar?,0.8099
95,12,Petunjuk kedua menyuruh tim belok kanan.,Petunjuk kedua,menyuruh,tim belok kanan,,Apa yang menyuruh tim belok kanan?,0.8179
95,12,Petunjuk kedua menyuruh tim belok kanan.,Petunjuk kedua,menyuruh,tim belok kanan,,Apa yang Petunjuk kedua suruh?,0.4684
95,13,Mereka menyusuri pagar kayu tiga langkah.,Mereka,menyusuri,pagar kayu tiga lang,,Siapa yang menyusuri pagar kayu tiga lang?,0.7387
95,13,Mereka menyusuri pagar kayu tiga langkah.,Mereka,menyusuri,pagar kayu tiga lang,,Apa yang Mereka susuri?,0.17
95,14,Peta menunjukkan tanda silang di pot tanaman.,Peta,menunjukkan,tanda,di pot tanaman,Siapa yang menunjukkan tanda di pot tanaman?,0.6754
95,14,Peta menunjukkan tanda silang di pot tanaman.,Peta,menunjukkan,tanda,di pot tanaman,Apa yang Peta tunjukkan di pot tanaman?,0.8427
95,14,Peta menunjukkan tanda silang di pot tanaman.,Peta,menunjukkan,tanda,di pot tanaman,Di mana Peta menunjukkan tanda?,0.638
95,16,Bagas menggali tanah yang gembur pakai sekop.,Bagas,menggali,tanah yang gembur pakai sekop,,Siapa yang menggali tanah yang gembur pakai sekop?,0.7194
95,16,Bagas menggali tanah yang gembur pakai sekop.,Bagas,menggali,tanah yang gembur pakai sekop,,Apa yang Bagas gali?,0.2486
95,17,Sekop besi Bagas membentur tutup kotak kaleng.,Sekop besi Bagas,membentur,tutup kotak kaleng,,Apa yang membentur tutup kotak kaleng?,0.6522
95,17,Sekop besi Bagas membentur tutup kotak kaleng.,Sekop besi Bagas,membentur,tutup kotak kaleng,,Apa yang Sekop besi Bagas bentur?,0.738
95,18,Bagas menarik kotak kaleng dari dalam tanah.,Bagas,menarik,kotak kaleng,dari dalam tanah,Siapa yang menarik kotak kaleng dari dalam tanah?,0.6818
95,18,Bagas menarik kotak kaleng dari dalam tanah.,Bagas,menarik,kotak kaleng,dari dalam tanah,Apa yang Bagas menarik dari dalam tanah?,0.4638
95,18,Bagas menarik kotak kaleng dari dalam tanah.,Bagas,menarik,kotak kaleng,dari dalam tanah,Dari mana Bagas menarik kotak kaleng?,0.6648
95,19,Kotak kaleng berisi ratusan koin cokelat.,Kotak kaleng,berisi,ratusan koin cokelat,,Apa yang berisi ratusan koin cokelat?,0.7973
95,19,Kotak kaleng berisi ratusan koin cokelat.,Kotak kaleng,berisi,ratusan koin cokelat,,Apa yang Kotak kaleng isi?,0.5903
95,20,Koin cokelat itu berupa permen yang manis.,Koin cokelat itu,berupa,permen yang manis,,Apa yang berupa permen yang manis?,0.8858
95,20,Koin cokelat itu berupa permen yang manis.,Koin cokelat itu,berupa,permen yang manis,,Apa yang Koin cokelat itu rupa?,0.5203
95,21,Mereka berteriak gembira menemukan isi harta karun.,Mereka,berteriak menemukan,isi harta karun,gembira,Siapa yang berteriak menemukan isi harta karun gembira?,0.8169
95,21,Mereka berteriak gembira menemukan isi harta karun.,Mereka,berteriak menemukan,isi harta karun,gembira,Apa yang Mereka teriakkan gembira?,0.7298
95,22,Bagas membagikan koin permen kepada semua teman.,Bagas,membagikan,koin permen,kepada semua teman,Siapa yang membagikan koin permen kepada semua teman?,0.7738
95,22,Bagas membagikan koin permen kepada semua teman.,Bagas,membagikan,koin permen,kepada semua teman,Apa yang Bagas bagikan kepada semua teman?,0.6158
95,23,Mereka duduk melingkar memakan permen cokelat.,Mereka,duduk melingkar memakan,permen cokelat,,Siapa yang duduk melingkar memakan permen cokelat?,0.7984
95,23,Mereka duduk melingkar memakan permen cokelat.,Mereka,duduk melingkar memakan,permen cokelat,,Apa yang Mereka dudukkan?,0.3949
95,24,Permainan mencari harta karun sangat mendebarkan.,Permainan,mencari,harta karun,sangat mendebarkan,Apa yang mencari harta karun sangat mendebarkan?,0.8223
95,24,Permainan mencari harta karun sangat mendebarkan.,Permainan,mencari,harta karun,sangat mendebarkan,Apa yang Permainan cari sangat mendebarkan?,0.7293
96,1,Dito membeli mainan rakit kapal selam.,Dito,membeli,mainan rakit kapal selam,,Siapa yang membeli mainan rakit kapal selam?,0.8851
96,1,Dito membeli mainan rakit kapal selam.,Dito,membeli,mainan rakit kapal selam,,Apa yang Dito beli?,0.5553
96,3,Mainan kuning ini memiliki baling-baling putar di belakang.,Mainan kuning ini,memiliki,baling-baling putar,di belakang,Apa yang memiliki baling-baling putar di belakang?,0.6443
96,3,Mainan kuning ini memiliki baling-baling putar di belakang.,Mainan kuning ini,memiliki,baling-baling putar,di belakang,Apa yang Mainan kuning ini miliki di belakang?,0.8938
96,3,Mainan kuning ini memiliki baling-baling putar di belakang.,Mainan kuning ini,memiliki,baling-baling putar,di belakang,Di mana Mainan kuning ini memiliki baling-baling putar?,0.9145
96,4,Dito mengisi ember air hingga penuh.,Dito,mengisi,ember air,penuh,Siapa yang mengisi ember air penuh?,0.7877
96,4,Dito mengisi ember air hingga penuh.,Dito,mengisi,ember air,penuh,Apa yang Dito isi penuh?,0.5519
96,5,Dito meletakkan kapal selam ke atas permukaan air.,Dito,meletakkan,kapal selam,ke atas permukaan air,Siapa yang meletakkan kapal selam ke atas permukaan air?,0.8189
96,5,Dito meletakkan kapal selam ke atas permukaan air.,Dito,meletakkan,kapal selam,ke atas permukaan air,Apa yang Dito letakkan ke atas permukaan air?,0.6067
96,5,Dito meletakkan kapal selam ke atas permukaan air.,Dito,meletakkan,kapal selam,ke atas permukaan air,Ke mana Dito meletakkan kapal selam?,0.7182
96,6,Kapal selam mengapung stabil di air tenang.,Kapal selam,mengapung,,stabil di air tenang,Apa yang mengapung stabil di air tenang?,0.6123
96,6,Kapal selam mengapung stabil di air tenang.,Kapal selam,mengapung,,stabil di air tenang,Di mana Kapal selam mengapung ?,0.6872
96,7,Buku petunjuk meminta Dito untuk memutar pegas.,Buku petunjuk,meminta memutar,pegas,,Apa yang meminta memutar pegas?,0.5325
96,7,Buku petunjuk meminta Dito untuk memutar pegas.,Buku petunjuk,meminta memutar,pegas,,Apa yang Buku petunjuk pinta?,0.4579
96,8,Dito memutar kunci pegas lima kali.,Dito,memutar,kunci pegas lima kali,,Siapa yang memutar kunci pegas lima kali?,0.8862
96,8,Dito memutar kunci pegas lima kali.,Dito,memutar,kunci pegas lima kali,,Apa yang Dito putar?,0.1894
96,9,Tangan dito melepaskan kapal selam ke dalam ember.,Tangan dito,melepaskan,kapal selam,ke dalam ember,Apa yang melepaskan kapal selam ke dalam ember?,0.8595
96,9,Tangan dito melepaskan kapal selam ke dalam ember.,Tangan dito,melepaskan,kapal selam,ke dalam ember,Apa yang Tangan dito lepaskan ke dalam ember?,0.6659
96,9,Tangan dito melepaskan kapal selam ke dalam ember.,Tangan dito,melepaskan,kapal selam,ke dalam ember,Ke mana Tangan dito melepaskan kapal selam?,0.7836
96,10,Baling-baling belakang berputar sangat cepat.,Baling-baling belakang,berputar,,sangat cepat,Apa yang berputar sangat cepat?,0.7213
96,11,Kapal selam bergerak membelah muka air.,Kapal selam,bergerak membelah,muka air,,Apa yang bergerak membelah muka air?,0.4682
96,11,Kapal selam bergerak membelah muka air.,Kapal selam,bergerak membelah,muka air,,Apa yang Kapal selam gerak?,0.7595
96,12,Kapal memiliki dua lubang celah lambung.,Kapal,memiliki,dua lubang celah lambung,,Apa yang memiliki dua lubang celah lambung?,0.5978
96,12,Kapal memiliki dua lubang celah lambung.,Kapal,memiliki,dua lubang celah lambung,,Apa yang Kapal miliki?,0.6262
96,13,Air masuk lambung melalui saluran lubang.,Air,masuk,lambung,melalui saluran lubang,Apa yang masuk lambung melalui saluran lubang?,0.7959
96,13,Air masuk lambung melalui saluran lubang.,Air,masuk,lambung,melalui saluran lubang,Apa yang Air masuk melalui saluran lubang?,0.859
96,14,Berat kapal selam bertambah isi air.,Berat kapal selam,bertambah,isi air,,Apa yang bertambah isi air?,0.6089
96,14,Berat kapal selam bertambah isi air.,Berat kapal selam,bertambah,isi air,,Apa yang Berat kapal selam tambah?,0.8351
96,15,Kapal selam tenggelam turun dasar ember.,Kapal selam,tenggelam turun,dasar ember,,Apa yang tenggelam turun dasar ember?,0.6132
96,15,Kapal selam tenggelam turun dasar ember.,Kapal selam,tenggelam turun,dasar ember,,Apa yang Kapal selam tenggelam?,0.8442
96,16,Kapal selam terus menabrak dinding dasar.,Kapal selam,menabrak,dinding dasar,terus,Apa yang menabrak dinding dasar terus?,0.5925
96,16,Kapal selam terus menabrak dinding dasar.,Kapal selam,menabrak,dinding dasar,terus,Apa yang Kapal selam tabrak terus?,0.7599
96,17,Gelembung nafas udara keluar dari celah cerobong mainan.,Gelembung nafas udara,keluar,,dari celah cerobong mainan,Apa yang keluar dari celah cerobong mainan?,0.6756
96,17,Gelembung nafas udara keluar dari celah cerobong mainan.,Gelembung nafas udara,keluar,,dari celah cerobong mainan,Dari mana Gelembung nafas udara keluar ?,0.745
96,18,Dito melihat laju kapalnya sisi ember.,Dito,melihat,laju kapal nya sisi ember,,Siapa yang melihat laju kapal nya sisi ember?,0.8781
96,18,Dito melihat laju kapalnya sisi ember.,Dito,melihat,laju kapal nya sisi ember,,Apa yang Dito lihat?,0.3511
96,19,Gerakan baling-baling perlahan mulai melemah.,Gerakan baling-baling,mulai melemah,,perlahan,Apa yang mulai melemah perlahan?,0.7186
96,20,Pegas kawat mainan kehabisan energi putaran.,Pegas kawat mainan,kehabisan,,,Apa yang kehabisan?,0.1847
96,21,Kapal selam berhenti di tengah dasar ember.,Kapal selam,berhenti,,di tengah dasar ember,Apa yang berhenti di tengah dasar ember?,0.5382
96,21,Kapal selam berhenti di tengah dasar ember.,Kapal selam,berhenti,,di tengah dasar ember,Di mana Kapal selam berhenti ?,0.7993
96,22,Dito mengangkat kapal mainan basah itu.,Dito,mengangkat,kapal mainan basah itu,,Siapa yang mengangkat kapal mainan basah itu?,0.8837
96,22,Dito mengangkat kapal mainan basah itu.,Dito,mengangkat,kapal mainan basah itu,,Apa yang Dito angkat?,0.4373
96,23,Dito mengosongkan air di lubang pembuangan.,Dito,mengosongkan,air,di lubang pembuangan,Siapa yang mengosongkan air di lubang pembuangan?,0.8351
96,23,Dito mengosongkan air di lubang pembuangan.,Dito,mengosongkan,air,di lubang pembuangan,Apa yang Dito osongkan di lubang pembuangan?,0.7998
96,23,Dito mengosongkan air di lubang pembuangan.,Dito,mengosongkan,air,di lubang pembuangan,Di mana Dito mengosongkan air?,0.7786
96,25,Dito menyukai percobaan ilmu sains mainan.,Dito,menyukai,percobaan ilmu sains mainan,,Siapa yang menyukai percobaan ilmu sains mainan?,0.8561
96,25,Dito menyukai percobaan ilmu sains mainan.,Dito,menyukai,percobaan ilmu sains mainan,,Apa yang Dito sukai?,0.354
97,1,Raka berbaring di kamar redup.,Raka,berbaring,,di kamar redup,Siapa yang berbaring di kamar redup?,0.5685
97,1,Raka berbaring di kamar redup.,Raka,berbaring,,di kamar redup,Di mana Raka berbaring ?,0.3788
97,2,Raka memejamkan mata membayangkan luar angkasa.,Raka,memejamkan membayangkan,mata,luar angkasa,Siapa yang memejamkan membayangkan mata luar angkasa?,0.7351
97,2,Raka memejamkan mata membayangkan luar angkasa.,Raka,memejamkan membayangkan,mata,luar angkasa,Apa yang Raka pejamkan luar angkasa?,0.5781
97,3,Raka membayangkan memakai baju astronaut putih.,Raka,membayangkan memakai,baju astronaut putih,,Siapa yang membayangkan memakai baju astronaut putih?,0.9398
97,3,Raka membayangkan memakai baju astronaut putih.,Raka,membayangkan memakai,baju astronaut putih,,Apa yang Raka bayangi?,0.2956
97,4,Raka duduk mengendalikan roket di kursi pilot.,Raka,duduk mengendalikan,roket,di kursi pilot,Siapa yang duduk mengendalikan roket di kursi pilot?,0.8732
97,4,Raka duduk mengendalikan roket di kursi pilot.,Raka,duduk mengendalikan,roket,di kursi pilot,Apa yang Raka dudukkan di kursi pilot?,0.7092
97,4,Raka duduk mengendalikan roket di kursi pilot.,Raka,duduk mengendalikan,roket,di kursi pilot,Di mana Raka duduk mengendalikan roket?,0.6758
97,5,Mesin roket menyala dengan suara gemuruh api.,Mesin roket,menyala,,dengan suara gemuruh api,Apa yang menyala dengan suara gemuruh api?,0.6413
97,6,Roket menembus awan putih.,Roket,menembus,awan putih,,Apa yang menembus awan putih?,0.6192
97,6,Roket menembus awan putih.,Roket,menembus,awan putih,,Apa yang Roket tembus?,0.6495
97,7,Tubuh astronot Raka melayang tanpa beban.,Tubuh astronot Raka,melayang,,tanpa beban,Apa yang melayang tanpa beban?,0.5451
97,8,Raka melihat bola bumi berwarna biru.,Raka,melihat,bola bumi,,Siapa yang melihat bola bumi?,0.6495
97,8,Raka melihat bola bumi berwarna biru.,Raka,melihat,bola bumi,,Apa yang Raka lihat?,0.2543
97,9,Roket Raka mendekati jalur planet merah.,Roket Raka,mendekati,jalur planet merah,,Siapa yang mendekati jalur planet merah?,0.6938
97,9,Roket Raka mendekati jalur planet merah.,Roket Raka,mendekati,jalur planet merah,,Apa yang Roket Raka dekati?,0.5076
97,11,Raka mengemudikan roket untuk menghindari meteor jatuh.,Raka,mengemudikan menghindari,meteor jatuh,,Siapa yang mengemudikan menghindari meteor jatuh?,0.7628
97,11,Raka mengemudikan roket untuk menghindari meteor jatuh.,Raka,mengemudikan menghindari,meteor jatuh,,Apa yang Raka kemudi?,0.1308
97,12,Roket mendarat di permukaan daratan bulan.,Roket,mendarat,,di permukaan daratan bulan,Apa yang mendarat di permukaan daratan bulan?,0.7546
97,12,Roket mendarat di permukaan daratan bulan.,Roket,mendarat,,di permukaan daratan bulan,Di mana Roket mendarat ?,0.7116
97,13,Raka membuka pintu palka roket perlahan.,Raka,membuka,pintu palka roket,perlahan,Siapa yang membuka pintu palka roket perlahan?,0.7471
97,13,Raka membuka pintu palka roket perlahan.,Raka,membuka,pintu palka roket,perlahan,Apa yang Raka buka perlahan?,0.6611
97,14,Raka menjejakkan sepatu di bulan.,Raka,menjejakkan,sepatu,di bulan,Siapa yang menjejakkan sepatu di bulan?,0.8627
97,14,Raka menjejakkan sepatu di bulan.,Raka,menjejakkan,sepatu,di bulan,Apa yang Raka jejakkan di bulan?,0.6709
97,14,Raka menjejakkan sepatu di bulan.,Raka,menjejakkan,sepatu,di bulan,Di mana Raka menjejakkan sepatu?,0.5459
97,15,Raka melompat tinggi di udara.,Raka,melompat,,tinggi di udara,Siapa yang melompat tinggi di udara?,0.7697
97,15,Raka melompat tinggi di udara.,Raka,melompat,,tinggi di udara,Di mana Raka melompat ?,0.4681
97,16,Gravitasi bulan lebih kecil dari bumi.,,Gravitasi,,lebih kecil dari bumi,Dari mana  Gravitasi ?,0.4711
97,17,Raka menancapkan tiang bendera kertas di tanah bulan.,Raka,menancapkan,tiang bendera kertas,di tanah bulan,Siapa yang menancapkan tiang bendera kertas di tanah bulan?,0.8869
97,17,Raka menancapkan tiang bendera kertas di tanah bulan.,Raka,menancapkan,tiang bendera kertas,di tanah bulan,Apa yang Raka tancapkan di tanah bulan?,0.6321
97,17,Raka menancapkan tiang bendera kertas di tanah bulan.,Raka,menancapkan,tiang bendera kertas,di tanah bulan,Di mana Raka menancapkan tiang bendera kertas?,0.7386
97,18,Raka melihat ribuan bintang di angkasa.,Raka,melihat,ribuan bintang,di angkasa,Siapa yang melihat ribuan bintang di angkasa?,0.8842
97,18,Raka melihat ribuan bintang di angkasa.,Raka,melihat,ribuan bintang,di angkasa,Apa yang Raka lihat di angkasa?,0.5793
97,18,Raka melihat ribuan bintang di angkasa.,Raka,melihat,ribuan bintang,di angkasa,Di mana Raka melihat ribuan bintang?,0.7785
97,19,Seekor alien hijau datang menyapa Raka.,Seekor alien hijau,datang menyapa,Raka,,Apa yang datang menyapa Raka?,0.4215
97,19,Seekor alien hijau datang menyapa Raka.,Seekor alien hijau,datang menyapa,Raka,,Siapa yang Seekor alien hijau datang?,0.8535
97,20,Alien hijau memberi batu bersinar terang.,Alien hijau,memberi,batu,,Apa yang memberi batu?,0.5036
97,20,Alien hijau memberi batu bersinar terang.,Alien hijau,memberi,batu,,Apa yang Alien hijau beri?,0.7066
97,21,Raka berterima kasih untuk kado alien tersebut.,Raka,berterima,kasih,untuk kado alien tersebut,Siapa yang berterima kasih untuk kado alien tersebut?,0.9306
97,21,Raka berterima kasih untuk kado alien tersebut.,Raka,berterima,kasih,untuk kado alien tersebut,Apa yang Raka terima untuk kado alien tersebut?,0.7285
97,22,Alarm jam berbunyi sangat bising di pagi hari.,Alarm jam,berbunyi,,sangat bising di pagi hari,Apa yang berbunyi sangat bising di pagi hari?,0.7383
97,22,Alarm jam berbunyi sangat bising di pagi hari.,Alarm jam,berbunyi,,sangat bising di pagi hari,Kapan Alarm jam berbunyi ?,0.792
97,22,Alarm jam berbunyi sangat bising di pagi hari.,Alarm jam,berbunyi,,sangat bising di pagi hari,Di mana Alarm jam berbunyi ?,0.7914
97,23,Raka kaget terbangun membuyarkan mimpinya.,Raka,kaget terbangun,mimpi nya,,Siapa yang kaget terbangun mimpi nya?,0.7848
97,23,Raka kaget terbangun membuyarkan mimpinya.,Raka,kaget terbangun,mimpi nya,,Apa yang Raka kaget?,0.3542
97,24,Raka tersenyum mengingat petualangan seru khayalannya.,Raka,tersenyum mengingat,petualangan seru khayalan nya,,Siapa yang tersenyum mengingat petualangan seru khayalan nya?,0.6932
97,24,Raka tersenyum mengingat petualangan seru khayalannya.,Raka,tersenyum mengingat,petualangan seru khayalan nya,,Apa yang Raka senyum?,0.7002
97,25,Raka bersiap mandi untuk pergi ke sekolah.,Raka,bersiap pergi,mandi,ke sekolah,Siapa yang bersiap pergi mandi ke sekolah?,0.8195
97,25,Raka bersiap mandi untuk pergi ke sekolah.,Raka,bersiap pergi,mandi,ke sekolah,Apa yang Raka siapi ke sekolah?,0.4345
97,25,Raka bersiap mandi untuk pergi ke sekolah.,Raka,bersiap pergi,mandi,ke sekolah,Ke mana Raka bersiap pergi mandi?,0.7204
98,1,Pelajaran ruang sains membahas tentang waktu bayangan.,Pelajaran ruang sains,membahas,,tentang waktu bayangan,Apa yang membahas tentang waktu bayangan?,0.8242
98,2,Guru mengajak siswa menuju lapangan terbuka.,Guru,mengajak,siswa,menuju lapangan terbuka,Siapa yang mengajak siswa menuju lapangan terbuka?,0.7603
98,2,Guru mengajak siswa menuju lapangan terbuka.,Guru,mengajak,siswa,menuju lapangan terbuka,Apa yang Guru ajak menuju lapangan terbuka?,0.7748
98,3,Guru membawa alat piring kertas spidol.,Guru,membawa,alat piring kertas spidol,,Apa yang membawa alat piring kertas spidol?,0.7271
98,3,Guru membawa alat piring kertas spidol.,Guru,membawa,alat piring kertas spidol,,Apa yang Guru bawa?,0.6152
98,4,Guru membawa malam plastisin sedotan plastik.,Guru,membawa,malam plastisin sedotan plastik,,Siapa yang membawa malam plastisin sedotan plastik?,0.7924
98,4,Guru membawa malam plastisin sedotan plastik.,Guru,membawa,malam plastisin sedotan plastik,,Apa yang Guru bawa?,0.4792
98,5,Guru membagikan alat bahan tiap kelompok.,Guru,membagikan,alat bahan tiap kelompok,,Siapa yang membagikan alat bahan tiap kelompok?,0.6271
98,5,Guru membagikan alat bahan tiap kelompok.,Guru,membagikan,alat bahan tiap kelompok,,Apa yang Guru bagikan?,0.5479
98,6,Tio membuat proyek jam matahari bersama.,Tio,membuat,proyek jam matahari,bersama,Siapa yang membuat proyek jam matahari bersama?,0.8032
98,6,Tio membuat proyek jam matahari bersama.,Tio,membuat,proyek jam matahari,bersama,Apa yang Tio buat bersama?,0.4271
98,7,Tio meletakkan gumpalan plastisin di tengah piring.,Tio,meletakkan,gumpalan plastisin,di tengah piring,Siapa yang meletakkan gumpalan plastisin di tengah piring?,0.7758
98,7,Tio meletakkan gumpalan plastisin di tengah piring.,Tio,meletakkan,gumpalan plastisin,di tengah piring,Apa yang Tio letakkan di tengah piring?,0.6887
98,7,Tio meletakkan gumpalan plastisin di tengah piring.,Tio,meletakkan,gumpalan plastisin,di tengah piring,Di mana Tio meletakkan gumpalan plastisin?,0.6889
98,8,Tio menancapkan sedotan lurus menembus plastisin.,Tio,menancapkan menembus,plastisin,,Siapa yang menancapkan menembus plastisin?,0.6984
98,8,Tio menancapkan sedotan lurus menembus plastisin.,Tio,menancapkan menembus,plastisin,,Apa yang Tio tancap?,0.4255
98,9,Sedotan tiang harus tegak arah lurus ke langit.,Sedotan tiang,harus tegak,,ke langit,Apa yang harus tegak ke langit?,0.7519
98,9,Sedotan tiang harus tegak arah lurus ke langit.,Sedotan tiang,harus tegak,,ke langit,Ke mana Sedotan tiang harus tegak ?,0.6036
98,10,Mereka meletakkan piring kertas di bawah matahari.,Mereka,meletakkan,piring kertas,di bawah matahari,Siapa yang meletakkan piring kertas di bawah matahari?,0.833
98,10,Mereka meletakkan piring kertas di bawah matahari.,Mereka,meletakkan,piring kertas,di bawah matahari,Apa yang Mereka letakkan di bawah matahari?,0.7042
98,10,Mereka meletakkan piring kertas di bawah matahari.,Mereka,meletakkan,piring kertas,di bawah matahari,Di mana Mereka meletakkan piring kertas?,0.6144
98,11,Sinar cahaya matahari menyinari sisi sebelah timur.,Sinar cahaya matahari,menyinari,sisi timur,,Apa yang menyinari sisi timur?,0.6481
98,11,Sinar cahaya matahari menyinari sisi sebelah timur.,Sinar cahaya matahari,menyinari,sisi timur,,Apa yang Sinar cahaya matahari sinari?,0.6168
98,12,Sedotan menghasilkan sebuah bayangan piring kertas.,Sedotan,menghasilkan,sebuah bayangan piring kertas,,Siapa yang menghasilkan sebuah bayangan piring kertas?,0.7604
98,12,Sedotan menghasilkan sebuah bayangan piring kertas.,Sedotan,menghasilkan,sebuah bayangan piring kertas,,Apa yang Sedotan hasilkan?,0.4427
98,13,Tio menandai letak bayangan pakai spidol.,Tio,menandai,letak bayangan,,Siapa yang menandai letak bayangan?,0.6282
98,13,Tio menandai letak bayangan pakai spidol.,Tio,menandai,letak bayangan,,Apa yang Tio tandai?,0.4863
98,14,Tio menulis penunjuk tanda waktu tersebut.,Tio,menulis,penunjuk tanda waktu tersebut,,Siapa yang menulis penunjuk tanda waktu tersebut?,0.8575
98,14,Tio menulis penunjuk tanda waktu tersebut.,Tio,menulis,penunjuk tanda waktu tersebut,,Apa yang Tio tulis?,0.5402
98,15,Saat ini menunjukkan jam sembilan pagi.,Saat ini,menunjukkan,jam sembilan pagi,,Apa yang menunjukkan jam sembilan pagi?,0.899
98,15,Saat ini menunjukkan jam sembilan pagi.,Saat ini,menunjukkan,jam sembilan pagi,,Apa yang Saat ini tunjukkan?,0.4549
98,16,Satu jam kemudian mereka mengecek piring.,mereka,mengecek,piring,satu jam kemudian,Siapa yang mengecek piring satu jam kemudian?,0.8208
98,16,Satu jam kemudian mereka mengecek piring.,mereka,mengecek,piring,satu jam kemudian,Apa yang mereka mengecek satu jam kemudian?,0.7348
98,17,Bayangan garis sedotan berpindah posisi sedikit ke kanan.,Bayangan garis sedotan,berpindah,posisi,sedikit ke kanan,Apa yang berpindah posisi sedikit ke kanan?,0.8245
98,17,Bayangan garis sedotan berpindah posisi sedikit ke kanan.,Bayangan garis sedotan,berpindah,posisi,sedikit ke kanan,Apa yang Bayangan garis sedotan pindah sedikit ke kanan?,0.909
98,17,Bayangan garis sedotan berpindah posisi sedikit ke kanan.,Bayangan garis sedotan,berpindah,posisi,sedikit ke kanan,Ke mana Bayangan garis sedotan berpindah posisi?,0.8734
98,18,Matahari bola telah bergerak naik lebih tinggi.,Matahari bola,telah bergerak naik,,,Apa yang telah bergerak naik?,0.3891
98,19,Tio kembali menandai letak bayangan baru.,Tio,menandai,letak bayangan baru,kembali,Siapa yang menandai letak bayangan baru kembali?,0.8765
98,19,Tio kembali menandai letak bayangan baru.,Tio,menandai,letak bayangan baru,kembali,Apa yang Tio tandai kembali?,0.5581
98,20,Tio menulis angka sepuluh tanda kedua.,Tio,menulis,angka sepuluh tanda kedua,,Siapa yang menulis angka sepuluh tanda kedua?,0.76
98,20,Tio menulis angka sepuluh tanda kedua.,Tio,menulis,angka sepuluh tanda kedua,,Apa yang Tio tulis?,0.4707
98,21,Jam matahari buatan berhasil berfungsi dengan baik.,Jam matahari buatan,berhasil berfungsi,,,Apa yang berhasil berfungsi?,0.2681
98,22,Waktu hari dapat diukur panjangnya dari letak bayangan.,,dapat diukur,panjang nya,dari letak bayangan,Dari mana  dapat diukur panjang nya?,0.4891
98,23,Orang zaman dahulu sering menggunakan cara ini.,Orang zaman,menggunakan,cara ini,dahulu sering,Apa yang menggunakan cara ini dahulu sering?,0.7919
98,23,Orang zaman dahulu sering menggunakan cara ini.,Orang zaman,menggunakan,cara ini,dahulu sering,Apa yang Orang zaman gunakan dahulu sering?,0.7933
98,24,Siswa sangat antusias pada proyek sains alam.,Siswa,antusias,,sangat,Apa yang antusias sangat?,0.3972
98,25,Tio membawa hasil jam matahari pulang.,Tio,membawa,hasil jam matahari,,Siapa yang membawa hasil jam matahari?,0.7292
98,25,Tio membawa hasil jam matahari pulang.,Tio,membawa,hasil jam matahari,,Apa yang Tio bawa?,0.4872
99,1,Luna memiliki toko seperangkat set cat air.,Luna,memiliki,toko seperangkat set cat air,,Apa yang memiliki toko seperangkat set cat air?,0.6
99,1,Luna memiliki toko seperangkat set cat air.,Luna,memiliki,toko seperangkat set cat air,,Apa yang Luna miliki?,0.5783
99,2,Luna ingin melukis pemandangan.,Luna,ingin melukis,pemandangan,,Apa yang ingin melukis pemandangan?,0.6762
99,2,Luna ingin melukis pemandangan.,Luna,ingin melukis,pemandangan,,Apa yang Luna lukis?,0.7994
99,3,Luna menyiapkan kertas tebal di atas meja.,Luna,menyiapkan,kertas tebal,di atas meja,Apa yang menyiapkan kertas tebal di atas meja?,0.8417
99,3,Luna menyiapkan kertas tebal di atas meja.,Luna,menyiapkan,kertas tebal,di atas meja,Apa yang Luna siapkan di atas meja?,0.6196
99,3,Luna menyiapkan kertas tebal di atas meja.,Luna,menyiapkan,kertas tebal,di atas meja,Di mana Luna menyiapkan kertas tebal?,0.7126
99,4,Luna mengambil kuas tebal halus di dalam kotak.,Luna,mengambil,kuas tebal halus,di dalam kotak,Apa yang mengambil kuas tebal halus di dalam kotak?,0.7004
99,4,Luna mengambil kuas tebal halus di dalam kotak.,Luna,mengambil,kuas tebal halus,di dalam kotak,Apa yang Luna ambil di dalam kotak?,0.7894
99,4,Luna mengambil kuas tebal halus di dalam kotak.,Luna,mengambil,kuas tebal halus,di dalam kotak,Di mana Luna mengambil kuas tebal halus?,0.7499
99,5,Luna membasahi permukaan lembar kertas air.,Luna,membasahi,permukaan lembar kertas air,,Apa yang membasahi permukaan lembar kertas air?,0.684
99,5,Luna membasahi permukaan lembar kertas air.,Luna,membasahi,permukaan lembar kertas air,,Apa yang Luna basahi?,0.6247
99,6,Luna mencelupkan kuas ke kotak cat hitam.,Luna,mencelupkan,kuas,ke kotak cat hitam,Apa yang mencelupkan kuas ke kotak cat hitam?,0.681
99,6,Luna mencelupkan kuas ke kotak cat hitam.,Luna,mencelupkan,kuas,ke kotak cat hitam,Apa yang Luna celupkan ke kotak cat hitam?,0.8602
99,6,Luna mencelupkan kuas ke kotak cat hitam.,Luna,mencelupkan,kuas,ke kotak cat hitam,Ke mana Luna mencelupkan kuas?,0.5517
99,7,Luna menyapukan kuas warna ke kertas basah.,Luna,menyapukan,kuas warna,ke kertas basah,Apa yang menyapukan kuas warna ke kertas basah?,0.7506
99,7,Luna menyapukan kuas warna ke kertas basah.,Luna,menyapukan,kuas warna,ke kertas basah,Apa yang Luna sapukan ke kertas basah?,0.8106
99,7,Luna menyapukan kuas warna ke kertas basah.,Luna,menyapukan,kuas warna,ke kertas basah,Ke mana Luna menyapukan kuas warna?,0.6381
99,8,Cat pigmen hitam menyebar membentuk langit kelam.,Cat pigmen hitam,menyebar membentuk,langit kelam,,Apa yang menyebar membentuk langit kelam?,0.5762
99,8,Cat pigmen hitam menyebar membentuk langit kelam.,Cat pigmen hitam,menyebar membentuk,langit kelam,,Apa yang Cat pigmen hitam sebar?,0.7021
99,9,Luna menambahkan warna nila dan biru tua.,Luna,menambahkan,warna nila,,Apa yang menambahkan warna nila?,0.521
99,9,Luna menambahkan warna nila dan biru tua.,Luna,menambahkan,warna nila,,Apa yang Luna tambahkan?,0.665
99,10,Luna mengeringkan kertas gambar dengan hawa angin.,Luna,mengeringkan,kertas gambar,dengan hawa angin,Apa yang mengeringkan kertas gambar dengan hawa angin?,0.7208
99,10,Luna mengeringkan kertas gambar dengan hawa angin.,Luna,mengeringkan,kertas gambar,dengan hawa angin,Apa yang Luna keringkan dengan hawa angin?,0.7177
99,12,Luna mengambil sikat gigi bersih bekas.,Luna,mengambil,sikat gigi bersih bekas,,Apa yang mengambil sikat gigi bersih bekas?,0.6542
99,12,Luna mengambil sikat gigi bersih bekas.,Luna,mengambil,sikat gigi bersih bekas,,Apa yang Luna ambil?,0.5853
99,13,Luna mencelupkan sikat bulu cat putih.,Luna,mencelupkan,sikat bulu cat putih,,Apa yang mencelupkan sikat bulu cat putih?,0.5631
99,13,Luna mencelupkan sikat bulu cat putih.,Luna,mencelupkan,sikat bulu cat putih,,Apa yang Luna celupkan?,0.6732
99,14,Luna mendekatkan sikat jari kertas gambar.,Luna,mendekatkan,sikat jari kertas gambar,,Apa yang mendekatkan sikat jari kertas gambar?,0.835
99,14,Luna mendekatkan sikat jari kertas gambar.,Luna,mendekatkan,sikat jari kertas gambar,,Apa yang Luna dekatkan?,0.3632
99,15,Luna menggesek bulu sikat menggunakan jempolnya.,Luna,menggesek menggunakan,jempol nya,,Apa yang menggesek menggunakan jempol nya?,0.2519
99,15,Luna menggesek bulu sikat menggunakan jempolnya.,Luna,menggesek menggunakan,jempol nya,,Apa yang Luna gesekkan?,0.7156
99,16,Cipratan bintik kecil cat menghujani kertas gambar.,Cipratan bintik kecil cat,menghujani,kertas gambar,,Apa yang menghujani kertas gambar?,0.8124
99,16,Cipratan bintik kecil cat menghujani kertas gambar.,Cipratan bintik kecil cat,menghujani,kertas gambar,,Apa yang Cipratan bintik kecil cat hujani?,0.5155
99,18,Luna menggambar bulan bentuk sabit di pojok.,Luna,menggambar,bulan bentuk sabit,di pojok,Apa yang menggambar bulan bentuk sabit di pojok?,0.6715
99,18,Luna menggambar bulan bentuk sabit di pojok.,Luna,menggambar,bulan bentuk sabit,di pojok,Apa yang Luna gambar di pojok?,0.6898
99,18,Luna menggambar bulan bentuk sabit di pojok.,Luna,menggambar,bulan bentuk sabit,di pojok,Di mana Luna menggambar bulan bentuk sabit?,0.8936
99,20,Luna melukis siluet bentuk pohon pinus.,Luna,melukis,siluet bentuk pohon pinus,,Apa yang melukis siluet bentuk pohon pinus?,0.7955
99,20,Luna melukis siluet bentuk pohon pinus.,Luna,melukis,siluet bentuk pohon pinus,,Apa yang Luna lukis?,0.5615
99,22,Lukisan kertas langit berbintang Luna sudah kering.,Lukisan kertas langit berbintang Luna,sudah kering,,,Apa yang sudah kering?,0.4091
99,23,Ibu memuji lukisan karya anak perempuannya.,Ibu,memuji,lukisan karya anak perempuan nya,,Siapa yang memuji lukisan karya anak perempuan nya?,0.8968
99,23,Ibu memuji lukisan karya anak perempuannya.,Ibu,memuji,lukisan karya anak perempuan nya,,Apa yang Ibu puji?,0.0435
99,24,Luna mencuci perabotan kuas di wastafel dapur.,Luna,mencuci,perabotan kuas,di wastafel dapur,Apa yang mencuci perabotan kuas di wastafel dapur?,0.7691
99,24,Luna mencuci perabotan kuas di wastafel dapur.,Luna,mencuci,perabotan kuas,di wastafel dapur,Apa yang Luna cuci di wastafel dapur?,0.7292
99,24,Luna mencuci perabotan kuas di wastafel dapur.,Luna,mencuci,perabotan kuas,di wastafel dapur,Di mana Luna mencuci perabotan kuas?,0.7062
99,25,Luna meletakkan lukisan di meja belajar.,Luna,meletakkan,lukisan,di meja belajar,Apa yang meletakkan lukisan di meja belajar?,0.7144
99,25,Luna meletakkan lukisan di meja belajar.,Luna,meletakkan,lukisan,di meja belajar,Apa yang Luna letakkan di meja belajar?,0.7708
99,25,Luna meletakkan lukisan di meja belajar.,Luna,meletakkan,lukisan,di meja belajar,Di mana Luna meletakkan lukisan?,0.7148
100,1,Bobi memiliki keranjang mainan kotak balok.,Bobi,memiliki,keranjang mainan kotak balok,,Siapa yang memiliki keranjang mainan kotak balok?,0.7898
100,1,Bobi memiliki keranjang mainan kotak balok.,Bobi,memiliki,keranjang mainan kotak balok,,Apa yang Bobi miliki?,0.6095
100,2,Sore ini Bobi bermain kayu warna-warni.,Bobi,bermain,kayu warna-warni,,Siapa yang bermain kayu warna-warni?,0.6875
100,2,Sore ini Bobi bermain kayu warna-warni.,Bobi,bermain,kayu warna-warni,,Apa yang Bobi main?,0.771
100,3,Bobi ingin membangun menara yang sangat tinggi.,Bobi,ingin membangun,menara yang sangat tinggi,sangat,Siapa yang ingin membangun menara yang sangat tinggi sangat?,0.8163
100,3,Bobi ingin membangun menara yang sangat tinggi.,Bobi,ingin membangun,menara yang sangat tinggi,sangat,Apa yang Bobi bangun sangat?,0.3716
100,4,Bobi meletakkan tiga balok datar sebagai pondasi.,Bobi,meletakkan,tiga balok datar pondasi,,Siapa yang meletakkan tiga balok datar pondasi?,0.7088
100,4,Bobi meletakkan tiga balok datar sebagai pondasi.,Bobi,meletakkan,tiga balok datar pondasi,,Apa yang Bobi letakkan?,0.5911
100,5,Bobi menaruh tiga balok lain di atasnya.,Bobi,menaruh,tiga balok lain,di atas nya,Siapa yang menaruh tiga balok lain di atas nya?,0.7664
100,5,Bobi menaruh tiga balok lain di atasnya.,Bobi,menaruh,tiga balok lain,di atas nya,Apa yang Bobi taruh di atas nya?,0.6844
100,5,Bobi menaruh tiga balok lain di atasnya.,Bobi,menaruh,tiga balok lain,di atas nya,Di mana Bobi menaruh tiga balok lain?,0.8772
100,7,Menara balok tumbuh menjulang ke arah atas.,Menara balok,tumbuh,,ke arah atas,Apa yang tumbuh ke arah atas?,0.5847
100,7,Menara balok tumbuh menjulang ke arah atas.,Menara balok,tumbuh,,ke arah atas,Ke mana Menara balok tumbuh ?,0.7537
100,8,Bobi menambahkan balok bulat silinder bertingkat.,Bobi,menambahkan,balok bulat silinder bertingkat,,Siapa yang menambahkan balok bulat silinder bertingkat?,0.8063
100,8,Bobi menambahkan balok bulat silinder bertingkat.,Bobi,menambahkan,balok bulat silinder bertingkat,,Apa yang Bobi tambahkan?,0.4974
100,9,Tangan jari Bobi menyusun kayu dengan sangat hati-hati.,Tangan jari Bobi,menyusun,kayu,dengan hati-hati sangat hati-hati,Apa yang menyusun kayu dengan hati-hati sangat hati-hati?,0.7295
100,9,Tangan jari Bobi menyusun kayu dengan sangat hati-hati.,Tangan jari Bobi,menyusun,kayu,dengan hati-hati sangat hati-hati,Apa yang Tangan jari Bobi susun dengan hati-hati sangat hati-hati?,0.6222
100,10,Menara pucuk kayu melebihi tinggi kepala Bobi.,Menara pucuk kayu,melebihi,kepala Bobi,tinggi,Apa yang melebihi kepala Bobi tinggi?,0.6426
100,10,Menara pucuk kayu melebihi tinggi kepala Bobi.,Menara pucuk kayu,melebihi,kepala Bobi,tinggi,Siapa yang Menara pucuk kayu lebihi tinggi?,0.7898
100,11,Bobi menambahkan kotak kuning di atas.,Bobi,menambahkan,kotak kuning,di atas,Siapa yang menambahkan kotak kuning di atas?,0.811
100,11,Bobi menambahkan kotak kuning di atas.,Bobi,menambahkan,kotak kuning,di atas,Apa yang Bobi tambahkan di atas?,0.6361
100,11,Bobi menambahkan kotak kuning di atas.,Bobi,menambahkan,kotak kuning,di atas,Di mana Bobi menambahkan kotak kuning?,0.9091
100,12,Bobi meletakkan balok lancip segitiga sebagai penutup.,Bobi,meletakkan,balok lancip segitiga,sebagai penutup,Siapa yang meletakkan balok lancip segitiga sebagai penutup?,0.774
100,12,Bobi meletakkan balok lancip segitiga sebagai penutup.,Bobi,meletakkan,balok lancip segitiga,sebagai penutup,Apa yang Bobi letakkan sebagai penutup?,0.6207
100,13,Menara balok kayu berdiri tegap di ubin teras.,Menara balok kayu,berdiri,,tegap di ubin teras,Apa yang berdiri tegap di ubin teras?,0.6562
100,13,Menara balok kayu berdiri tegap di ubin teras.,Menara balok kayu,berdiri,,tegap di ubin teras,Di mana Menara balok kayu berdiri ?,0.7892
100,14,Kucing peliharaan Bobi mendekat ke area.,Kucing peliharaan Bobi,mendekat,,ke area,Apa yang mendekat ke area?,0.2846
100,14,Kucing peliharaan Bobi mendekat ke area.,Kucing peliharaan Bobi,mendekat,,ke area,Ke mana Kucing peliharaan Bobi mendekat ?,0.8825
100,15,Kucing nakal itu bernama Moli si ekor panjang.,Kucing nakal itu,bernama,Moli si ekor panjang,,Apa yang bernama Moli si ekor panjang?,0.6172
100,15,Kucing nakal itu bernama Moli si ekor panjang.,Kucing nakal itu,bernama,Moli si ekor panjang,,Siapa yang Kucing nakal itu nama?,0.7153
100,16,Moli menggesekkan tubuhnya di sisi pinggir menara.,Moli,menggesekkan,tubuh nya,di sisi pinggir menara,Siapa yang menggesekkan tubuh nya di sisi pinggir menara?,0.7771
100,16,Moli menggesekkan tubuhnya di sisi pinggir menara.,Moli,menggesekkan,tubuh nya,di sisi pinggir menara,Apa yang Moli gesekkan di sisi pinggir menara?,0.7425
100,16,Moli menggesekkan tubuhnya di sisi pinggir menara.,Moli,menggesekkan,tubuh nya,di sisi pinggir menara,Di mana Moli menggesekkan tubuh nya?,0.5057
100,17,Pondasi bawah menara balok bergeser di senggol kucing.,Pondasi bawah menara balok,bergeser,,di senggol kucing,Apa yang bergeser di senggol kucing?,0.6844
100,17,Pondasi bawah menara balok bergeser di senggol kucing.,Pondasi bawah menara balok,bergeser,,di senggol kucing,Di mana Pondasi bawah menara balok bergeser ?,0.6516
100,18,Menara balok bergoyang miring ke arah kiri.,Menara balok,bergoyang,,miring ke arah kiri,Apa yang bergoyang miring ke arah kiri?,0.5747
100,18,Menara balok bergoyang miring ke arah kiri.,Menara balok,bergoyang,,miring ke arah kiri,Ke mana Menara balok bergoyang ?,0.7517
100,19,Suara benturan keras terdengar jatuh dari lantai.,,terdengar jatuh,,dari lantai,Dari mana  terdengar jatuh ?,0.7219
100,20,Menara runtuh menutupi bersih teras rumah.,Menara,runtuh menutupi,teras rumah,,Siapa yang runtuh menutupi teras rumah?,0.5006
100,20,Menara runtuh menutupi bersih teras rumah.,Menara,runtuh menutupi,teras rumah,,Apa yang Menara runtuhi?,0.4751
100,21,Moli panik mendengar suara balok jatuh.,Moli,panik mendengar,suara balok,,Siapa yang panik mendengar suara balok?,0.878
100,21,Moli panik mendengar suara balok jatuh.,Moli,panik mendengar,suara balok,,Apa yang Moli panik?,0.802
100,22,Bobi hanya tertawa geli melihat kucingnya.,Bobi,tertawa melihat,kucing nya,hanya,Siapa yang tertawa melihat kucing nya hanya?,0.8494
100,22,Bobi hanya tertawa geli melihat kucingnya.,Bobi,tertawa melihat,kucing nya,hanya,Apa yang Bobi tertawa hanya?,0.6933
100,24,Bobi memasukkan balok ke dalam keranjang mainan plastik.,Bobi,memasukkan,balok,ke dalam keranjang mainan plastik,Siapa yang memasukkan balok ke dalam keranjang mainan plastik?,0.8078
100,24,Bobi memasukkan balok ke dalam keranjang mainan plastik.,Bobi,memasukkan,balok,ke dalam keranjang mainan plastik,Apa yang Bobi masukkan ke dalam keranjang mainan plastik?,0.9188
100,24,Bobi memasukkan balok ke dalam keranjang mainan plastik.,Bobi,memasukkan,balok,ke dalam keranjang mainan plastik,Ke mana Bobi memasukkan balok?,0.493
100,25,Bobi kembali merangkai pondasi awal balok.,Bobi,merangkai,pondasi awal balok,kembali,Siapa yang merangkai pondasi awal balok kembali?,0.6005
100,25,Bobi kembali merangkai pondasi awal balok.,Bobi,merangkai,pondasi awal balok,kembali,Apa yang Bobi rangkai kembali?,0.7804
101,1,Cendol gula aren ini lezat sekali.,Cendol gula aren ini,lezat,,sekali,Apa yang lezat sekali?,0.6205
101,2,Bapak mau ke toko perlengkapan sepeda dulu.,Bapak,mau,,ke toko perlengkapan sepeda dulu,Siapa yang mau ke toko perlengkapan sepeda dulu?,0.9275
101,2,Bapak mau ke toko perlengkapan sepeda dulu.,Bapak,mau,,ke toko perlengkapan sepeda dulu,Ke mana Bapak mau ?,0.4104
101,3,Bobo mengagetkan Paman saja.,Bobo,mengagetkan,Paman,saja,Siapa yang mengagetkan Paman saja?,0.6886
101,3,Bobo mengagetkan Paman saja.,Bobo,mengagetkan,Paman,saja,Siapa yang Bobo agetkan saja?,0.8728
101,4,Penyelidikan Paman sudah selesai.,Penyelidikan Paman,sudah selesai,,,Siapa yang sudah selesai?,0.5778
101,6,Paman Dick Selidik membelikan Bobo es krim.,Paman Dick Selidik,membelikan,Bobo es krim,,Siapa yang membelikan Bobo es krim?,0.8692
101,6,Paman Dick Selidik membelikan Bobo es krim.,Paman Dick Selidik,membelikan,Bobo es krim,,Siapa yang Paman Dick Selidik belikan?,0.5853
101,7,Mereka suka bersama.,Mereka,suka,,bersama,Siapa yang suka bersama?,0.7161
101,8,Mereka suka rumput.,Mereka,suka,rumput,,Siapa yang suka rumput?,0.8519
101,8,Mereka suka rumput.,Mereka,suka,rumput,,Apa yang Mereka suka?,0.4205
101,9,Aku ada sepeda kecil.,Aku,ada,sepeda kecil,,Siapa yang ada sepeda kecil?,0.8387
101,9,Aku ada sepeda kecil.,Aku,ada,sepeda kecil,,Apa yang Aku ada?,0.2927
101,10,Ayah ada sepeda besar.,Ayah,ada,sepeda besar,,Siapa yang ada sepeda besar?,0.8101
101,10,Ayah ada sepeda besar.,Ayah,ada,sepeda besar,,Apa yang Ayah ada?,0.1353
101,11,Motor bisa melaju lebih cepat dari sepeda.,Motor,bisa melaju,,lebih cepat dari sepeda,Siapa yang bisa melaju lebih cepat dari sepeda?,0.7783
101,11,Motor bisa melaju lebih cepat dari sepeda.,Motor,bisa melaju,,lebih cepat dari sepeda,Dari mana Motor bisa melaju ?,0.6071
101,12,Motor dapat kejar mobil.,Motor,dapat kejar,mobil,,Siapa yang dapat kejar mobil?,0.6695
101,12,Motor dapat kejar mobil.,Motor,dapat kejar,mobil,,Apa yang Motor kejar?,0.6925
101,13,Ada mobil di jalan juga.,,Ada,mobil,juga di jalan juga,Di mana  Ada mobil?,0.7186
101,15,Ada jalan rusak di depan.,,Ada,jalan rusak,di depan,Di mana  Ada jalan rusak?,0.8502
101,16,Aku juga bisa bawa eskavator.,Aku,bisa bawa,eskavator,juga,Siapa yang bisa bawa eskavator juga?,0.7
101,16,Aku juga bisa bawa eskavator.,Aku,bisa bawa,eskavator,juga,Apa yang Aku bawa juga?,0.5795
101,18,"Suatu hari, Ibu Kambing pergi keluar.",Ibu Kambing,pergi keluar,,"suatu hari ,","Siapa yang pergi keluar suatu hari ,?",0.4505
101,19,Ibu Kambing meninggalkan Anak-anak Kambing sendirian di rumah.,Ibu Kambing,meninggalkan,Anak-anak Kambing sendirian,di rumah,Siapa yang meninggalkan Anak-anak Kambing sendirian di rumah?,0.8051
101,19,Ibu Kambing meninggalkan Anak-anak Kambing sendirian di rumah.,Ibu Kambing,meninggalkan,Anak-anak Kambing sendirian,di rumah,Siapa yang Ibu Kambing tinggalkan di rumah?,0.7366
101,19,Ibu Kambing meninggalkan Anak-anak Kambing sendirian di rumah.,Ibu Kambing,meninggalkan,Anak-anak Kambing sendirian,di rumah,Di mana Ibu Kambing meninggalkan Anak-anak Kambing sendirian?,0.7954
101,20,Ibu Kambing berhasil mengusir si Serigala Peniru.,Ibu Kambing,berhasil mengusir,si Serigala,,Siapa yang berhasil mengusir si Serigala?,0.6529
101,20,Ibu Kambing berhasil mengusir si Serigala Peniru.,Ibu Kambing,berhasil mengusir,si Serigala,,Siapa yang Ibu Kambing berhasil?,0.7757
101,21,Pada Suatu pagi yang cerah banyak binatang menuju sumber air.Binatang-binatang itu mengelilingi telaga.,Pada Suatu pagi yang cerah Binatang-binatang itu telaga,binatang,,yang cerah banyak,Apa yang binatang yang cerah banyak?,0.5734
101,22,Mereka memperhatikan sang Badak.,Mereka,memperhatikan,sang Badak,,Siapa yang memperhatikan sang Badak?,0.7396
101,22,Mereka memperhatikan sang Badak.,Mereka,memperhatikan,sang Badak,,Siapa yang Mereka perhatikan?,0.5175
101,23,Aku punya tanduk.,Aku,punya,tanduk,,Siapa yang punya tanduk?,0.6033
101,23,Aku punya tanduk.,Aku,punya,tanduk,,Apa yang Aku punya?,0.5387
101,24,Badak Segera bangun.,Badak,bangun,,Segera,Siapa yang bangun Segera?,0.8314
101,25,Kancil mendekat ke arah badak.,Kancil,mendekat,,ke arah badak,Siapa yang mendekat ke arah badak?,0.7367
101,25,Kancil mendekat ke arah badak.,Kancil,mendekat,,ke arah badak,Ke mana Kancil mendekat ?,0.6632
101,26,Tuan besar berkubang di selokan kecil.,Tuan besar,berkubang,,di selokan kecil,Apa yang berkubang di selokan kecil?,0.6386
101,26,Tuan besar berkubang di selokan kecil.,Tuan besar,berkubang,,di selokan kecil,Di mana Tuan besar berkubang ?,0.79
101,27,Musang berjalan mengelilingi tembok bangunan gudang.,Musang,berjalan mengelilingi,tembok bangunan gudang,,Siapa yang berjalan mengelilingi tembok bangunan gudang?,0.8677
101,27,Musang berjalan mengelilingi tembok bangunan gudang.,Musang,berjalan mengelilingi,tembok bangunan gudang,,Apa yang Musang jalani?,0.2757
101,28,Musang masuk ke ruangan gudang.,Musang,masuk,,ke ruangan gudang,Siapa yang masuk ke ruangan gudang?,0.7821
101,28,Musang masuk ke ruangan gudang.,Musang,masuk,,ke ruangan gudang,Ke mana Musang masuk ?,0.5245
101,29,Dia mencari musang itu.,Dia,mencari,musang itu,,Siapa yang mencari musang itu?,0.6794
101,29,Dia mencari musang itu.,Dia,mencari,musang itu,,Apa yang Dia cari?,0.7472
101,30,Pemilik gudang mengejar Musang sambil membawa kayu.,Pemilik gudang,mengejar membawa,kayu,,Apa yang mengejar membawa kayu?,0.698
101,30,Pemilik gudang mengejar Musang sambil membawa kayu.,Pemilik gudang,mengejar membawa,kayu,,Apa yang Pemilik gudang kejar?,0.5769
101,31,Pemilik gudang menangkap Musang.,Pemilik gudang,menangkap,Musang,,Apa yang menangkap Musang?,0.6854
101,31,Pemilik gudang menangkap Musang.,Pemilik gudang,menangkap,Musang,,Siapa yang Pemilik gudang tangkap?,0.6619
101,32,Ki Manhadong duduk termenung di tepi sungai.,Ki Manhadong,duduk,,di tepi sungai,Siapa yang duduk di tepi sungai?,0.664
101,32,Ki Manhadong duduk termenung di tepi sungai.,Ki Manhadong,duduk,,di tepi sungai,Di mana Ki Manhadong duduk ?,0.6875
101,33,Ki manhadong bangun.,Ki manhadong,bangun,,,Siapa yang bangun?,0.5538
102,1,"Pada zaman dahulu kala, sebuah Keluarga memakan salak.",sebuah Keluarga,memakan,salak,,Apa yang memakan salak?,0.517
102,1,"Pada zaman dahulu kala, sebuah Keluarga memakan salak.",sebuah Keluarga,memakan,salak,,Apa yang sebuah Keluarga makan?,0.7389
102,2,"Suatu hari, sang Ayah meninggal dunia.",sang Ayah,meninggal,dunia,"suatu hari ,","Apa yang meninggal dunia suatu hari ,?",0.7007
102,2,"Suatu hari, sang Ayah meninggal dunia.",sang Ayah,meninggal,dunia,"suatu hari ,","Apa yang sang Ayah tinggal suatu hari ,?",0.7005
102,3,Ia dimakamkan di pemakaman umum tepi kota yang cukup jauh.,,dimakamkan,,di pemakaman umum tepi kota yang cukup jauh cukup,Di mana  dimakamkan ?,0.3611
102,4,Pada hari ketujuh setelah sang Ayah wafat.,sang Ayah,wafat,,,Apa yang wafat?,0.5051
102,5,Ibu ketiga anak itu masih sedih.,Ibu ketiga anak itu,sedih,,masih,Apa yang sedih masih?,0.6152
102,6,Ia ingin membawa bunga ke makam suaminya.,Ia,ingin membawa,bunga,ke makam suami,Siapa yang ingin membawa bunga ke makam suami?,0.7956
102,6,Ia ingin membawa bunga ke makam suaminya.,Ia,ingin membawa,bunga,ke makam suami,Apa yang Ia bawa ke makam suami?,0.6928
102,6,Ia ingin membawa bunga ke makam suaminya.,Ia,ingin membawa,bunga,ke makam suami,Ke mana Ia ingin membawa bunga?,0.6939
102,7,Ia berpesan pada ketiga anaknya.,Ia,berpesan,,pada ketiga anak,Siapa yang berpesan pada ketiga anak?,0.7519
102,8,Ibu pergi membawa bunga untuk makam Ayah.,Ibu,pergi membawa,bunga,untuk makam ayah,Siapa yang pergi membawa bunga untuk makam ayah?,0.8728
102,8,Ibu pergi membawa bunga untuk makam Ayah.,Ibu,pergi membawa,bunga,untuk makam ayah,Apa yang Ibu pergi untuk makam ayah?,0.6075
102,9,Ibu pergi kalian harus saling menjaga.,Ibu pergi kalian,harus menjaga,,saling,Apa yang harus menjaga saling?,0.6462
102,11,Dia pandai menyamar jadi manusia.,Dia,menyamar jadi,manusia,pandai,Siapa yang menyamar jadi manusia pandai?,0.6571
102,11,Dia pandai menyamar jadi manusia.,Dia,menyamar jadi,manusia,pandai,Apa yang Dia samari pandai?,0.5728
102,12,Dia meniru suara dan rupa.,Dia,meniru,suara,,Siapa yang meniru suara?,0.7118
102,12,Dia meniru suara dan rupa.,Dia,meniru,suara,,Apa yang Dia tiru?,0.4221
102,13,Kalian harus berhati-hati.,Kalian,harus berhati-hati,,,Siapa yang harus berhati-hati?,0.7418
102,14,Ketiga anak itu berjanji akan berhati-hati.,Ketiga anak itu,berjanji berhati-hati,,,Apa yang berjanji berhati-hati?,0.5317
102,15,Mereka mengantar Ibu mereka di muka rumah.,Mereka,mengantar,Ibu mereka,di muka rumah,Siapa yang mengantar Ibu mereka di muka rumah?,0.828
102,15,Mereka mengantar Ibu mereka di muka rumah.,Mereka,mengantar,Ibu mereka,di muka rumah,Siapa yang Mereka antar di muka rumah?,0.5093
102,15,Mereka mengantar Ibu mereka di muka rumah.,Mereka,mengantar,Ibu mereka,di muka rumah,Di mana Mereka mengantar Ibu mereka?,0.7442
102,16,Sang Ibu memerhatikan ketiga anaknya dari jauh dengan agak cemas.,Sang Ibu,memerhatikan,ketiga anak nya jauh,dengan cemas,Apa yang memerhatikan ketiga anak nya jauh dengan cemas?,0.7682
102,16,Sang Ibu memerhatikan ketiga anaknya dari jauh dengan agak cemas.,Sang Ibu,memerhatikan,ketiga anak nya jauh,dengan cemas,Apa yang Sang Ibu perhatikan dengan cemas?,0.6056
102,17,Ia ingin membawa bunga untuk makam suaminya.,Ia,ingin membawa,bunga,untuk makam suami,Siapa yang ingin membawa bunga untuk makam suami?,0.804
102,17,Ia ingin membawa bunga untuk makam suaminya.,Ia,ingin membawa,bunga,untuk makam suami,Apa yang Ia bawa untuk makam suami?,0.6807
102,18,Ia pun pergi dengan hati gelisah.,Ia,pergi,,dengan hati gelisah,Siapa yang pergi dengan hati gelisah?,0.7043
102,19,Raksasa tua datang ke rumah ketiga anak itu.,Raksasa tua,datang,,ke rumah ketiga anak itu,Apa yang datang ke rumah ketiga anak itu?,0.7842
102,19,Raksasa tua datang ke rumah ketiga anak itu.,Raksasa tua,datang,,ke rumah ketiga anak itu,Ke mana Raksasa tua datang ?,0.4796
102,20,Raksasa tua itu menuruti perintah mereka.,Raksasa tua itu,menuruti,perintah mereka,,Apa yang menuruti perintah mereka?,0.6004
102,20,Raksasa tua itu menuruti perintah mereka.,Raksasa tua itu,menuruti,perintah mereka,,Apa yang Raksasa tua itu turuti?,0.6944
102,21,Ketiga anak itu bergantian mengintip di lubang kecil pintu.,Ketiga anak itu,mengintip,,bergantian di lubang kecil pintu,Apa yang mengintip bergantian di lubang kecil pintu?,0.6241
102,21,Ketiga anak itu bergantian mengintip di lubang kecil pintu.,Ketiga anak itu,mengintip,,bergantian di lubang kecil pintu,Di mana Ketiga anak itu mengintip ?,0.7867
102,24,Raksasa tua itu segera pergi dari rumah itu.,Raksasa tua itu,pergi,,segera dari rumah itu,Apa yang pergi segera dari rumah itu?,0.6725
102,24,Raksasa tua itu segera pergi dari rumah itu.,Raksasa tua itu,pergi,,segera dari rumah itu,Dari mana Raksasa tua itu pergi ?,0.6507
102,25,Ia kembali ke rumah ketiga anak itu.,Ia,kembali,,ke rumah ketiga anak itu,Siapa yang kembali ke rumah ketiga anak itu?,0.8159
102,25,Ia kembali ke rumah ketiga anak itu.,Ia,kembali,,ke rumah ketiga anak itu,Ke mana Ia kembali ?,0.423
102,26,Raksasa itu menunjukan tangannya.,Raksasa itu,menunjukan,tangan nya,,Apa yang menunjukan tangan nya?,0.6589
102,26,Raksasa itu menunjukan tangannya.,Raksasa itu,menunjukan,tangan nya,,Apa yang Raksasa itu menunjukan?,0.7088
102,27,Ketiga anak itu mengintip.,Ketiga anak itu,mengintip,,,Apa yang mengintip?,0.3955
102,28,Mereka melihat tangan yang tidak berbulu dan berkulit putih.,Mereka,melihat,tangan yang tidak berbulu dan berkulit putih,tidak,Siapa yang melihat tangan yang tidak berbulu dan berkulit putih tidak?,0.8861
102,28,Mereka melihat tangan yang tidak berbulu dan berkulit putih.,Mereka,melihat,tangan yang tidak berbulu dan berkulit putih,tidak,Apa yang Mereka lihat tidak?,0.4891
102,30,Raksasa jahat itu pergi.,Raksasa jahat itu,pergi,,,Apa yang pergi?,0.4806
102,31,"Ia meminum air rendaman bunga mawar, lalu kembali ke rumah anak-anak itu untuk ketiga kalinya.",Ia,meminum,air rendaman bunga mawar,ke rumah anak-anak itu untuk ketiga kali,Siapa yang meminum air rendaman bunga mawar ke rumah anak-anak itu untuk ketiga kali?,0.7901
102,31,"Ia meminum air rendaman bunga mawar, lalu kembali ke rumah anak-anak itu untuk ketiga kalinya.",Ia,meminum,air rendaman bunga mawar,ke rumah anak-anak itu untuk ketiga kali,Apa yang Ia pinum ke rumah anak-anak itu untuk ketiga kali?,0.5869
102,31,"Ia meminum air rendaman bunga mawar, lalu kembali ke rumah anak-anak itu untuk ketiga kalinya.",Ia,meminum,air rendaman bunga mawar,ke rumah anak-anak itu untuk ketiga kali,Ke mana Ia meminum air rendaman bunga mawar?,0.6509
102,32,Ibu sudah datang.,Ibu,sudah datang,,,Siapa yang sudah datang?,0.6391
102,33,Ketiga anak itu membuka pintu.,Ketiga anak itu,membuka,pintu,,Apa yang membuka pintu?,0.5457
102,33,Ketiga anak itu membuka pintu.,Ketiga anak itu,membuka,pintu,,Apa yang Ketiga anak itu buka?,0.7657
102,34,Raksasa itu merubah wujudnya menjadi Ibu mereka.,Raksasa itu,merubah menjadi,Ibu mereka,,Apa yang merubah menjadi Ibu mereka?,0.7084
102,34,Raksasa itu merubah wujudnya menjadi Ibu mereka.,Raksasa itu,merubah menjadi,Ibu mereka,,Siapa yang Raksasa itu rubahi?,0.474
102,35,Ketiga anak itu membiarkan Ibu palsu itu masuk.,Ketiga anak itu,membiarkan masuk,Ibu palsu itu,,Apa yang membiarkan masuk Ibu palsu itu?,0.6961
102,35,Ketiga anak itu membiarkan Ibu palsu itu masuk.,Ketiga anak itu,membiarkan masuk,Ibu palsu itu,,Siapa yang Ketiga anak itu biar?,0.6845
102,36,Hari sudah malam.,Hari,malam,,sudah,Siapa yang malam sudah?,0.7014
102,37,Si anak bungsu tidur bersama raksasa tua yang kini tampak seperti ibu mereka.,Si anak bungsu,tidur,,bersama raksasa tua yang kini tampak seperti ibu kini,Apa yang tidur bersama raksasa tua yang kini tampak seperti ibu kini?,0.8003
102,38,Anak pertama dan kedua terbangun.,Anak pertama dan kedua,terbangun,,,Apa yang terbangun?,0.551
102,39,Mereka menajamkan telinga.,Mereka,menajamkan,telinga,,Siapa yang menajamkan telinga?,0.7937
102,39,Mereka menajamkan telinga.,Mereka,menajamkan,telinga,,Apa yang Mereka tajamkan?,0.5234
102,40,Mereka mengendap keluar dari kamar.,Mereka,mengendap,,keluar dari kamar,Siapa yang mengendap keluar dari kamar?,0.7392
102,40,Mereka mengendap keluar dari kamar.,Mereka,mengendap,,keluar dari kamar,Dari mana Mereka mengendap ?,0.3783
102,41,Mereka melihat sosok punggung ibu mereka.,Mereka,melihat,sosok punggung ibu mereka,,Siapa yang melihat sosok punggung ibu mereka?,0.9001
102,41,Mereka melihat sosok punggung ibu mereka.,Mereka,melihat,sosok punggung ibu mereka,,Apa yang Mereka lihat?,0.5527
102,42,Ia sedang menyiapkan bahan makanan.,Ia,sedang menyiapkan,bahan makanan,,Siapa yang sedang menyiapkan bahan makanan?,0.7349
102,42,Ia sedang menyiapkan bahan makanan.,Ia,sedang menyiapkan,bahan makanan,,Apa yang Ia siapkan?,0.2642
102,43,Ia memotong-motong sayur.,Ia,memotong-motong,sayur,,Siapa yang memotong-motong sayur?,0.8188
102,43,Ia memotong-motong sayur.,Ia,memotong-motong,sayur,,Apa yang Ia potong?,0.5495
102,44,Ibu memasukkannya rempah-rempah ke dalam air mendidih.,Ibu,memasukkan,rempah-rempah,ke dalam air mendidih,Apa yang memasukkan rempah-rempah ke dalam air mendidih?,0.7717
102,44,Ibu memasukkannya rempah-rempah ke dalam air mendidih.,Ibu,memasukkan,rempah-rempah,ke dalam air mendidih,Apa yang Ibu masukkan ke dalam air mendidih?,0.7275
102,44,Ibu memasukkannya rempah-rempah ke dalam air mendidih.,Ibu,memasukkan,rempah-rempah,ke dalam air mendidih,Ke mana Ibu memasukkan rempah-rempah?,0.4476
102,45,Sang Ibu lalu mengambil pisau daging.,Sang Ibu,mengambil,pisau daging,,Apa yang mengambil pisau daging?,0.7852
102,45,Sang Ibu lalu mengambil pisau daging.,Sang Ibu,mengambil,pisau daging,,Apa yang Sang Ibu ambil?,0.5081
102,46,Ibu sedang menyiapkan sarapan untuk kalian.,Ibu,sedang menyiapkan,sarapan,untuk kalian,Siapa yang sedang menyiapkan sarapan untuk kalian?,0.793
102,46,Ibu sedang menyiapkan sarapan untuk kalian.,Ibu,sedang menyiapkan,sarapan,untuk kalian,Apa yang Ibu siapkan untuk kalian?,0.4139
102,48,Ibu pulang dari perjalanan yang sangat jauh.,Ibu,pulang,,dari perjalanan yang sangat jauh sangat,Apa yang pulang dari perjalanan yang sangat jauh sangat?,0.7626
102,48,Ibu pulang dari perjalanan yang sangat jauh.,Ibu,pulang,,dari perjalanan yang sangat jauh sangat,Dari mana Ibu pulang ?,0.5076
102,49,Ibu mengasah pisau daging.,Ibu,mengasah,pisau daging,,Apa yang mengasah pisau daging?,0.802
102,49,Ibu mengasah pisau daging.,Ibu,mengasah,pisau daging,,Apa yang Ibu asah?,0.3587
102,50,Dinding rumah hancur berlubang.,Dinding rumah,hancur berlubang,,,Apa yang hancur berlubang?,0.6143
102,51,Kepala raksasa itu terjebak di lubang dinding itu.,,terjebak,,di lubang dinding itu,Di mana  terjebak ?,0.4003
102,52,Raksasa itu meronta dan mengamuk.,Raksasa itu,meronta,,,Apa yang meronta?,0.5227
102,53,Ia mencoba menarik kepalanya.,Ia,mencoba menarik,kepala nya,,Siapa yang mencoba menarik kepala nya?,0.7144
102,53,Ia mencoba menarik kepalanya.,Ia,mencoba menarik,kepala nya,,Apa yang Ia coba?,0.5367
102,54,Ia lalu menarik sekuat tenaga.,Ia,menarik,,lalu sekuat tenaga,Siapa yang menarik lalu sekuat tenaga?,0.552
103,1,Pagi hari seekor monyet memakan pisang matang.,seekor monyet,memakan,pisang matang,pagi hari,Apa yang memakan pisang matang pagi hari?,0.768
103,1,Pagi hari seekor monyet memakan pisang matang.,seekor monyet,memakan,pisang matang,pagi hari,Apa yang seekor monyet makan pagi hari?,0.7891
103,1,Pagi hari seekor monyet memakan pisang matang.,seekor monyet,memakan,pisang matang,pagi hari,Kapan seekor monyet memakan pisang matang?,0.9076
103,2,Monyet membawa kelapa ke tepi sungai.,Monyet,membawa,kelapa,ke tepi sungai,Siapa yang membawa kelapa ke tepi sungai?,0.7125
103,2,Monyet membawa kelapa ke tepi sungai.,Monyet,membawa,kelapa,ke tepi sungai,Apa yang Monyet bawa ke tepi sungai?,0.7511
103,2,Monyet membawa kelapa ke tepi sungai.,Monyet,membawa,kelapa,ke tepi sungai,Ke mana Monyet membawa kelapa?,0.7629
103,3,Burung kecil bernyanyi di atas pohon tinggi.,Burung kecil,bernyanyi,,di atas pohon tinggi,Apa yang bernyanyi di atas pohon tinggi?,0.7324
103,3,Burung kecil bernyanyi di atas pohon tinggi.,Burung kecil,bernyanyi,,di atas pohon tinggi,Di mana Burung kecil bernyanyi ?,0.7539
103,4,Pada siang hari monyet beristirahat dengan tenang.,monyet,beristirahat,,pada siang hari dengan tenang,Apa yang beristirahat pada siang hari dengan tenang?,0.5419
103,4,Pada siang hari monyet beristirahat dengan tenang.,monyet,beristirahat,,pada siang hari dengan tenang,Kapan monyet beristirahat ?,0.7992
103,5,Monyet mengambil buah mangga dari keranjang bambu.,Monyet,mengambil,buah mangga,dari keranjang bambu,Siapa yang mengambil buah mangga dari keranjang bambu?,0.7188
103,5,Monyet mengambil buah mangga dari keranjang bambu.,Monyet,mengambil,buah mangga,dari keranjang bambu,Apa yang Monyet ambil dari keranjang bambu?,0.8492
103,5,Monyet mengambil buah mangga dari keranjang bambu.,Monyet,mengambil,buah mangga,dari keranjang bambu,Dari mana Monyet mengambil buah mangga?,0.8626
103,6,Kura kura berjalan ke arah batu besar.,Kura kura,berjalan,,ke arah batu besar,Apa yang berjalan ke arah batu besar?,0.6248
103,6,Kura kura berjalan ke arah batu besar.,Kura kura,berjalan,,ke arah batu besar,Ke mana Kura kura berjalan ?,0.7167
103,7,Pada sore hari monyet bermain air dengan gembira.,monyet,bermain,air,pada sore hari dengan gembira,Apa yang bermain air pada sore hari dengan gembira?,0.574
103,7,Pada sore hari monyet bermain air dengan gembira.,monyet,bermain,air,pada sore hari dengan gembira,Apa yang monyet main pada sore hari dengan gembira?,0.7417
103,8,Monyet melompat dari dahan pohon tua.,Monyet,melompat,,dari dahan pohon tua,Siapa yang melompat dari dahan pohon tua?,0.6607
103,8,Monyet melompat dari dahan pohon tua.,Monyet,melompat,,dari dahan pohon tua,Dari mana Monyet melompat ?,0.7182
103,9,Lebah kecil terbang di sekitar bunga liar.,Lebah kecil,terbang,,di sekitar bunga liar,Apa yang terbang di sekitar bunga liar?,0.7161
103,9,Lebah kecil terbang di sekitar bunga liar.,Lebah kecil,terbang,,di sekitar bunga liar,Di mana Lebah kecil terbang ?,0.7001
103,10,Pada malam hari monyet tidur dengan nyenyak.,monyet,tidur,,pada malam hari dengan nyenyak,Apa yang tidur pada malam hari dengan nyenyak?,0.6015
103,10,Pada malam hari monyet tidur dengan nyenyak.,monyet,tidur,,pada malam hari dengan nyenyak,Kapan monyet tidur ?,0.8157
103,11,Musim hujan datang pada bulan desember.,Musim hujan,datang,,,Apa yang datang?,0.2211
103,12,Monyet melihat pelangi di langit biru.,Monyet,melihat,pelangi,di langit biru,Siapa yang melihat pelangi di langit biru?,0.6828
103,12,Monyet melihat pelangi di langit biru.,Monyet,melihat,pelangi,di langit biru,Apa yang Monyet lihat di langit biru?,0.8239
103,12,Monyet melihat pelangi di langit biru.,Monyet,melihat,pelangi,di langit biru,Di mana Monyet melihat pelangi?,0.8458
103,13,Tupai membawa kacang ke sarang kecil.,Tupai,membawa,kacang,ke sarang kecil,Siapa yang membawa kacang ke sarang kecil?,0.5696
103,13,Tupai membawa kacang ke sarang kecil.,Tupai,membawa,kacang,ke sarang kecil,Apa yang Tupai bawa ke sarang kecil?,0.6981
103,13,Tupai membawa kacang ke sarang kecil.,Tupai,membawa,kacang,ke sarang kecil,Ke mana Tupai membawa kacang?,0.7302
103,14,Pada pagi hari monyet mencuci tangan dengan air bersih.,monyet,mencuci,tangan,pada pagi hari dengan air bersih,Apa yang mencuci tangan pada pagi hari dengan air bersih?,0.6926
103,14,Pada pagi hari monyet mencuci tangan dengan air bersih.,monyet,mencuci,tangan,pada pagi hari dengan air bersih,Apa yang monyet cuci pada pagi hari dengan air bersih?,0.8793
103,14,Pada pagi hari monyet mencuci tangan dengan air bersih.,monyet,mencuci,tangan,pada pagi hari dengan air bersih,Kapan monyet mencuci tangan?,0.8199
103,15,Angin dingin bertiup dari arah bukit hijau.,Angin dingin,bertiup,,dari arah bukit hijau,Apa yang bertiup dari arah bukit hijau?,0.66
103,15,Angin dingin bertiup dari arah bukit hijau.,Angin dingin,bertiup,,dari arah bukit hijau,Dari mana Angin dingin bertiup ?,0.7198
104,1,Pada pagi hari Ahmad membaca buku cerita.,Ahmad,membaca,buku cerita,pada pagi hari,Siapa yang membaca buku cerita pada pagi hari?,0.7063
104,1,Pada pagi hari Ahmad membaca buku cerita.,Ahmad,membaca,buku cerita,pada pagi hari,Apa yang Ahmad baca pada pagi hari?,0.8505
104,1,Pada pagi hari Ahmad membaca buku cerita.,Ahmad,membaca,buku cerita,pada pagi hari,Kapan Ahmad membaca buku cerita?,0.861
104,2,Ahmad membawa tas sekolah ke ruang kelas.,Ahmad,membawa,tas sekolah,ke ruang kelas,Siapa yang membawa tas sekolah ke ruang kelas?,0.7675
104,2,Ahmad membawa tas sekolah ke ruang kelas.,Ahmad,membawa,tas sekolah,ke ruang kelas,Apa yang Ahmad bawa ke ruang kelas?,0.7533
104,2,Ahmad membawa tas sekolah ke ruang kelas.,Ahmad,membawa,tas sekolah,ke ruang kelas,Ke mana Ahmad membawa tas sekolah?,0.8142
104,3,Ibu memasak sup hangat di dapur rumah.,Ibu,memasak,sup hangat,di dapur rumah,Apa yang memasak sup hangat di dapur rumah?,0.7954
104,3,Ibu memasak sup hangat di dapur rumah.,Ibu,memasak,sup hangat,di dapur rumah,Apa yang Ibu pasak di dapur rumah?,0.4486
104,3,Ibu memasak sup hangat di dapur rumah.,Ibu,memasak,sup hangat,di dapur rumah,Di mana Ibu memasak sup hangat?,0.6848
104,4,Pada siang hari Ahmad bermain lompat tali dengan teman teman.,Ahmad,bermain,lompat tali,pada siang hari dengan teman,Siapa yang bermain lompat tali pada siang hari dengan teman?,0.7115
104,4,Pada siang hari Ahmad bermain lompat tali dengan teman teman.,Ahmad,bermain,lompat tali,pada siang hari dengan teman,Apa yang Ahmad main pada siang hari dengan teman?,0.653
104,4,Pada siang hari Ahmad bermain lompat tali dengan teman teman.,Ahmad,bermain,lompat tali,pada siang hari dengan teman,Kapan Ahmad bermain lompat tali?,0.6879
104,5,Ahmad mengambil pensil dari dalam laci meja.,Ahmad,mengambil,pensil,dari dalam laci meja,Siapa yang mengambil pensil dari dalam laci meja?,0.7386
104,5,Ahmad mengambil pensil dari dalam laci meja.,Ahmad,mengambil,pensil,dari dalam laci meja,Apa yang Ahmad ambil dari dalam laci meja?,0.7298
104,5,Ahmad mengambil pensil dari dalam laci meja.,Ahmad,mengambil,pensil,dari dalam laci meja,Dari mana Ahmad mengambil pensil?,0.8419
104,6,Burung pipit hinggap di atas pagar kayu.,Burung pipit,hinggap,,di atas pagar kayu,Apa yang hinggap di atas pagar kayu?,0.668
104,6,Burung pipit hinggap di atas pagar kayu.,Burung pipit,hinggap,,di atas pagar kayu,Di mana Burung pipit hinggap ?,0.6778
104,7,Pada sore hari Ahmad menyiram bunga dengan hati hati.,Ahmad,menyiram,bunga,pada sore hari dengan hati,Siapa yang menyiram bunga pada sore hari dengan hati?,0.4941
104,7,Pada sore hari Ahmad menyiram bunga dengan hati hati.,Ahmad,menyiram,bunga,pada sore hari dengan hati,Apa yang Ahmad siram pada sore hari dengan hati?,0.6079
104,8,Ayah pulang dari kantor desa.,Ayah,pulang,,dari kantor desa,Siapa yang pulang dari kantor desa?,0.7171
104,8,Ayah pulang dari kantor desa.,Ayah,pulang,,dari kantor desa,Dari mana Ayah pulang ?,0.4658
104,9,Ahmad menulis tugas sekolah dengan rapi.,Ahmad,menulis,tugas sekolah,dengan rapi,Siapa yang menulis tugas sekolah dengan rapi?,0.6262
104,9,Ahmad menulis tugas sekolah dengan rapi.,Ahmad,menulis,tugas sekolah,dengan rapi,Apa yang Ahmad tulis dengan rapi?,0.7617
104,10,Pada malam hari Ahmad belajar dengan tenang.,Ahmad,belajar,,pada malam hari dengan tenang,Siapa yang belajar pada malam hari dengan tenang?,0.5584
104,10,Pada malam hari Ahmad belajar dengan tenang.,Ahmad,belajar,,pada malam hari dengan tenang,Kapan Ahmad belajar ?,0.6271
104,11,Kucing kecil tidur di dekat kursi tamu.,Kucing kecil,tidur,,di dekat kursi tamu,Apa yang tidur di dekat kursi tamu?,0.6009
104,11,Kucing kecil tidur di dekat kursi tamu.,Kucing kecil,tidur,,di dekat kursi tamu,Di mana Kucing kecil tidur ?,0.7172
104,12,Ahmad membeli roti dari toko dekat rumah.,Ahmad,membeli,roti,dari toko dekat rumah,Siapa yang membeli roti dari toko dekat rumah?,0.759
104,12,Ahmad membeli roti dari toko dekat rumah.,Ahmad,membeli,roti,dari toko dekat rumah,Apa yang Ahmad beli dari toko dekat rumah?,0.7266
104,12,Ahmad membeli roti dari toko dekat rumah.,Ahmad,membeli,roti,dari toko dekat rumah,Dari mana Ahmad membeli roti?,0.8283
104,13,Pelangi muncul di langit cerah.,Pelangi,muncul,,di langit cerah,Siapa yang muncul di langit cerah?,0.6522
104,13,Pelangi muncul di langit cerah.,Pelangi,muncul,,di langit cerah,Di mana Pelangi muncul ?,0.637
104,14,Pada pagi hari Ahmad membantu ibu dengan senang hati.,Ahmad,membantu,ibu,pada pagi hari dengan senang hati,Siapa yang membantu ibu pada pagi hari dengan senang hati?,0.7283
104,14,Pada pagi hari Ahmad membantu ibu dengan senang hati.,Ahmad,membantu,ibu,pada pagi hari dengan senang hati,Apa yang Ahmad bantu pada pagi hari dengan senang hati?,0.6539
104,14,Pada pagi hari Ahmad membantu ibu dengan senang hati.,Ahmad,membantu,ibu,pada pagi hari dengan senang hati,Kapan Ahmad membantu ibu?,0.7468
104,15,Adik berjalan ke halaman belakang rumah.,Adik,berjalan,,ke halaman belakang rumah,Siapa yang berjalan ke halaman belakang rumah?,0.82
104,15,Adik berjalan ke halaman belakang rumah.,Adik,berjalan,,ke halaman belakang rumah,Ke mana Adik berjalan ?,0.3643
105,1,Bapak ingin membeli sepeda untuk pergi ke kantor.Sepeda lipat ini lebih praktis dan nyaman dikendarai.,Bapak lipat ini,ingin membeli pergi,sepeda,ke kantor dan,Apa yang ingin membeli pergi sepeda ke kantor dan?,0.8954
105,1,Bapak ingin membeli sepeda untuk pergi ke kantor.Sepeda lipat ini lebih praktis dan nyaman dikendarai.,Bapak lipat ini,ingin membeli pergi,sepeda,ke kantor dan,Apa yang Bapak lipat ini beli ke kantor dan?,0.4116
105,1,Bapak ingin membeli sepeda untuk pergi ke kantor.Sepeda lipat ini lebih praktis dan nyaman dikendarai.,Bapak lipat ini,ingin membeli pergi,sepeda,ke kantor dan,Ke mana Bapak lipat ini ingin membeli pergi sepeda?,0.7766
105,2,"Pagi-pagi sekali, Bapak berangkat ke kantor dengan sepeda barunya.Bapak tidak bisa mengantar anak-anak ke sekolah.",Bapak Bapak tidak bisa anak-anak .,berangkat,,"pagi-pagi sekali , sekali ke kantor ke dengan sepeda baru nya tidak","Apa yang berangkat pagi-pagi sekali , sekali ke kantor ke dengan sepeda baru nya tidak?",0.8169
105,2,"Pagi-pagi sekali, Bapak berangkat ke kantor dengan sepeda barunya.Bapak tidak bisa mengantar anak-anak ke sekolah.",Bapak Bapak tidak bisa anak-anak .,berangkat,,"pagi-pagi sekali , sekali ke kantor ke dengan sepeda baru nya tidak",Kapan Bapak Bapak tidak bisa anak-anak . berangkat ?,0.5524
105,2,"Pagi-pagi sekali, Bapak berangkat ke kantor dengan sepeda barunya.Bapak tidak bisa mengantar anak-anak ke sekolah.",Bapak Bapak tidak bisa anak-anak .,berangkat,,"pagi-pagi sekali , sekali ke kantor ke dengan sepeda baru nya tidak",Ke mana Bapak Bapak tidak bisa anak-anak . berangkat ?,0.5707
105,3,Mereka harus berjalan kaki.,Mereka,harus berjalan,kaki,,Siapa yang harus berjalan kaki?,0.8002
105,3,Mereka harus berjalan kaki.,Mereka,harus berjalan,kaki,,Apa yang Mereka jalan?,0.4922
105,4,"Sorenya, Bapak pulang naik taksi.",Bapak,pulang naik,taksi,"sore ,","Siapa yang pulang naik taksi sore ,?",0.8676
105,4,"Sorenya, Bapak pulang naik taksi.",Bapak,pulang naik,taksi,"sore ,","Apa yang Bapak pulang sore ,?",0.6608
105,5,Bapak menatap Bobo.,Bapak,menatap,Bobo,,Siapa yang menatap Bobo?,0.9229
105,5,Bapak menatap Bobo.,Bapak,menatap,Bobo,,Siapa yang Bapak tatap?,0.4754
105,6,Aku lupa kalau membawa sepeda.,Aku,lupa,,,Siapa yang lupa?,0.4475
105,7,"Menjelang malam, Bapak pulang naik sepeda.",Bapak,pulang naik,sepeda,"menjelang malam ,","Siapa yang pulang naik sepeda menjelang malam ,?",0.9033
105,7,"Menjelang malam, Bapak pulang naik sepeda.",Bapak,pulang naik,sepeda,"menjelang malam ,","Apa yang Bapak pulang menjelang malam ,?",0.6765
105,7,"Menjelang malam, Bapak pulang naik sepeda.",Bapak,pulang naik,sepeda,"menjelang malam ,",Kapan Bapak pulang naik sepeda?,0.7529
105,8,Aku bawa layar hijau.,Aku,bawa,layar hijau,,Siapa yang bawa layar hijau?,0.7999
105,8,Aku bawa layar hijau.,Aku,bawa,layar hijau,,Apa yang Aku bawa?,0.4448
105,9,Video yang latar belakangnya layar hijau bisa kita padukan dengan gambar lain.,kita,bisa padukan,,dengan gambar lain,Siapa yang bisa padukan dengan gambar lain?,0.473
105,10,Aku juga mau ikut main.,Aku,mau ikut main,,juga,Siapa yang mau ikut main juga?,0.7623
105,11,Kami mau membuat vlog.,Kami,mau membuat,vlog,,Siapa yang mau membuat vlog?,0.8954
105,11,Kami mau membuat vlog.,Kami,mau membuat,vlog,,Apa yang Kami buat?,0.2471
105,12,Tentu saja kalian boleh ikut.,kalian,boleh ikut,,Tentu saja,Siapa yang boleh ikut Tentu saja?,0.607
105,13,Kita semua berdiri di depan layer.,semua,berdiri,,di depan layer,Siapa yang berdiri di depan layer?,0.7523
105,13,Kita semua berdiri di depan layer.,semua,berdiri,,di depan layer,Di mana semua berdiri ?,0.5565
105,14,"Sekarang, kita berbicara bergantian.",kita,berbicara,,Sekarang bergantian,Siapa yang berbicara Sekarang bergantian?,0.7813
105,15,Aku tak sabar melihat hasilnya.,Aku,melihat,hasil nya,tak sabar,Siapa yang melihat hasil nya tak sabar?,0.6628
105,15,Aku tak sabar melihat hasilnya.,Aku,melihat,hasil nya,tak sabar,Apa yang Aku lihat tak sabar?,0.4418
105,16,Kita lihat hasilnya.,Kita,lihat,hasil nya,,Siapa yang lihat hasil nya?,0.6455
105,16,Kita lihat hasilnya.,Kita,lihat,hasil nya,,Apa yang Kita lihat?,0.5584
105,17,Bobo mendengarkan cerita.,Bobo,mendengarkan,cerita,,Siapa yang mendengarkan cerita?,0.6239
105,17,Bobo mendengarkan cerita.,Bobo,mendengarkan,cerita,,Apa yang Bobo dengarkan?,0.8558
105,18,Kita harus membuat rencana.,Kita,harus membuat,rencana,,Siapa yang harus membuat rencana?,0.8098
105,18,Kita harus membuat rencana.,Kita,harus membuat,rencana,,Apa yang Kita buat?,0.5066
105,20,Keluarga Kelinci pun naik kereta api Bersama.Mereka berkumpul di gerbong.,Keluarga Kelinci Mereka gerbong .,naik,kereta api Bersama,gerbong,Apa yang naik kereta api Bersama gerbong?,0.6879
105,20,Keluarga Kelinci pun naik kereta api Bersama.Mereka berkumpul di gerbong.,Keluarga Kelinci Mereka gerbong .,naik,kereta api Bersama,gerbong,Siapa yang Keluarga Kelinci Mereka gerbong . naik gerbong?,0.5951
105,22,Nenek pandai membuat kue yang lezat.,Nenek pandai,membuat,kue yang lezat,,Apa yang membuat kue yang lezat?,0.7211
105,22,Nenek pandai membuat kue yang lezat.,Nenek pandai,membuat,kue yang lezat,,Apa yang Nenek pandai buat?,0.5049
105,23,Paman pandai memakan kue.,Paman pandai,memakan,kue,,Apa yang memakan kue?,0.7284
105,23,Paman pandai memakan kue.,Paman pandai,memakan,kue,,Apa yang Paman pandai makan?,0.6322
