input,target
generate siapa: Pagi itu Rina bangun lebih awal.,Siapa yang bangun pagi itu lebih awal?
generate kapan: Pagi itu Rina bangun lebih awal.,Kapan Rina bangun ?
generate siapa: Rina merapikan tempat tidur di kamarnya.,Siapa yang merapikan tempat tidur di kamar nya?
generate apa: Rina merapikan tempat tidur di kamarnya.,Apa yang Rina rapikan di kamar nya?
generate dimana: Rina merapikan tempat tidur di kamarnya.,Di mana Rina merapikan tempat tidur?
generate siapa: Ibu memanggil Rina dari dapur.,Siapa yang memanggil Rina dari dapur?
generate siapa: Ibu memanggil Rina dari dapur.,Siapa yang Ibu panggil dari dapur?
generate darimana: Ibu memanggil Rina dari dapur.,Dari mana Ibu memanggil Rina?
generate siapa: Rina berjalan ke dapur dengan cepat.,Siapa yang berjalan ke dapur dengan cepat?
generate kemana: Rina berjalan ke dapur dengan cepat.,Ke mana Rina berjalan ?
generate apa: Ibu menyiapkan sarapan nasi goreng.,Apa yang menyiapkan sarapan nasi goreng?
generate siapa: Rina membantu ibu menata meja makan.,Siapa yang membantu ibu?
generate apa: Rina membantu ibu menata meja makan.,Apa yang Rina bantu?
generate siapa: Ayah membaca koran di ruang tamu.,Siapa yang membaca koran di ruang tamu?
generate apa: Ayah membaca koran di ruang tamu.,Apa yang Ayah baca di ruang tamu?
generate dimana: Ayah membaca koran di ruang tamu.,Di mana Ayah membaca koran?
generate siapa: Adik bermain bola di halaman rumah.,Siapa yang bermain bola di halaman rumah?
generate apa: Adik bermain bola di halaman rumah.,Apa yang Adik main di halaman rumah?
generate dimana: Adik bermain bola di halaman rumah.,Di mana Adik bermain bola?
generate siapa: Rina mengambil piring dari lemari.,Siapa yang mengambil piring dari lemari?
generate apa: Rina mengambil piring dari lemari.,Apa yang Rina ambil dari lemari?
generate darimana: Rina mengambil piring dari lemari.,Dari mana Rina mengambil piring?
generate apa: Ibu menuangkan teh hangat ke gelas.,Apa yang menuangkan teh hangat ke gelas?
generate apa: Ibu menuangkan teh hangat ke gelas.,Apa yang Ibu tuangkan ke gelas?
generate kemana: Ibu menuangkan teh hangat ke gelas.,Ke mana Ibu menuangkan teh hangat?
generate siapa: Ayah memanggil semua anggota keluarga.,Siapa yang memanggil semua anggota keluarga?
generate siapa: Mereka duduk bersama di meja makan.,Siapa yang duduk bersama di meja makan?
generate siapa: Rina makan nasi goreng dengan lahap.,Siapa yang makan lahap nasi dengan lahap?
generate apa: Rina makan nasi goreng dengan lahap.,Apa yang Rina makan dengan lahap?
generate apa: Adik minum teh dengan hati-hati.,Apa yang minum teh dengan hati-hati?
generate apa: Adik minum teh dengan hati-hati.,Apa yang Adik minum dengan hati-hati?
generate siapa: Ayah bercerita tentang pekerjaan di kantor.,Siapa yang bercerita tentang pekerjaan di kantor?
generate siapa: Ibu mendengarkan cerita ayah dengan tenang.,Siapa yang mendengarkan cerita ayah dengan tenang?
generate apa: Ibu mendengarkan cerita ayah dengan tenang.,Apa yang Ibu dengarkan dengan tenang?
generate siapa: Rina bertanya tentang rencana hari ini.,Siapa yang bertanya tentang rencana hari ini?
generate siapa: Ayah menjawab pertanyaan Rina dengan jelas.,Siapa yang menjawab pertanyaan Rina dengan jelas?
generate siapa: Ayah menjawab pertanyaan Rina dengan jelas.,Siapa yang Ayah jawab dengan jelas?
generate siapa: Setelah makan mereka membersihkan meja.,Siapa yang membersihkan makan meja?
generate apa: Setelah makan mereka membersihkan meja.,Apa yang mereka bersihkan?
generate siapa: Rina mencuci piring di wastafel.,Siapa yang mencuci piring di wastafel?
generate apa: Rina mencuci piring di wastafel.,Apa yang Rina cuci di wastafel?
generate dimana: Rina mencuci piring di wastafel.,Di mana Rina mencuci piring?
generate apa: Ibu mengelap meja dengan kain bersih.,Apa yang mengelap meja dengan kain bersih?
generate apa: Ibu mengelap meja dengan kain bersih.,Apa yang Ibu kelap dengan kain bersih?
generate siapa: Ayah menyapu lantai ruang makan.,Siapa yang menyapu lantai ruang?
generate siapa: Adik mengumpulkan sendok ke dalam wadah.,Siapa yang mengumpulkan sendok ke dalam wadah?
generate apa: Adik mengumpulkan sendok ke dalam wadah.,Apa yang Adik kumpulkan ke dalam wadah?
generate kemana: Adik mengumpulkan sendok ke dalam wadah.,Ke mana Adik mengumpulkan sendok?
generate siapa: Rina merasa senang membantu keluarga.,Siapa yang merasa membantu keluarga senang?
generate apa: Rina merasa senang membantu keluarga.,Apa yang Rina rasa senang?
generate siapa: Pagi hari Andi pergi ke sekolah.,Siapa yang pergi pagi hari ke sekolah?
generate kapan: Pagi hari Andi pergi ke sekolah.,Kapan Andi pergi ?
generate kemana: Pagi hari Andi pergi ke sekolah.,Ke mana Andi pergi ?
generate siapa: Andi berjalan kaki bersama Budi.,Siapa yang berjalan kaki bersama budi?
generate apa: Andi berjalan kaki bersama Budi.,Apa yang Andi jalan bersama budi?
generate siapa: Mereka melewati taman di dekat rumah.,Siapa yang melewati taman di dekat rumah?
generate apa: Mereka melewati taman di dekat rumah.,Apa yang Mereka lewati di dekat rumah?
generate dimana: Mereka melewati taman di dekat rumah.,Di mana Mereka melewati taman?
generate siapa: Burung bernyanyi di atas pohon.,Siapa yang bernyanyi di atas pohon?
generate dimana: Burung bernyanyi di atas pohon.,Di mana Burung bernyanyi ?
generate siapa: Andi membawa tas berwarna biru.,Siapa yang membawa tas?
generate apa: Andi membawa tas berwarna biru.,Apa yang Andi bawa?
generate siapa: Budi membawa bekal dari ibunya.,Siapa yang membawa bekal dari ibu nya?
generate apa: Budi membawa bekal dari ibunya.,Apa yang Budi bawa dari ibu nya?
generate darimana: Budi membawa bekal dari ibunya.,Dari mana Budi membawa bekal?
generate siapa: Mereka tiba di gerbang sekolah.,Siapa yang tiba di gerbang sekolah?
generate dimana: Mereka tiba di gerbang sekolah.,Di mana Mereka tiba ?
generate siapa: Guru menyambut siswa di depan kelas.,Siapa yang menyambut siswa di depan kelas?
generate apa: Guru menyambut siswa di depan kelas.,Apa yang Guru sambut di depan kelas?
generate dimana: Guru menyambut siswa di depan kelas.,Di mana Guru menyambut siswa?
generate siapa: Andi masuk ke kelas dengan tertib.,Siapa yang masuk ke kelas dengan tertib?
generate siapa: Budi duduk di bangku sebelah Andi.,Siapa yang duduk di bangku sebelah andi?
generate dimana: Budi duduk di bangku sebelah Andi.,Di mana Budi duduk ?
generate apa: Guru menjelaskan pelajaran matematika.,Apa yang menjelaskan pelajaran matematika?
generate apa: Guru menjelaskan pelajaran matematika.,Apa yang Guru jelaskan?
generate siapa: Andi mendengarkan penjelasan guru.,Siapa yang mendengarkan penjelasan guru?
generate apa: Andi mendengarkan penjelasan guru.,Apa yang Andi dengarkan?
generate siapa: Budi mencatat di buku tulis.,Siapa yang mencatat di buku tulis?
generate dimana: Budi mencatat di buku tulis.,Di mana Budi mencatat ?
generate siapa: Mereka mengerjakan soal dengan serius.,Siapa yang mengerjakan soal dengan serius?
generate apa: Mereka mengerjakan soal dengan serius.,Apa yang Mereka kerjakan dengan serius?
generate siapa: Guru memeriksa hasil pekerjaan siswa.,Siapa yang memeriksa hasil pekerjaan siswa?
generate apa: Guru memeriksa hasil pekerjaan siswa.,Apa yang Guru periksa?
generate siapa: Andi mendapat nilai yang baik.,Siapa yang mendapat nilai yang baik?
generate apa: Andi mendapat nilai yang baik.,Apa yang Andi dapat?
generate siapa: Budi juga mendapat nilai bagus.,Siapa yang mendapat nilai bagus juga?
generate apa: Budi juga mendapat nilai bagus.,Apa yang Budi dapat juga?
generate siapa: Saat istirahat mereka makan bersama.,Siapa yang makan bersama?
generate siapa: Andi membuka bekal nasi goreng.,Siapa yang membuka bekal nasi goreng?
generate apa: Andi membuka bekal nasi goreng.,Apa yang Andi buka?
generate siapa: Budi membuka bekal roti isi.,Siapa yang membuka bekal roti isi?
generate apa: Budi membuka bekal roti isi.,Apa yang Budi buka?
generate siapa: Mereka berbagi makanan di kantin.,Siapa yang berbagi makanan di kantin?
generate apa: Mereka berbagi makanan di kantin.,Apa yang Mereka bagi di kantin?
generate dimana: Mereka berbagi makanan di kantin.,Di mana Mereka berbagi makanan?
generate siapa: Setelah istirahat mereka kembali ke kelas.,Siapa yang kembali setelah istirahat ke kelas?
generate kapan: Setelah istirahat mereka kembali ke kelas.,Kapan mereka kembali ?
generate kemana: Setelah istirahat mereka kembali ke kelas.,Ke mana mereka kembali ?
generate siapa: Guru mengajar pelajaran bahasa Indonesia.,Siapa yang mengajar pelajaran bahasa Indonesia?
generate siapa: Guru mengajar pelajaran bahasa Indonesia.,Siapa yang Guru ajar?
generate siapa: Andi membaca teks dengan lantang.,Siapa yang membaca teks dengan lantang?
generate apa: Andi membaca teks dengan lantang.,Apa yang Andi baca dengan lantang?
generate siapa: Budi menulis jawaban di buku.,Siapa yang menulis jawaban di buku?
generate apa: Budi menulis jawaban di buku.,Apa yang Budi tulis di buku?
generate dimana: Budi menulis jawaban di buku.,Di mana Budi menulis jawaban?
generate siapa: Sore hari Siti bermain di halaman.,Siapa yang bermain sore hari di halaman?
generate dimana: Sore hari Siti bermain di halaman.,Di mana Siti bermain ?
generate siapa: Siti membawa boneka kesayangannya.,Siapa yang membawa boneka kesayangan nya?
generate apa: Siti membawa boneka kesayangannya.,Apa yang Siti bawa?
generate siapa: Teman Siti datang ke rumah.,Siapa yang datang ke rumah?
generate kemana: Teman Siti datang ke rumah.,Ke mana Teman Siti datang ?
generate siapa: Mereka bermain bersama di bawah pohon.,Siapa yang bermain bersama di bawah pohon?
generate siapa: Siti duduk di atas tikar.,Siapa yang duduk di atas tikar?
generate dimana: Siti duduk di atas tikar.,Di mana Siti duduk ?
generate apa: Temannya membawa mainan baru.,Apa yang membawa mainan baru?
generate apa: Temannya membawa mainan baru.,Apa yang Teman nya bawa?
generate siapa: Mereka saling bertukar mainan.,Siapa yang bertukar mainan saling?
generate apa: Mereka saling bertukar mainan.,Apa yang Mereka tukar saling?
generate siapa: Ibu memanggil mereka dari dalam rumah.,Siapa yang memanggil mereka dari dalam rumah?
generate apa: Ibu memanggil mereka dari dalam rumah.,Apa yang Ibu panggil dari dalam rumah?
generate darimana: Ibu memanggil mereka dari dalam rumah.,Dari mana Ibu memanggil mereka?
generate siapa: Ibu menyajikan kue di meja.,Siapa yang menyajikan kue di meja?
generate apa: Ibu menyajikan kue di meja.,Apa yang Ibu sajikan di meja?
generate dimana: Ibu menyajikan kue di meja.,Di mana Ibu menyajikan kue?
generate siapa: Siti mengambil kue dengan sopan.,Siapa yang mengambil kue dengan sopan?
generate apa: Siti mengambil kue dengan sopan.,Apa yang Siti ambil dengan sopan?
generate apa: Temannya minum air putih.,Apa yang minum air putih?
generate apa: Temannya minum air putih.,Apa yang Teman nya minum?
generate siapa: Mereka berbicara tentang sekolah.,Siapa yang berbicara tentang sekolah?
generate siapa: Siti menceritakan pelajaran hari ini.,Siapa yang menceritakan pelajaran hari ini?
generate apa: Siti menceritakan pelajaran hari ini.,Apa yang Siti ceritakan?
generate apa: Temannya mendengarkan dengan antusias.,Apa yang mendengarkan dengan antusias?
generate dimana: Mereka tertawa bersama di halaman.,Di mana  tertawa ?
generate siapa: Angin bertiup sejuk di sore hari.,Siapa yang bertiup sejuk di sore hari?
generate dimana: Angin bertiup sejuk di sore hari.,Di mana Angin bertiup ?
generate apa: Daun bergoyang di atas pohon.,Apa yang bergoyang di atas pohon?
generate dimana: Daun bergoyang di atas pohon.,Di mana Daun bergoyang ?
generate siapa: Siti merasa senang bermain.,Siapa yang merasa bermain senang?
generate apa: Temannya juga merasa gembira.,Apa yang merasa juga gembira?
generate siapa: Ibu mengajak mereka masuk ke rumah.,Siapa yang mengajak masuk mereka ke rumah?
generate apa: Ibu mengajak mereka masuk ke rumah.,Apa yang Ibu ajak ke rumah?
generate kemana: Ibu mengajak mereka masuk ke rumah.,Ke mana Ibu mengajak masuk mereka?
generate siapa: Siti merapikan mainannya.,Siapa yang merapikan mainan nya?
generate apa: Siti merapikan mainannya.,Apa yang Siti rapikan?
generate apa: Temannya berpamitan kepada ibu Siti.,Apa yang berpamitan kepada ibu siti?
generate siapa: Siti mengantar temannya ke depan rumah.,Siapa yang mengantar teman nya ke depan rumah?
generate apa: Siti mengantar temannya ke depan rumah.,Apa yang Siti antar ke depan rumah?
generate kemana: Siti mengantar temannya ke depan rumah.,Ke mana Siti mengantar teman nya?
generate siapa: Siti kembali ke rumah dengan bahagia.,Siapa yang kembali ke rumah dengan bahagia?
generate kemana: Siti kembali ke rumah dengan bahagia.,Ke mana Siti kembali ?
generate siapa: Pagi hari Dina membantu ibu.,Siapa yang membantu ibu pagi hari?
generate apa: Pagi hari Dina membantu ibu.,Apa yang Dina bantu pagi hari?
generate kapan: Pagi hari Dina membantu ibu.,Kapan Dina membantu ibu?
generate siapa: Dina menyapu lantai ruang tamu.,Siapa yang menyapu lantai ruang tamu?
generate apa: Ibu mencuci pakaian di halaman.,Apa yang mencuci pakaian di halaman?
generate apa: Ibu mencuci pakaian di halaman.,Apa yang Ibu cuci di halaman?
generate dimana: Ibu mencuci pakaian di halaman.,Di mana Ibu mencuci pakaian?
generate siapa: Dina mengambil sapu dari gudang.,Siapa yang mengambil sapu dari gudang?
generate apa: Dina mengambil sapu dari gudang.,Apa yang Dina ambil dari gudang?
generate darimana: Dina mengambil sapu dari gudang.,Dari mana Dina mengambil sapu?
generate apa: Ibu menjemur pakaian di tali.,Apa yang menjemur pakaian di tali?
generate apa: Ibu menjemur pakaian di tali.,Apa yang Ibu jemur di tali?
generate dimana: Ibu menjemur pakaian di tali.,Di mana Ibu menjemur pakaian?
generate siapa: Dina membersihkan debu di meja.,Siapa yang membersihkan debu di meja?
generate apa: Dina membersihkan debu di meja.,Apa yang Dina bersihkan di meja?
generate dimana: Dina membersihkan debu di meja.,Di mana Dina membersihkan debu?
generate siapa: Ayah memperbaiki kursi di teras.,Siapa yang memperbaiki kursi di teras?
generate apa: Ayah memperbaiki kursi di teras.,Apa yang Ayah baiki di teras?
generate dimana: Ayah memperbaiki kursi di teras.,Di mana Ayah memperbaiki kursi?
generate siapa: Adik menggambar di buku gambar.,Siapa yang menggambar di buku gambar?
generate dimana: Adik menggambar di buku gambar.,Di mana Adik menggambar ?
generate siapa: Dina mengelap jendela dengan kain.,Siapa yang mengelap jendela dengan kain?
generate apa: Dina mengelap jendela dengan kain.,Apa yang Dina kelap dengan kain?
generate apa: Ibu memasak sayur di dapur.,Apa yang memasak sayur di dapur?
generate apa: Ibu memasak sayur di dapur.,Apa yang Ibu pasak di dapur?
generate dimana: Ibu memasak sayur di dapur.,Di mana Ibu memasak sayur?
generate apa: Aroma masakan terasa harum.,Apa yang terasa harum?
generate siapa: Dina menata kursi di ruang makan.,Siapa yang menata kursi di ruang makan?
generate apa: Dina menata kursi di ruang makan.,Apa yang Dina tata di ruang makan?
generate dimana: Dina menata kursi di ruang makan.,Di mana Dina menata kursi?
generate siapa: Ayah masuk ke dalam rumah.,Siapa yang masuk ke dalam rumah?
generate kemana: Ayah masuk ke dalam rumah.,Ke mana Ayah masuk ?
generate siapa: Adik menunjukkan gambar kepada ayah.,Siapa yang menunjukkan gambar kepada ayah?
generate apa: Adik menunjukkan gambar kepada ayah.,Apa yang Adik tunjukkan kepada ayah?
generate siapa: Ayah memuji hasil gambar adik.,Siapa yang memuji hasil gambar adik?
generate siapa: Dina membantu ibu menyiapkan makan siang.,Siapa yang membantu menyiapkan makan siang?
generate siapa: Mereka makan bersama di meja.,Siapa yang makan bersama di meja?
generate dimana: Mereka makan bersama di meja.,Di mana Mereka makan ?
generate siapa: Ibu menuangkan air ke gelas.,Siapa yang menuangkan air ke gelas?
generate apa: Ibu menuangkan air ke gelas.,Apa yang Ibu tuangkan ke gelas?
generate kemana: Ibu menuangkan air ke gelas.,Ke mana Ibu menuangkan air?
generate siapa: Dina makan dengan tertib.,Siapa yang makan dengan tertib?
generate siapa: Adik duduk dengan rapi.,Siapa yang duduk dengan rapi?
generate siapa: Ayah bercerita tentang pekerjaan.,Siapa yang bercerita tentang pekerjaan?
generate siapa: Dina mendengarkan dengan baik.,Siapa yang mendengarkan dengan baik?
generate siapa: Setelah makan Dina mencuci piring.,Siapa yang mencuci makan piring?
generate apa: Setelah makan Dina mencuci piring.,Apa yang Dina cucikan?
generate apa: Ibu mengelap meja makan.,Apa yang mengelap meja?
generate apa: Rumah menjadi bersih dan rapi.,Apa yang menjadi bersih dan rapi?
generate siapa: Rudi pergi ke pasar bersama ibu.,Siapa yang pergi ke pasar bersama ibu?
generate kemana: Rudi pergi ke pasar bersama ibu.,Ke mana Rudi pergi ?
generate siapa: Rudi berjalan di samping ibu.,Siapa yang berjalan di samping ibu?
generate dimana: Rudi berjalan di samping ibu.,Di mana Rudi berjalan ?
generate apa: Ibu membeli sayur dari pedagang.,Apa yang membeli sayur dari pedagang?
generate apa: Ibu membeli sayur dari pedagang.,Apa yang Ibu beli dari pedagang?
generate darimana: Ibu membeli sayur dari pedagang.,Dari mana Ibu membeli sayur?
generate siapa: Rudi membawa kantong belanja.,Siapa yang membawa kantong belanja?
generate apa: Rudi membawa kantong belanja.,Apa yang Rudi bawa?
generate apa: Pedagang menawarkan buah segar.,Apa yang menawarkan buah segar?
generate apa: Pedagang menawarkan buah segar.,Apa yang Pedagang tawarkan?
generate apa: Ibu memilih apel merah.,Apa yang memilih apel merah?
generate siapa: Rudi menghitung jumlah buah.,Siapa yang menghitung jumlah buah?
generate apa: Rudi menghitung jumlah buah.,Apa yang Rudi hitung?
generate apa: Ibu membayar di kasir pasar.,Apa yang membayar di kasir pasar?
generate dimana: Ibu membayar di kasir pasar.,Di mana Ibu membayar ?
generate siapa: Rudi membantu membawa barang.,Siapa yang membantu membawa barang?
generate apa: Rudi membantu membawa barang.,Apa yang Rudi bantu?
generate siapa: Mereka keluar dari pasar bersama.,Siapa yang keluar dari pasar bersama?
generate darimana: Mereka keluar dari pasar bersama.,Dari mana Mereka keluar ?
generate siapa: Rudi melihat penjual mainan.,Siapa yang melihat penjual mainan?
generate apa: Rudi melihat penjual mainan.,Apa yang Rudi lihat?
generate siapa: Rudi meminta izin kepada ibu.,Siapa yang meminta izin kepada ibu?
generate apa: Rudi meminta izin kepada ibu.,Apa yang Rudi pinta kepada ibu?
generate siapa: Ibu mengizinkan Rudi melihat mainan.,Siapa yang mengizinkan melihat mainan?
generate siapa: Rudi memilih bola kecil.,Siapa yang memilih bola kecil?
generate apa: Rudi memilih bola kecil.,Apa yang Rudi pilih?
generate siapa: Ibu membeli bola untuk Rudi.,Siapa yang membeli bola untuk rudi?
generate apa: Ibu membeli bola untuk Rudi.,Apa yang Ibu beli untuk rudi?
generate siapa: Rudi merasa sangat senang.,Siapa yang merasa sangat senang?
generate siapa: Mereka berjalan pulang ke rumah.,Siapa yang berjalan pulang ke rumah?
generate kemana: Mereka berjalan pulang ke rumah.,Ke mana Mereka berjalan pulang ?
generate siapa: Rudi membawa bola di tangan.,Siapa yang membawa bola di tangan?
generate apa: Rudi membawa bola di tangan.,Apa yang Rudi bawa di tangan?
generate dimana: Rudi membawa bola di tangan.,Di mana Rudi membawa bola?
generate apa: Ibu membawa belanjaan di tas.,Apa yang membawa belanjaan di tas?
generate apa: Ibu membawa belanjaan di tas.,Apa yang Ibu bawa di tas?
generate dimana: Ibu membawa belanjaan di tas.,Di mana Ibu membawa belanjaan?
generate siapa: Sesampainya di rumah mereka beristirahat.,Siapa yang beristirahat di rumah?
generate dimana: Sesampainya di rumah mereka beristirahat.,Di mana mereka beristirahat ?
generate siapa: Rudi bermain bola di halaman.,Siapa yang bermain bola di halaman?
generate apa: Rudi bermain bola di halaman.,Apa yang Rudi main di halaman?
generate dimana: Rudi bermain bola di halaman.,Di mana Rudi bermain bola?
generate apa: Ibu menyimpan belanjaan di dapur.,Apa yang menyimpan belanjaan di dapur?
generate apa: Ibu menyimpan belanjaan di dapur.,Apa yang Ibu simpan di dapur?
generate siapa: Ayah datang dari kantor.,Siapa yang datang dari kantor?
generate darimana: Ayah datang dari kantor.,Dari mana Ayah datang ?
generate siapa: Rudi menunjukkan bola kepada ayah.,Siapa yang menunjukkan bola kepada ayah?
generate apa: Rudi menunjukkan bola kepada ayah.,Apa yang Rudi tunjukkan kepada ayah?
generate siapa: Pagi hari Beni membaca buku.,Siapa yang membaca buku pagi hari?
generate apa: Pagi hari Beni membaca buku.,Apa yang Beni baca pagi hari?
generate kapan: Pagi hari Beni membaca buku.,Kapan Beni membaca buku?
generate siapa: Beni duduk di kursi belajar.,Siapa yang duduk di kursi belajar?
generate siapa: Ibu memanggil Beni dari dapur.,Siapa yang memanggil Beni dari dapur?
generate siapa: Ibu memanggil Beni dari dapur.,Siapa yang Ibu panggil dari dapur?
generate darimana: Ibu memanggil Beni dari dapur.,Dari mana Ibu memanggil Beni?
generate siapa: Beni menutup buku pelajaran.,Siapa yang menutup buku pelajaran?
generate apa: Beni menutup buku pelajaran.,Apa yang Beni tutup?
generate siapa: Ibu meminta bantuan Beni.,Siapa yang meminta bantuan Beni?
generate siapa: Ibu meminta bantuan Beni.,Siapa yang Ibu pinta?
generate siapa: Beni mengambil air di sumur.,Siapa yang mengambil air di sumur?
generate apa: Beni mengambil air di sumur.,Apa yang Beni ambil di sumur?
generate dimana: Beni mengambil air di sumur.,Di mana Beni mengambil air?
generate siapa: Beni menuangkan air ke dalam panci.,Siapa yang menuangkan air ke dalam panci?
generate apa: Beni menuangkan air ke dalam panci.,Apa yang Beni tuangkan ke dalam panci?
generate kemana: Beni menuangkan air ke dalam panci.,Ke mana Beni menuangkan air?
generate apa: Ibu mengaduk masakan dengan sendok.,Apa yang mengaduk masakan dengan sendok?
generate apa: Ibu mengaduk masakan dengan sendok.,Apa yang Ibu kaduk dengan sendok?
generate apa: Aroma masakan terasa enak.,Apa yang terasa enak?
generate siapa: Beni mencuci tangan di wastafel.,Siapa yang mencuci tangan di wastafel?
generate apa: Beni mencuci tangan di wastafel.,Apa yang Beni cuci di wastafel?
generate dimana: Beni mencuci tangan di wastafel.,Di mana Beni mencuci tangan?
generate apa: Ibu menyiapkan makan pagi.,Apa yang menyiapkan makan pagi?
generate siapa: Ayah duduk di ruang makan.,Siapa yang duduk di ruang makan?
generate siapa: Beni membawa piring ke meja.,Siapa yang membawa piring ke meja?
generate apa: Beni membawa piring ke meja.,Apa yang Beni bawa ke meja?
generate kemana: Beni membawa piring ke meja.,Ke mana Beni membawa piring?
generate siapa: Mereka makan bersama di pagi hari.,Siapa yang makan bersama di pagi hari?
generate kapan: Mereka makan bersama di pagi hari.,Kapan Mereka makan ?
generate dimana: Mereka makan bersama di pagi hari.,Di mana Mereka makan ?
generate siapa: Ayah berbicara tentang pekerjaan.,Siapa yang berbicara tentang pekerjaan?
generate apa: Ibu mendengarkan dengan tenang.,Apa yang mendengarkan dengan tenang?
generate siapa: Beni menghabiskan makanannya.,Siapa yang menghabiskan makanan nya?
generate apa: Beni menghabiskan makanannya.,Apa yang Beni habiskan?
generate siapa: Beni membuka buku di meja.,Siapa yang membuka buku di meja?
generate apa: Beni membuka buku di meja.,Apa yang Beni buka di meja?
generate dimana: Beni membuka buku di meja.,Di mana Beni membuka buku?
generate apa: Ibu membersihkan dapur.,Apa yang membersihkan dapur?
generate apa: Ibu membersihkan dapur.,Apa yang Ibu bersihkan?
generate siapa: Ayah bersiap pergi ke kantor.,Siapa yang bersiap pergi ke kantor?
generate kemana: Ayah bersiap pergi ke kantor.,Ke mana Ayah bersiap pergi ?
generate siapa: Beni membaca dengan serius.,Siapa yang membaca dengan serius?
generate siapa: Ibu memberi semangat kepada Beni.,Siapa yang memberi semangat kepada beni?
generate siapa: Beni merasa termotivasi untuk belajar.,Siapa yang merasa termotivasi?
generate siapa: Pagi hari Tono pergi ke sekolah.,Siapa yang pergi pagi hari ke sekolah?
generate kapan: Pagi hari Tono pergi ke sekolah.,Kapan Tono pergi ?
generate kemana: Pagi hari Tono pergi ke sekolah.,Ke mana Tono pergi ?
generate siapa: Tono memakai seragam rapi.,Siapa yang memakai seragam rapi?
generate apa: Tono memakai seragam rapi.,Apa yang Tono pakai?
generate siapa: Ibu menyiapkan bekal untuk Tono.,Siapa yang menyiapkan bekal untuk Tono?
generate apa: Ibu menyiapkan bekal untuk Tono.,Apa yang Ibu siapkan untuk Tono?
generate siapa: Tono memasukkan buku ke tas.,Siapa yang memasukkan buku ke tas?
generate apa: Tono memasukkan buku ke tas.,Apa yang Tono masukkan ke tas?
generate kemana: Tono memasukkan buku ke tas.,Ke mana Tono memasukkan buku?
generate siapa: Ayah mengantar Tono ke sekolah.,Siapa yang mengantar Tono ke sekolah?
generate siapa: Ayah mengantar Tono ke sekolah.,Siapa yang Ayah antar ke sekolah?
generate kemana: Ayah mengantar Tono ke sekolah.,Ke mana Ayah mengantar Tono?
generate siapa: Tono duduk di belakang sepeda.,Siapa yang duduk di belakang sepeda?
generate dimana: Tono duduk di belakang sepeda.,Di mana Tono duduk ?
generate siapa: Mereka melewati jalan desa.,Siapa yang melewati jalan desa?
generate siapa: Angin bertiup di pagi hari.,Siapa yang bertiup di pagi hari?
generate kapan: Angin bertiup di pagi hari.,Kapan Angin bertiup ?
generate dimana: Angin bertiup di pagi hari.,Di mana Angin bertiup ?
generate siapa: Tono tiba di sekolah tepat waktu.,Siapa yang tiba di sekolah tepat waktu?
generate dimana: Tono tiba di sekolah tepat waktu.,Di mana Tono tiba ?
generate siapa: Guru menyambut siswa di gerbang.,Siapa yang menyambut siswa di gerbang?
generate apa: Guru menyambut siswa di gerbang.,Apa yang Guru sambut di gerbang?
generate dimana: Guru menyambut siswa di gerbang.,Di mana Guru menyambut siswa?
generate siapa: Tono masuk ke kelas dengan tertib.,Siapa yang masuk ke kelas dengan tertib?
generate kemana: Tono masuk ke kelas dengan tertib.,Ke mana Tono masuk ?
generate apa: Temannya menyapa Tono dengan ramah.,Apa yang menyapa Tono dengan ramah?
generate siapa: Temannya menyapa Tono dengan ramah.,Siapa yang Teman nya sapa dengan ramah?
generate siapa: Guru mengajar pelajaran sains.,Siapa yang mengajar pelajaran sains?
generate apa: Guru mengajar pelajaran sains.,Apa yang Guru ajar?
generate siapa: Tono mendengarkan dengan fokus.,Siapa yang mendengarkan dengan fokus?
generate apa: Temannya mencatat di buku.,Apa yang mencatat di buku?
generate dimana: Temannya mencatat di buku.,Di mana Teman nya mencatat ?
generate siapa: Guru memberi tugas kepada siswa.,Siapa yang memberi tugas kepada siswa?
generate apa: Guru memberi tugas kepada siswa.,Apa yang Guru beri kepada siswa?
generate siapa: Tono mengerjakan tugas dengan teliti.,Siapa yang mengerjakan tugas dengan teliti?
generate apa: Tono mengerjakan tugas dengan teliti.,Apa yang Tono kerjakan dengan teliti?
generate dimana: Saat istirahat Tono bermain di lapangan.,Di mana  bermain ?
generate apa: Temannya bermain bola bersama.,Apa yang bermain bola bersama?
generate apa: Temannya bermain bola bersama.,Apa yang Teman nya main bersama?
generate siapa: Tono berlari di lapangan sekolah.,Siapa yang berlari di lapangan sekolah?
generate dimana: Tono berlari di lapangan sekolah.,Di mana Tono berlari ?
generate siapa: Guru melanjutkan pelajaran.,Siapa yang melanjutkan pelajaran?
generate apa: Guru melanjutkan pelajaran.,Apa yang Guru lanjutkan?
generate siapa: Tono menjawab pertanyaan guru.,Siapa yang menjawab pertanyaan guru?
generate apa: Tono menjawab pertanyaan guru.,Apa yang Tono jawab?
generate siapa: Guru memberi pujian kepada Tono.,Siapa yang memberi pujian kepada tono?
generate apa: Guru memberi pujian kepada Tono.,Apa yang Guru beri kepada tono?
generate siapa: Tono pulang ke rumah dengan senang.,Siapa yang pulang ke rumah dengan senang?
generate kemana: Tono pulang ke rumah dengan senang.,Ke mana Tono pulang ?
generate siapa: Pagi hari Lani membantu ibu di dapur.,Siapa yang membantu ibu pagi hari di dapur?
generate apa: Pagi hari Lani membantu ibu di dapur.,Apa yang Lani bantu pagi hari di dapur?
generate kapan: Pagi hari Lani membantu ibu di dapur.,Kapan Lani membantu ibu?
generate dimana: Pagi hari Lani membantu ibu di dapur.,Di mana Lani membantu ibu?
generate siapa: Lani mencuci sayur di wastafel.,Siapa yang mencuci sayur di wastafel?
generate apa: Lani mencuci sayur di wastafel.,Apa yang Lani cuci di wastafel?
generate dimana: Lani mencuci sayur di wastafel.,Di mana Lani mencuci sayur?
generate apa: Ibu memotong wortel di meja.,Apa yang memotong wortel di meja?
generate apa: Ibu memotong wortel di meja.,Apa yang Ibu potong di meja?
generate dimana: Ibu memotong wortel di meja.,Di mana Ibu memotong wortel?
generate siapa: Lani menaruh sayur ke dalam mangkuk.,Siapa yang menaruh sayur ke dalam mangkuk?
generate apa: Lani menaruh sayur ke dalam mangkuk.,Apa yang Lani taruh ke dalam mangkuk?
generate kemana: Lani menaruh sayur ke dalam mangkuk.,Ke mana Lani menaruh sayur?
generate apa: Ibu menyalakan kompor di dapur.,Apa yang menyalakan kompor di dapur?
generate apa: Ibu menyalakan kompor di dapur.,Apa yang Ibu nyalakan di dapur?
generate dimana: Ibu menyalakan kompor di dapur.,Di mana Ibu menyalakan kompor?
generate apa: Air mendidih di dalam panci.,Apa yang mendidih di dalam panci?
generate dimana: Air mendidih di dalam panci.,Di mana Air mendidih ?
generate siapa: Lani mengaduk sayur dengan sendok.,Siapa yang mengaduk sayur dengan sendok?
generate apa: Lani mengaduk sayur dengan sendok.,Apa yang Lani kaduk dengan sendok?
generate siapa: Adik bermain mobil-mobilan di lantai.,Siapa yang bermain mobil-mobilan di lantai?
generate apa: Adik bermain mobil-mobilan di lantai.,Apa yang Adik main di lantai?
generate dimana: Adik bermain mobil-mobilan di lantai.,Di mana Adik bermain mobil-mobilan?
generate siapa: Lani menyiapkan piring di meja.,Siapa yang menyiapkan piring di meja?
generate apa: Lani menyiapkan piring di meja.,Apa yang Lani siapkan di meja?
generate dimana: Lani menyiapkan piring di meja.,Di mana Lani menyiapkan piring?
generate apa: Ibu menuangkan sup ke mangkuk.,Apa yang menuangkan sup ke mangkuk?
generate apa: Ibu menuangkan sup ke mangkuk.,Apa yang Ibu tuangkan ke mangkuk?
generate kemana: Ibu menuangkan sup ke mangkuk.,Ke mana Ibu menuangkan sup?
generate siapa: Lani makan dengan rapi.,Siapa yang makan dengan rapi?
generate apa: Adik minum air putih.,Apa yang minum air putih?
generate apa: Adik minum air putih.,Apa yang Adik minum?
generate siapa: Setelah makan Lani mencuci piring.,Siapa yang mencuci makan piring?
generate apa: Setelah makan Lani mencuci piring.,Apa yang Lani cucikan?
generate siapa: Adik mengumpulkan sendok.,Siapa yang mengumpulkan sendok?
generate apa: Adik mengumpulkan sendok.,Apa yang Adik kumpulkan?
generate apa: Rumah menjadi bersih setelah dibersihkan.,Apa yang menjadi dibersihkan bersih?
generate siapa: Lani merasa senang membantu ibu.,Siapa yang merasa membantu ibu senang?
generate apa: Lani merasa senang membantu ibu.,Apa yang Lani rasa senang?
generate siapa: Ibu memuji kerja Lani.,Siapa yang memuji kerja Lani?
generate siapa: Lani tersenyum bahagia.,Siapa yang tersenyum bahagia?
generate apa: Lani tersenyum bahagia.,Apa yang Lani senyum?
generate siapa: Hari terasa menyenangkan bagi Lani.,Siapa yang terasa menyenangkan bagi lani?
generate siapa: Pagi hari Riko bermain di halaman.,Siapa yang bermain pagi hari di halaman?
generate kapan: Pagi hari Riko bermain di halaman.,Kapan Riko bermain ?
generate dimana: Pagi hari Riko bermain di halaman.,Di mana Riko bermain ?
generate siapa: Riko membawa bola kecil.,Siapa yang membawa bola kecil?
generate apa: Riko membawa bola kecil.,Apa yang Riko bawa?
generate apa: Temannya datang ke rumah Riko.,Apa yang datang ke rumah riko?
generate kemana: Temannya datang ke rumah Riko.,Ke mana Teman nya datang ?
generate siapa: Mereka bermain bersama di lapangan kecil.,Siapa yang bermain bersama di lapangan kecil?
generate dimana: Mereka bermain bersama di lapangan kecil.,Di mana Mereka bermain ?
generate siapa: Riko menendang bola ke arah teman.,Siapa yang menendang bola ke arah teman?
generate apa: Riko menendang bola ke arah teman.,Apa yang Riko tendang ke arah teman?
generate kemana: Riko menendang bola ke arah teman.,Ke mana Riko menendang bola?
generate apa: Temannya menangkap bola dengan tangan.,Apa yang menangkap bola dengan tangan?
generate apa: Temannya menangkap bola dengan tangan.,Apa yang Teman nya tangkap dengan tangan?
generate siapa: Ibu memanggil Riko dari dalam rumah.,Siapa yang memanggil Riko dari dalam rumah?
generate siapa: Ibu memanggil Riko dari dalam rumah.,Siapa yang Ibu panggil dari dalam rumah?
generate darimana: Ibu memanggil Riko dari dalam rumah.,Dari mana Ibu memanggil Riko?
generate siapa: Ibu memberi minum air putih.,Siapa yang memberi minum air putih?
generate siapa: Riko duduk di kursi teras.,Siapa yang duduk di kursi teras?
generate dimana: Riko duduk di kursi teras.,Di mana Riko duduk ?
generate apa: Temannya duduk di samping Riko.,Apa yang duduk di samping riko?
generate dimana: Temannya duduk di samping Riko.,Di mana Teman nya duduk ?
generate siapa: Mereka minum air bersama.,Siapa yang minum air bersama?
generate apa: Mereka minum air bersama.,Apa yang Mereka minum bersama?
generate siapa: Angin bertiup sejuk di siang hari.,Siapa yang bertiup sejuk di siang hari?
generate kapan: Angin bertiup sejuk di siang hari.,Kapan Angin bertiup ?
generate dimana: Angin bertiup sejuk di siang hari.,Di mana Angin bertiup ?
generate siapa: Riko melihat burung di pohon.,Siapa yang melihat burung di pohon?
generate apa: Riko melihat burung di pohon.,Apa yang Riko lihat di pohon?
generate dimana: Riko melihat burung di pohon.,Di mana Riko melihat burung?
generate apa: Temannya menunjuk ke arah langit.,Apa yang menunjuk ke arah langit?
generate siapa: Mereka berbicara tentang burung.,Siapa yang berbicara tentang burung?
generate siapa: Riko kembali bermain bola.,Siapa yang bermain bola kembali?
generate apa: Riko kembali bermain bola.,Apa yang Riko main kembali?
generate apa: Temannya ikut bermain bersama.,Apa yang ikut bermain?
generate siapa: Matahari mulai terik di siang hari.,Siapa yang mulai terik di siang hari?
generate kapan: Matahari mulai terik di siang hari.,Kapan Matahari mulai terik ?
generate dimana: Matahari mulai terik di siang hari.,Di mana Matahari mulai terik ?
generate siapa: Ibu meminta mereka beristirahat.,Siapa yang meminta beristirahat mereka?
generate siapa: Riko masuk ke dalam rumah.,Siapa yang masuk ke dalam rumah?
generate kemana: Riko masuk ke dalam rumah.,Ke mana Riko masuk ?
generate apa: Temannya berpamitan kepada ibu Riko.,Apa yang berpamitan kepada ibu riko?
generate siapa: Riko mengantar temannya ke depan rumah.,Siapa yang mengantar teman nya ke depan rumah?
generate apa: Riko mengantar temannya ke depan rumah.,Apa yang Riko antar ke depan rumah?
generate kemana: Riko mengantar temannya ke depan rumah.,Ke mana Riko mengantar teman nya?
generate siapa: Riko melambaikan tangan kepada temannya.,Siapa yang melambaikan tangan kepada teman?
generate apa: Riko melambaikan tangan kepada temannya.,Apa yang Riko lambaikan kepada teman?
generate siapa: Riko kembali bermain di halaman.,Siapa yang bermain kembali di halaman?
generate dimana: Riko kembali bermain di halaman.,Di mana Riko bermain ?
generate siapa: Pagi hari Sari pergi ke perpustakaan.,Siapa yang pergi pagi hari ke perpustakaan?
generate kapan: Pagi hari Sari pergi ke perpustakaan.,Kapan Sari pergi ?
generate kemana: Pagi hari Sari pergi ke perpustakaan.,Ke mana Sari pergi ?
generate siapa: Sari berjalan kaki bersama temannya.,Siapa yang berjalan kaki bersama teman?
generate apa: Sari berjalan kaki bersama temannya.,Apa yang Sari jalan bersama teman?
generate siapa: Mereka membawa buku di tas.,Siapa yang membawa buku di tas?
generate apa: Mereka membawa buku di tas.,Apa yang Mereka bawa di tas?
generate dimana: Mereka membawa buku di tas.,Di mana Mereka membawa buku?
generate siapa: Petugas menyapa mereka dengan ramah.,Siapa yang menyapa mereka dengan ramah?
generate apa: Petugas menyapa mereka dengan ramah.,Apa yang Petugas sapa dengan ramah?
generate siapa: Sari mencari buku cerita di rak.,Siapa yang mencari buku cerita di rak?
generate apa: Sari mencari buku cerita di rak.,Apa yang Sari cari di rak?
generate dimana: Sari mencari buku cerita di rak.,Di mana Sari mencari buku cerita?
generate apa: Temannya mencari buku pelajaran.,Apa yang mencari buku pelajaran?
generate apa: Temannya mencari buku pelajaran.,Apa yang Teman nya cari?
generate siapa: Sari menemukan buku bergambar.,Siapa yang menemukan buku?
generate apa: Sari menemukan buku bergambar.,Apa yang Sari temukan?
generate apa: Temannya duduk di kursi baca.,Apa yang duduk di kursi baca?
generate dimana: Temannya duduk di kursi baca.,Di mana Teman nya duduk ?
generate siapa: Sari membaca buku dengan serius.,Siapa yang membaca buku dengan serius?
generate apa: Sari membaca buku dengan serius.,Apa yang Sari baca dengan serius?
generate apa: Temannya mencatat isi buku.,Apa yang mencatat isi buku?
generate siapa: Sari membalik halaman buku.,Siapa yang membalik halaman buku?
generate apa: Temannya membaca dengan fokus.,Apa yang membaca dengan fokus?
generate apa: Waktu terasa cepat berlalu.,Apa yang berlalu cepat?
generate siapa: Sari meminjam buku dari petugas.,Siapa yang meminjam buku dari petugas?
generate apa: Sari meminjam buku dari petugas.,Apa yang Sari pinjam dari petugas?
generate darimana: Sari meminjam buku dari petugas.,Dari mana Sari meminjam buku?
generate apa: Temannya juga meminjam buku.,Apa yang meminjam buku juga?
generate apa: Temannya juga meminjam buku.,Apa yang Teman nya pinjam juga?
generate siapa: Mereka keluar dari perpustakaan.,Siapa yang keluar dari perpustakaan?
generate darimana: Mereka keluar dari perpustakaan.,Dari mana Mereka keluar ?
generate siapa: Sari membawa buku di tangan.,Siapa yang membawa buku di tangan?
generate apa: Sari membawa buku di tangan.,Apa yang Sari bawa di tangan?
generate dimana: Sari membawa buku di tangan.,Di mana Sari membawa buku?
generate apa: Temannya menyimpan buku di tas.,Apa yang menyimpan buku di tas?
generate apa: Temannya menyimpan buku di tas.,Apa yang Teman nya simpan di tas?
generate dimana: Temannya menyimpan buku di tas.,Di mana Teman nya menyimpan buku?
generate siapa: Mereka berjalan pulang bersama.,Siapa yang berjalan pulang?
generate siapa: Sari merasa senang membaca.,Siapa yang merasa membaca senang?
generate apa: Temannya juga merasa puas.,Apa yang merasa juga puas?
generate siapa: Mereka berjanji kembali lagi.,Siapa yang berjanji kembali?
generate siapa: Hari terasa menyenangkan bagi mereka.,Siapa yang terasa menyenangkan bagi mereka?
generate siapa: Pagi hari Doni membantu ayah di kebun.,Siapa yang membantu ayah pagi hari di kebun?
generate apa: Pagi hari Doni membantu ayah di kebun.,Apa yang Doni bantu pagi hari di kebun?
generate kapan: Pagi hari Doni membantu ayah di kebun.,Kapan Doni membantu ayah?
generate dimana: Pagi hari Doni membantu ayah di kebun.,Di mana Doni membantu ayah?
generate siapa: Doni membawa cangkul kecil.,Siapa yang membawa cangkul kecil?
generate apa: Doni membawa cangkul kecil.,Apa yang Doni bawa?
generate siapa: Ayah menggali tanah di kebun.,Siapa yang menggali tanah di kebun?
generate apa: Ayah menggali tanah di kebun.,Apa yang Ayah gali di kebun?
generate dimana: Ayah menggali tanah di kebun.,Di mana Ayah menggali tanah?
generate siapa: Doni menanam bibit sayur.,Siapa yang menanam bibit sayur?
generate siapa: Ayah menyiram tanaman dengan air.,Siapa yang menyiram tanaman dengan air?
generate apa: Ayah menyiram tanaman dengan air.,Apa yang Ayah siram dengan air?
generate siapa: Doni mengambil air dari sumur.,Siapa yang mengambil air dari sumur?
generate apa: Doni mengambil air dari sumur.,Apa yang Doni ambil dari sumur?
generate darimana: Doni mengambil air dari sumur.,Dari mana Doni mengambil air?
generate apa: Tanaman tumbuh di tanah subur.,Apa yang tumbuh di tanah subur?
generate dimana: Tanaman tumbuh di tanah subur.,Di mana Tanaman tumbuh ?
generate siapa: Ayah memberi pupuk ke tanaman.,Siapa yang memberi pupuk ke tanaman?
generate apa: Ayah memberi pupuk ke tanaman.,Apa yang Ayah beri ke tanaman?
generate kemana: Ayah memberi pupuk ke tanaman.,Ke mana Ayah memberi pupuk?
generate siapa: Doni membersihkan rumput liar.,Siapa yang membersihkan rumput liar?
generate apa: Doni membersihkan rumput liar.,Apa yang Doni bersihkan?
generate apa: Matahari bersinar di pagi hari.,Apa yang bersinar di pagi hari?
generate kapan: Matahari bersinar di pagi hari.,Kapan Matahari bersinar ?
generate dimana: Matahari bersinar di pagi hari.,Di mana Matahari bersinar ?
generate siapa: Doni merasa senang bekerja.,Siapa yang merasa bekerja senang?
generate siapa: Ayah memuji kerja Doni.,Siapa yang memuji kerja Doni?
generate siapa: Doni tersenyum bangga.,Siapa yang tersenyum bangga?
generate siapa: Mereka beristirahat di bawah pohon.,Siapa yang beristirahat di bawah pohon?
generate dimana: Mereka beristirahat di bawah pohon.,Di mana Mereka beristirahat ?
generate siapa: Ayah minum air dari botol.,Siapa yang minum air dari botol?
generate apa: Ayah minum air dari botol.,Apa yang Ayah minum dari botol?
generate darimana: Ayah minum air dari botol.,Dari mana Ayah minum air?
generate siapa: Doni duduk di samping ayah.,Siapa yang duduk di samping ayah?
generate dimana: Doni duduk di samping ayah.,Di mana Doni duduk ?
generate siapa: Angin bertiup sejuk di kebun.,Siapa yang bertiup sejuk di kebun?
generate dimana: Angin bertiup sejuk di kebun.,Di mana Angin bertiup ?
generate siapa: Burung terbang di atas pohon.,Siapa yang terbang di atas pohon?
generate dimana: Burung terbang di atas pohon.,Di mana Burung terbang ?
generate siapa: Doni melihat bunga di taman.,Siapa yang melihat bunga di taman?
generate apa: Doni melihat bunga di taman.,Apa yang Doni lihat di taman?
generate dimana: Doni melihat bunga di taman.,Di mana Doni melihat bunga?
generate siapa: Ayah menjelaskan jenis tanaman.,Siapa yang menjelaskan jenis tanaman?
generate siapa: Doni mendengarkan dengan baik.,Siapa yang mendengarkan dengan baik?
generate siapa: Mereka melanjutkan pekerjaan di kebun.,Siapa yang melanjutkan pekerjaan di kebun?
generate apa: Mereka melanjutkan pekerjaan di kebun.,Apa yang Mereka lanjutkan di kebun?
generate dimana: Mereka melanjutkan pekerjaan di kebun.,Di mana Mereka melanjutkan pekerjaan?
generate siapa: Doni merasa bangga membantu ayah.,Siapa yang merasa membantu ayah bangga?
generate apa: Doni merasa bangga membantu ayah.,Apa yang Doni rasa bangga?
generate siapa: Hari terasa menyenangkan di kebun.,Siapa yang terasa menyenangkan di kebun?
generate dimana: Hari terasa menyenangkan di kebun.,Di mana Hari terasa menyenangkan ?
generate siapa: Pagi hari Mira belajar di rumah.,Siapa yang belajar pagi hari di rumah?
generate kapan: Pagi hari Mira belajar di rumah.,Kapan Mira belajar ?
generate dimana: Pagi hari Mira belajar di rumah.,Di mana Mira belajar ?
generate siapa: Mira membuka buku pelajaran.,Siapa yang membuka buku pelajaran?
generate apa: Mira membuka buku pelajaran.,Apa yang Mira buka?
generate siapa: Ibu duduk di samping Mira.,Siapa yang duduk di samping mira?
generate dimana: Ibu duduk di samping Mira.,Di mana Ibu duduk ?
generate siapa: Mira membaca dengan suara pelan.,Siapa yang membaca dengan suara pelan?
generate siapa: Ibu menjelaskan soal matematika.,Siapa yang menjelaskan soal matematika?
generate apa: Ibu menjelaskan soal matematika.,Apa yang Ibu jelaskan?
generate siapa: Mira mencoba mengerjakan soal.,Siapa yang mengerjakan soal mencoba?
generate apa: Mira mencoba mengerjakan soal.,Apa yang Mira kerjakan mencoba?
generate siapa: Ibu memberi contoh di kertas.,Siapa yang memberi contoh di kertas?
generate apa: Ibu memberi contoh di kertas.,Apa yang Ibu beri di kertas?
generate dimana: Ibu memberi contoh di kertas.,Di mana Ibu memberi contoh?
generate siapa: Mira menulis jawaban di buku.,Siapa yang menulis jawaban di buku?
generate apa: Mira menulis jawaban di buku.,Apa yang Mira tulis di buku?
generate dimana: Mira menulis jawaban di buku.,Di mana Mira menulis jawaban?
generate siapa: Mira bertanya kepada ibu.,Siapa yang bertanya kepada ibu?
generate siapa: Ibu menjawab dengan sabar.,Siapa yang menjawab dengan sabar?
generate siapa: Mira memahami pelajaran dengan baik.,Siapa yang memahami pelajaran dengan baik?
generate apa: Mira memahami pelajaran dengan baik.,Apa yang Mira pahami dengan baik?
generate siapa: Ibu tersenyum melihat Mira.,Siapa yang tersenyum melihat Mira?
generate siapa: Ibu tersenyum melihat Mira.,Siapa yang Ibu senyum?
generate siapa: Mira merasa percaya diri.,Siapa yang merasa percaya diri?
generate apa: Mira merasa percaya diri.,Apa yang Mira rasa?
generate siapa: Mira minum susu di dapur.,Siapa yang minum susu di dapur?
generate apa: Mira minum susu di dapur.,Apa yang Mira minum di dapur?
generate dimana: Mira minum susu di dapur.,Di mana Mira minum susu?
generate apa: Ibu menyiapkan makanan ringan.,Apa yang menyiapkan makanan ringan?
generate siapa: Mira duduk di kursi makan.,Siapa yang duduk di kursi makan?
generate dimana: Mira duduk di kursi makan.,Di mana Mira duduk ?
generate siapa: Ibu berbicara dengan Mira.,Siapa yang berbicara dengan mira?
generate siapa: Mira menceritakan pelajaran hari ini.,Siapa yang menceritakan pelajaran hari ini?
generate apa: Mira menceritakan pelajaran hari ini.,Apa yang Mira ceritakan?
generate siapa: Ibu mendengarkan dengan perhatian.,Siapa yang mendengarkan dengan perhatian?
generate siapa: Mira kembali belajar di kamar.,Siapa yang belajar kembali di kamar?
generate dimana: Mira kembali belajar di kamar.,Di mana Mira belajar ?
generate apa: Ibu membersihkan rumah.,Apa yang membersihkan rumah?
generate apa: Ibu membersihkan rumah.,Apa yang Ibu bersihkan?
generate siapa: Mira membaca buku cerita.,Siapa yang membaca buku cerita?
generate apa: Mira membaca buku cerita.,Apa yang Mira baca?
generate siapa: Ibu memberi semangat kepada Mira.,Siapa yang memberi semangat kepada mira?
generate siapa: Mira merasa senang belajar.,Siapa yang merasa belajar senang?
generate siapa: Kancil bangun pada pagi hari.,Siapa yang bangun pada pagi hari?
generate kapan: Kancil bangun pada pagi hari.,Kapan Kancil bangun ?
generate siapa: Kancil merasa sangat lapar.,Siapa yang merasa sangat lapar?
generate siapa: Kancil berjalan ke arah hutan.,Siapa yang berjalan ke arah hutan?
generate apa: Matahari bersinar sangat terang.,Apa yang bersinar sangat terang?
generate siapa: Burung berkicau di atas pohon.,Siapa yang berkicau di atas pohon?
generate dimana: Burung berkicau di atas pohon.,Di mana Burung berkicau ?
generate siapa: Kancil mencari buah segar.,Siapa yang mencari buah segar?
generate siapa: Kancil melihat sebuah apel merah.,Siapa yang melihat sebuah apel merah?
generate apa: Apel itu jatuh di tanah.,Apa yang jatuh di tanah?
generate dimana: Apel itu jatuh di tanah.,Di mana Apel itu jatuh ?
generate siapa: Kancil memakan apel itu perlahan.,Siapa yang memakan apel itu perlahan?
generate apa: Kancil memakan apel itu perlahan.,Apa yang Kancil makan perlahan?
generate siapa: Kancil melanjutkan perjalanan.,Siapa yang melanjutkan perjalanan?
generate apa: Kancil melanjutkan perjalanan.,Apa yang Kancil lanjutkan?
generate apa: Air sungai mengalir sangat jernih.,Apa yang mengalir sangat jernih?
generate siapa: Kancil meminum air sungai tersebut.,Siapa yang meminum air sungai tersebut?
generate siapa: Kancil merasa sangat segar.,Siapa yang merasa sangat segar?
"generate apa: Tiba-tiba, kancil mendengar suara ranting.",Apa yang mendengar suara ranting Tiba-tiba?
"generate apa: Tiba-tiba, kancil mendengar suara ranting.",Apa yang kancil dengar Tiba-tiba?
generate siapa: Harimau muncul dari balik semak.,Siapa yang muncul dari balik semak?
generate darimana: Harimau muncul dari balik semak.,Dari mana Harimau muncul ?
generate siapa: Harimau menatap kancil dengan tajam.,Siapa yang menatap kancil dengan tajam?
generate apa: Harimau menatap kancil dengan tajam.,Apa yang Harimau tatap dengan tajam?
generate siapa: Kancil merasa sangat takut.,Siapa yang merasa takut?
generate siapa: Kancil berpikir sangat cepat.,Siapa yang berpikir sangat cepat?
generate siapa: Kancil berlari ke arah gua.,Siapa yang berlari ke arah gua?
generate kemana: Kancil berlari ke arah gua.,Ke mana Kancil berlari ?
generate siapa: Harimau mengejar kancil dengan cepat.,Siapa yang mengejar kancil dengan cepat?
generate apa: Harimau mengejar kancil dengan cepat.,Apa yang Harimau kejar dengan cepat?
generate siapa: Kancil bersembunyi di dalam gua.,Siapa yang bersembunyi di dalam gua?
generate dimana: Kancil bersembunyi di dalam gua.,Di mana Kancil bersembunyi ?
generate siapa: Harimau kehilangan jejak kancil.,Siapa yang kehilangan?
generate siapa: Kancil selamat dari bahaya.,Siapa yang selamat dari bahaya?
generate darimana: Kancil selamat dari bahaya.,Dari mana Kancil selamat ?
generate siapa: Rina bangun tidur pada pukul enam.,Siapa yang bangun tidur?
generate siapa: Rina merapikan tempat tidur.,Siapa yang merapikan tempat tidur?
generate apa: Rina merapikan tempat tidur.,Apa yang Rina rapikan?
generate siapa: Rina mandi di kamar mandi.,Siapa yang mandi di kamar mandi?
generate dimana: Rina mandi di kamar mandi.,Di mana Rina mandi ?
generate siapa: Rina memakai seragam sekolah.,Siapa yang memakai seragam sekolah?
generate apa: Rina memakai seragam sekolah.,Apa yang Rina pakai?
generate siapa: Ibu menyiapkan sarapan di meja.,Siapa yang menyiapkan sarapan di meja?
generate apa: Ibu menyiapkan sarapan di meja.,Apa yang Ibu siapkan di meja?
generate dimana: Ibu menyiapkan sarapan di meja.,Di mana Ibu menyiapkan sarapan?
generate siapa: Rina memakan roti isi selai.,Siapa yang memakan roti isi selai?
generate apa: Rina memakan roti isi selai.,Apa yang Rina makan?
generate siapa: Rina meminum segelas susu hangat.,Siapa yang meminum segelas susu hangat?
generate siapa: Rina mengambil tas ransel.,Siapa yang mengambil tas ransel?
generate apa: Rina mengambil tas ransel.,Apa yang Rina ambil?
generate siapa: Rina berpamitan kepada ayah.,Siapa yang berpamitan kepada ayah?
generate siapa: Rina berpamitan kepada ibu.,Siapa yang berpamitan kepada ibu?
generate siapa: Rina berjalan menuju sekolah.,Siapa yang berjalan menuju sekolah?
generate siapa: Rina bertemu teman-teman di jalan.,Siapa yang bertemu teman-teman di jalan?
generate apa: Rina bertemu teman-teman di jalan.,Apa yang Rina temu di jalan?
generate dimana: Rina bertemu teman-teman di jalan.,Di mana Rina bertemu teman-teman?
generate siapa: Mereka berjalan bersama-sama.,Siapa yang berjalan bersama-sama?
generate siapa: Rina tiba di gerbang sekolah.,Siapa yang tiba di gerbang sekolah?
generate dimana: Rina tiba di gerbang sekolah.,Di mana Rina tiba ?
generate siapa: Rina menyapa guru piket.,Siapa yang menyapa guru piket?
generate apa: Rina menyapa guru piket.,Apa yang Rina sapa?
generate siapa: Rina masuk ke ruang kelas.,Siapa yang masuk ke ruang kelas?
generate kemana: Rina masuk ke ruang kelas.,Ke mana Rina masuk ?
generate siapa: Rina meletakkan tas di meja.,Siapa yang meletakkan tas di meja?
generate apa: Rina meletakkan tas di meja.,Apa yang Rina letakkan di meja?
generate dimana: Rina meletakkan tas di meja.,Di mana Rina meletakkan tas?
generate siapa: Rina duduk di kursi kayu.,Siapa yang duduk di kursi kayu?
generate dimana: Rina duduk di kursi kayu.,Di mana Rina duduk ?
generate apa: Bel sekolah berbunyi keras.,Apa yang berbunyi keras?
generate apa: Siswa-siswa masuk ke kelas.,Apa yang masuk ke kelas?
generate kemana: Siswa-siswa masuk ke kelas.,Ke mana Siswa-siswa masuk ?
generate siapa: Guru masuk ke dalam ruangan.,Siapa yang masuk ke dalam ruangan?
generate kemana: Guru masuk ke dalam ruangan.,Ke mana Guru masuk ?
generate siapa: Guru mengucapkan salam.,Siapa yang mengucapkan salam?
generate apa: Guru mengucapkan salam.,Apa yang Guru ucapkan?
generate apa: Siswa-siswa menjawab salam guru.,Apa yang menjawab salam guru?
generate apa: Siswa-siswa menjawab salam guru.,Apa yang Siswa-siswa jawab?
generate siapa: Mereka mulai belajar dengan tenang.,Siapa yang mulai belajar dengan belajar dengan tenang?
generate siapa: Budi memiliki sepeda baru.,Siapa yang memiliki sepeda baru?
generate apa: Sepeda itu berwarna merah.,Apa yang berwarna merah?
generate siapa: Ayah membelikan sepeda itu kemarin.,Siapa yang membelikan sepeda itu kemarin?
generate apa: Ayah membelikan sepeda itu kemarin.,Apa yang Ayah belikan kemarin?
generate kapan: Ayah membelikan sepeda itu kemarin.,Kapan Ayah membelikan sepeda itu?
generate siapa: Budi merasa sangat senang.,Siapa yang merasa sangat senang?
generate siapa: Budi membawa sepeda ke lapangan.,Siapa yang membawa sepeda ke lapangan?
generate apa: Budi membawa sepeda ke lapangan.,Apa yang Budi bawa ke lapangan?
generate kemana: Budi membawa sepeda ke lapangan.,Ke mana Budi membawa sepeda?
generate apa: Lapangan itu berada di belakang rumah.,Apa yang berada di belakang rumah?
generate dimana: Lapangan itu berada di belakang rumah.,Di mana Lapangan itu berada ?
generate siapa: Budi menaiki sepeda dengan hati-hati.,Siapa yang menaiki sepeda dengan hati-hati?
generate apa: Budi menaiki sepeda dengan hati-hati.,Apa yang Budi naiki dengan hati-hati?
generate siapa: Budi mengayuh pedal sepeda.,Siapa yang mengayuh pedal sepeda?
generate siapa: Budi melewati pohon mangga.,Siapa yang melewati pohon mangga?
generate siapa: Budi melihat seekor kucing.,Siapa yang melihat seekor kucing?
generate apa: Budi melihat seekor kucing.,Apa yang Budi lihat?
generate apa: Kucing itu berlari kencang.,Apa yang berlari kencang?
generate siapa: Budi terus mengayuh sepeda.,Siapa yang mengayuh sepeda terus?
generate apa: Budi terus mengayuh sepeda.,Apa yang Budi ayuh terus?
generate apa: Keringat membasahi dahi Budi.,Apa yang membasahi dahi Budi?
generate siapa: Keringat membasahi dahi Budi.,Siapa yang Keringat basahi?
generate siapa: Budi merasa sedikit lelah.,Siapa yang merasa sedikit lelah?
generate siapa: Budi menghentikan sepeda di bawah pohon.,Siapa yang menghentikan sepeda di bawah pohon?
generate apa: Budi menghentikan sepeda di bawah pohon.,Apa yang Budi hentikan di bawah pohon?
generate dimana: Budi menghentikan sepeda di bawah pohon.,Di mana Budi menghentikan sepeda?
generate siapa: Budi duduk di atas rumput.,Siapa yang duduk di atas rumput?
generate dimana: Budi duduk di atas rumput.,Di mana Budi duduk ?
generate siapa: Budi meminum air dari botol.,Siapa yang meminum air dari botol?
generate apa: Budi meminum air dari botol.,Apa yang Budi pinum dari botol?
generate darimana: Budi meminum air dari botol.,Dari mana Budi meminum air?
generate siapa: Angin bertiup sangat sejuk.,Siapa yang bertiup sangat sejuk?
generate siapa: Budi beristirahat selama lima menit.,Siapa yang beristirahat selama lima menit?
generate siapa: Budi kembali menaiki sepeda.,Siapa yang menaiki sepeda kembali?
generate apa: Budi kembali menaiki sepeda.,Apa yang Budi naiki kembali?
generate siapa: Budi pulang ke rumah.,Siapa yang pulang ke rumah?
generate kemana: Budi pulang ke rumah.,Ke mana Budi pulang ?
generate siapa: Budi memarkir sepeda di garasi.,Siapa yang memarkir sepeda di garasi?
generate apa: Budi memarkir sepeda di garasi.,Apa yang Budi markir di garasi?
generate dimana: Budi memarkir sepeda di garasi.,Di mana Budi memarkir sepeda?
generate siapa: Budi segera mandi air hangat.,Siapa yang mandi air hangat segera?
generate apa: Budi segera mandi air hangat.,Apa yang Budi mandi segera?
generate apa: Hari ini adalah hari Minggu.,Apa yang hari?
generate siapa: Ibu mengajak Sita ke taman depan.,Siapa yang mengajak Sita ke taman depan?
generate siapa: Ibu mengajak Sita ke taman depan.,Siapa yang Ibu ajak ke taman depan?
generate kemana: Ibu mengajak Sita ke taman depan.,Ke mana Ibu mengajak Sita?
generate apa: Ibu membawa bibit bunga mawar.,Apa yang membawa bibit bunga mawar?
generate siapa: Sita membawa sekop kecil.,Siapa yang membawa sekop kecil?
generate apa: Sita membawa sekop kecil.,Apa yang Sita bawa?
generate siapa: Sita menggali tanah dengan sekop.,Siapa yang menggali tanah dengan sekop?
generate apa: Sita menggali tanah dengan sekop.,Apa yang Sita gali dengan sekop?
generate apa: Ibu memasukkan bibit bunga.,Apa yang memasukkan bibit bunga?
generate apa: Ibu menutup akar dengan tanah.,Apa yang menutup akar dengan tanah?
generate apa: Ibu menutup akar dengan tanah.,Apa yang Ibu tutup dengan tanah?
generate siapa: Sita mengambil teko air.,Siapa yang mengambil teko air?
generate apa: Sita mengambil teko air.,Apa yang Sita ambil?
generate siapa: Sita menyiram bibit bunga itu.,Siapa yang menyiram bibit bunga itu?
generate apa: Air membasahi tanah kering.,Apa yang membasahi tanah kering?
generate apa: Air membasahi tanah kering.,Apa yang Air basahi?
generate siapa: Mereka menanam lima bibit mawar.,Siapa yang menanam lima bibit mawar?
generate siapa: Sita merasa sangat kotor.,Siapa yang merasa sangat kotor?
generate siapa: Tangan Sita penuh dengan tanah.,Siapa yang penuh dengan tanah?
generate apa: Ibu mencuci tangan di keran.,Apa yang mencuci tangan di keran?
generate apa: Ibu mencuci tangan di keran.,Apa yang Ibu cuci di keran?
generate dimana: Ibu mencuci tangan di keran.,Di mana Ibu mencuci tangan?
generate siapa: Sita ikut mencuci tangan.,Siapa yang ikut mencuci tangan?
generate apa: Ibu membuang daun kering ke tempat sampah.,Apa yang membuang daun kering ke tempat sampah?
generate apa: Ibu membuang daun kering ke tempat sampah.,Apa yang Ibu buang ke tempat sampah?
generate kemana: Ibu membuang daun kering ke tempat sampah.,Ke mana Ibu membuang daun kering?
generate siapa: Sita membersihkan alat berkebun.,Siapa yang membersihkan alat?
generate apa: Sita membersihkan alat berkebun.,Apa yang Sita bersihkan?
generate siapa: Matahari mulai bersinar terik.,Siapa yang mulai bersinar?
generate siapa: Mereka masuk ke dalam rumah.,Siapa yang masuk ke dalam rumah?
generate kemana: Mereka masuk ke dalam rumah.,Ke mana Mereka masuk ?
generate apa: Ibu membuat jus jeruk dingin.,Apa yang membuat jus jeruk dingin?
generate siapa: Sita meminum jus jeruk itu.,Siapa yang meminum jus jeruk itu?
generate siapa: Sita berharap bunga segera mekar.,Siapa yang berharap mekar bunga?
generate apa: Sita berharap bunga segera mekar.,Apa yang Sita harap?
generate siapa: Berkebun adalah kegiatan yang menyenangkan.,Siapa yang kegiatan yang menyenangkan?
generate siapa: Keluarga Anton pergi ke pantai.,Siapa yang pergi ke pantai?
generate kemana: Keluarga Anton pergi ke pantai.,Ke mana Keluarga Anton pergi ?
generate siapa: Mereka berangkat pada pagi hari.,Siapa yang berangkat pagi?
generate siapa: Ayah menyetir mobil dengan hati-hati.,Siapa yang menyetir mobil dengan hati-hati?
generate apa: Ayah menyetir mobil dengan hati-hati.,Apa yang Ayah setir dengan hati-hati?
generate siapa: Anton melihat pemandangan dari jendela.,Siapa yang melihat pemandangan dari jendela?
generate apa: Anton melihat pemandangan dari jendela.,Apa yang Anton lihat dari jendela?
generate darimana: Anton melihat pemandangan dari jendela.,Dari mana Anton melihat pemandangan?
generate siapa: Mobil tiba di pantai pada siang hari.,Siapa yang tiba di pantai pada siang hari?
generate kapan: Mobil tiba di pantai pada siang hari.,Kapan Mobil tiba ?
generate dimana: Mobil tiba di pantai pada siang hari.,Di mana Mobil tiba ?
generate apa: Angin pantai bertiup sangat kencang.,Apa yang bertiup sangat kencang?
generate siapa: Anton mendengar suara ombak.,Siapa yang mendengar suara ombak?
generate apa: Anton mendengar suara ombak.,Apa yang Anton dengar?
generate siapa: Anton berlari menuju tepi pantai.,Siapa yang berlari menuju tepi pantai?
generate siapa: Anton membangun istana pasir.,Siapa yang membangun istana pasir?
generate apa: Anton membangun istana pasir.,Apa yang Anton bangun?
generate siapa: Adik mengumpulkan kerang kecil.,Siapa yang mengumpulkan kerang kecil?
generate apa: Adik mengumpulkan kerang kecil.,Apa yang Adik kumpulkan?
generate siapa: Ibu menggelar tikar di bawah pohon.,Siapa yang menggelar tikar di bawah pohon?
generate apa: Ibu menggelar tikar di bawah pohon.,Apa yang Ibu gelar di bawah pohon?
generate siapa: Ayah memotret Anton dan adik.,Siapa yang memotret Anton?
generate siapa: Ayah memotret Anton dan adik.,Siapa yang Ayah potret?
generate siapa: Mereka bermain air di pinggir laut.,Siapa yang bermain air di pinggir laut?
generate apa: Mereka bermain air di pinggir laut.,Apa yang Mereka main di pinggir laut?
generate dimana: Mereka bermain air di pinggir laut.,Di mana Mereka bermain air?
generate apa: Air laut terasa sangat dingin.,Apa yang terasa sangat dingin?
generate siapa: Anton melihat kepiting kecil berjalan.,Siapa yang melihat kepiting kecil?
generate apa: Anton melihat kepiting kecil berjalan.,Apa yang Anton lihat?
generate apa: Kepiting itu bersembunyi di balik batu.,Apa yang bersembunyi di balik batu?
generate dimana: Kepiting itu bersembunyi di balik batu.,Di mana Kepiting itu bersembunyi ?
generate siapa: Ibu memanggil mereka untuk makan.,Siapa yang memanggil makan mereka?
generate siapa: Mereka duduk di atas tikar.,Siapa yang duduk di atas tikar?
generate dimana: Mereka duduk di atas tikar.,Di mana Mereka duduk ?
generate siapa: Ibu menyajikan ikan bakar lezat.,Siapa yang menyajikan ikan bakar lezat?
generate siapa: Mereka memakan ikan bakar bersama.,Siapa yang memakan ikan bakar bersama?
generate apa: Mereka memakan ikan bakar bersama.,Apa yang Mereka makan?
generate siapa: Mereka merapikan barang bawaan.,Siapa yang merapikan barang bawaan?
generate apa: Mereka merapikan barang bawaan.,Apa yang Mereka rapikan?
generate siapa: Keluarga Anton pulang dengan gembira.,Siapa yang pulang dengan gembira?
generate siapa: Dinda bangun tidur pada hari libur.,Siapa yang bangun tidur pada hari libur?
generate siapa: Dinda pergi ke dapur.,Siapa yang pergi ke dapur?
generate kemana: Dinda pergi ke dapur.,Ke mana Dinda pergi ?
generate apa: Ibu sedang menyiapkan bahan makanan.,Apa yang sedang menyiapkan bahan makanan?
generate apa: Ibu ingin memasak sayur sop.,Apa yang ingin memasak sayur sop?
generate siapa: Dinda menawarkan bantuan kepada ibu.,Siapa yang menawarkan bantuan kepada ibu?
generate apa: Dinda menawarkan bantuan kepada ibu.,Apa yang Dinda tawarkan kepada ibu?
generate siapa: Ibu memberikan wortel kepada Dinda.,Siapa yang memberikan wortel kepada dinda?
generate siapa: Dinda mencuci wortel di wastafel.,Siapa yang mencuci wortel di wastafel?
generate apa: Dinda mencuci wortel di wastafel.,Apa yang Dinda cuci di wastafel?
generate dimana: Dinda mencuci wortel di wastafel.,Di mana Dinda mencuci wortel?
generate siapa: Dinda mengupas kulit wortel.,Siapa yang mengupas kulit wortel?
generate apa: Dinda mengupas kulit wortel.,Apa yang Dinda upas?
generate siapa: Dinda memotong wortel menjadi bulat.,Siapa yang memotong menjadi wortel?
generate apa: Dinda memotong wortel menjadi bulat.,Apa yang Dinda potongi?
generate apa: Ibu memotong kentang dan buncis.,Apa yang memotong kentang?
generate apa: Ibu memotong kentang dan buncis.,Apa yang Ibu potong?
generate siapa: Ibu merebus air di dalam panci.,Siapa yang merebus air di dalam panci?
generate apa: Ibu merebus air di dalam panci.,Apa yang Ibu rebus di dalam panci?
generate dimana: Ibu merebus air di dalam panci.,Di mana Ibu merebus air?
generate apa: Air di panci mulai mendidih.,Apa yang mulai mendidih di panci?
generate dimana: Air di panci mulai mendidih.,Di mana Air mulai mendidih ?
generate apa: Ibu memasukkan potongan sayuran.,Apa yang memasukkan potongan sayuran?
generate siapa: Dinda menambahkan sedikit garam.,Siapa yang menambahkan garam sedikit?
generate apa: Dinda menambahkan sedikit garam.,Apa yang Dinda tambahkan sedikit?
generate apa: Ibu mengaduk sayur sop dengan sendok.,Apa yang mengaduk sayur sop dengan sendok?
generate apa: Ibu mengaduk sayur sop dengan sendok.,Apa yang Ibu kaduk dengan sendok?
generate apa: Aroma sedap memenuhi ruang dapur.,Apa yang memenuhi ruang dapur?
generate apa: Aroma sedap memenuhi ruang dapur.,Apa yang Aroma sedap penuhi?
generate siapa: Dinda menyiapkan piring di meja makan.,Siapa yang menyiapkan piring di meja makan?
generate apa: Dinda menyiapkan piring di meja makan.,Apa yang Dinda siapkan di meja makan?
generate dimana: Dinda menyiapkan piring di meja makan.,Di mana Dinda menyiapkan piring?
generate apa: Sayur sop sudah matang.,Apa yang sudah matang?
generate siapa: Ibu menuangkan sayur ke dalam mangkuk.,Siapa yang menuangkan sayur ke dalam mangkuk?
generate apa: Ibu menuangkan sayur ke dalam mangkuk.,Apa yang Ibu tuangkan ke dalam mangkuk?
generate kemana: Ibu menuangkan sayur ke dalam mangkuk.,Ke mana Ibu menuangkan sayur?
generate siapa: Ayah datang ke ruang makan.,Siapa yang datang ke ruang makan?
generate siapa: Ayah duduk di kursi makan.,Siapa yang duduk di kursi makan?
generate dimana: Ayah duduk di kursi makan.,Di mana Ayah duduk ?
generate siapa: Mereka berdoa sebelum makan.,Siapa yang berdoa makan?
generate siapa: Ayah memuji masakan ibu dan Dinda.,Siapa yang memuji masakan ibu?
generate siapa: Dinda merasa sangat bangga.,Siapa yang merasa sangat bangga?
generate siapa: Dinda memakan sayur sop dengan lahap.,Siapa yang memakan lahap sayur sop dengan lahap?
generate apa: Dinda memakan sayur sop dengan lahap.,Apa yang Dinda makan dengan lahap?
generate siapa: Edo bermain di halaman rumah.,Siapa yang bermain di halaman rumah?
generate dimana: Edo bermain di halaman rumah.,Di mana Edo bermain ?
generate siapa: Edo melihat seekor burung pipit.,Siapa yang melihat seekor burung pipit?
generate apa: Edo melihat seekor burung pipit.,Apa yang Edo lihat?
generate apa: Sayap burung pipit itu terluka.,Apa yang terluka?
generate siapa: Edo merasa kasihan pada burung itu.,Siapa yang merasa kasihan pada burung itu?
generate apa: Edo merasa kasihan pada burung itu.,Apa yang Edo rasa pada burung itu?
generate siapa: Edo mengambil burung pipit dengan pelan.,Siapa yang mengambil burung pipit dengan pelan?
generate apa: Edo mengambil burung pipit dengan pelan.,Apa yang Edo ambil dengan pelan?
generate siapa: Edo membawa burung pipit ke dalam rumah.,Siapa yang membawa burung pipit ke dalam rumah?
generate apa: Edo membawa burung pipit ke dalam rumah.,Apa yang Edo bawa ke dalam rumah?
generate kemana: Edo membawa burung pipit ke dalam rumah.,Ke mana Edo membawa burung pipit?
generate siapa: Edo meminta bantuan kepada ayah.,Siapa yang meminta bantuan kepada ayah?
generate apa: Edo meminta bantuan kepada ayah.,Apa yang Edo pinta kepada ayah?
generate siapa: Ayah mengambil kotak sepatu bekas.,Siapa yang mengambil kotak sepatu bekas?
generate apa: Ayah mengambil kotak sepatu bekas.,Apa yang Ayah ambil?
generate siapa: Ayah meletakkan kain lembut di dalam kotak.,Siapa yang meletakkan kain lembut di dalam kotak?
generate apa: Ayah meletakkan kain lembut di dalam kotak.,Apa yang Ayah letakkan di dalam kotak?
generate dimana: Ayah meletakkan kain lembut di dalam kotak.,Di mana Ayah meletakkan kain lembut?
generate siapa: Edo menaruh burung pipit di kotak.,Siapa yang menaruh burung pipit di kotak?
generate apa: Edo menaruh burung pipit di kotak.,Apa yang Edo taruh di kotak?
generate dimana: Edo menaruh burung pipit di kotak.,Di mana Edo menaruh burung pipit?
generate apa: Burung pipit itu tampak ketakutan.,Apa yang tampak ketakutan?
generate siapa: Edo mengambil air di tutup botol.,Siapa yang mengambil air di tutup botol?
generate apa: Edo mengambil air di tutup botol.,Apa yang Edo ambil di tutup botol?
generate dimana: Edo mengambil air di tutup botol.,Di mana Edo mengambil air?
generate siapa: Edo memberikan air kepada burung pipit.,Siapa yang memberikan air kepada burung pipit?
generate apa: Edo memberikan air kepada burung pipit.,Apa yang Edo berikan kepada burung pipit?
generate siapa: Ayah mengobati luka di sayap burung.,Siapa yang mengobati luka di sayap burung?
generate apa: Ayah mengobati luka di sayap burung.,Apa yang Ayah obati di sayap burung?
generate dimana: Ayah mengobati luka di sayap burung.,Di mana Ayah mengobati luka?
generate siapa: Edo menaburkan biji-bijian di dekat burung.,Siapa yang menaburkan biji-bijian di dekat burung?
generate apa: Edo menaburkan biji-bijian di dekat burung.,Apa yang Edo taburkan di dekat burung?
generate dimana: Edo menaburkan biji-bijian di dekat burung.,Di mana Edo menaburkan biji-bijian?
generate apa: Burung pipit mematuk biji-bijian itu.,Apa yang mematuk biji-bijian itu?
generate apa: Burung pipit mematuk biji-bijian itu.,Apa yang Burung pipit patuk?
generate siapa: Edo merawat burung pipit setiap hari.,Siapa yang merawat burung pipit setiap hari?
generate apa: Edo merawat burung pipit setiap hari.,Apa yang Edo rawat?
"generate apa: Seminggu kemudian, luka burung pipit sembuh.","Apa yang sembuh seminggu kemudian , kemudian?"
generate apa: Burung pipit mulai mengepakkan sayap.,Apa yang mulai mengepakkan sayap?
generate apa: Burung pipit mulai mengepakkan sayap.,Apa yang Burung pipit mulaikan?
generate siapa: Edo membawa kotak ke halaman.,Siapa yang membawa kotak ke halaman?
generate apa: Edo membawa kotak ke halaman.,Apa yang Edo bawa ke halaman?
generate kemana: Edo membawa kotak ke halaman.,Ke mana Edo membawa kotak?
generate siapa: Edo membuka tutup kotak sepatu.,Siapa yang membuka tutup kotak sepatu?
generate apa: Edo membuka tutup kotak sepatu.,Apa yang Edo buka?
generate apa: Burung pipit melompat keluar.,Apa yang melompat keluar?
generate apa: Burung pipit terbang ke udara.,Apa yang terbang ke udara?
generate kemana: Burung pipit terbang ke udara.,Ke mana Burung pipit terbang ?
generate siapa: Edo tersenyum melihat burung itu bebas.,Siapa yang tersenyum melihat burung itu bebas?
generate apa: Edo tersenyum melihat burung itu bebas.,Apa yang Edo senyum?
generate siapa: Pak Tani bangun sebelum matahari terbit.,Siapa yang bangun?
generate siapa: Pak Tani meminum secangkir kopi panas.,Siapa yang meminum secangkir kopi panas?
generate apa: Pak Tani meminum secangkir kopi panas.,Apa yang Pak Tani pinum?
generate siapa: Pak Tani mengambil cangkul di gudang.,Siapa yang mengambil cangkul di gudang?
generate apa: Pak Tani mengambil cangkul di gudang.,Apa yang Pak Tani ambil di gudang?
generate dimana: Pak Tani mengambil cangkul di gudang.,Di mana Pak Tani mengambil cangkul?
generate siapa: Pak Tani berjalan menuju kandang.,Siapa yang berjalan menuju kandang?
generate dimana: Di kandang terdapat seekor kerbau hitam.,Di mana  terdapat seekor kerbau hitam?
generate apa: Kerbau hitam itu bertubuh sangat besar.,Apa yang bertubuh sangat besar?
generate siapa: Pak Tani menuntun kerbau menuju sawah.,Siapa yang menuntun kerbau sawah?
generate apa: Pak Tani menuntun kerbau menuju sawah.,Apa yang Pak Tani tuntun?
generate siapa: Pak Tani memasang alat bajak pada kerbau.,Siapa yang memasang alat bajak kerbau?
generate apa: Pak Tani memasang alat bajak pada kerbau.,Apa yang Pak Tani memasang?
generate siapa: Kerbau mulai menarik alat bajak.,Siapa yang mulai menarik alat bajak?
generate apa: Kerbau mulai menarik alat bajak.,Apa yang Kerbau mulai?
generate siapa: Pak Tani bekerja tanpa kenal lelah.,Siapa yang bekerja kenal lelah?
generate apa: Pak Tani bekerja tanpa kenal lelah.,Apa yang Pak Tani bekerja?
generate apa: Burung bangau mencari makan di sawah.,Apa yang mencari makan di sawah?
generate dimana: Burung bangau mencari makan di sawah.,Di mana Burung bangau mencari makan ?
generate siapa: Pak Tani menghentikan kerbau di bawah pohon.,Siapa yang menghentikan kerbau di bawah pohon?
generate apa: Pak Tani menghentikan kerbau di bawah pohon.,Apa yang Pak Tani hentikan di bawah pohon?
generate dimana: Pak Tani menghentikan kerbau di bawah pohon.,Di mana Pak Tani menghentikan kerbau?
generate siapa: Pak Tani memberikan rumput segar kepada kerbau.,Siapa yang memberikan rumput segar kepada kerbau?
generate apa: Pak Tani memberikan rumput segar kepada kerbau.,Apa yang Pak Tani berikan kepada kerbau?
generate siapa: Kerbau memakan rumput dengan lahap.,Siapa yang memakan lahap rumput dengan lahap?
generate siapa: Pak Tani memakan bekal dari rumah.,Siapa yang memakan bekal dari rumah?
generate apa: Pak Tani memakan bekal dari rumah.,Apa yang Pak Tani makan dari rumah?
generate darimana: Pak Tani memakan bekal dari rumah.,Dari mana Pak Tani memakan bekal?
generate siapa: Istri Pak Tani membawakan teh manis.,Siapa yang membawakan teh manis?
generate apa: Istri Pak Tani membawakan teh manis.,Apa yang Istri Pak Tani bawakan?
generate siapa: Pak Tani melanjutkan pekerjaan pada sore hari.,Siapa yang melanjutkan pekerjaan pada sore hari?
generate apa: Pak Tani melanjutkan pekerjaan pada sore hari.,Apa yang Pak Tani lanjutkan pada sore hari?
generate siapa: Pak Tani melepaskan alat bajak.,Siapa yang melepaskan alat bajak?
generate apa: Pak Tani melepaskan alat bajak.,Apa yang Pak Tani lepaskan?
generate siapa: Pak Tani membawa kerbau pulang ke kandang.,Siapa yang membawa kerbau ke kandang?
generate apa: Pak Tani membawa kerbau pulang ke kandang.,Apa yang Pak Tani bawa ke kandang?
generate kemana: Pak Tani membawa kerbau pulang ke kandang.,Ke mana Pak Tani membawa kerbau?
generate siapa: Pak Tani merasa sangat bersyukur.,Siapa yang merasa bersyukur?
generate apa: Awan hitam menutupi sinar matahari.,Apa yang menutupi sinar matahari?
generate apa: Awan hitam menutupi sinar matahari.,Apa yang Awan hitam tutupi?
generate siapa: Angin bertiup cukup kencang.,Siapa yang bertiup cukup kencang?
generate apa: Daun-daun berguguran di halaman rumah.,Apa yang berguguran di halaman rumah?
generate dimana: Daun-daun berguguran di halaman rumah.,Di mana Daun-daun berguguran ?
"generate apa: Tiba-tiba, suara petir terdengar keras.",Apa yang terdengar Tiba-tiba keras?
generate apa: Rintik hujan mulai turun membasahi bumi.,Apa yang turun membasahi bumi mulai?
generate apa: Rintik hujan mulai turun membasahi bumi.,Apa yang Rintik hujan turuni mulai?
generate siapa: Dina sedang berada di teras rumah.,Siapa yang sedang berada di teras rumah?
generate dimana: Dina sedang berada di teras rumah.,Di mana Dina sedang berada ?
generate siapa: Dina melihat air hujan mengalir di selokan.,Siapa yang melihat air hujan di selokan?
generate apa: Dina melihat air hujan mengalir di selokan.,Apa yang Dina lihat di selokan?
generate dimana: Dina melihat air hujan mengalir di selokan.,Di mana Dina melihat air hujan?
generate siapa: Dina masuk ke dalam rumah.,Siapa yang masuk ke dalam rumah?
generate kemana: Dina masuk ke dalam rumah.,Ke mana Dina masuk ?
generate siapa: Dina menutup pintu rapat-rapat.,Siapa yang menutup pintu rapat-rapat?
generate apa: Dina menutup pintu rapat-rapat.,Apa yang Dina tutup?
generate siapa: Ibu membuatkan susu cokelat hangat.,Siapa yang membuatkan susu cokelat hangat?
generate siapa: Dina meminum susu di ruang keluarga.,Siapa yang meminum susu di ruang keluarga?
generate apa: Dina meminum susu di ruang keluarga.,Apa yang Dina pinum di ruang keluarga?
generate dimana: Dina meminum susu di ruang keluarga.,Di mana Dina meminum susu?
generate siapa: Ayah membaca koran di sofa.,Siapa yang membaca koran di sofa?
generate apa: Ayah membaca koran di sofa.,Apa yang Ayah baca di sofa?
generate dimana: Ayah membaca koran di sofa.,Di mana Ayah membaca koran?
generate apa: Kucing peliharaan tidur di bawah meja.,Apa yang tidur di bawah meja?
generate dimana: Kucing peliharaan tidur di bawah meja.,Di mana Kucing peliharaan tidur ?
generate siapa: Hujan turun selama dua jam penuh.,Siapa yang turun selama dua jam penuh?
"generate apa: Akhirnya, hujan mulai mereda.",Apa yang mulai mereda Akhirnya?
generate apa: Rintik hujan berubah menjadi gerimis kecil.,Apa yang berubah menjadi gerimis kecil?
generate apa: Rintik hujan berubah menjadi gerimis kecil.,Apa yang Rintik hujan rubahi?
generate siapa: Dina membuka jendela kamar.,Siapa yang membuka jendela kamar?
generate apa: Dina membuka jendela kamar.,Apa yang Dina buka?
generate siapa: Dina melihat pelangi di langit.,Siapa yang melihat pelangi di langit?
generate apa: Dina melihat pelangi di langit.,Apa yang Dina lihat di langit?
generate dimana: Dina melihat pelangi di langit.,Di mana Dina melihat pelangi?
generate apa: Pelangi itu memiliki warna yang indah.,Apa yang memiliki warna yang indah?
generate apa: Pelangi itu memiliki warna yang indah.,Apa yang Pelangi itu miliki?
generate siapa: Desa Sukamaju mengadakan perayaan hari kemerdekaan.,Siapa yang mengadakan perayaan hari kemerdekaan?
generate apa: Desa Sukamaju mengadakan perayaan hari kemerdekaan.,Apa yang Desa Sukamaju adakan?
generate siapa: Doni mendaftar lomba lari karung.,Siapa yang mendaftar lomba lari karung?
generate siapa: Doni berdiri di garis awal.,Siapa yang berdiri di garis awal?
generate dimana: Doni berdiri di garis awal.,Di mana Doni berdiri ?
generate apa: Panitia membagikan karung goni kepada peserta.,Apa yang membagikan karung goni kepada peserta?
generate apa: Panitia membagikan karung goni kepada peserta.,Apa yang Panitia bagikan kepada peserta?
generate siapa: Doni masuk ke dalam karung goni.,Siapa yang masuk ke dalam karung goni?
generate kemana: Doni masuk ke dalam karung goni.,Ke mana Doni masuk ?
generate siapa: Doni memegang ujung karung dengan erat.,Siapa yang memegang ujung karung dengan erat?
generate apa: Doni memegang ujung karung dengan erat.,Apa yang Doni pegang dengan erat?
generate siapa: Wasit meniup peluit panjang.,Siapa yang meniup peluit panjang?
generate apa: Wasit meniup peluit panjang.,Apa yang Wasit tiup?
generate siapa: Doni melompat dengan sangat cepat.,Siapa yang melompat?
generate apa: Teman-teman memberi semangat dari pinggir lapangan.,Apa yang memberi semangat dari pinggir lapangan?
generate apa: Teman-teman memberi semangat dari pinggir lapangan.,Apa yang Teman-teman beri dari pinggir lapangan?
generate darimana: Teman-teman memberi semangat dari pinggir lapangan.,Dari mana Teman-teman memberi semangat?
generate dimana: Seorang peserta terjatuh di tengah lapangan.,Di mana  terjatuh ?
generate siapa: Doni terus melompat ke depan.,Siapa yang melompat terus ke depan?
generate kemana: Doni terus melompat ke depan.,Ke mana Doni melompat ?
generate apa: Keringat bercucuran di wajah Doni.,Apa yang bercucuran di wajah doni?
generate dimana: Keringat bercucuran di wajah Doni.,Di mana Keringat bercucuran ?
generate siapa: Doni mengerahkan seluruh tenaga.,Siapa yang mengerahkan seluruh tenaga?
generate siapa: Doni melewati garis akhir pertama kali.,Siapa yang melewati garis akhir pertama kali?
generate siapa: Penonton bertepuk tangan dengan meriah.,Siapa yang bertepuk tangan dengan meriah?
generate apa: Penonton bertepuk tangan dengan meriah.,Apa yang Penonton tepuk dengan meriah?
generate siapa: Doni keluar dari karung goni.,Siapa yang keluar dari karung goni?
generate darimana: Doni keluar dari karung goni.,Dari mana Doni keluar ?
generate siapa: Doni mengambil napas dalam-dalam.,Siapa yang mengambil napas dalam-dalam?
generate apa: Doni mengambil napas dalam-dalam.,Apa yang Doni ambil?
generate apa: Kepala desa menyerahkan hadiah lomba.,Apa yang menyerahkan hadiah lomba?
generate apa: Kepala desa menyerahkan hadiah lomba.,Apa yang Kepala desa serahkan?
generate siapa: Doni menerima sebuah piala kecil.,Siapa yang menerima sebuah piala kecil?
generate apa: Doni menerima sebuah piala kecil.,Apa yang Doni terima?
generate siapa: Doni juga mendapatkan buku tulis baru.,Siapa yang mendapatkan buku tulis baru juga?
generate apa: Doni juga mendapatkan buku tulis baru.,Apa yang Doni dapatkan juga?
generate siapa: Doni merasa sangat gembira.,Siapa yang merasa sangat gembira?
generate siapa: Doni membawa pulang hadiah tersebut.,Siapa yang membawa pulang hadiah tersebut?
generate apa: Doni membawa pulang hadiah tersebut.,Apa yang Doni bawa?
generate siapa: Tino pergi ke kebun binatang.,Siapa yang pergi ke kebun binatang?
generate kemana: Tino pergi ke kebun binatang.,Ke mana Tino pergi ?
generate siapa: Tino pergi bersama ayah dan ibu.,Siapa yang pergi bersama ayah dan ibu?
generate siapa: Ayah membeli tiket di loket.,Siapa yang membeli tiket di loket?
generate apa: Ayah membeli tiket di loket.,Apa yang Ayah beli di loket?
generate dimana: Ayah membeli tiket di loket.,Di mana Ayah membeli tiket?
generate siapa: Mereka masuk melewati pintu gerbang utama.,Siapa yang masuk melewati pintu gerbang utama?
generate apa: Mereka masuk melewati pintu gerbang utama.,Apa yang Mereka masuki?
generate siapa: Tino melihat kandang gajah yang besar.,Siapa yang melihat kandang gajah yang besar?
generate apa: Tino melihat kandang gajah yang besar.,Apa yang Tino lihat?
generate apa: Gajah itu memiliki belalai yang panjang.,Apa yang memiliki belalai yang panjang?
generate apa: Gajah itu memiliki belalai yang panjang.,Apa yang Gajah itu miliki?
generate siapa: Gajah menyemprotkan air ke tubuhnya.,Siapa yang menyemprotkan air ke tubuh nya?
generate apa: Gajah menyemprotkan air ke tubuhnya.,Apa yang Gajah semprotkan ke tubuh nya?
generate kemana: Gajah menyemprotkan air ke tubuhnya.,Ke mana Gajah menyemprotkan air?
generate siapa: Tino berjalan ke kandang jerapah.,Siapa yang berjalan ke kandang jerapah?
generate kemana: Tino berjalan ke kandang jerapah.,Ke mana Tino berjalan ?
generate siapa: Jerapah memakan daun di pohon tinggi.,Siapa yang memakan daun di pohon tinggi?
generate apa: Jerapah memakan daun di pohon tinggi.,Apa yang Jerapah makan di pohon tinggi?
generate dimana: Jerapah memakan daun di pohon tinggi.,Di mana Jerapah memakan daun?
generate siapa: Tino sangat kagum melihat jerapah.,Siapa yang melihat jerapah sangat kagum?
generate apa: Tino sangat kagum melihat jerapah.,Apa yang Tino lihat sangat kagum?
generate siapa: Ibu mengajak Tino melihat monyet.,Siapa yang mengajak melihat monyet?
generate apa: Monyet-monyet itu melompat dari dahan ke dahan.,Apa yang melompat dari dahan ke dahan?
generate darimana: Monyet-monyet itu melompat dari dahan ke dahan.,Dari mana Monyet-monyet itu melompat ?
generate siapa: Mereka beristirahat di kursi taman.,Siapa yang beristirahat di kursi taman?
generate dimana: Mereka beristirahat di kursi taman.,Di mana Mereka beristirahat ?
generate siapa: Ayah membelikan es krim cokelat.,Siapa yang membelikan es krim cokelat?
generate apa: Ayah membelikan es krim cokelat.,Apa yang Ayah belikan?
generate siapa: Tino memakan es krim dengan senang.,Siapa yang memakan es krim dengan senang?
generate apa: Tino memakan es krim dengan senang.,Apa yang Tino makan dengan senang?
generate siapa: Mereka melanjutkan perjalanan ke kandang singa.,Siapa yang melanjutkan perjalanan ke kandang singa?
generate apa: Mereka melanjutkan perjalanan ke kandang singa.,Apa yang Mereka lanjutkan ke kandang singa?
generate kemana: Mereka melanjutkan perjalanan ke kandang singa.,Ke mana Mereka melanjutkan perjalanan?
generate apa: Singa jantan sedang tidur siang.,Apa yang sedang tidur siang?
generate apa: Singa jantan sedang tidur siang.,Apa yang Singa jantan tidur?
generate apa: Singa itu memiliki surai yang lebat.,Apa yang Singa itu miliki?
generate siapa: Tino mengambil foto singa dari jauh.,Siapa yang mengambil foto singa?
generate apa: Tino mengambil foto singa dari jauh.,Apa yang Tino ambil?
generate apa: Waktu menunjukkan pukul empat sore.,Apa yang menunjukkan pukul empat sore?
generate apa: Waktu menunjukkan pukul empat sore.,Apa yang Waktu tunjukkan?
generate apa: Kebun binatang akan segera tutup.,Apa yang akan tutup segera?
generate siapa: Tino berjalan menuju pintu keluar.,Siapa yang berjalan menuju pintu keluar?
generate siapa: Tino merasa lelah tetapi bahagia.,Siapa yang merasa lelah tetapi bahagia?
generate siapa: Mereka pulang ke rumah dengan taksi.,Siapa yang pulang ke rumah dengan taksi?
generate kemana: Mereka pulang ke rumah dengan taksi.,Ke mana Mereka pulang ?
generate siapa: Paman memiliki seekor anjing penjaga.,Siapa yang memiliki seekor anjing penjaga?
generate apa: Paman memiliki seekor anjing penjaga.,Apa yang Paman miliki?
generate apa: Anjing itu bernama Bruno.,Apa yang bernama Bruno?
generate siapa: Anjing itu bernama Bruno.,Siapa yang Anjing itu nama?
generate siapa: Bruno memiliki bulu berwarna cokelat.,Siapa yang memiliki bulu?
generate apa: Bruno memiliki bulu berwarna cokelat.,Apa yang Bruno miliki?
"generate siapa: Setiap malam, Bruno menjaga rumah paman.","Siapa yang menjaga rumah paman setiap malam ,?"
"generate apa: Setiap malam, Bruno menjaga rumah paman.","Apa yang Bruno jaga setiap malam ,?"
"generate kapan: Setiap malam, Bruno menjaga rumah paman.",Kapan Bruno menjaga rumah paman?
generate siapa: Bruno tidur di teras depan.,Siapa yang tidur di teras depan?
generate dimana: Bruno tidur di teras depan.,Di mana Bruno tidur ?
generate siapa: Bruno memiliki pendengaran yang tajam.,Siapa yang memiliki pendengaran yang tajam?
generate apa: Bruno memiliki pendengaran yang tajam.,Apa yang Bruno miliki?
"generate apa: Pada suatu malam, cuaca sangat gelap.",Apa yang cuaca sangat gelap?
generate siapa: Bruno mendengar suara langkah kaki.,Siapa yang mendengar suara langkah kaki?
generate apa: Bruno mendengar suara langkah kaki.,Apa yang Bruno dengar?
generate apa: Suara itu berasal dari pagar belakang.,Apa yang berasal dari pagar belakang?
generate darimana: Suara itu berasal dari pagar belakang.,Dari mana Suara itu berasal ?
generate siapa: Bruno segera berdiri.,Siapa yang berdiri segera?
generate siapa: Bruno berlari ke arah halaman belakang.,Siapa yang berlari ke arah halaman belakang?
generate kemana: Bruno berlari ke arah halaman belakang.,Ke mana Bruno berlari ?
generate siapa: Bruno melihat bayangan orang asing.,Siapa yang melihat bayangan orang asing?
generate apa: Bruno melihat bayangan orang asing.,Apa yang Bruno lihat?
generate siapa: Bruno menggonggong dengan sangat keras.,Siapa yang menggonggong?
generate siapa: Gonggongan Bruno membangunkan paman.,Siapa yang membangunkan paman?
generate apa: Gonggongan Bruno membangunkan paman.,Apa yang Gonggongan Bruno bangunkan?
generate siapa: Paman menyalakan lampu senter.,Siapa yang menyalakan lampu senter?
generate apa: Paman menyalakan lampu senter.,Apa yang Paman nyalakan?
generate siapa: Paman berjalan ke halaman belakang.,Siapa yang berjalan ke halaman belakang?
generate kemana: Paman berjalan ke halaman belakang.,Ke mana Paman berjalan ?
generate apa: Orang asing itu lari ketakutan.,Apa yang lari ketakutan?
generate apa: Orang asing itu melompati pagar.,Apa yang melompati pagar?
generate apa: Orang asing itu melompati pagar.,Apa yang Orang asing itu lompati?
generate siapa: Paman mengelus kepala Bruno.,Siapa yang mengelus kepala Bruno?
generate siapa: Paman mengelus kepala Bruno.,Siapa yang Paman kelus?
generate siapa: Paman memuji keberanian Bruno.,Siapa yang memuji keberanian Bruno?
generate siapa: Bruno mengibaskan ekornya.,Siapa yang mengibaskan ekor nya?
generate apa: Bruno mengibaskan ekornya.,Apa yang Bruno ibaskan?
generate apa: Rumah paman kembali aman.,Apa yang aman kembali?
generate siapa: Paman memberi Bruno biskuit anjing.,Siapa yang memberi Bruno biskuit anjing?
generate siapa: Paman memberi Bruno biskuit anjing.,Siapa yang Paman beri?
generate siapa: Bruno kembali tidur di teras.,Siapa yang tidur kembali di teras?
generate dimana: Bruno kembali tidur di teras.,Di mana Bruno tidur ?
generate apa: Udin dan teman-teman pergi ke sungai.,Apa yang pergi ke sungai?
generate kemana: Udin dan teman-teman pergi ke sungai.,Ke mana Udin dan teman-teman pergi ?
generate siapa: Udin membawa sebuah jaring kecil.,Siapa yang membawa sebuah jaring kecil?
generate apa: Udin membawa sebuah jaring kecil.,Apa yang Udin bawa?
generate siapa: Teman Udin membawa ember plastik.,Siapa yang membawa ember plastik?
generate apa: Teman Udin membawa ember plastik.,Apa yang Teman Udin bawa?
generate siapa: Mereka turun ke dalam sungai.,Siapa yang turun ke dalam sungai?
generate kemana: Mereka turun ke dalam sungai.,Ke mana Mereka turun ?
generate apa: Air sungai terasa sangat sejuk.,Apa yang terasa sangat sejuk?
generate siapa: Udin melihat sekelompok ikan kecil.,Siapa yang melihat sekelompok ikan kecil?
generate apa: Udin melihat sekelompok ikan kecil.,Apa yang Udin lihat?
generate apa: Ikan-ikan itu berenang di dekat batu.,Apa yang berenang di dekat batu?
generate dimana: Ikan-ikan itu berenang di dekat batu.,Di mana Ikan-ikan itu berenang ?
generate siapa: Udin mengayunkan jaring ke dalam air.,Siapa yang mengayunkan jaring ke dalam air?
generate apa: Udin mengayunkan jaring ke dalam air.,Apa yang Udin ayunkan ke dalam air?
generate kemana: Udin mengayunkan jaring ke dalam air.,Ke mana Udin mengayunkan jaring?
generate siapa: Udin berhasil menangkap tiga ekor ikan.,Siapa yang berhasil menangkap tiga ekor ikan?
generate apa: Ikan itu berwarna perak.,Apa yang Ikan itu warna?
generate siapa: Udin memasukkan ikan ke dalam ember.,Siapa yang memasukkan ikan ke dalam ember?
generate apa: Udin memasukkan ikan ke dalam ember.,Apa yang Udin masukkan ke dalam ember?
generate kemana: Udin memasukkan ikan ke dalam ember.,Ke mana Udin memasukkan ikan?
generate apa: Teman-teman ikut mencari ikan.,Apa yang ikut mencari ikan?
generate apa: Teman-teman ikut mencari ikan.,Apa yang Teman-teman ikuti?
generate siapa: Mereka sangat fokus mencari ikan.,Siapa yang fokus mencari ikan sangat?
generate apa: Mereka sangat fokus mencari ikan.,Apa yang Mereka fokusi sangat?
generate siapa: Udin menemukan udang sungai di balik batu.,Siapa yang menemukan udang sungai di balik batu?
generate apa: Udin menemukan udang sungai di balik batu.,Apa yang Udin temukan di balik batu?
generate dimana: Udin menemukan udang sungai di balik batu.,Di mana Udin menemukan udang sungai?
generate siapa: Udin menangkap udang itu dengan tangan.,Siapa yang menangkap udang itu dengan tangan?
generate apa: Udin menangkap udang itu dengan tangan.,Apa yang Udin tangkap dengan tangan?
generate siapa: Mereka bermain air bersama-sama.,Siapa yang bermain air bersama-sama?
generate apa: Mereka bermain air bersama-sama.,Apa yang Mereka main bersama-sama?
generate apa: Pakaian mereka menjadi sangat basah.,Apa yang menjadi sangat basah?
generate apa: Ember plastik sudah berisi banyak ikan.,Apa yang sudah berisi ikan banyak?
generate apa: Ember plastik sudah berisi banyak ikan.,Apa yang Ember plastik isi banyak?
generate siapa: Mereka naik ke pinggir sungai.,Siapa yang naik ke pinggir sungai?
generate kemana: Mereka naik ke pinggir sungai.,Ke mana Mereka naik ?
generate siapa: Mereka membawa ikan itu pulang.,Siapa yang membawa pulang ikan itu?
generate apa: Mereka membawa ikan itu pulang.,Apa yang Mereka bawa?
generate apa: Ibu menggoreng ikan tersebut di rumah.,Apa yang menggoreng ikan tersebut di rumah?
generate apa: Ibu menggoreng ikan tersebut di rumah.,Apa yang Ibu goreng di rumah?
generate dimana: Ibu menggoreng ikan tersebut di rumah.,Di mana Ibu menggoreng ikan tersebut?
generate siapa: Udin memakan ikan goreng dengan nasi.,Siapa yang memakan ikan goreng dengan nasi?
generate apa: Udin memakan ikan goreng dengan nasi.,Apa yang Udin makan dengan nasi?
generate apa: Hari ini adalah hari ulang tahun Andi.,Apa yang hari?
generate siapa: Andi berusia sembilan tahun.,Siapa yang berusia sembilan tahun?
generate apa: Andi berusia sembilan tahun.,Apa yang Andi usia?
generate apa: Ibu membuat kue ulang tahun cokelat.,Apa yang membuat kue ulang tahun cokelat?
generate siapa: Ayah memberikan sebuah kotak kado.,Siapa yang memberikan sebuah kotak kado?
generate apa: Ayah memberikan sebuah kotak kado.,Apa yang Ayah berikan?
generate siapa: Andi menerima kotak kado itu.,Siapa yang menerima kotak kado itu?
generate apa: Andi menerima kotak kado itu.,Apa yang Andi terima?
generate siapa: Andi mengucapkan terima kasih kepada ayah.,Siapa yang mengucapkan terima kasih kepada ayah?
generate apa: Andi mengucapkan terima kasih kepada ayah.,Apa yang Andi ucapkan kepada ayah?
generate siapa: Andi membuka kotak kado dengan antusias.,Siapa yang membuka kotak kado dengan antusias?
generate apa: Andi membuka kotak kado dengan antusias.,Apa yang Andi buka dengan antusias?
generate dimana: Di dalam kotak terdapat sepasang sepatu.,Di mana  terdapat sepasang sepatu?
generate apa: Sepatu itu berwarna hitam dan putih.,Apa yang berwarna hitam dan putih?
generate apa: Sepatu itu memiliki tali merah.,Apa yang memiliki tali merah?
generate apa: Sepatu itu memiliki tali merah.,Apa yang Sepatu itu miliki?
generate siapa: Andi sangat menyukai sepatu baru itu.,Siapa yang menyukai sepatu baru itu sangat?
generate apa: Andi sangat menyukai sepatu baru itu.,Apa yang Andi sukai sangat?
generate siapa: Andi langsung mencoba sepatu tersebut.,Siapa yang mencoba sepatu tersebut langsung?
generate apa: Andi langsung mencoba sepatu tersebut.,Apa yang Andi coba langsung?
generate apa: Teman-teman Andi datang ke rumah.,Apa yang datang ke rumah?
generate kemana: Teman-teman Andi datang ke rumah.,Ke mana Teman-teman Andi datang ?
generate siapa: Mereka menyanyikan lagu selamat ulang tahun.,Siapa yang menyanyikan lagu selamat ulang tahun?
generate apa: Mereka menyanyikan lagu selamat ulang tahun.,Apa yang Mereka nyanyikan?
generate siapa: Andi meniup lilin di atas kue.,Siapa yang meniup lilin di atas kue?
generate apa: Andi meniup lilin di atas kue.,Apa yang Andi tiup di atas kue?
generate dimana: Andi meniup lilin di atas kue.,Di mana Andi meniup lilin?
generate siapa: Andi memotong kue cokelat itu.,Siapa yang memotong kue cokelat itu?
generate apa: Andi memotong kue cokelat itu.,Apa yang Andi potong?
generate siapa: Ibu membagikan potongan kue kepada teman-teman.,Siapa yang membagikan potongan kue kepada teman-teman?
generate apa: Ibu membagikan potongan kue kepada teman-teman.,Apa yang Ibu bagikan kepada teman-teman?
generate siapa: Mereka makan kue dengan gembira.,Siapa yang makan kue dengan gembira?
generate apa: Mereka makan kue dengan gembira.,Apa yang Mereka makan dengan gembira?
generate siapa: Andi mengajak teman-teman bermain di halaman.,Siapa yang mengajak teman-teman di halaman?
generate apa: Andi mengajak teman-teman bermain di halaman.,Apa yang Andi ajak di halaman?
generate dimana: Andi mengajak teman-teman bermain di halaman.,Di mana Andi mengajak teman-teman?
generate siapa: Andi memakai sepatu baru saat bermain.,Siapa yang memakai bermain sepatu baru?
generate apa: Andi memakai sepatu baru saat bermain.,Apa yang Andi pakai?
generate apa: Pesta ulang tahun berjalan sangat meriah.,Apa yang berjalan sangat meriah?
generate siapa: Andi merasa hari ini sangat spesial.,Siapa yang merasa hari ini sangat spesial?
generate apa: Andi merasa hari ini sangat spesial.,Apa yang Andi rasa sangat spesial?
generate siapa: Guru mengajak siswa ke perpustakaan daerah.,Siapa yang mengajak siswa ke perpustakaan daerah?
generate apa: Guru mengajak siswa ke perpustakaan daerah.,Apa yang Guru ajak ke perpustakaan daerah?
generate kemana: Guru mengajak siswa ke perpustakaan daerah.,Ke mana Guru mengajak siswa?
generate apa: Perpustakaan itu berada di pusat kota.,Apa yang berada di pusat kota?
generate dimana: Perpustakaan itu berada di pusat kota.,Di mana Perpustakaan itu berada ?
generate apa: Siswa berangkat menggunakan bus sekolah.,Apa yang berangkat menggunakan bus sekolah?
generate apa: Siswa berangkat menggunakan bus sekolah.,Apa yang Siswa berangkatkan?
generate siapa: Bus tiba di perpustakaan pada pukul sembilan.,Siapa yang tiba di perpustakaan?
generate dimana: Bus tiba di perpustakaan pada pukul sembilan.,Di mana Bus tiba ?
generate apa: Siswa masuk dengan tertib.,Apa yang masuk dengan tertib?
generate apa: Petugas perpustakaan menyambut mereka dengan senyum.,Apa yang menyambut mereka dengan senyum?
generate apa: Petugas perpustakaan menyambut mereka dengan senyum.,Apa yang Petugas perpustakaan sambut dengan senyum?
generate apa: Petugas menjelaskan aturan di perpustakaan.,Apa yang menjelaskan aturan di perpustakaan?
generate apa: Petugas menjelaskan aturan di perpustakaan.,Apa yang Petugas jelaskan di perpustakaan?
generate dimana: Petugas menjelaskan aturan di perpustakaan.,Di mana Petugas menjelaskan aturan?
generate siapa: Pengunjung tidak boleh membuat keributan.,Siapa yang boleh membuat keributan tidak?
generate apa: Pengunjung tidak boleh membuat keributan.,Apa yang Pengunjung buat tidak?
generate siapa: Rio mencari buku tentang dinosaurus.,Siapa yang mencari buku dinosaurus?
generate apa: Rio mencari buku tentang dinosaurus.,Apa yang Rio cari?
generate siapa: Rio menemukan buku itu di rak sejarah.,Siapa yang menemukan buku itu di rak sejarah?
generate apa: Rio menemukan buku itu di rak sejarah.,Apa yang Rio temukan di rak sejarah?
generate dimana: Rio menemukan buku itu di rak sejarah.,Di mana Rio menemukan buku itu?
generate apa: Buku itu memiliki gambar yang bagus.,Apa yang memiliki gambar yang bagus?
generate apa: Buku itu memiliki gambar yang bagus.,Apa yang Buku itu miliki?
generate siapa: Rio duduk di kursi baca.,Siapa yang duduk di kursi baca?
generate dimana: Rio duduk di kursi baca.,Di mana Rio duduk ?
generate siapa: Rio membaca buku dengan tenang.,Siapa yang membaca buku dengan tenang?
generate apa: Rio membaca buku dengan tenang.,Apa yang Rio baca dengan tenang?
generate siapa: Siti meminjam buku cerita rakyat.,Siapa yang meminjam buku cerita rakyat?
generate siapa: Siti membawa buku itu ke meja petugas.,Siapa yang membawa buku itu ke meja petugas?
generate apa: Siti membawa buku itu ke meja petugas.,Apa yang Siti bawa ke meja petugas?
generate kemana: Siti membawa buku itu ke meja petugas.,Ke mana Siti membawa buku itu?
generate siapa: Petugas mencatat peminjaman buku Siti.,Siapa yang mencatat peminjaman buku Siti?
generate siapa: Petugas mencatat peminjaman buku Siti.,Siapa yang Petugas catat?
generate apa: Waktu kunjungan berlangsung selama dua jam.,Apa yang berlangsung selama dua jam?
generate siapa: Guru mengumpulkan seluruh siswa.,Siapa yang mengumpulkan seluruh siswa?
generate apa: Guru mengumpulkan seluruh siswa.,Apa yang Guru kumpulkan?
generate apa: Siswa merapikan kembali kursi baca.,Apa yang merapikan kembali kursi baca?
generate apa: Siswa merapikan kembali kursi baca.,Apa yang Siswa rapi?
generate siapa: Mereka keluar dari gedung perpustakaan.,Siapa yang keluar dari gedung perpustakaan?
generate darimana: Mereka keluar dari gedung perpustakaan.,Dari mana Mereka keluar ?
generate apa: Siswa kembali naik ke dalam bus.,Apa yang naik kembali ke dalam bus?
generate kemana: Siswa kembali naik ke dalam bus.,Ke mana Siswa naik ?
generate siapa: Bus melaju kembali ke sekolah.,Siapa yang melaju kembali ke sekolah?
generate kemana: Bus melaju kembali ke sekolah.,Ke mana Bus melaju kembali ?
generate siapa: Rio mendapat banyak ilmu baru.,Siapa yang mendapat ilmu baru banyak?
generate apa: Rio mendapat banyak ilmu baru.,Apa yang Rio dapat banyak?
generate siapa: Fajar mengikuti kursus berenang.,Siapa yang mengikuti kursus berenang?
generate siapa: Fajar menyiapkan pakaian renang di tas.,Siapa yang menyiapkan pakaian renang di tas?
generate apa: Fajar menyiapkan pakaian renang di tas.,Apa yang Fajar siapkan di tas?
generate dimana: Fajar menyiapkan pakaian renang di tas.,Di mana Fajar menyiapkan pakaian renang?
generate siapa: Fajar tiba di kolam renang pagi hari.,Siapa yang tiba di kolam renang pagi hari?
generate apa: Pelatih renang sudah menunggu di tepi kolam.,Apa yang sudah menunggu di tepi kolam?
generate dimana: Pelatih renang sudah menunggu di tepi kolam.,Di mana Pelatih renang sudah menunggu ?
generate siapa: Fajar melakukan pemanasan terlebih dahulu.,Siapa yang melakukan pemanasan terlebih dahulu?
generate apa: Fajar melakukan pemanasan terlebih dahulu.,Apa yang Fajar lakukan terlebih dahulu?
generate siapa: Pemanasan mencegah kram otot.,Siapa yang mencegah kram otot?
generate siapa: Fajar turun ke dalam kolam renang.,Siapa yang turun ke dalam kolam renang?
generate apa: Air kolam terasa sangat dingin.,Apa yang terasa sangat dingin?
generate siapa: Pelatih mengajarkan gaya bebas.,Siapa yang mengajarkan gaya bebas?
generate apa: Pelatih mengajarkan gaya bebas.,Apa yang Pelatih ajarkan?
generate siapa: Fajar menggerakkan kaki ke atas dan bawah.,Siapa yang menggerakkan kaki ke atas dan bawah?
generate apa: Fajar menggerakkan kaki ke atas dan bawah.,Apa yang Fajar gerakkan ke atas dan bawah?
generate kemana: Fajar menggerakkan kaki ke atas dan bawah.,Ke mana Fajar menggerakkan kaki?
generate siapa: Fajar memutar tangan ke depan.,Siapa yang memutar tangan ke depan?
generate apa: Fajar memutar tangan ke depan.,Apa yang Fajar putar ke depan?
generate kemana: Fajar memutar tangan ke depan.,Ke mana Fajar memutar tangan?
generate siapa: Fajar mengambil napas dari samping.,Siapa yang mengambil napas dari samping?
generate apa: Fajar mengambil napas dari samping.,Apa yang Fajar ambil dari samping?
generate darimana: Fajar mengambil napas dari samping.,Dari mana Fajar mengambil napas?
generate siapa: Pelatih memberikan contoh yang benar.,Siapa yang memberikan contoh yang benar?
generate apa: Pelatih memberikan contoh yang benar.,Apa yang Pelatih berikan?
generate siapa: Fajar mengulangi gerakan tersebut.,Siapa yang mengulangi gerakan tersebut?
generate apa: Fajar mengulangi gerakan tersebut.,Apa yang Fajar ulangi?
generate siapa: Fajar berenang sejauh sepuluh meter.,Siapa yang berenang sejauh sepuluh meter?
generate siapa: Fajar merasa napasnya sangat tersengal.,Siapa yang merasa napas nya sangat?
generate apa: Fajar merasa napasnya sangat tersengal.,Apa yang Fajar rasa sangat?
generate siapa: Fajar beristirahat di pinggir kolam.,Siapa yang beristirahat di pinggir kolam?
generate dimana: Fajar beristirahat di pinggir kolam.,Di mana Fajar beristirahat ?
generate siapa: Pelatih memberikan pujian kepada Fajar.,Siapa yang memberikan pujian kepada fajar?
generate apa: Pelatih memberikan pujian kepada Fajar.,Apa yang Pelatih berikan kepada fajar?
generate siapa: Fajar kembali berlatih dengan semangat.,Siapa yang berlatih kembali dengan semangat?
generate siapa: Fajar membilas tubuh di kamar mandi.,Siapa yang membilas tubuh di kamar mandi?
generate apa: Fajar membilas tubuh di kamar mandi.,Apa yang Fajar bilas di kamar mandi?
generate dimana: Fajar membilas tubuh di kamar mandi.,Di mana Fajar membilas tubuh?
generate siapa: Fajar mengganti pakaian dengan baju bersih.,Siapa yang mengganti pakaian dengan baju bersih?
generate apa: Fajar mengganti pakaian dengan baju bersih.,Apa yang Fajar ganti dengan baju bersih?
generate siapa: Fajar pulang ke rumah bersama ayah.,Siapa yang pulang ke rumah bersama ayah?
generate kemana: Fajar pulang ke rumah bersama ayah.,Ke mana Fajar pulang ?
generate siapa: Desa Pak Hasan berada di dekat hutan.,Siapa yang berada di dekat hutan?
generate dimana: Desa Pak Hasan berada di dekat hutan.,Di mana Desa Pak Hasan berada ?
generate siapa: Pak Hasan membutuhkan kayu bakar.,Siapa yang membutuhkan kayu bakar?
generate apa: Pak Hasan membutuhkan kayu bakar.,Apa yang Pak Hasan butuhkan?
generate siapa: Pak Hasan pergi ke hutan membawa parang.,Siapa yang pergi membawa parang ke hutan?
generate apa: Pak Hasan pergi ke hutan membawa parang.,Apa yang Pak Hasan pergi ke hutan?
generate kemana: Pak Hasan pergi ke hutan membawa parang.,Ke mana Pak Hasan pergi membawa parang?
generate siapa: Pak Hasan mencari dahan pohon kering.,Siapa yang mencari dahan pohon kering?
generate apa: Pak Hasan mencari dahan pohon kering.,Apa yang Pak Hasan cari?
generate apa: Hutan itu memiliki banyak pohon rindang.,Apa yang memiliki pohon rindang banyak?
generate apa: Hutan itu memiliki banyak pohon rindang.,Apa yang Hutan itu miliki banyak?
generate siapa: Pak Hasan menemukan sebuah pohon tumbang.,Siapa yang menemukan sebuah pohon?
generate apa: Pak Hasan menemukan sebuah pohon tumbang.,Apa yang Pak Hasan temukan?
generate siapa: Pak Hasan memotong dahan dengan parang.,Siapa yang memotong dahan dengan parang?
generate apa: Pak Hasan memotong dahan dengan parang.,Apa yang Pak Hasan potong dengan parang?
generate siapa: Pak Hasan mengumpulkan potongan kayu.,Siapa yang mengumpulkan potongan kayu?
generate apa: Pak Hasan mengumpulkan potongan kayu.,Apa yang Pak Hasan kumpulkan?
generate siapa: Pak Hasan memanggul ikatan kayu di pundak.,Siapa yang memanggul ikatan kayu di pundak?
generate apa: Pak Hasan memanggul ikatan kayu di pundak.,Apa yang Pak Hasan panggul di pundak?
generate dimana: Pak Hasan memanggul ikatan kayu di pundak.,Di mana Pak Hasan memanggul ikatan kayu?
generate siapa: Pak Hasan berjalan kembali ke desa.,Siapa yang berjalan kembali ke desa?
generate kemana: Pak Hasan berjalan kembali ke desa.,Ke mana Pak Hasan berjalan kembali ?
generate siapa: Pak Hasan beristirahat di dekat sungai.,Siapa yang beristirahat di dekat sungai?
generate dimana: Pak Hasan beristirahat di dekat sungai.,Di mana Pak Hasan beristirahat ?
generate siapa: Pak Hasan membasuh wajah dengan air sungai.,Siapa yang membasuh wajah dengan air sungai?
generate apa: Pak Hasan membasuh wajah dengan air sungai.,Apa yang Pak Hasan basuh dengan air sungai?
generate siapa: Pak Hasan melanjutkan perjalanan pulang.,Siapa yang melanjutkan perjalanan?
generate apa: Pak Hasan melanjutkan perjalanan pulang.,Apa yang Pak Hasan lanjutkan?
generate siapa: Pak Hasan tiba di rumah pada siang hari.,Siapa yang tiba di rumah pada siang hari?
generate kapan: Pak Hasan tiba di rumah pada siang hari.,Kapan Pak Hasan tiba ?
generate dimana: Pak Hasan tiba di rumah pada siang hari.,Di mana Pak Hasan tiba ?
generate siapa: Pak Hasan meletakkan kayu di belakang rumah.,Siapa yang meletakkan kayu di belakang rumah?
generate apa: Pak Hasan meletakkan kayu di belakang rumah.,Apa yang Pak Hasan letakkan di belakang rumah?
generate dimana: Pak Hasan meletakkan kayu di belakang rumah.,Di mana Pak Hasan meletakkan kayu?
generate siapa: Istri Pak Hasan menyalakan tungku api.,Siapa yang menyalakan tungku api?
generate apa: Istri Pak Hasan menyalakan tungku api.,Apa yang Istri Pak Hasan nyalakan?
generate siapa: Istri Pak Hasan menggunakan kayu bakar tersebut.,Siapa yang menggunakan kayu bakar tersebut?
generate apa: Istri Pak Hasan menggunakan kayu bakar tersebut.,Apa yang Istri Pak Hasan gunakan?
generate siapa: Istri Pak Hasan merebus air minum.,Siapa yang merebus air minum?
generate apa: Istri Pak Hasan merebus air minum.,Apa yang Istri Pak Hasan rebus?
generate apa: Kayu kering menghasilkan api yang panas.,Apa yang menghasilkan api yang panas?
generate apa: Kayu kering menghasilkan api yang panas.,Apa yang Kayu kering hasilkan?
generate siapa: Pak Hasan meminum teh hangat di teras.,Siapa yang meminum teh hangat di teras?
generate apa: Pak Hasan meminum teh hangat di teras.,Apa yang Pak Hasan pinum di teras?
generate dimana: Pak Hasan meminum teh hangat di teras.,Di mana Pak Hasan meminum teh hangat?
generate siapa: Pekerjaan Pak Hasan hari ini selesai.,Siapa yang selesai hari ini?
generate siapa: Paman memanen pisang di kebun.,Siapa yang memanen pisang di kebun?
generate apa: Paman memanen pisang di kebun.,Apa yang Paman memanen di kebun?
generate dimana: Paman memanen pisang di kebun.,Di mana Paman memanen pisang?
generate apa: Pisang itu berwarna kuning cerah.,Apa yang berwarna kuning cerah?
generate siapa: Paman meletakkan pisang di keranjang rotan.,Siapa yang meletakkan pisang di keranjang rotan?
generate apa: Paman meletakkan pisang di keranjang rotan.,Apa yang Paman letakkan di keranjang rotan?
generate dimana: Paman meletakkan pisang di keranjang rotan.,Di mana Paman meletakkan pisang?
generate siapa: Paman meletakkan keranjang di bawah pohon.,Siapa yang meletakkan keranjang di bawah pohon?
generate apa: Paman meletakkan keranjang di bawah pohon.,Apa yang Paman letakkan di bawah pohon?
generate dimana: Paman meletakkan keranjang di bawah pohon.,Di mana Paman meletakkan keranjang?
generate siapa: Paman pergi mengambil air minum di gubuk.,Siapa yang pergi mengambil air minum di gubuk?
generate apa: Paman pergi mengambil air minum di gubuk.,Apa yang Paman pergi di gubuk?
generate dimana: Paman pergi mengambil air minum di gubuk.,Di mana Paman pergi mengambil air minum?
generate apa: Seekor monyet mengawasi dari atas pohon.,Apa yang mengawasi dari atas pohon?
generate darimana: Seekor monyet mengawasi dari atas pohon.,Dari mana Seekor monyet mengawasi ?
generate apa: Monyet itu memiliki ekor panjang.,Apa yang memiliki ekor panjang?
generate apa: Monyet itu memiliki ekor panjang.,Apa yang Monyet itu miliki?
generate siapa: Monyet turun secara perlahan.,Siapa yang turun perlahan?
generate siapa: Monyet mendekati keranjang pisang.,Siapa yang mendekati keranjang pisang?
generate apa: Monyet mendekati keranjang pisang.,Apa yang Monyet dekati?
generate siapa: Monyet mengambil dua buah pisang.,Siapa yang mengambil dua buah pisang?
generate apa: Monyet mengambil dua buah pisang.,Apa yang Monyet ambil?
generate siapa: Monyet segera memanjat pohon kembali.,Siapa yang memanjat pohon segera kembali?
generate apa: Monyet segera memanjat pohon kembali.,Apa yang Monyet panjat segera kembali?
generate siapa: Paman kembali dari gubuk.,Siapa yang kembali dari gubuk?
generate darimana: Paman kembali dari gubuk.,Dari mana Paman kembali ?
generate siapa: Paman melihat keranjang pisangnya berantakan.,Siapa yang melihat keranjang pisang nya?
generate apa: Paman melihat keranjang pisangnya berantakan.,Apa yang Paman lihat?
generate apa: Paman menghitung jumlah pisang.,Apa yang menghitung jumlah pisang?
generate apa: Paman menghitung jumlah pisang.,Apa yang Paman hitung?
generate apa: Beberapa pisang telah hilang.,Apa yang telah hilang?
generate siapa: Paman mendengar suara dari atas dahan.,Siapa yang mendengar suara dari atas dahan?
generate apa: Paman mendengar suara dari atas dahan.,Apa yang Paman dengar dari atas dahan?
generate darimana: Paman mendengar suara dari atas dahan.,Dari mana Paman mendengar suara?
generate apa: Paman melihat monyet sedang memakan pisang.,Apa yang melihat monyet?
generate apa: Paman melihat monyet sedang memakan pisang.,Apa yang Paman lihat?
generate apa: Monyet itu mengupas kulit pisang.,Apa yang mengupas kulit pisang?
generate apa: Monyet itu mengupas kulit pisang.,Apa yang Monyet itu upas?
generate siapa: Paman hanya bisa tersenyum.,Siapa yang bisa tersenyum hanya?
generate siapa: Paman membiarkan monyet itu memakan pisangnya.,Siapa yang membiarkan monyet itu?
generate siapa: Paman membawa keranjang ke dalam gubuk.,Siapa yang membawa keranjang ke dalam gubuk?
generate apa: Paman membawa keranjang ke dalam gubuk.,Apa yang Paman bawa ke dalam gubuk?
generate kemana: Paman membawa keranjang ke dalam gubuk.,Ke mana Paman membawa keranjang?
generate siapa: Paman menutup pintu gubuk rapat-rapat.,Siapa yang menutup pintu gubuk rapat-rapat?
generate apa: Paman menutup pintu gubuk rapat-rapat.,Apa yang Paman tutup?
generate siapa: Monyet membuang kulit pisang ke tanah.,Siapa yang membuang kulit pisang ke tanah?
generate apa: Monyet membuang kulit pisang ke tanah.,Apa yang Monyet buang ke tanah?
generate kemana: Monyet membuang kulit pisang ke tanah.,Ke mana Monyet membuang kulit pisang?
generate siapa: Paman membersihkan kulit pisang itu.,Siapa yang membersihkan kulit pisang itu?
generate apa: Paman membersihkan kulit pisang itu.,Apa yang Paman bersihkan?
generate siapa: Paman membawa pisang yang tersisa pulang.,Siapa yang membawa pisang yang tersisa pulang?
generate apa: Paman membawa pisang yang tersisa pulang.,Apa yang Paman bawa?
generate apa: Hari Jumat adalah hari kerja bakti.,Apa yang hari?
generate apa: Siswa kelas empat membersihkan halaman sekolah.,Apa yang membersihkan halaman sekolah?
generate apa: Siswa kelas empat membersihkan halaman sekolah.,Apa yang Siswa kelas empat bersihkan?
generate siapa: Guru membagi tugas kepada para siswa.,Siapa yang membagi tugas kepada para siswa?
generate apa: Guru membagi tugas kepada para siswa.,Apa yang Guru bagi kepada para siswa?
generate siapa: Budi bertugas menyapu daun kering.,Siapa yang bertugas menyapu daun kering?
generate siapa: Budi menggunakan sapu lidi yang panjang.,Siapa yang menggunakan sapu lidi yang panjang?
generate apa: Budi menggunakan sapu lidi yang panjang.,Apa yang Budi gunakan?
generate siapa: Ani bertugas mencabut rumput liar.,Siapa yang bertugas mencabut rumput liar?
generate apa: Ani bertugas mencabut rumput liar.,Apa yang Ani tugas?
generate siapa: Ani menggunakan sarung tangan kain.,Siapa yang menggunakan sarung tangan kain?
generate siapa: Toni bertugas membuang sampah.,Siapa yang bertugas membuang sampah?
generate apa: Toni bertugas membuang sampah.,Apa yang Toni tugas?
generate siapa: Toni membawa tempat sampah plastik.,Siapa yang membawa tempat sampah plastik?
generate apa: Toni membawa tempat sampah plastik.,Apa yang Toni bawa?
generate siapa: Mereka bekerja sama dengan baik.,Siapa yang bekerja sama dengan baik?
generate siapa: Toni memasukkan daun kering ke tempat sampah.,Siapa yang memasukkan daun kering ke tempat sampah?
generate apa: Toni memasukkan daun kering ke tempat sampah.,Apa yang Toni masukkan ke tempat sampah?
generate kemana: Toni memasukkan daun kering ke tempat sampah.,Ke mana Toni memasukkan daun kering?
generate apa: Halaman sekolah menjadi sangat bersih.,Apa yang menjadi sangat bersih?
generate apa: Kepala sekolah berkeliling melihat halaman.,Apa yang berkeliling melihat halaman?
generate apa: Kepala sekolah berkeliling melihat halaman.,Apa yang Kepala sekolah keliling?
generate apa: Kepala sekolah memuji kerja keras siswa.,Apa yang memuji kerja keras siswa?
generate apa: Kepala sekolah memuji kerja keras siswa.,Apa yang Kepala sekolah puji?
generate siapa: Pekerjaan selesai dalam waktu satu jam.,Siapa yang selesai dalam waktu satu jam?
generate apa: Siswa mencuci tangan di wastafel.,Apa yang mencuci tangan di wastafel?
generate apa: Siswa mencuci tangan di wastafel.,Apa yang Siswa cuci di wastafel?
generate dimana: Siswa mencuci tangan di wastafel.,Di mana Siswa mencuci tangan?
generate siapa: Sabun membersihkan kotoran di tangan.,Siapa yang membersihkan kotoran di tangan?
generate apa: Sabun membersihkan kotoran di tangan.,Apa yang Sabun bersihkan di tangan?
generate dimana: Sabun membersihkan kotoran di tangan.,Di mana Sabun membersihkan kotoran?
generate siapa: Guru memberikan minuman dingin kepada siswa.,Siapa yang memberikan minuman dingin kepada siswa?
generate apa: Guru memberikan minuman dingin kepada siswa.,Apa yang Guru berikan kepada siswa?
generate apa: Siswa meminum air di teras kelas.,Apa yang meminum air di teras kelas?
generate apa: Siswa meminum air di teras kelas.,Apa yang Siswa pinum di teras kelas?
generate dimana: Siswa meminum air di teras kelas.,Di mana Siswa meminum air?
generate apa: Bel istirahat berbunyi nyaring.,Apa yang berbunyi nyaring?
generate apa: Siswa pergi ke kantin sekolah.,Apa yang pergi ke kantin sekolah?
generate kemana: Siswa pergi ke kantin sekolah.,Ke mana Siswa pergi ?
generate apa: Pasukan pramuka mengadakan kegiatan berkemah.,Apa yang Pasukan pramuka adakan?
generate siapa: Perkemahan berlokasi di kaki gunung.,Siapa yang berlokasi di kaki gunung?
generate dimana: Perkemahan berlokasi di kaki gunung.,Di mana Perkemahan berlokasi ?
generate apa: Siswa mendirikan tenda di tanah datar.,Apa yang mendirikan tenda di tanah datar?
generate apa: Siswa mendirikan tenda di tanah datar.,Apa yang Siswa dirikan di tanah datar?
generate dimana: Siswa mendirikan tenda di tanah datar.,Di mana Siswa mendirikan tenda?
generate apa: Tenda itu berwarna hijau tua.,Apa yang berwarna hijau tua?
generate siapa: Andi memasang pasak tenda dengan palu.,Siapa yang memasang pasak tenda dengan palu?
generate apa: Andi memasang pasak tenda dengan palu.,Apa yang Andi memasang dengan palu?
generate siapa: Tenda berdiri dengan sangat kokoh.,Siapa yang berdiri?
generate dimana: Udara di gunung sangat sejuk.,Di mana  Udara ?
"generate apa: Sore hari, siswa mencari kayu bakar.",Apa yang mencari kayu bakar?
"generate apa: Sore hari, siswa mencari kayu bakar.",Apa yang siswa cari?
generate siapa: Mereka mengumpulkan ranting-ranting kecil.,Siapa yang mengumpulkan ranting-ranting kecil?
generate apa: Mereka mengumpulkan ranting-ranting kecil.,Apa yang Mereka kumpulkan?
generate apa: Api unggun menghangatkan tubuh mereka.,Apa yang menghangatkan tubuh mereka?
generate apa: Api unggun menghangatkan tubuh mereka.,Apa yang Api unggun hangatkan?
generate apa: Siswa bernyanyi bersama di sekitar api.,Apa yang bernyanyi bersama di sekitar api?
generate dimana: Siswa bernyanyi bersama di sekitar api.,Di mana Siswa bernyanyi ?
generate siapa: Guru bercerita tentang pahlawan nasional.,Siapa yang bercerita tentang pahlawan nasional?
generate apa: Waktu tidur telah tiba.,Apa yang telah tiba?
generate apa: Siswa masuk ke dalam tenda.,Apa yang masuk ke dalam tenda?
generate kemana: Siswa masuk ke dalam tenda.,Ke mana Siswa masuk ?
generate siapa: Mereka memakai jaket tebal.,Siapa yang memakai jaket tebal?
generate apa: Mereka memakai jaket tebal.,Apa yang Mereka pakai?
generate siapa: Mereka tidur menggunakan kantong tidur.,Siapa yang tidur menggunakan kantong tidur?
generate apa: Mereka tidur menggunakan kantong tidur.,Apa yang Mereka tidurkan?
"generate apa: Pagi hari, matahari terbit sangat indah.","Apa yang terbit pagi hari , sangat indah?"
"generate kapan: Pagi hari, matahari terbit sangat indah.",Kapan matahari terbit ?
generate apa: Siswa melakukan senam pagi.,Apa yang melakukan senam pagi?
generate apa: Siswa melakukan senam pagi.,Apa yang Siswa lakukan?
generate siapa: Mereka memasak mi instan untuk sarapan.,Siapa yang memasak mi instan untuk sarapan?
generate apa: Mereka memasak mi instan untuk sarapan.,Apa yang Mereka pasak untuk sarapan?
"generate siapa: Setelah sarapan, mereka membongkar tenda.","Siapa yang membongkar tenda setelah sarapan ,?"
"generate apa: Setelah sarapan, mereka membongkar tenda.","Apa yang mereka bongkar setelah sarapan ,?"
"generate kapan: Setelah sarapan, mereka membongkar tenda.",Kapan mereka membongkar tenda?
generate siapa: Mereka membersihkan sampah di sekitar area.,Siapa yang membersihkan sampah di sekitar area?
generate apa: Mereka membersihkan sampah di sekitar area.,Apa yang Mereka bersihkan di sekitar area?
generate dimana: Mereka membersihkan sampah di sekitar area.,Di mana Mereka membersihkan sampah?
generate apa: Pasukan pramuka pulang dengan pengalaman berharga.,Apa yang pulang dengan pengalaman berharga?
generate siapa: Kura-kura berjalan di pinggir danau.,Siapa yang berjalan di pinggir danau?
generate dimana: Kura-kura berjalan di pinggir danau.,Di mana Kura-kura berjalan ?
generate siapa: Kura-kura membawa tempurung yang berat.,Siapa yang membawa tempurung yang berat?
generate apa: Kura-kura membawa tempurung yang berat.,Apa yang Kura-kura bawa?
generate apa: Seekor kelinci datang menghampiri kura-kura.,Apa yang datang menghampiri kura-kura?
generate apa: Seekor kelinci datang menghampiri kura-kura.,Apa yang Seekor kelinci datangi?
generate apa: Kelinci itu melompat dengan cepat.,Apa yang melompat dengan cepat?
generate siapa: Kelinci mengejek jalan kura-kura.,Siapa yang mengejek jalan kura-kura?
generate apa: Kelinci mengejek jalan kura-kura.,Apa yang Kelinci ejek?
generate siapa: Kura-kura tetap berjalan dengan tenang.,Siapa yang berjalan tetap dengan tenang?
generate siapa: Kelinci menantang kura-kura lomba lari.,Siapa yang menantang kura-kura lomba lari?
generate siapa: Kura-kura menerima tantangan kelinci.,Siapa yang menerima tantangan kelinci?
generate apa: Kura-kura menerima tantangan kelinci.,Apa yang Kura-kura terima?
generate apa: Garis akhir berada di dekat batu besar.,Apa yang berada di dekat batu besar?
generate dimana: Garis akhir berada di dekat batu besar.,Di mana Garis akhir berada ?
generate siapa: Kelinci berlari sangat kencang.,Siapa yang berlari sangat kencang?
generate siapa: Kelinci meninggalkan kura-kura jauh di belakang.,Siapa yang meninggalkan kura-kura jauh di belakang?
generate apa: Kelinci meninggalkan kura-kura jauh di belakang.,Apa yang Kelinci tinggalkan di belakang?
generate dimana: Kelinci meninggalkan kura-kura jauh di belakang.,Di mana Kelinci meninggalkan kura-kura jauh?
generate siapa: Kelinci merasa sangat lelah.,Siapa yang merasa sangat lelah?
generate siapa: Kelinci beristirahat di bawah pohon rindang.,Siapa yang beristirahat di bawah pohon rindang?
generate dimana: Kelinci beristirahat di bawah pohon rindang.,Di mana Kelinci beristirahat ?
generate siapa: Kura-kura terus berjalan tanpa henti.,Siapa yang berjalan terus tanpa henti?
generate siapa: Kura-kura melewati kelinci yang sedang tidur.,Siapa yang melewati kelinci yang sedang tidur?
generate apa: Kura-kura melewati kelinci yang sedang tidur.,Apa yang Kura-kura lewati?
generate siapa: Kura-kura mendekati garis akhir.,Siapa yang mendekati garis akhir?
generate apa: Kura-kura mendekati garis akhir.,Apa yang Kura-kura dekati?
generate darimana: Kelinci terbangun dari tidurnya.,Dari mana  terbangun ?
generate siapa: Kelinci berlari mengejar kura-kura.,Siapa yang berlari mengejar kura-kura?
generate apa: Kelinci berlari mengejar kura-kura.,Apa yang Kelinci lari?
generate siapa: Kura-kura sudah menyentuh garis akhir.,Siapa yang sudah menyentuh garis akhir?
generate apa: Kura-kura sudah menyentuh garis akhir.,Apa yang Kura-kura sentuh?
generate siapa: Kura-kura memenangkan perlombaan itu.,Siapa yang memenangkan perlombaan itu?
generate apa: Kura-kura memenangkan perlombaan itu.,Apa yang Kura-kura menangkan?
generate siapa: Kelinci meminta maaf kepada kura-kura.,Siapa yang meminta maaf kepada kura-kura?
generate apa: Kelinci meminta maaf kepada kura-kura.,Apa yang Kelinci pinta kepada kura-kura?
generate siapa: Paman memelihara seekor ayam jago.,Siapa yang memelihara seekor ayam jago?
generate apa: Paman memelihara seekor ayam jago.,Apa yang Paman pelihara?
generate apa: Ayam jago itu memiliki bulu yang mengkilap.,Apa yang memiliki bulu yang mengkilap?
generate apa: Ayam jago itu memiliki bulu yang mengkilap.,Apa yang Ayam jago itu miliki?
generate apa: Jengger ayam jago berwarna merah menyala.,Apa yang berwarna menyala merah?
"generate apa: Setiap pagi, ayam jago bangun paling awal.","Apa yang bangun setiap pagi , paling awal?"
"generate kapan: Setiap pagi, ayam jago bangun paling awal.",Kapan ayam jago bangun ?
generate apa: Ayam jago melompat ke atas pagar kayu.,Apa yang melompat atas ke pagar kayu?
generate kemana: Ayam jago melompat ke atas pagar kayu.,Ke mana Ayam jago melompat ?
generate apa: Ayam jago berkokok dengan sangat nyaring.,Apa yang berkokok dengan nyaring sangat nyaring?
generate apa: Suara kokokan membangunkan seluruh warga desa.,Apa yang membangunkan seluruh warga desa?
generate apa: Suara kokokan membangunkan seluruh warga desa.,Apa yang Suara kokokan bangunkan?
generate apa: Matahari pagi mulai terbit dari timur.,Apa yang terbit mulai dari timur?
generate darimana: Matahari pagi mulai terbit dari timur.,Dari mana Matahari pagi terbit ?
generate siapa: Paman keluar dari dalam rumah.,Siapa yang keluar dari dalam rumah?
generate darimana: Paman keluar dari dalam rumah.,Dari mana Paman keluar ?
generate siapa: Paman membawa mangkuk berisi jagung kering.,Siapa yang membawa mangkuk?
generate apa: Paman membawa mangkuk berisi jagung kering.,Apa yang Paman bawa?
generate siapa: Paman menebarkan jagung di halaman.,Siapa yang menebarkan jagung di halaman?
generate dimana: Paman menebarkan jagung di halaman.,Di mana Paman menebarkan jagung?
generate apa: Ayam jago mematuk biji jagung dengan cepat.,Apa yang mematuk biji jagung dengan cepat?
generate apa: Ayam jago mematuk biji jagung dengan cepat.,Apa yang Ayam jago patuk dengan cepat?
generate apa: Ayam betina ikut berkumpul di halaman.,Apa yang ikut berkumpul di halaman?
generate dimana: Ayam betina ikut berkumpul di halaman.,Di mana Ayam betina ikut berkumpul ?
generate siapa: Mereka memakan jagung bersama-sama.,Siapa yang memakan jagung bersama-sama?
generate apa: Mereka memakan jagung bersama-sama.,Apa yang Mereka makan bersama-sama?
generate apa: Ayam jago menjaga ayam betina.,Apa yang jago menjaga ayam betina?
generate apa: Ayam jago menjaga ayam betina.,Apa yang Ayam jago?
generate siapa: Ayam jago mengusir burung liar di halaman.,Siapa yang jago mengusir burung liar di halaman?
generate apa: Ayam jago mengusir burung liar di halaman.,Apa yang Ayam jago di halaman?
generate dimana: Ayam jago mengusir burung liar di halaman.,Di mana Ayam jago mengusir burung liar?
generate siapa: Paman membersihkan kandang ayam.,Siapa yang membersihkan kandang ayam?
generate apa: Paman membersihkan kandang ayam.,Apa yang Paman bersihkan?
generate apa: Kandang ayam menjadi bersih dan tidak bau.,Apa yang menjadi bersih dan tidak bau?
"generate apa: Siang hari, ayam jago berteduh di bawah pohon.","Apa yang berteduh siang hari , di bawah pohon?"
"generate kapan: Siang hari, ayam jago berteduh di bawah pohon.",Kapan ayam jago berteduh ?
"generate dimana: Siang hari, ayam jago berteduh di bawah pohon.",Di mana ayam jago berteduh ?
generate apa: Ayam jago mencari cacing di tanah.,Apa yang mencari cacing di tanah?
generate apa: Ayam jago mencari cacing di tanah.,Apa yang Ayam jago cari di tanah?
generate dimana: Ayam jago mencari cacing di tanah.,Di mana Ayam jago mencari cacing?
generate apa: Ayam jago menggali tanah menggunakan cakar.,Apa yang menggali menggunakan cakar?
generate apa: Ayam jago menggali tanah menggunakan cakar.,Apa yang Ayam jago galikan?
"generate apa: Sore hari, ayam jago kembali ke kandang.",Apa yang kembali ke kandang?
"generate kemana: Sore hari, ayam jago kembali ke kandang.",Ke mana ayam jago kembali ?
generate siapa: Paman menutup pintu kandang ayam.,Siapa yang menutup pintu kandang ayam?
generate apa: Paman menutup pintu kandang ayam.,Apa yang Paman tutup?
generate apa: Ayam jago tidur bertengger di sebatang kayu.,Apa yang tidur bertengger di sebatang kayu?
generate dimana: Ayam jago tidur bertengger di sebatang kayu.,Di mana Ayam jago tidur bertengger ?
generate siapa: Jojo ingin bermain layang-layang.,Siapa yang ingin bermain layang-layang?
generate apa: Jojo ingin bermain layang-layang.,Apa yang Jojo main?
generate siapa: Jojo meminta ayah membuatkan layang-layang.,Siapa yang meminta membuatkan layang-layang?
generate apa: Jojo meminta ayah membuatkan layang-layang.,Apa yang Jojo pintakan?
generate siapa: Ayah menyiapkan bahan-bahan yang diperlukan.,Siapa yang menyiapkan bahan-bahan yang diperlukan?
generate apa: Ayah menyiapkan bahan-bahan yang diperlukan.,Apa yang Ayah siapkan?
generate siapa: Ayah mengambil bambu tipis.,Siapa yang mengambil bambu tipis?
generate siapa: Ayah memotong bambu menjadi dua bagian.,Siapa yang memotong menjadi dua bagian?
generate apa: Ayah memotong bambu menjadi dua bagian.,Apa yang Ayah potongi?
generate siapa: Ayah menyilangkan bambu tersebut.,Siapa yang menyilangkan bambu tersebut?
generate siapa: Ayah mengikat bambu dengan benang kasur.,Siapa yang mengikat bambu dengan benang kasur?
generate apa: Ayah mengikat bambu dengan benang kasur.,Apa yang Ayah ikat dengan benang kasur?
generate siapa: Jojo memilih kertas minyak berwarna merah.,Siapa yang memilih kertas minyak?
generate apa: Jojo memilih kertas minyak berwarna merah.,Apa yang Jojo pilih?
generate siapa: Ayah mengoleskan lem pada rangka bambu.,Siapa yang mengoleskan lem pada rangka bambu?
generate apa: Ayah mengoleskan lem pada rangka bambu.,Apa yang Ayah oleskan pada rangka bambu?
generate siapa: Ayah menempelkan kertas minyak ke rangka.,Siapa yang menempelkan kertas minyak ke rangka?
generate apa: Ayah menempelkan kertas minyak ke rangka.,Apa yang Ayah tempelkan ke rangka?
generate kemana: Ayah menempelkan kertas minyak ke rangka.,Ke mana Ayah menempelkan kertas minyak?
generate siapa: Jojo menggunting sisa kertas yang berlebih.,Siapa yang menggunting sisa kertas yang berlebih?
generate apa: Jojo menggunting sisa kertas yang berlebih.,Apa yang Jojo menggunting?
generate siapa: Ayah membuat ekor dari potongan kain.,Siapa yang membuat ekor dari potongan kain?
generate apa: Ayah membuat ekor dari potongan kain.,Apa yang Ayah buat dari potongan kain?
generate darimana: Ayah membuat ekor dari potongan kain.,Dari mana Ayah membuat ekor?
generate dimana: Ekor ditempelkan di bagian bawah layang-layang.,Di mana  ditempelkan ?
generate siapa: Jojo membawa layang-layang ke lapangan.,Siapa yang membawa layang-layang ke lapangan?
generate apa: Jojo membawa layang-layang ke lapangan.,Apa yang Jojo bawa ke lapangan?
generate kemana: Jojo membawa layang-layang ke lapangan.,Ke mana Jojo membawa layang-layang?
generate apa: Angin sore bertiup sangat kencang.,Apa yang bertiup sangat kencang?
generate siapa: Jojo memegang benang pancing.,Siapa yang memegang benang pancing?
generate apa: Jojo memegang benang pancing.,Apa yang Jojo pegang?
generate siapa: Ayah membantu melepaskan layang-layang.,Siapa yang membantu melepaskan layang-layang?
generate apa: Ayah membantu melepaskan layang-layang.,Apa yang Ayah bantukan?
generate apa: Layang-layang terbang tinggi di udara.,Apa yang terbang tinggi di udara?
generate dimana: Layang-layang terbang tinggi di udara.,Di mana Layang-layang terbang ?
generate siapa: Jojo menarik benang dengan hati-hati.,Siapa yang menarik benang dengan hati-hati?
generate apa: Jojo menarik benang dengan hati-hati.,Apa yang Jojo menarik dengan hati-hati?
generate siapa: Layang-layang menari-nari di langit.,Siapa yang menari-nari di langit?
generate dimana: Layang-layang menari-nari di langit.,Di mana Layang-layang menari-nari ?
generate apa: Teman-teman Jojo ikut melihat layang-layang.,Apa yang ikut melihat layang-layang?
generate apa: Teman-teman Jojo ikut melihat layang-layang.,Apa yang Teman-teman Jojo ikut?
generate siapa: Jojo merasa sangat senang dan bangga.,Siapa yang merasa sangat senang dan bangga?
generate siapa: Jojo bermain sampai langit menjadi gelap.,Siapa yang bermain menjadi sampai langit?
generate apa: Halaman rumah kakek memiliki pohon mangga.,Apa yang memiliki pohon mangga?
generate apa: Halaman rumah kakek memiliki pohon mangga.,Apa yang Halaman rumah kakek miliki?
generate apa: Buah mangga terlihat besar dan kekuningan.,Apa yang terlihat besar dan kekuningan?
generate siapa: Kakek ingin memanen buah mangga hari ini.,Siapa yang ingin memanen buah mangga hari ini?
generate apa: Kakek ingin memanen buah mangga hari ini.,Apa yang Kakek memanen hari ini?
generate siapa: Kakek mengambil sebuah galah bambu panjang.,Siapa yang mengambil sebuah galah bambu panjang?
generate apa: Kakek mengambil sebuah galah bambu panjang.,Apa yang Kakek ambil?
generate siapa: Doni membantu kakek di bawah pohon.,Siapa yang membantu kakek di bawah pohon?
generate apa: Doni membantu kakek di bawah pohon.,Apa yang Doni bantu di bawah pohon?
generate dimana: Doni membantu kakek di bawah pohon.,Di mana Doni membantu kakek?
generate siapa: Doni membawa sebuah keranjang anyaman.,Siapa yang membawa sebuah keranjang anyaman?
generate apa: Doni membawa sebuah keranjang anyaman.,Apa yang Doni bawa?
generate siapa: Kakek mengarahkan jaring ke buah mangga.,Siapa yang mengarahkan jaring ke buah mangga?
generate apa: Kakek mengarahkan jaring ke buah mangga.,Apa yang Kakek karahkan ke buah mangga?
generate kemana: Kakek mengarahkan jaring ke buah mangga.,Ke mana Kakek mengarahkan jaring?
generate siapa: Kakek menarik galah dengan kuat.,Siapa yang menarik galah dengan kuat?
generate apa: Kakek menarik galah dengan kuat.,Apa yang Kakek menarik dengan kuat?
generate apa: Buah mangga jatuh ke dalam jaring.,Apa yang jatuh ke dalam jaring?
generate kemana: Buah mangga jatuh ke dalam jaring.,Ke mana Buah mangga jatuh ?
generate siapa: Kakek menurunkan galah ke bawah.,Siapa yang menurunkan galah ke bawah?
generate apa: Kakek menurunkan galah ke bawah.,Apa yang Kakek turunkan ke bawah?
generate kemana: Kakek menurunkan galah ke bawah.,Ke mana Kakek menurunkan galah?
generate siapa: Doni mengambil mangga dari dalam jaring.,Siapa yang mengambil mangga dari dalam jaring?
generate apa: Doni mengambil mangga dari dalam jaring.,Apa yang Doni ambil dari dalam jaring?
generate darimana: Doni mengambil mangga dari dalam jaring.,Dari mana Doni mengambil mangga?
generate siapa: Doni memasukkan mangga ke dalam keranjang.,Siapa yang memasukkan mangga ke dalam keranjang?
generate apa: Doni memasukkan mangga ke dalam keranjang.,Apa yang Doni masukkan ke dalam keranjang?
generate kemana: Doni memasukkan mangga ke dalam keranjang.,Ke mana Doni memasukkan mangga?
generate apa: Mangga itu memiliki aroma yang harum.,Apa yang memiliki aroma yang harum?
generate apa: Mangga itu memiliki aroma yang harum.,Apa yang Mangga itu miliki?
generate siapa: Kakek memetik dua puluh buah mangga.,Siapa yang memetik dua puluh buah mangga?
generate apa: Kakek memetik dua puluh buah mangga.,Apa yang Kakek petik?
generate apa: Keranjang anyaman menjadi sangat penuh.,Apa yang menjadi sangat penuh?
generate siapa: Kakek dan Doni duduk di teras rumah.,Siapa yang duduk di teras rumah?
generate dimana: Kakek dan Doni duduk di teras rumah.,Di mana Kakek dan Doni duduk ?
generate siapa: Kakek mengupas satu buah mangga matang.,Siapa yang mengupas satu buah mangga matang?
generate apa: Kakek mengupas satu buah mangga matang.,Apa yang Kakek upas?
generate apa: Daging mangga berwarna oranye terang.,Apa yang berwarna oranye terang?
generate siapa: Kakek memotong mangga menjadi potongan kecil.,Siapa yang memotong menjadi potongan kecil?
generate apa: Kakek memotong mangga menjadi potongan kecil.,Apa yang Kakek potongi?
generate siapa: Doni memakan potongan mangga tersebut.,Siapa yang memakan potongan mangga tersebut?
generate apa: Doni memakan potongan mangga tersebut.,Apa yang Doni makan?
generate siapa: Nenek membagikan mangga kepada tetangga.,Siapa yang membagikan mangga kepada tetangga?
generate apa: Nenek membagikan mangga kepada tetangga.,Apa yang Nenek bagikan kepada tetangga?
generate apa: Semua orang menikmati hasil panen kakek.,Apa yang menikmati hasil panen kakek?
generate apa: Semua orang menikmati hasil panen kakek.,Apa yang Semua orang nikmati?
generate siapa: Budi bermain sepak bola pada sore hari.,Siapa yang bermain sepak bola pada sore hari?
generate apa: Budi bermain sepak bola pada sore hari.,Apa yang Budi main pada sore hari?
generate siapa: Budi bermain bersama teman-teman.,Siapa yang bermain bersama teman-teman?
generate siapa: Mereka bermain di lapangan desa.,Siapa yang bermain di lapangan desa?
generate dimana: Mereka bermain di lapangan desa.,Di mana Mereka bermain ?
generate siapa: Budi memakai sepatu bola hitam.,Siapa yang memakai sepatu bola hitam?
generate apa: Budi memakai sepatu bola hitam.,Apa yang Budi pakai?
generate siapa: Budi menendang bola dengan kuat.,Siapa yang menendang bola dengan kuat?
generate apa: Budi menendang bola dengan kuat.,Apa yang Budi tendang dengan kuat?
generate apa: Bola melambung tinggi ke udara.,Apa yang melambung tinggi ke udara?
generate kemana: Bola melambung tinggi ke udara.,Ke mana Bola melambung ?
generate siapa: Kiper melompat menangkap bola.,Siapa yang melompat menangkap bola?
generate apa: Kiper melompat menangkap bola.,Apa yang Kiper lompat?
generate siapa: Kiper gagal menangkap bola itu.,Siapa yang gagal menangkap bola itu?
generate apa: Kiper gagal menangkap bola itu.,Apa yang Kiper gagal?
generate apa: Bola masuk ke dalam gawang.,Apa yang masuk ke dalam gawang?
generate kemana: Bola masuk ke dalam gawang.,Ke mana Bola masuk ?
generate siapa: Budi mencetak sebuah gol.,Siapa yang mencetak sebuah gol?
generate apa: Teman-teman bersorak dengan sangat gembira.,Apa yang bersorak dengan sangat gembira?
generate siapa: Mereka melanjutkan permainan dengan semangat.,Siapa yang melanjutkan permainan dengan semangat?
generate apa: Mereka melanjutkan permainan dengan semangat.,Apa yang Mereka lanjutkan dengan semangat?
generate siapa: Peluh membasahi baju mereka.,Siapa yang membasahi baju mereka?
generate apa: Waktu permainan sudah hampir habis.,Apa yang sudah habis hampir?
generate apa: Pertandingan selesai pada pukul lima.,Apa yang selesai?
generate siapa: Tim Budi memenangkan pertandingan itu.,Siapa yang memenangkan pertandingan itu?
generate siapa: Mereka bersalaman di tengah lapangan.,Siapa yang bersalaman di tengah lapangan?
generate dimana: Mereka bersalaman di tengah lapangan.,Di mana Mereka bersalaman ?
generate siapa: Budi merasa sangat lelah.,Siapa yang merasa sangat lelah?
generate siapa: Budi berjalan pulang ke rumah.,Siapa yang berjalan pulang ke rumah?
generate kemana: Budi berjalan pulang ke rumah.,Ke mana Budi berjalan pulang ?
generate siapa: Ibu sudah menyiapkan air minum.,Siapa yang sudah menyiapkan air minum?
generate siapa: Budi meminum air putih dingin.,Siapa yang meminum air putih dingin?
generate apa: Budi meminum air putih dingin.,Apa yang Budi pinum?
generate siapa: Budi segera mandi dengan bersih.,Siapa yang mandi segera dengan bersih?
generate siapa: Budi menceritakan kemenangan itu kepada ayah.,Siapa yang menceritakan kemenangan itu kepada ayah?
generate apa: Budi menceritakan kemenangan itu kepada ayah.,Apa yang Budi ceritakan kepada ayah?
generate siapa: Ibu mengajak Rini ke pasar.,Siapa yang mengajak Rini ke pasar?
generate siapa: Ibu mengajak Rini ke pasar.,Siapa yang Ibu ajak ke pasar?
generate kemana: Ibu mengajak Rini ke pasar.,Ke mana Ibu mengajak Rini?
generate siapa: Mereka berangkat naik becak.,Siapa yang berangkat naik becak?
generate apa: Mereka berangkat naik becak.,Apa yang Mereka berangkat?
generate siapa: Mereka tiba di pasar tradisional.,Siapa yang tiba di pasar tradisional?
generate dimana: Mereka tiba di pasar tradisional.,Di mana Mereka tiba ?
generate apa: Suasana pasar sangat ramai.,Apa yang ramai sangat?
generate apa: Ibu berjalan menuju los sayuran.,Apa yang berjalan menuju los sayuran?
generate apa: Ibu membeli bayam dan wortel.,Apa yang membeli bayam?
generate apa: Ibu membeli bayam dan wortel.,Apa yang Ibu beli?
generate siapa: Penjual menimbang sayuran itu.,Siapa yang menimbang sayuran itu?
generate apa: Penjual menimbang sayuran itu.,Apa yang Penjual timbang?
generate siapa: Ibu membayar dengan uang kertas.,Siapa yang membayar dengan uang kertas?
generate siapa: Rini melihat pedagang buah.,Siapa yang melihat pedagang buah?
generate apa: Rini melihat pedagang buah.,Apa yang Rini lihat?
generate apa: Pedagang buah menjual apel manis.,Apa yang menjual apel manis?
generate apa: Pedagang buah menjual apel manis.,Apa yang Pedagang buah jual?
generate siapa: Ibu membeli dua kilogram apel.,Siapa yang membeli dua kilogram apel?
generate siapa: Rini membawa kantong plastik buah.,Siapa yang membawa kantong plastik buah?
generate siapa: Mereka berjalan ke bagian ikan.,Siapa yang berjalan ke bagian ikan?
generate kemana: Mereka berjalan ke bagian ikan.,Ke mana Mereka berjalan ?
generate apa: Ibu memilih ikan segar.,Apa yang memilih ikan segar?
generate siapa: Penjual membersihkan sisik ikan.,Siapa yang membersihkan sisik ikan?
generate apa: Penjual membersihkan sisik ikan.,Apa yang Penjual bersihkan?
generate apa: Ibu memasukkan ikan ke keranjang.,Apa yang memasukkan ikan ke keranjang?
generate apa: Ibu memasukkan ikan ke keranjang.,Apa yang Ibu masukkan ke keranjang?
generate kemana: Ibu memasukkan ikan ke keranjang.,Ke mana Ibu memasukkan ikan?
generate siapa: Mereka juga membeli bumbu dapur.,Siapa yang membeli bumbu dapur juga?
generate apa: Mereka juga membeli bumbu dapur.,Apa yang Mereka beli juga?
generate siapa: Rini merasa sedikit capek.,Siapa yang merasa sedikit capek?
generate apa: Ibu membelikan kue putu.,Apa yang membelikan kue putu?
generate apa: Ibu membelikan kue putu.,Apa yang Ibu belikan?
generate siapa: Rini memakan kue putu itu.,Siapa yang memakan kue putu itu?
generate apa: Rini memakan kue putu itu.,Apa yang Rini makan?
generate siapa: Mereka kembali memanggil becak.,Siapa yang memanggil becak kembali?
generate apa: Mereka kembali memanggil becak.,Apa yang Mereka panggil kembali?
generate siapa: Mereka pulang ke rumah dengan senang.,Siapa yang pulang ke rumah dengan senang?
generate kemana: Mereka pulang ke rumah dengan senang.,Ke mana Mereka pulang ?
generate siapa: Tika membantu ibu di dapur.,Siapa yang membantu ibu di dapur?
generate apa: Tika membantu ibu di dapur.,Apa yang Tika bantu di dapur?
generate dimana: Tika membantu ibu di dapur.,Di mana Tika membantu ibu?
generate siapa: Ibu ingin membuat kue bolu.,Siapa yang ingin membuat kue bolu?
generate siapa: Tika mengambil telur dari kulkas.,Siapa yang mengambil telur dari kulkas?
generate apa: Tika mengambil telur dari kulkas.,Apa yang Tika ambil dari kulkas?
generate darimana: Tika mengambil telur dari kulkas.,Dari mana Tika mengambil telur?
generate apa: Ibu menyiapkan tepung terigu.,Apa yang menyiapkan tepung terigu?
generate siapa: Tika memecahkan tiga butir telur.,Siapa yang memecahkan tiga butir telur?
generate apa: Tika memecahkan tiga butir telur.,Apa yang Tika pecahkan?
generate apa: Ibu memasukkan gula pasir ke mangkuk.,Apa yang memasukkan gula pasir ke mangkuk?
generate apa: Ibu memasukkan gula pasir ke mangkuk.,Apa yang Ibu masukkan ke mangkuk?
generate kemana: Ibu memasukkan gula pasir ke mangkuk.,Ke mana Ibu memasukkan gula pasir?
generate apa: Ibu menyalakan mesin pengaduk.,Apa yang menyalakan mesin pengaduk?
generate apa: Ibu menyalakan mesin pengaduk.,Apa yang Ibu nyalakan?
generate siapa: Adonan berubah menjadi warna putih.,Siapa yang berubah menjadi warna putih?
generate apa: Adonan berubah menjadi warna putih.,Apa yang Adonan rubahi?
generate siapa: Tika menambahkan sedikit margarin cair.,Siapa yang menambahkan margarin cair sedikit?
generate apa: Tika menambahkan sedikit margarin cair.,Apa yang Tika tambahkan sedikit?
generate siapa: Ibu menuangkan tepung secara perlahan.,Siapa yang menuangkan tepung perlahan?
generate apa: Ibu menuangkan tepung secara perlahan.,Apa yang Ibu tuangkan perlahan?
generate siapa: Tika menyiapkan sebuah loyang bundar.,Siapa yang menyiapkan sebuah loyang bundar?
generate apa: Tika menyiapkan sebuah loyang bundar.,Apa yang Tika siapkan?
generate siapa: Tika mengoleskan mentega pada loyang.,Siapa yang mengoleskan mentega pada loyang?
generate apa: Ibu menuangkan adonan ke loyang.,Apa yang menuangkan adonan ke loyang?
generate apa: Ibu menuangkan adonan ke loyang.,Apa yang Ibu tuangkan ke loyang?
generate kemana: Ibu menuangkan adonan ke loyang.,Ke mana Ibu menuangkan adonan?
generate siapa: Ibu memasukkan loyang ke dalam oven.,Siapa yang memasukkan loyang ke dalam oven?
generate apa: Ibu memasukkan loyang ke dalam oven.,Apa yang Ibu masukkan ke dalam oven?
generate siapa: Oven memanaskan adonan kue itu.,Siapa yang memanaskan adonan kue itu?
generate siapa: Tika menunggu selama tiga puluh menit.,Siapa yang menunggu selama tiga puluh menit?
generate siapa: Ibu mengeluarkan loyang dari oven.,Siapa yang mengeluarkan loyang dari oven?
generate apa: Ibu mengeluarkan loyang dari oven.,Apa yang Ibu keluarkan dari oven?
generate darimana: Ibu mengeluarkan loyang dari oven.,Dari mana Ibu mengeluarkan loyang?
generate apa: Kue bolu mengembang dengan sempurna.,Apa yang mengembang dengan sempurna?
generate siapa: Ibu memotong kue menjadi beberapa bagian.,Siapa yang memotong menjadi beberapa bagian?
generate apa: Ibu memotong kue menjadi beberapa bagian.,Apa yang Ibu potongi?
generate siapa: Tika meletakkan kue di atas piring.,Siapa yang meletakkan kue di atas piring?
generate apa: Tika meletakkan kue di atas piring.,Apa yang Tika letakkan di atas piring?
generate dimana: Tika meletakkan kue di atas piring.,Di mana Tika meletakkan kue?
generate siapa: Tika memakan sepotong kue hangat.,Siapa yang memakan sepotong kue hangat?
generate apa: Tika memakan sepotong kue hangat.,Apa yang Tika makan?
generate siapa: Tika menyukai kue buatan ibu.,Siapa yang menyukai kue buatan ibu?
generate apa: Tika menyukai kue buatan ibu.,Apa yang Tika sukai?
generate siapa: Sekolah mengadakan karyawisata ke museum.,Siapa yang mengadakan karyawisata ke museum?
generate apa: Sekolah mengadakan karyawisata ke museum.,Apa yang Sekolah adakan ke museum?
generate kemana: Sekolah mengadakan karyawisata ke museum.,Ke mana Sekolah mengadakan karyawisata?
generate apa: Siswa berkumpul di halaman sekolah.,Apa yang berkumpul di halaman sekolah?
generate dimana: Siswa berkumpul di halaman sekolah.,Di mana Siswa berkumpul ?
generate siapa: Guru membagikan tiket masuk.,Siapa yang membagikan tiket?
generate apa: Guru membagikan tiket masuk.,Apa yang Guru bagikan?
generate siapa: Mereka naik ke dalam bus.,Siapa yang naik ke dalam bus?
generate siapa: Bus melaju menuju museum sejarah.,Siapa yang melaju menuju museum sejarah?
generate apa: Perjalanan memakan waktu satu jam.,Apa yang memakan waktu satu jam?
generate apa: Perjalanan memakan waktu satu jam.,Apa yang Perjalanan makan?
generate siapa: Mereka tiba di gedung museum.,Siapa yang tiba di gedung museum?
generate dimana: Mereka tiba di gedung museum.,Di mana Mereka tiba ?
generate apa: Siswa masuk dengan sangat tertib.,Apa yang masuk dengan tertib sangat tertib?
generate siapa: Pemandu museum menyambut para siswa.,Siapa yang menyambut para siswa?
generate apa: Pemandu museum menyambut para siswa.,Apa yang Pemandu museum sambut?
generate siapa: Pemandu menjelaskan aturan di museum.,Siapa yang menjelaskan aturan di museum?
generate apa: Pemandu menjelaskan aturan di museum.,Apa yang Pemandu jelaskan di museum?
generate dimana: Pemandu menjelaskan aturan di museum.,Di mana Pemandu menjelaskan aturan?
generate apa: Siswa melihat benda-benda kuno.,Apa yang melihat benda-benda kuno?
generate apa: Siswa melihat benda-benda kuno.,Apa yang Siswa lihat?
generate siapa: Fajar melihat sebuah pedang tua.,Siapa yang melihat sebuah pedang tua?
generate apa: Fajar melihat sebuah pedang tua.,Apa yang Fajar lihat?
generate apa: Pedang itu berada di dalam kaca.,Apa yang berada di dalam kaca?
generate dimana: Pedang itu berada di dalam kaca.,Di mana Pedang itu berada ?
generate siapa: Siti mencatat informasi di buku tulis.,Siapa yang mencatat informasi di buku tulis?
generate apa: Siti mencatat informasi di buku tulis.,Apa yang Siti catat di buku tulis?
generate dimana: Siti mencatat informasi di buku tulis.,Di mana Siti mencatat informasi?
generate siapa: Mereka masuk ke ruang pahlawan.,Siapa yang masuk ke ruang pahlawan?
generate kemana: Mereka masuk ke ruang pahlawan.,Ke mana Mereka masuk ?
generate apa: Ruangan itu memiliki banyak lukisan pahlawan.,Apa yang memiliki lukisan pahlawan banyak?
generate apa: Ruangan itu memiliki banyak lukisan pahlawan.,Apa yang Ruangan itu miliki banyak?
generate siapa: Fajar memotret lukisan itu.,Siapa yang memotret lukisan itu?
generate apa: Fajar memotret lukisan itu.,Apa yang Fajar potret?
generate siapa: Guru mengajak siswa ke taman museum.,Siapa yang mengajak siswa ke taman museum?
generate apa: Guru mengajak siswa ke taman museum.,Apa yang Guru ajak ke taman museum?
generate kemana: Guru mengajak siswa ke taman museum.,Ke mana Guru mengajak siswa?
generate siapa: Mereka duduk di kursi panjang.,Siapa yang duduk di kursi panjang?
generate dimana: Mereka duduk di kursi panjang.,Di mana Mereka duduk ?
generate siapa: Mereka memakan bekal makan siang.,Siapa yang memakan bekal makan siang?
generate apa: Mereka memakan bekal makan siang.,Apa yang Mereka makan?
generate apa: Siswa membersihkan sisa makanan.,Apa yang membersihkan sisa makanan?
generate apa: Siswa membersihkan sisa makanan.,Apa yang Siswa bersihkan?
generate siapa: Mereka kembali ke bus sekolah.,Siapa yang kembali ke bus sekolah?
generate kemana: Mereka kembali ke bus sekolah.,Ke mana Mereka kembali ?
generate siapa: Bus membawa mereka pulang.,Siapa yang membawa pulang mereka?
generate apa: Bus membawa mereka pulang.,Apa yang Bus bawa?
generate siapa: Fajar belajar banyak tentang sejarah.,Siapa yang belajar banyak tentang sejarah?
generate apa: Sore ini anak-anak berkumpul.,Apa yang berkumpul?
generate siapa: Mereka bermain petak umpet.,Siapa yang bermain petak umpet?
generate apa: Mereka bermain petak umpet.,Apa yang Mereka main?
generate siapa: Riko bertugas menjadi penjaga.,Siapa yang bertugas menjadi penjaga?
generate apa: Riko bertugas menjadi penjaga.,Apa yang Riko tugasi?
generate siapa: Riko menutup mata di dekat pohon.,Siapa yang menutup mata di dekat pohon?
generate apa: Riko menutup mata di dekat pohon.,Apa yang Riko tutup di dekat pohon?
generate dimana: Riko menutup mata di dekat pohon.,Di mana Riko menutup mata?
generate siapa: Riko menghitung sampai sepuluh.,Siapa yang menghitung?
generate apa: Teman-teman berlari mencari tempat sembunyi.,Apa yang berlari mencari tempat sembunyi?
generate apa: Teman-teman berlari mencari tempat sembunyi.,Apa yang Teman-teman lari?
generate siapa: Andi bersembunyi di balik semak.,Siapa yang bersembunyi di balik semak?
generate dimana: Andi bersembunyi di balik semak.,Di mana Andi bersembunyi ?
generate siapa: Tini bersembunyi di belakang drum air.,Siapa yang bersembunyi di belakang drum air?
generate dimana: Tini bersembunyi di belakang drum air.,Di mana Tini bersembunyi ?
generate siapa: Riko selesai menghitung angka.,Siapa yang selesai menghitung angka?
generate apa: Riko selesai menghitung angka.,Apa yang Riko selesai?
generate siapa: Riko membuka kedua matanya.,Siapa yang membuka kedua mata nya?
generate apa: Riko membuka kedua matanya.,Apa yang Riko buka?
generate siapa: Riko mulai mencari teman-teman.,Siapa yang mulai mencari teman-teman?
generate apa: Riko mulai mencari teman-teman.,Apa yang Riko mulai?
generate siapa: Riko melihat ujung sepatu Andi.,Siapa yang melihat ujung sepatu Andi?
generate siapa: Riko melihat ujung sepatu Andi.,Siapa yang Riko lihat?
generate siapa: Riko berlari menuju pohon penjaga.,Siapa yang berlari menuju pohon penjaga?
generate siapa: Riko menyebut nama Andi dengan keras.,Siapa yang menyebut nama Andi dengan keras?
generate siapa: Riko menyebut nama Andi dengan keras.,Siapa yang Riko sebut dengan keras?
generate siapa: Andi keluar dari balik semak.,Siapa yang keluar dari balik semak?
generate darimana: Andi keluar dari balik semak.,Dari mana Andi keluar ?
generate siapa: Riko mencari teman yang lain.,Siapa yang mencari teman yang lain?
generate apa: Riko mencari teman yang lain.,Apa yang Riko cari?
generate siapa: Riko mendengar suara tawa kecil.,Siapa yang mendengar suara tawa kecil?
generate apa: Riko mendengar suara tawa kecil.,Apa yang Riko dengar?
generate apa: Suara itu berasal dari belakang drum.,Apa yang berasal dari belakang drum?
generate darimana: Suara itu berasal dari belakang drum.,Dari mana Suara itu berasal ?
generate siapa: Riko menemukan Tini di sana.,Siapa yang menemukan Tini di sana?
generate siapa: Riko menemukan Tini di sana.,Siapa yang Riko temukan di sana?
generate dimana: Riko menemukan Tini di sana.,Di mana Riko menemukan Tini?
generate siapa: Tini keluar dengan wajah cemberut.,Siapa yang keluar dengan wajah cemberut?
generate siapa: Kali ini Andi menjadi penjaga.,Siapa yang menjadi penjaga kali ini?
generate apa: Kali ini Andi menjadi penjaga.,Apa yang Andi jadi kali ini?
generate siapa: Mereka bermain dengan sangat riang.,Siapa yang bermain?
generate siapa: Kakek memiliki kebun tomat kecil.,Siapa yang memiliki kebun tomat kecil?
generate apa: Kakek memiliki kebun tomat kecil.,Apa yang Kakek miliki?
generate apa: Kebun itu berada di samping rumah.,Apa yang berada di samping rumah?
generate dimana: Kebun itu berada di samping rumah.,Di mana Kebun itu berada ?
generate siapa: Doni sering membantu kakek di kebun.,Siapa yang membantu kakek sering di kebun?
generate apa: Doni sering membantu kakek di kebun.,Apa yang Doni bantu sering di kebun?
generate dimana: Doni sering membantu kakek di kebun.,Di mana Doni membantu kakek?
generate siapa: Hari ini Doni menyiram tanaman.,Siapa yang menyiram tanaman hari ini?
generate siapa: Doni menggunakan selang air.,Siapa yang menggunakan selang air?
generate apa: Doni menggunakan selang air.,Apa yang Doni gunakan?
generate apa: Tanaman tomat tumbuh sangat subur.,Apa yang tumbuh sangat subur?
generate siapa: Kakek mencabut rumput di sekitar tanaman.,Siapa yang mencabut rumput di sekitar tanaman?
generate apa: Kakek mencabut rumput di sekitar tanaman.,Apa yang Kakek cabut di sekitar tanaman?
generate dimana: Kakek mencabut rumput di sekitar tanaman.,Di mana Kakek mencabut rumput?
generate apa: Rumput liar mengganggu pertumbuhan tomat.,Apa yang mengganggu pertumbuhan tomat?
generate siapa: Doni melihat seekor ulat daun.,Siapa yang melihat seekor ulat daun?
generate apa: Doni melihat seekor ulat daun.,Apa yang Doni lihat?
generate siapa: Doni mengambil ulat itu.,Siapa yang mengambil ulat itu?
generate apa: Doni mengambil ulat itu.,Apa yang Doni ambil?
generate siapa: Doni membuang ulat jauh dari tanaman.,Siapa yang membuang ulat jauh dari tanaman?
generate apa: Doni membuang ulat jauh dari tanaman.,Apa yang Doni buang dari tanaman?
generate darimana: Doni membuang ulat jauh dari tanaman.,Dari mana Doni membuang ulat jauh?
generate siapa: Kakek memberikan pupuk kandang.,Siapa yang memberikan pupuk kandang?
generate apa: Kakek memberikan pupuk kandang.,Apa yang Kakek berikan?
generate siapa: Pupuk menyuburkan tanah kebun.,Siapa yang menyuburkan tanah kebun?
generate apa: Pupuk menyuburkan tanah kebun.,Apa yang Pupuk suburkan?
generate apa: Buah tomat masih berwarna hijau.,Apa yang berwarna masih hijau?
generate siapa: Doni menyentuh buah tomat itu.,Siapa yang menyentuh buah tomat itu?
generate siapa: Kakek meminta Doni bersabar.,Siapa yang meminta bersabar Doni?
generate siapa: Kakek meminta Doni bersabar.,Siapa yang Kakek pinta?
generate apa: Tomat matang berwarna merah cerah.,Apa yang berwarna merah cerah?
generate siapa: Doni membayangkan rasa tomat yang segar.,Siapa yang membayangkan rasa tomat yang segar?
generate siapa: Mereka selesai merawat kebun.,Siapa yang selesai merawat kebun?
generate apa: Mereka selesai merawat kebun.,Apa yang Mereka selesai?
generate siapa: Mereka mencuci tangan di keran.,Siapa yang mencuci tangan di keran?
generate apa: Mereka mencuci tangan di keran.,Apa yang Mereka cuci di keran?
generate dimana: Mereka mencuci tangan di keran.,Di mana Mereka mencuci tangan?
generate siapa: Keluarga Siska pergi ke stasiun.,Siapa yang pergi ke stasiun?
generate kemana: Keluarga Siska pergi ke stasiun.,Ke mana Keluarga Siska pergi ?
generate siapa: Mereka ingin pergi ke kota Surabaya.,Siapa yang ingin pergi ke kota surabaya?
generate siapa: Mereka menunggu di ruang tunggu.,Siapa yang menunggu di ruang tunggu?
generate dimana: Mereka menunggu di ruang tunggu.,Di mana Mereka menunggu ?
generate apa: Kereta api datang tepat waktu.,Apa yang datang tepat waktu?
generate siapa: Siska naik ke dalam gerbong kereta.,Siapa yang naik ke dalam gerbong kereta?
generate siapa: Siska mencari nomor kursi tiket.,Siapa yang mencari nomor kursi tiket?
generate siapa: Siska duduk di dekat jendela.,Siapa yang duduk di dekat jendela?
generate dimana: Siska duduk di dekat jendela.,Di mana Siska duduk ?
generate apa: Kereta melaju semakin cepat.,Apa yang melaju semakin cepat?
generate siapa: Siska melihat pemandangan sawah.,Siapa yang melihat pemandangan sawah?
generate apa: Siska melihat pemandangan sawah.,Apa yang Siska lihat?
generate apa: Petugas memeriksa tiket penumpang.,Apa yang memeriksa tiket penumpang?
generate apa: Petugas memeriksa tiket penumpang.,Apa yang Petugas periksa?
generate siapa: Ayah menunjukkan tiket tersebut.,Siapa yang menunjukkan tiket tersebut?
generate apa: Ayah menunjukkan tiket tersebut.,Apa yang Ayah tunjukkan?
generate siapa: Ibu menawarkan roti isi kepada Siska.,Siapa yang menawarkan roti isi kepada siska?
generate apa: Ibu menawarkan roti isi kepada Siska.,Apa yang Ibu tawarkan kepada siska?
generate siapa: Siska memakan roti dengan lahap.,Siapa yang memakan roti dengan lahap?
generate apa: Siska memakan roti dengan lahap.,Apa yang Siska makan dengan lahap?
generate siapa: Kereta melewati sebuah terowongan gelap.,Siapa yang melewati sebuah terowongan gelap?
generate apa: Kereta melewati sebuah terowongan gelap.,Apa yang Kereta lewati?
generate siapa: Lampu di dalam gerbong menyala.,Siapa yang menyala di dalam gerbong?
generate dimana: Lampu di dalam gerbong menyala.,Di mana Lampu menyala ?
generate siapa: Siska merasa sangat kagum.,Siapa yang merasa sangat kagum?
generate siapa: Kereta tiba di stasiun tujuan.,Siapa yang tiba di stasiun tujuan?
generate dimana: Kereta tiba di stasiun tujuan.,Di mana Kereta tiba ?
generate siapa: Mereka turun dari gerbong kereta.,Siapa yang turun dari gerbong kereta?
generate siapa: Ayah membawa tas koper besar.,Siapa yang membawa tas koper besar?
generate apa: Ayah membawa tas koper besar.,Apa yang Ayah bawa?
generate siapa: Mereka berjalan menuju pintu keluar.,Siapa yang berjalan menuju pintu keluar?
generate siapa: Siska sangat menyukai perjalanan ini.,Siapa yang menyukai perjalanan ini sangat?
generate apa: Siska sangat menyukai perjalanan ini.,Apa yang Siska sukai sangat?
generate siapa: Dito mengikuti lomba menggambar.,Siapa yang mengikuti lomba?
generate apa: Dito mengikuti lomba menggambar.,Apa yang Dito ikuti?
generate dimana: Lomba diadakan di balai desa.,Di mana  diadakan ?
generate siapa: Dito membawa pensil warna dan kertas.,Siapa yang membawa pensil warna?
generate apa: Banyak peserta datang ke balai desa.,Apa yang datang ke balai desa?
generate kemana: Banyak peserta datang ke balai desa.,Ke mana Banyak peserta datang ?
generate apa: Panitia memberikan tema pemandangan alam.,Apa yang memberikan tema pemandangan alam?
generate apa: Panitia memberikan tema pemandangan alam.,Apa yang Panitia berikan?
generate siapa: Dito mulai menggambar sebuah gunung.,Siapa yang mulai menggambar sebuah gunung?
generate siapa: Dito menambahkan gambar matahari di atas gunung.,Siapa yang menambahkan gambar matahari di atas gunung?
generate apa: Dito menambahkan gambar matahari di atas gunung.,Apa yang Dito tambahkan di atas gunung?
generate dimana: Dito menambahkan gambar matahari di atas gunung.,Di mana Dito menambahkan gambar matahari?
generate siapa: Dito menggambar sawah di bawah gunung.,Siapa yang menggambar sawah di bawah gunung?
generate apa: Dito menggambar sawah di bawah gunung.,Apa yang Dito gambar di bawah gunung?
generate dimana: Dito menggambar sawah di bawah gunung.,Di mana Dito menggambar sawah?
generate siapa: Dito mewarnai gunung dengan warna biru.,Siapa yang mewarnai gunung dengan warna biru?
generate apa: Dito mewarnai gunung dengan warna biru.,Apa yang Dito warnai dengan warna biru?
generate siapa: Dito mewarnai sawah dengan warna hijau.,Siapa yang mewarnai sawah dengan warna hijau?
generate apa: Dito mewarnai sawah dengan warna hijau.,Apa yang Dito warnai dengan warna hijau?
generate siapa: Tangan Dito bergerak dengan lincah.,Siapa yang bergerak dengan lincah?
generate siapa: Dito mewarnai langit dengan warna biru muda.,Siapa yang mewarnai langit dengan warna biru muda?
generate apa: Dito mewarnai langit dengan warna biru muda.,Apa yang Dito warnai dengan warna biru muda?
generate siapa: Dito menyelesaikan gambar dengan rapi.,Siapa yang menyelesaikan gambar dengan rapi?
generate apa: Dito menyelesaikan gambar dengan rapi.,Apa yang Dito selesaikan dengan rapi?
generate apa: Waktu lomba telah selesai.,Apa yang telah selesai?
generate apa: Panitia mengumpulkan semua kertas gambar.,Apa yang mengumpulkan semua kertas gambar?
generate apa: Panitia mengumpulkan semua kertas gambar.,Apa yang Panitia kumpulkan?
generate siapa: Juri menilai gambar para peserta.,Siapa yang menilai gambar para peserta?
generate apa: Juri menilai gambar para peserta.,Apa yang Juri nilai?
generate siapa: Dito menunggu dengan hati berdebar.,Siapa yang menunggu dengan hati berdebar?
generate siapa: Juri mengumumkan para pemenang lomba.,Siapa yang mengumumkan para pemenang lomba?
generate apa: Juri mengumumkan para pemenang lomba.,Apa yang Juri umumkan?
generate siapa: Dito meraih juara pertama.,Siapa yang meraih juara pertama?
generate siapa: Juri memberikan piala kepada Dito.,Siapa yang memberikan piala kepada dito?
generate apa: Juri memberikan piala kepada Dito.,Apa yang Juri berikan kepada dito?
generate siapa: Dito tersenyum dengan sangat lebar.,Siapa yang tersenyum?
generate siapa: Dito menunjukkan piala kepada ibu.,Siapa yang menunjukkan piala kepada ibu?
generate apa: Dito menunjukkan piala kepada ibu.,Apa yang Dito tunjukkan kepada ibu?
generate siapa: Ibu memeluk Dito dengan bangga.,Siapa yang memeluk bangga Dito dengan bangga?
generate siapa: Ibu memeluk Dito dengan bangga.,Siapa yang Ibu peluk dengan bangga?
generate siapa: Dito pulang dengan perasaan senang.,Siapa yang pulang dengan perasaan senang?
generate apa: Kota ini mengadakan pawai budaya.,Apa yang mengadakan pawai budaya?
generate apa: Kota ini mengadakan pawai budaya.,Apa yang Kota ini adakan?
generate siapa: Warga berkumpul di pinggir jalan.,Siapa yang berkumpul di pinggir jalan?
generate dimana: Warga berkumpul di pinggir jalan.,Di mana Warga berkumpul ?
generate siapa: Rina berdiri di barisan paling depan.,Siapa yang berdiri di barisan paling depan?
generate dimana: Rina berdiri di barisan paling depan.,Di mana Rina berdiri ?
generate siapa: Rina datang bersama kakek.,Siapa yang datang bersama kakek?
generate apa: Suara musik tradisional terdengar keras.,Apa yang terdengar keras?
generate apa: Rombongan pertama mulai lewat.,Apa yang mulai lewat?
generate siapa: Mereka memakai pakaian adat Bali.,Siapa yang memakai pakaian adat Bali?
generate siapa: Mereka memakai pakaian adat Bali.,Siapa yang Mereka pakai?
generate apa: Beberapa orang menari dengan lincah.,Apa yang menari dengan lincah?
generate siapa: Rina bertepuk tangan melihat tarian itu.,Siapa yang bertepuk melihat tarian itu?
generate apa: Rina bertepuk tangan melihat tarian itu.,Apa yang Rina tepuk?
generate apa: Rombongan kedua membawa alat musik angklung.,Apa yang membawa alat musik angklung?
generate apa: Rombongan kedua membawa alat musik angklung.,Apa yang Rombongan kedua bawa?
generate siapa: Mereka memainkan angklung dengan kompak.,Siapa yang memainkan angklung dengan kompak?
generate apa: Mereka memainkan angklung dengan kompak.,Apa yang Mereka mainkan dengan kompak?
generate apa: Suara angklung sangat merdu.,Apa yang merdu sangat?
generate siapa: Kakek membelikan Rina minuman dingin.,Siapa yang membelikan Rina minuman dingin?
generate siapa: Kakek membelikan Rina minuman dingin.,Siapa yang Kakek belikan?
generate siapa: Rina meminum es teh manis.,Siapa yang meminum es teh manis?
generate apa: Rina meminum es teh manis.,Apa yang Rina pinum?
generate apa: Rombongan ketiga menampilkan Reog Ponorogo.,Apa yang menampilkan Reog?
generate siapa: Rombongan ketiga menampilkan Reog Ponorogo.,Siapa yang Rombongan ketiga tampilkan?
generate siapa: Penari mengangkat topeng dengan kuat.,Siapa yang mengangkat topeng dengan kuat?
generate apa: Penari mengangkat topeng dengan kuat.,Apa yang Penari angkat dengan kuat?
generate siapa: Rina merasa sangat takjub.,Siapa yang merasa sangat takjub?
generate apa: Pawai budaya berlangsung sangat meriah.,Apa yang berlangsung sangat meriah?
generate apa: Banyak orang memotret peserta pawai.,Apa yang memotret peserta pawai?
generate apa: Banyak orang memotret peserta pawai.,Apa yang Banyak orang potret?
generate apa: Rombongan terakhir melewati jalan raya.,Apa yang melewati jalan raya?
generate apa: Rombongan terakhir melewati jalan raya.,Apa yang Rombongan terakhir lewati?
generate apa: Pawai budaya telah selesai.,Apa yang telah selesai?
generate apa: Rina dan kakek berjalan pulang.,Apa yang berjalan pulang?
generate siapa: Rina menyukai acara pawai itu.,Siapa yang menyukai acara pawai itu?
generate apa: Rina menyukai acara pawai itu.,Apa yang Rina sukai?
generate siapa: Budi mendengar suara musik kecil.,Siapa yang mendengar suara musik kecil?
generate apa: Budi mendengar suara musik kecil.,Apa yang Budi dengar?
generate apa: Suara itu berasal dari penjual es krim.,Apa yang berasal dari penjual es krim?
generate darimana: Suara itu berasal dari penjual es krim.,Dari mana Suara itu berasal ?
generate apa: Penjual es krim mengendarai sepeda gerobak.,Apa yang mengendarai sepeda gerobak?
generate apa: Penjual es krim mengendarai sepeda gerobak.,Apa yang Penjual es krim kendarai?
generate siapa: Budi berlari meminta uang kepada ibu.,Siapa yang berlari meminta uang kepada ibu?
generate apa: Budi berlari meminta uang kepada ibu.,Apa yang Budi lari kepada ibu?
generate siapa: Ibu memberikan uang selembar lima ribuan.,Siapa yang memberikan uang selembar lima ribuan?
generate apa: Ibu memberikan uang selembar lima ribuan.,Apa yang Ibu berikan?
generate siapa: Budi berlari keluar pagar.,Siapa yang berlari keluar pagar?
generate apa: Budi berlari keluar pagar.,Apa yang Budi lari?
generate siapa: Budi memanggil paman penjual es krim.,Siapa yang memanggil paman penjual es krim?
generate apa: Sepeda gerobak berhenti di depan rumah.,Apa yang berhenti di depan rumah?
generate dimana: Sepeda gerobak berhenti di depan rumah.,Di mana Sepeda gerobak berhenti ?
generate siapa: Budi memilih es krim rasa stroberi.,Siapa yang memilih es krim rasa stroberi?
generate siapa: Paman mengambil es krim dari kotak pendingin.,Siapa yang mengambil es krim dari kotak pendingin?
generate apa: Paman mengambil es krim dari kotak pendingin.,Apa yang Paman ambil dari kotak pendingin?
generate darimana: Paman mengambil es krim dari kotak pendingin.,Dari mana Paman mengambil es krim?
generate siapa: Paman menyerahkan es krim itu.,Siapa yang menyerahkan es krim itu?
generate siapa: Budi memberikan uang kepada paman.,Siapa yang memberikan uang kepada paman?
generate apa: Budi memberikan uang kepada paman.,Apa yang Budi berikan kepada paman?
generate siapa: Budi membuka bungkus plastik es krim.,Siapa yang membuka bungkus plastik es krim?
generate apa: Budi membuka bungkus plastik es krim.,Apa yang Budi buka?
generate siapa: Budi menggigit es krim yang dingin.,Siapa yang menggigit es krim yang dingin?
generate apa: Budi menggigit es krim yang dingin.,Apa yang Budi gigit?
generate apa: Es krim mencair perlahan.,Apa yang mencair perlahan?
generate siapa: Budi memakan es krim dengan cepat.,Siapa yang memakan es krim dengan cepat?
generate apa: Budi memakan es krim dengan cepat.,Apa yang Budi makan dengan cepat?
generate siapa: Budi membuang bungkus plastik ke tempat sampah.,Siapa yang membuang bungkus plastik ke tempat sampah?
generate apa: Budi membuang bungkus plastik ke tempat sampah.,Apa yang Budi buang ke tempat sampah?
generate kemana: Budi membuang bungkus plastik ke tempat sampah.,Ke mana Budi membuang bungkus plastik?
generate siapa: Budi masuk kembali ke rumah.,Siapa yang masuk kembali ke rumah?
generate kemana: Budi masuk kembali ke rumah.,Ke mana Budi masuk kembali ?
generate siapa: Budi mencuci muka di kamar mandi.,Siapa yang mencuci muka di kamar mandi?
generate apa: Budi mencuci muka di kamar mandi.,Apa yang Budi cuci di kamar mandi?
generate dimana: Budi mencuci muka di kamar mandi.,Di mana Budi mencuci muka?
generate siapa: Budi merasa sangat segar.,Siapa yang merasa sangat segar?
generate siapa: Ibu tersenyum melihat Budi.,Siapa yang tersenyum melihat Budi?
generate siapa: Ibu tersenyum melihat Budi.,Siapa yang Ibu senyum?
generate siapa: Budi menonton televisi di ruang tamu.,Siapa yang menonton televisi di ruang tamu?
generate apa: Budi menonton televisi di ruang tamu.,Apa yang Budi tonton di ruang tamu?
generate dimana: Budi menonton televisi di ruang tamu.,Di mana Budi menonton televisi?
generate siapa: Nina memiliki banyak buku cerita.,Siapa yang memiliki buku cerita banyak?
generate apa: Nina memiliki banyak buku cerita.,Apa yang Nina miliki banyak?
generate siapa: Nina suka membaca pada waktu luang.,Siapa yang suka membaca pada waktu luang?
generate siapa: Sore ini Nina membaca buku dongeng.,Siapa yang membaca buku dongeng?
generate apa: Sore ini Nina membaca buku dongeng.,Apa yang Nina baca?
generate apa: Dongeng itu bercerita tentang putri raja.,Apa yang bercerita tentang putri raja?
generate siapa: Putri raja tinggal di istana emas.,Siapa yang tinggal di istana emas?
generate dimana: Putri raja tinggal di istana emas.,Di mana Putri raja tinggal ?
generate siapa: Putri memiliki seekor kuda putih.,Siapa yang memiliki seekor kuda putih?
generate apa: Kuda putih itu bisa terbang.,Apa yang bisa terbang?
generate siapa: Nina membaca dengan sangat serius.,Siapa yang membaca?
generate siapa: Nina membalik halaman buku perlahan.,Siapa yang membalik halaman buku perlahan?
generate apa: Nina membalik halaman buku perlahan.,Apa yang Nina balik?
generate siapa: Putri raja pergi ke hutan ajaib.,Siapa yang pergi ke hutan ajaib?
generate kemana: Putri raja pergi ke hutan ajaib.,Ke mana Putri raja pergi ?
generate siapa: Putri raja bertemu kurcaci kecil.,Siapa yang bertemu kurcaci kecil?
generate apa: Putri raja bertemu kurcaci kecil.,Apa yang Putri raja temu?
generate apa: Kurcaci itu memberikan sebuah apel ajaib.,Apa yang memberikan sebuah apel ajaib?
generate apa: Kurcaci itu memberikan sebuah apel ajaib.,Apa yang Kurcaci itu berikan?
generate siapa: Nina membayangkan istana yang megah.,Siapa yang membayangkan istana yang megah?
generate apa: Nina membayangkan istana yang megah.,Apa yang Nina bayangkan?
generate apa: Ibu masuk ke kamar Nina.,Apa yang masuk ke kamar nina?
generate kemana: Ibu masuk ke kamar Nina.,Ke mana Ibu masuk ?
generate siapa: Ibu membawakan segelas susu cokelat.,Siapa yang membawakan segelas susu cokelat?
generate siapa: Nina mengucapkan terima kasih.,Siapa yang mengucapkan terima kasih?
generate apa: Nina mengucapkan terima kasih.,Apa yang Nina ucapkan?
generate siapa: Nina meminum susu cokelat itu.,Siapa yang meminum susu cokelat itu?
generate apa: Nina meminum susu cokelat itu.,Apa yang Nina pinum?
generate siapa: Nina melanjutkan membaca cerita dongeng.,Siapa yang melanjutkan membaca cerita dongeng?
generate apa: Nina melanjutkan membaca cerita dongeng.,Apa yang Nina lanjut?
generate apa: Cerita itu berakhir sangat bahagia.,Apa yang berakhir sangat bahagia?
generate siapa: Putri raja kembali ke istana.,Siapa yang kembali ke istana?
generate kemana: Putri raja kembali ke istana.,Ke mana Putri raja kembali ?
generate siapa: Nina menutup buku ceritanya.,Siapa yang menutup buku cerita nya?
generate apa: Nina menutup buku ceritanya.,Apa yang Nina tutup?
generate siapa: Nina menyimpan buku di rak kayu.,Siapa yang menyimpan buku di rak kayu?
generate apa: Nina menyimpan buku di rak kayu.,Apa yang Nina simpan di rak kayu?
generate dimana: Nina menyimpan buku di rak kayu.,Di mana Nina menyimpan buku?
generate siapa: Nina merasa sangat senang.,Siapa yang merasa sangat senang?
generate siapa: Nina menceritakan dongeng itu kepada adik.,Siapa yang menceritakan dongeng itu kepada adik?
generate apa: Nina menceritakan dongeng itu kepada adik.,Apa yang Nina ceritakan kepada adik?
generate siapa: Adik mendengarkan cerita Nina dengan antusias.,Siapa yang mendengarkan cerita Nina dengan antusias?
generate siapa: Adik mendengarkan cerita Nina dengan antusias.,Siapa yang Adik dengarkan dengan antusias?
generate siapa: Anton mengajak ayah bermain catur.,Siapa yang mengajak bermain catur?
generate apa: Anton mengajak ayah bermain catur.,Apa yang Anton ajak?
generate siapa: Ayah mengambil papan catur di lemari.,Siapa yang mengambil papan catur di lemari?
generate apa: Ayah mengambil papan catur di lemari.,Apa yang Ayah ambil di lemari?
generate dimana: Ayah mengambil papan catur di lemari.,Di mana Ayah mengambil papan catur?
generate siapa: Mereka duduk berhadapan di ruang tamu.,Siapa yang duduk berhadapan di ruang tamu?
generate dimana: Mereka duduk berhadapan di ruang tamu.,Di mana Mereka duduk berhadapan ?
generate siapa: Anton menyusun bidak catur putih.,Siapa yang menyusun bidak catur putih?
generate apa: Anton menyusun bidak catur putih.,Apa yang Anton susun?
generate siapa: Ayah menyusun bidak catur hitam.,Siapa yang menyusun bidak catur hitam?
generate apa: Bidak pion berada di barisan depan.,Apa yang berada di barisan depan?
generate dimana: Bidak pion berada di barisan depan.,Di mana Bidak pion berada ?
generate siapa: Anton memajukan pion dua langkah.,Siapa yang memajukan pion dua langkah?
generate apa: Anton memajukan pion dua langkah.,Apa yang Anton majukan?
generate siapa: Ayah membalas dengan memajukan pion hitam.,Siapa yang membalas memajukan pion hitam dengan memajukan pion hitam?
generate apa: Ayah membalas dengan memajukan pion hitam.,Apa yang Ayah balaskan dengan memajukan pion hitam?
generate apa: Permainan berlangsung dengan seru.,Apa yang berlangsung dengan seru?
generate siapa: Anton memakan kuda hitam milik ayah.,Siapa yang memakan kuda hitam milik ayah?
generate apa: Anton memakan kuda hitam milik ayah.,Apa yang Anton makan?
generate siapa: Ayah tersenyum melihat strategi Anton.,Siapa yang tersenyum melihat strategi Anton?
generate siapa: Ayah tersenyum melihat strategi Anton.,Siapa yang Ayah senyum?
generate siapa: Ayah memajukan menteri hitam.,Siapa yang memajukan menteri hitam?
generate apa: Menteri ayah mengancam raja putih.,Apa yang mengancam raja putih?
generate apa: Menteri ayah mengancam raja putih.,Apa yang Menteri ayah ancam?
generate siapa: Anton memindahkan raja untuk berlindung.,Siapa yang memindahkan berlindung raja?
generate apa: Anton memindahkan raja untuk berlindung.,Apa yang Anton pindah?
generate siapa: Anton memajukan benteng putih.,Siapa yang memajukan benteng putih?
generate apa: Anton memajukan benteng putih.,Apa yang Anton majukan?
generate apa: Benteng putih menyerang menteri hitam.,Apa yang menyerang menteri hitam?
generate apa: Benteng putih menyerang menteri hitam.,Apa yang Benteng putih serang?
generate siapa: Ayah menyelamatkan menteri tersebut.,Siapa yang menyelamatkan menteri tersebut?
generate apa: Ayah menyelamatkan menteri tersebut.,Apa yang Ayah selamatkan?
generate apa: Pertandingan ini memakan waktu lama.,Apa yang memakan waktu lama?
generate apa: Pertandingan ini memakan waktu lama.,Apa yang Pertandingan ini makan?
generate siapa: Ibu membawakan camilan pisang goreng.,Siapa yang membawakan camilan pisang goreng?
generate apa: Ibu membawakan camilan pisang goreng.,Apa yang Ibu bawakan?
generate siapa: Mereka memakan camilan sambil bermain.,Siapa yang memakan bermain camilan?
generate apa: Mereka memakan camilan sambil bermain.,Apa yang Mereka makan?
generate apa: Akhirnya ayah berhasil mengalahkan Anton.,Apa yang berhasil mengalahkan Anton Akhirnya?
generate siapa: Akhirnya ayah berhasil mengalahkan Anton.,Siapa yang ayah berhasilkan Akhirnya?
generate siapa: Ayah memberikan skakmat pada raja putih.,Siapa yang memberikan skakmat pada raja putih?
generate apa: Ayah memberikan skakmat pada raja putih.,Apa yang Ayah berikan pada raja putih?
generate siapa: Anton mengakui kehebatan ayah bermain catur.,Siapa yang mengakui kehebatan ayah?
generate apa: Anton mengakui kehebatan ayah bermain catur.,Apa yang Anton akui?
generate apa: Taman desa memiliki banyak bunga mekar.,Apa yang memiliki bunga mekar banyak?
generate apa: Taman desa memiliki banyak bunga mekar.,Apa yang Taman desa miliki banyak?
generate apa: Bunga-bunga itu berwarna-warni.,Apa yang berwarna-warni?
generate siapa: Lisa pergi ke taman membawa jaring.,Siapa yang pergi ke taman membawa jaring?
generate kemana: Lisa pergi ke taman membawa jaring.,Ke mana Lisa pergi ?
generate siapa: Lisa ingin melihat kupu-kupu terbang.,Siapa yang ingin melihat kupu-kupu terbang?
generate apa: Lisa ingin melihat kupu-kupu terbang.,Apa yang Lisa lihat?
generate apa: Banyak kupu-kupu hinggap di atas bunga.,Apa yang hinggap di atas bunga?
generate dimana: Banyak kupu-kupu hinggap di atas bunga.,Di mana Banyak kupu-kupu hinggap ?
generate siapa: Kupu-kupu menghisap madu bunga.,Siapa yang menghisap madu bunga?
generate apa: Kupu-kupu menghisap madu bunga.,Apa yang Kupu-kupu hisap?
generate siapa: Lisa melihat kupu-kupu bersayap biru.,Siapa yang melihat kupu-kupu?
generate apa: Lisa melihat kupu-kupu bersayap biru.,Apa yang Lisa lihat?
generate siapa: Lisa mengendap-endap mendekati bunga mawar.,Siapa yang mengendap-endap mendekati bunga mawar?
generate apa: Lisa mengendap-endap mendekati bunga mawar.,Apa yang Lisa mengendapi?
generate apa: Kupu-kupu biru hinggap di daun mawar.,Apa yang hinggap di daun mawar?
generate dimana: Kupu-kupu biru hinggap di daun mawar.,Di mana Kupu-kupu biru hinggap ?
generate siapa: Lisa mengayunkan jaring dengan cepat.,Siapa yang mengayunkan jaring dengan cepat?
generate apa: Lisa mengayunkan jaring dengan cepat.,Apa yang Lisa ayunkan dengan cepat?
generate siapa: Jaring berhasil menangkap kupu-kupu itu.,Siapa yang berhasil menangkap kupu-kupu itu?
generate siapa: Lisa melihat kupu-kupu dari luar jaring.,Siapa yang melihat kupu-kupu dari luar jaring?
generate apa: Lisa melihat kupu-kupu dari luar jaring.,Apa yang Lisa lihat dari luar jaring?
generate darimana: Lisa melihat kupu-kupu dari luar jaring.,Dari mana Lisa melihat kupu-kupu?
generate apa: Sayap kupu-kupu bergerak dengan pelan.,Apa yang bergerak dengan pelan?
generate siapa: Lisa merasa kasihan melihat kupu-kupu terkurung.,Siapa yang merasa melihat kupu-kupu?
generate apa: Lisa merasa kasihan melihat kupu-kupu terkurung.,Apa yang Lisa rasa?
generate apa: Ibu guru pernah berpesan tentang hewan.,Apa yang berpesan pernah tentang hewan?
generate apa: Hewan liar harus hidup bebas.,Apa yang harus hidup bebas?
generate siapa: Lisa membuka ujung jaring perlahan.,Siapa yang membuka ujung jaring perlahan?
generate apa: Lisa membuka ujung jaring perlahan.,Apa yang Lisa buka?
generate apa: Kupu-kupu biru terbang keluar jaring.,Apa yang terbang keluar jaring?
generate apa: Kupu-kupu itu kembali ke udara bebas.,Apa yang kembali ke udara bebas?
generate kemana: Kupu-kupu itu kembali ke udara bebas.,Ke mana Kupu-kupu itu kembali ?
generate siapa: Lisa tersenyum melihatnya terbang jauh.,Siapa yang tersenyum melihat nya?
generate apa: Lisa tersenyum melihatnya terbang jauh.,Apa yang Lisa senyum?
generate siapa: Lisa mengejar kupu-kupu kuning.,Siapa yang mengejar kupu-kupu kuning?
generate apa: Lisa mengejar kupu-kupu kuning.,Apa yang Lisa kejar?
generate apa: Lisa hanya melihat kupu-kupu tanpa menangkapnya.,Apa yang Lisa lihat hanya?
generate siapa: Lisa berlari-lari di taman luas.,Siapa yang berlari-lari di taman luas?
generate dimana: Lisa berlari-lari di taman luas.,Di mana Lisa berlari-lari ?
generate siapa: Lisa pulang saat hari mulai sore.,Siapa yang pulang saat hari mulai sore?
generate kapan: Lisa pulang saat hari mulai sore.,Kapan Lisa pulang ?
generate siapa: Yoga baru saja bersepeda di jalan tanah.,Siapa yang bersepeda baru saja di jalan tanah?
generate dimana: Yoga baru saja bersepeda di jalan tanah.,Di mana Yoga bersepeda ?
generate siapa: Yoga memutuskan mencuci sepeda itu.,Siapa yang memutuskan mencuci sepeda itu?
generate apa: Yoga memutuskan mencuci sepeda itu.,Apa yang Yoga putusi?
generate siapa: Yoga membawa sepeda ke halaman rumah.,Siapa yang membawa sepeda ke halaman rumah?
generate apa: Yoga membawa sepeda ke halaman rumah.,Apa yang Yoga bawa ke halaman rumah?
generate kemana: Yoga membawa sepeda ke halaman rumah.,Ke mana Yoga membawa sepeda?
generate siapa: Yoga mengambil ember merah.,Siapa yang mengambil ember merah?
generate apa: Yoga mengambil ember merah.,Apa yang Yoga ambil?
generate siapa: Yoga mengisi ember dengan air bersih.,Siapa yang mengisi ember dengan air bersih?
generate apa: Yoga mengisi ember dengan air bersih.,Apa yang Yoga isi dengan air bersih?
generate siapa: Yoga menuangkan sabun cair ke ember.,Siapa yang menuangkan sabun cair ke ember?
generate apa: Yoga menuangkan sabun cair ke ember.,Apa yang Yoga tuangkan ke ember?
generate kemana: Yoga menuangkan sabun cair ke ember.,Ke mana Yoga menuangkan sabun cair?
generate apa: Yoga mengaduk air hingga berbusa.,Apa yang Yoga kaduk?
generate apa: Yoga menyiram sepeda menggunakan gayung air.,Apa yang Yoga siramkan?
generate siapa: Yoga menggosok ban sepeda dengan sikat.,Siapa yang menggosok ban sepeda dengan sikat?
generate apa: Yoga menggosok ban sepeda dengan sikat.,Apa yang Yoga gosok dengan sikat?
generate apa: Tanah di ban mulai rontok.,Apa yang mulai rontok di ban?
generate dimana: Tanah di ban mulai rontok.,Di mana Tanah mulai ?
generate siapa: Yoga mencuci rangka sepeda dengan spons basah.,Siapa yang mencuci rangka sepeda dengan spons basah?
generate apa: Yoga mencuci rangka sepeda dengan spons basah.,Apa yang Yoga cuci dengan spons basah?
generate apa: Rangka sepeda menjadi bersih kembali.,Apa yang menjadi bersih kembali?
generate apa: Busa sabun menutupi seluruh sepeda.,Apa yang menutupi seluruh sepeda?
generate apa: Busa sabun menutupi seluruh sepeda.,Apa yang Busa sabun tutupi?
generate siapa: Yoga membilas sepeda dengan air bersih.,Siapa yang membilas sepeda dengan air bersih?
generate apa: Yoga membilas sepeda dengan air bersih.,Apa yang Yoga bilas dengan air bersih?
generate apa: Air sabun mengalir ke saluran pembuangan.,Apa yang mengalir ke saluran pembuangan?
generate kemana: Air sabun mengalir ke saluran pembuangan.,Ke mana Air sabun mengalir ?
generate apa: Sepeda itu mengkilap di bawah sinar matahari.,Apa yang mengkilap di bawah sinar matahari?
generate dimana: Sepeda itu mengkilap di bawah sinar matahari.,Di mana Sepeda itu mengkilap ?
generate siapa: Yoga mengelap sepeda menggunakan kain kering.,Siapa yang mengelap menggunakan kain kering?
generate apa: Yoga mengelap sepeda menggunakan kain kering.,Apa yang Yoga kelapkan?
generate siapa: Yoga memastikan semua bagian kering.,Siapa yang memastikan semua bagian kering?
generate apa: Yoga memastikan semua bagian kering.,Apa yang Yoga pastikan?
generate siapa: Yoga membersihkan sisa air di lantai.,Siapa yang membersihkan sisa air di lantai?
generate apa: Yoga membersihkan sisa air di lantai.,Apa yang Yoga bersihkan di lantai?
generate dimana: Yoga membersihkan sisa air di lantai.,Di mana Yoga membersihkan sisa air?
generate siapa: Yoga menyimpan alat cuci di gudang.,Siapa yang menyimpan alat cuci di gudang?
generate apa: Yoga menyimpan alat cuci di gudang.,Apa yang Yoga simpan di gudang?
generate dimana: Yoga menyimpan alat cuci di gudang.,Di mana Yoga menyimpan alat cuci?
generate siapa: Yoga memarkir sepeda di garasi.,Siapa yang memarkir sepeda di garasi?
generate apa: Yoga memarkir sepeda di garasi.,Apa yang Yoga markir di garasi?
generate dimana: Yoga memarkir sepeda di garasi.,Di mana Yoga memarkir sepeda?
generate siapa: Yoga merasa puas dengan hasil kerjanya.,Siapa yang merasa puas dengan hasil kerja?
generate siapa: Adik menangis pada malam hari.,Siapa yang menangis pada malam hari?
generate kapan: Adik menangis pada malam hari.,Kapan Adik menangis ?
generate siapa: Ibu membawa adik ke dokter gigi.,Siapa yang membawa adik ke dokter gigi?
generate apa: Ibu membawa adik ke dokter gigi.,Apa yang Ibu bawa ke dokter gigi?
generate kemana: Ibu membawa adik ke dokter gigi.,Ke mana Ibu membawa adik?
generate apa: Klinik dokter gigi berada di dekat rumah.,Apa yang berada di dekat rumah?
generate dimana: Klinik dokter gigi berada di dekat rumah.,Di mana Klinik dokter gigi berada ?
generate siapa: Adik duduk di ruang tunggu.,Siapa yang duduk di ruang tunggu?
generate dimana: Adik duduk di ruang tunggu.,Di mana Adik duduk ?
generate siapa: Suster memanggil nama adik.,Siapa yang memanggil nama adik?
generate apa: Suster memanggil nama adik.,Apa yang Suster panggil?
generate siapa: Adik masuk ke ruang periksa.,Siapa yang masuk ke ruang periksa?
generate kemana: Adik masuk ke ruang periksa.,Ke mana Adik masuk ?
generate apa: Dokter gigi menyapa adik dengan ramah.,Apa yang menyapa adik dengan ramah?
generate apa: Dokter gigi menyapa adik dengan ramah.,Apa yang Dokter gigi sapa dengan ramah?
generate siapa: Adik duduk di kursi periksa hijau.,Siapa yang duduk di kursi periksa hijau?
generate dimana: Adik duduk di kursi periksa hijau.,Di mana Adik duduk ?
generate apa: Dokter meminta adik membuka mulut lebar.,Apa yang meminta membuka mulut lebar?
generate apa: Dokter meminta adik membuka mulut lebar.,Apa yang Dokter pinta?
generate apa: Dokter menyalakan lampu terang.,Apa yang menyalakan lampu terang?
generate apa: Dokter menyalakan lampu terang.,Apa yang Dokter nyalakan?
generate apa: Dokter memeriksa gigi adik menggunakan kaca kecil.,Apa yang memeriksa menggunakan kaca kecil?
generate apa: Dokter memeriksa gigi adik menggunakan kaca kecil.,Apa yang Dokter periksakan?
generate dimana: Ada gigi berlubang di bagian belakang.,Di mana  Ada gigi?
generate apa: Dokter membersihkan gigi berlubang itu.,Apa yang membersihkan gigi itu?
generate apa: Dokter membersihkan gigi berlubang itu.,Apa yang Dokter bersihkan?
generate siapa: Adik menutup mata karena takut.,Siapa yang menutup mata?
generate apa: Adik menutup mata karena takut.,Apa yang Adik tutup?
generate apa: Dokter menambal gigi berlubang tersebut.,Apa yang menambal gigi tersebut?
generate apa: Dokter menambal gigi berlubang tersebut.,Apa yang Dokter tambal?
generate apa: Proses penambalan selesai dalam waktu singkat.,Apa yang selesai dalam waktu singkat?
generate siapa: Adik berkumur dengan air bersih.,Siapa yang berkumur dengan air bersih?
generate apa: Rasa sakit pada gigi sudah hilang.,Apa yang sudah hilang?
generate apa: Dokter memberikan sikat gigi baru untuk adik.,Apa yang memberikan sikat gigi baru untuk adik?
generate apa: Dokter memberikan sikat gigi baru untuk adik.,Apa yang Dokter berikan untuk adik?
generate apa: Dokter berpesan agar adik rajin menyikat gigi.,Apa yang berpesan agar adik rajin menyikat gigi?
generate siapa: Ibu membayar biaya periksa di kasir.,Siapa yang membayar biaya di kasir?
generate apa: Ibu membayar biaya periksa di kasir.,Apa yang Ibu bayar di kasir?
generate dimana: Ibu membayar biaya periksa di kasir.,Di mana Ibu membayar biaya?
generate siapa: Adik tidak menangis lagi.,Siapa yang menangis tidak lagi?
generate siapa: Mereka pulang ke rumah dengan lega.,Siapa yang pulang ke rumah dengan lega?
generate kemana: Mereka pulang ke rumah dengan lega.,Ke mana Mereka pulang ?
generate apa: Siswa kelas lima belajar kesenian.,Apa yang belajar kesenian?
generate apa: Siswa kelas lima belajar kesenian.,Apa yang Siswa kelas lima belajar?
generate apa: Guru membawa sebongkah tanah liat.,Apa yang membawa sebongkah tanah liat?
generate apa: Guru membawa sebongkah tanah liat.,Apa yang Guru bawa?
generate apa: Tanah liat itu berwarna cokelat keabuan.,Apa yang berwarna cokelat keabuan?
generate apa: Siswa memegang tanah liat tersebut.,Apa yang memegang tanah liat tersebut?
generate apa: Siswa memegang tanah liat tersebut.,Apa yang Siswa pegang?
generate siapa: Guru mengajarkan cara membuat asbak.,Siapa yang mengajarkan cara?
generate apa: Guru mengajarkan cara membuat asbak.,Apa yang Guru ajarkan?
generate siapa: Bayu mengambil segenggam tanah liat.,Siapa yang mengambil segenggam tanah liat?
generate apa: Bayu mengambil segenggam tanah liat.,Apa yang Bayu ambil?
generate siapa: Bayu membentuk tanah menjadi bola.,Siapa yang membentuk menjadi bola?
generate siapa: Bayu menekan bagian tengah bola.,Siapa yang menekan bagian tengah bola?
generate apa: Tanah liat berubah bentuk menjadi mangkuk kecil.,Apa yang berubah menjadi mangkuk kecil?
generate apa: Tanah liat berubah bentuk menjadi mangkuk kecil.,Apa yang Tanah liat rubahi?
generate siapa: Bayu merapikan pinggiran mangkuk dengan jari.,Siapa yang merapikan pinggiran mangkuk dengan jari?
generate apa: Bayu merapikan pinggiran mangkuk dengan jari.,Apa yang Bayu rapikan dengan jari?
generate siapa: Bayu menambahkan hiasan bunga di luar mangkuk.,Siapa yang menambahkan hiasan bunga di luar mangkuk?
generate apa: Bayu menambahkan hiasan bunga di luar mangkuk.,Apa yang Bayu tambahkan di luar mangkuk?
generate dimana: Bayu menambahkan hiasan bunga di luar mangkuk.,Di mana Bayu menambahkan hiasan bunga?
generate siapa: Bayu menggunakan tusuk gigi untuk menggambar pola.,Siapa yang menggunakan menggambar pola?
generate apa: Siswa lain membuat bentuk hewan.,Apa yang membuat bentuk hewan?
generate apa: Siswa lain membuat bentuk hewan.,Apa yang Siswa lain buat?
generate siapa: Ani membuat kura-kura kecil dari tanah liat.,Siapa yang membuat kura-kura kecil dari tanah liat?
generate apa: Ani membuat kura-kura kecil dari tanah liat.,Apa yang Ani buat dari tanah liat?
generate darimana: Ani membuat kura-kura kecil dari tanah liat.,Dari mana Ani membuat kura-kura kecil?
generate siapa: Guru mengumpulkan semua hasil karya siswa.,Siapa yang mengumpulkan semua hasil karya siswa?
generate apa: Guru mengumpulkan semua hasil karya siswa.,Apa yang Guru kumpulkan?
generate apa: Tanah liat akan mengeras setelah kering.,Apa yang akan mengeras setelah kering?
generate kapan: Tanah liat akan mengeras setelah kering.,Kapan Tanah liat akan mengeras ?
generate siapa: Mereka mencuci tangan di keran luar kelas.,Siapa yang mencuci tangan di keran luar kelas?
generate apa: Mereka mencuci tangan di keran luar kelas.,Apa yang Mereka cuci di keran luar kelas?
generate dimana: Mereka mencuci tangan di keran luar kelas.,Di mana Mereka mencuci tangan?
generate siapa: Mereka menggunakan sabun untuk membersihkan kotoran.,Siapa yang menggunakan membersihkan kotoran?
generate siapa: Bayu berharap mendapat nilai bagus.,Siapa yang berharap mendapat nilai bagus?
generate apa: Bayu berharap mendapat nilai bagus.,Apa yang Bayu harap?
generate apa: Pelajaran kesenian sangat menyenangkan.,Apa yang menyenangkan sangat?
generate siapa: Kulkas di rumah sudah kosong.,Siapa yang sudah kosong di rumah?
generate dimana: Kulkas di rumah sudah kosong.,Di mana Kulkas sudah kosong ?
generate siapa: Ibu mengajak Tiara pergi berbelanja.,Siapa yang mengajak pergi Tiara?
generate siapa: Mereka pergi ke swalayan besar.,Siapa yang pergi ke swalayan besar?
generate kemana: Mereka pergi ke swalayan besar.,Ke mana Mereka pergi ?
generate siapa: Tiara mengambil sebuah troli belanja.,Siapa yang mengambil sebuah troli belanja?
generate apa: Tiara mengambil sebuah troli belanja.,Apa yang Tiara ambil?
generate apa: Ibu berjalan ke rak susu.,Apa yang berjalan ke rak susu?
generate kemana: Ibu berjalan ke rak susu.,Ke mana Ibu berjalan ?
generate apa: Ibu mengambil dua kotak susu cair.,Apa yang mengambil dua kotak susu cair?
generate siapa: Tiara mendorong troli dengan semangat.,Siapa yang mendorong troli dengan semangat?
generate apa: Tiara mendorong troli dengan semangat.,Apa yang Tiara dorong dengan semangat?
generate siapa: Mereka menuju lorong makanan ringan.,Siapa yang menuju lorong makanan ringan?
generate apa: Mereka menuju lorong makanan ringan.,Apa yang Mereka tuju?
generate siapa: Tiara memilih sebungkus biskuit cokelat.,Siapa yang memilih sebungkus biskuit cokelat?
generate apa: Tiara memilih sebungkus biskuit cokelat.,Apa yang Tiara pilih?
generate siapa: Tiara memasukkan biskuit ke dalam troli.,Siapa yang memasukkan biskuit ke dalam troli?
generate apa: Tiara memasukkan biskuit ke dalam troli.,Apa yang Tiara masukkan ke dalam troli?
generate kemana: Tiara memasukkan biskuit ke dalam troli.,Ke mana Tiara memasukkan biskuit?
generate apa: Ibu mencari sabun cuci pakaian.,Apa yang mencari sabun cuci pakaian?
generate siapa: Ibu menemukan sabun cuci di rak bawah.,Siapa yang menemukan sabun cuci di rak bawah?
generate apa: Ibu menemukan sabun cuci di rak bawah.,Apa yang Ibu temukan di rak bawah?
generate dimana: Ibu menemukan sabun cuci di rak bawah.,Di mana Ibu menemukan sabun cuci?
generate apa: Ibu mengambil minyak goreng dan beras.,Apa yang mengambil minyak goreng?
generate apa: Troli belanjaan menjadi semakin berat.,Apa yang menjadi semakin berat?
generate apa: Tiara membantu ibu mendorong troli.,Apa yang Tiara bantu?
generate siapa: Mereka berjalan ke kasir pembayaran.,Siapa yang berjalan ke kasir pembayaran?
generate kemana: Mereka berjalan ke kasir pembayaran.,Ke mana Mereka berjalan ?
generate siapa: Ibu mengeluarkan barang dari troli.,Siapa yang mengeluarkan barang dari troli?
generate apa: Ibu mengeluarkan barang dari troli.,Apa yang Ibu keluarkan dari troli?
generate darimana: Ibu mengeluarkan barang dari troli.,Dari mana Ibu mengeluarkan barang?
generate siapa: Kasir memindai kode barang tersebut.,Siapa yang memindai kode barang tersebut?
generate apa: Mesin kasir mengeluarkan bunyi bip.,Apa yang mengeluarkan bunyi bip?
generate apa: Mesin kasir mengeluarkan bunyi bip.,Apa yang Mesin kasir keluarkan?
generate siapa: Tiara memasukkan barang ke kantong kain.,Siapa yang memasukkan barang ke kantong kain?
generate apa: Tiara memasukkan barang ke kantong kain.,Apa yang Tiara masukkan ke kantong kain?
generate kemana: Tiara memasukkan barang ke kantong kain.,Ke mana Tiara memasukkan barang?
generate siapa: Ibu membayar menggunakan kartu debit.,Siapa yang membayar menggunakan kartu debit?
generate apa: Ibu membayar menggunakan kartu debit.,Apa yang Ibu bayarkan?
generate siapa: Kasir menyerahkan struk belanja kepada ibu.,Siapa yang menyerahkan struk belanja kepada ibu?
generate apa: Kasir menyerahkan struk belanja kepada ibu.,Apa yang Kasir serahkan kepada ibu?
generate siapa: Mereka membawa barang belanjaan ke mobil.,Siapa yang membawa barang belanjaan ke mobil?
generate apa: Mereka membawa barang belanjaan ke mobil.,Apa yang Mereka bawa ke mobil?
generate kemana: Mereka membawa barang belanjaan ke mobil.,Ke mana Mereka membawa barang belanjaan?
generate siapa: Ayah membantu memasukkan barang ke bagasi.,Siapa yang membantu memasukkan barang ke bagasi?
generate apa: Ayah membantu memasukkan barang ke bagasi.,Apa yang Ayah bantukan ke bagasi?
generate kemana: Ayah membantu memasukkan barang ke bagasi.,Ke mana Ayah membantu memasukkan barang?
generate siapa: Mereka langsung pulang ke rumah.,Siapa yang pulang langsung ke rumah?
generate kemana: Mereka langsung pulang ke rumah.,Ke mana Mereka pulang ?
generate apa: Liburan sekolah telah tiba.,Apa yang telah tiba?
generate siapa: Keluarga Feri berkunjung ke kebun stroberi.,Siapa yang berkunjung ke kebun stroberi?
generate kemana: Keluarga Feri berkunjung ke kebun stroberi.,Ke mana Keluarga Feri berkunjung ?
generate apa: Kebun itu berada di dataran tinggi.,Apa yang berada di dataran tinggi?
generate dimana: Kebun itu berada di dataran tinggi.,Di mana Kebun itu berada ?
generate siapa: Udara di sana sangat sejuk.,Siapa yang sejuk sangat di sana?
generate dimana: Udara di sana sangat sejuk.,Di mana Udara sejuk ?
generate apa: Petugas kebun membagikan keranjang kecil.,Apa yang membagikan keranjang kecil?
generate apa: Petugas kebun membagikan keranjang kecil.,Apa yang Petugas kebun bagikan?
generate siapa: Feri membawa gunting khusus.,Siapa yang membawa gunting khusus?
generate apa: Feri membawa gunting khusus.,Apa yang Feri bawa?
generate siapa: Mereka berjalan menyusuri barisan tanaman stroberi.,Siapa yang berjalan menyusuri barisan tanaman stroberi?
generate apa: Tanaman stroberi tumbuh merambat di tanah.,Apa yang tumbuh merambat di tanah?
generate dimana: Tanaman stroberi tumbuh merambat di tanah.,Di mana Tanaman stroberi tumbuh merambat ?
generate siapa: Feri mencari buah stroberi matang.,Siapa yang mencari buah stroberi matang?
generate siapa: Feri menemukan stroberi berwarna merah tua.,Siapa yang menemukan stroberi?
generate apa: Feri menemukan stroberi berwarna merah tua.,Apa yang Feri temukan?
generate siapa: Feri memotong tangkai stroberi dengan gunting.,Siapa yang memotong tangkai stroberi dengan gunting?
generate apa: Feri memotong tangkai stroberi dengan gunting.,Apa yang Feri potong dengan gunting?
generate siapa: Feri memasukkan stroberi ke keranjang.,Siapa yang memasukkan stroberi ke keranjang?
generate apa: Feri memasukkan stroberi ke keranjang.,Apa yang Feri masukkan ke keranjang?
generate kemana: Feri memasukkan stroberi ke keranjang.,Ke mana Feri memasukkan stroberi?
generate siapa: Ibu menemukan stroberi ukuran besar.,Siapa yang menemukan stroberi ukuran besar?
generate siapa: Adik memetik stroberi yang masih sedikit hijau.,Siapa yang memetik stroberi yang masih sedikit hijau masih sedikit?
generate siapa: Ibu mengingatkan adik untuk memilih warna merah.,Siapa yang mengingatkan memilih warna merah?
generate siapa: Ayah memotret Feri di tengah kebun.,Siapa yang memotret Feri di tengah kebun?
generate siapa: Ayah memotret Feri di tengah kebun.,Siapa yang Ayah potret di tengah kebun?
generate dimana: Ayah memotret Feri di tengah kebun.,Di mana Ayah memotret Feri?
generate siapa: Mereka memetik stroberi selama satu jam.,Siapa yang memetik stroberi selama satu jam?
generate apa: Mereka memetik stroberi selama satu jam.,Apa yang Mereka petik selama satu jam?
generate siapa: Mereka membawa keranjang ke tempat penimbangan.,Siapa yang membawa keranjang ke tempat penimbangan?
generate apa: Mereka membawa keranjang ke tempat penimbangan.,Apa yang Mereka bawa ke tempat penimbangan?
generate kemana: Mereka membawa keranjang ke tempat penimbangan.,Ke mana Mereka membawa keranjang?
generate siapa: Petugas menimbang semua stroberi tersebut.,Siapa yang menimbang semua stroberi tersebut?
generate apa: Petugas menimbang semua stroberi tersebut.,Apa yang Petugas timbang?
generate siapa: Ayah membayar sesuai berat stroberi.,Siapa yang membayar sesuai berat stroberi?
generate siapa: Feri mencuci buah stroberi di tempat pencucian.,Siapa yang mencuci buah stroberi di tempat pencucian?
generate apa: Feri mencuci buah stroberi di tempat pencucian.,Apa yang Feri cuci di tempat pencucian?
generate dimana: Feri mencuci buah stroberi di tempat pencucian.,Di mana Feri mencuci buah stroberi?
generate siapa: Feri memakan satu buah stroberi manis.,Siapa yang memakan satu buah stroberi manis?
generate apa: Feri memakan satu buah stroberi manis.,Apa yang Feri makan?
generate siapa: Mereka membawa sisa stroberi pulang.,Siapa yang membawa sisa stroberi?
generate apa: Mereka membawa sisa stroberi pulang.,Apa yang Mereka bawa?
generate siapa: Hujan turun sangat deras di siang hari.,Siapa yang turun sangat deras di siang hari?
generate kapan: Hujan turun sangat deras di siang hari.,Kapan Hujan turun ?
generate dimana: Hujan turun sangat deras di siang hari.,Di mana Hujan turun ?
generate apa: Halaman rumah tergenang air bersih.,Apa yang tergenang air bersih?
generate siapa: Rudi ingin bermain hujan-hujanan.,Siapa yang ingin bermain hujan-hujanan?
generate apa: Rudi ingin bermain hujan-hujanan.,Apa yang Rudi main?
generate siapa: Ibu memberikan izin kepada Rudi.,Siapa yang memberikan izin kepada rudi?
generate apa: Ibu memberikan izin kepada Rudi.,Apa yang Ibu berikan kepada rudi?
generate siapa: Rudi berlari keluar rumah.,Siapa yang berlari keluar rumah?
generate apa: Rudi berlari keluar rumah.,Apa yang Rudi lari?
generate apa: Air hujan membasahi tubuh Rudi.,Apa yang membasahi tubuh Rudi?
generate siapa: Air hujan membasahi tubuh Rudi.,Siapa yang Air hujan basahi?
generate siapa: Rudi melompat ke dalam genangan air.,Siapa yang melompat ke dalam genangan air?
generate kemana: Rudi melompat ke dalam genangan air.,Ke mana Rudi melompat ?
generate apa: Air memercik ke segala arah.,Apa yang memercik ke segala arah?
generate kemana: Air memercik ke segala arah.,Ke mana Air memercik ?
generate apa: Edo tetangga sebelah ikut keluar rumah.,Apa yang ikut keluar rumah?
generate apa: Edo tetangga sebelah ikut keluar rumah.,Apa yang Edo tetangga ikut?
generate siapa: Mereka membuat perahu dari daun pisang.,Siapa yang membuat perahu dari daun pisang?
generate apa: Mereka membuat perahu dari daun pisang.,Apa yang Mereka buat dari daun pisang?
generate darimana: Mereka membuat perahu dari daun pisang.,Dari mana Mereka membuat perahu?
generate siapa: Mereka meletakkan perahu di aliran selokan.,Siapa yang meletakkan perahu di aliran selokan?
generate apa: Mereka meletakkan perahu di aliran selokan.,Apa yang Mereka letakkan di aliran selokan?
generate dimana: Mereka meletakkan perahu di aliran selokan.,Di mana Mereka meletakkan perahu?
generate apa: Perahu daun mengalir terbawa arus air.,Apa yang mengalir terbawa arus air?
generate apa: Perahu daun mengalir terbawa arus air.,Apa yang Perahu daun alir?
generate siapa: Mereka mengejar perahu daun itu.,Siapa yang mengejar perahu daun itu?
generate siapa: Tubuh Rudi menggigil kedinginan.,Siapa yang menggigil kedinginan?
generate apa: Tubuh Rudi menggigil kedinginan.,Apa yang Tubuh Rudi menggigil?
generate siapa: Ibu memanggil Rudi dari teras rumah.,Siapa yang memanggil Rudi dari teras rumah?
generate siapa: Ibu memanggil Rudi dari teras rumah.,Siapa yang Ibu panggil dari teras rumah?
generate darimana: Ibu memanggil Rudi dari teras rumah.,Dari mana Ibu memanggil Rudi?
generate siapa: Rudi dan Edo berhenti bermain.,Siapa yang berhenti bermain?
generate siapa: Rudi masuk ke kamar mandi.,Siapa yang masuk ke kamar mandi?
generate kemana: Rudi masuk ke kamar mandi.,Ke mana Rudi masuk ?
generate apa: Rudi mandi menggunakan air hangat.,Apa yang menggunakan air hangat?
generate apa: Rudi mandi menggunakan air hangat.,Apa yang Rudi mandi gunakan?
generate siapa: Ibu menyuguhkan teh manis hangat.,Siapa yang menyuguhkan teh manis hangat?
generate siapa: Rudi meminum teh itu dengan perlahan.,Siapa yang meminum teh itu perlahan?
generate apa: Rudi meminum teh itu dengan perlahan.,Apa yang Rudi pinum perlahan?
generate apa: Taman kota memiliki sebuah kolam besar.,Apa yang memiliki sebuah kolam besar?
generate apa: Taman kota memiliki sebuah kolam besar.,Apa yang Taman kota miliki?
generate apa: Kolam itu berisi banyak ikan koi.,Apa yang berisi ikan koi banyak?
generate siapa: Dika datang ke taman bersama ayah.,Siapa yang datang ke taman bersama ayah?
generate siapa: Dika membawa sebungkus pelet ikan.,Siapa yang membawa sebungkus pelet ikan?
generate apa: Dika membawa sebungkus pelet ikan.,Apa yang Dika bawa?
generate siapa: Dika berdiri di pinggir kolam.,Siapa yang berdiri di pinggir kolam?
generate dimana: Dika berdiri di pinggir kolam.,Di mana Dika berdiri ?
generate apa: Ikan-ikan koi berenang mendekati Dika.,Apa yang berenang mendekati Dika?
generate siapa: Ikan-ikan koi berenang mendekati Dika.,Siapa yang Ikan-ikan koi renangi?
generate apa: Ikan koi memiliki warna merah dan putih.,Apa yang memiliki warna merah?
generate apa: Ikan koi memiliki warna merah dan putih.,Apa yang Ikan koi miliki?
generate siapa: Dika mengambil segenggam pelet ikan.,Siapa yang mengambil segenggam pelet ikan?
generate siapa: Dika melempar pelet ke tengah kolam.,Siapa yang melempar pelet ke tengah kolam?
generate apa: Dika melempar pelet ke tengah kolam.,Apa yang Dika lempar ke tengah kolam?
generate kemana: Dika melempar pelet ke tengah kolam.,Ke mana Dika melempar pelet?
generate apa: Ikan-ikan koi berebut memakan pelet.,Apa yang berebut memakan pelet?
generate apa: Ikan-ikan koi berebut memakan pelet.,Apa yang Ikan-ikan koi rebutkan?
generate apa: Air kolam beriak karena gerakan ikan.,Apa yang beriak karena gerakan ikan?
generate apa: Mulut ikan koi terbuka lebar.,Apa yang terbuka lebar?
generate siapa: Dika merasa sangat terhibur melihatnya.,Siapa yang merasa terhibur nya?
generate siapa: Dika kembali melempar pelet ikan.,Siapa yang melempar pelet ikan kembali?
generate apa: Dika kembali melempar pelet ikan.,Apa yang Dika lempar kembali?
generate siapa: Ikan koi berkumpul semakin banyak.,Siapa yang berkumpul semakin banyak?
generate siapa: Ayah merekam kejadian itu dengan ponsel.,Siapa yang merekam kejadian itu dengan ponsel?
generate apa: Ayah merekam kejadian itu dengan ponsel.,Apa yang Ayah rekam dengan ponsel?
generate apa: Pelet ikan di bungkus sudah habis.,Apa yang sudah habis di bungkus?
generate dimana: Pelet ikan di bungkus sudah habis.,Di mana Pelet ikan sudah habis ?
generate apa: Ikan-ikan berenang menjauhi pinggir kolam.,Apa yang menjauhi pinggir kolam?
generate apa: Ikan-ikan berenang menjauhi pinggir kolam.,Apa yang Ikan-ikan berenang jauhi?
generate siapa: Dika membuang bungkus kosong ke tempat sampah.,Siapa yang membuang bungkus kosong ke tempat sampah?
generate apa: Dika membuang bungkus kosong ke tempat sampah.,Apa yang Dika buang ke tempat sampah?
generate kemana: Dika membuang bungkus kosong ke tempat sampah.,Ke mana Dika membuang bungkus kosong?
generate siapa: Dika mencuci tangan di keran taman.,Siapa yang mencuci tangan di keran taman?
generate apa: Dika mencuci tangan di keran taman.,Apa yang Dika cuci di keran taman?
generate dimana: Dika mencuci tangan di keran taman.,Di mana Dika mencuci tangan?
generate siapa: Mereka duduk di bangku taman.,Siapa yang duduk di bangku taman?
generate dimana: Mereka duduk di bangku taman.,Di mana Mereka duduk ?
generate siapa: Ayah membelikan Dika kacang rebus.,Siapa yang membelikan Dika kacang rebus?
generate siapa: Ayah membelikan Dika kacang rebus.,Siapa yang Ayah belikan?
generate siapa: Mereka menikmati suasana taman yang sejuk.,Siapa yang menikmati suasana taman yang sejuk?
generate siapa: Angin berhembus sangat pelan.,Siapa yang berhembus sangat pelan?
generate siapa: Dika mengajak ayah pulang.,Siapa yang mengajak ayah?
generate apa: Rombongan sirkus datang ke kota.,Apa yang datang ke kota?
generate kemana: Rombongan sirkus datang ke kota.,Ke mana Rombongan sirkus datang ?
generate siapa: Ayah membeli tiga lembar tiket sirkus.,Siapa yang membeli tiga lembar tiket sirkus?
generate apa: Ayah membeli tiga lembar tiket sirkus.,Apa yang Ayah beli?
generate apa: Tenda sirkus berdiri di lapangan besar.,Apa yang berdiri di lapangan besar?
generate dimana: Tenda sirkus berdiri di lapangan besar.,Di mana Tenda sirkus berdiri ?
generate apa: Tenda itu memiliki warna merah dan putih.,Apa yang memiliki warna merah?
generate apa: Malam hari keluarga Gilang pergi ke sirkus.,Apa yang pergi malam hari ke sirkus?
generate kapan: Malam hari keluarga Gilang pergi ke sirkus.,Kapan keluarga Gilang pergi ?
generate kemana: Malam hari keluarga Gilang pergi ke sirkus.,Ke mana keluarga Gilang pergi ?
generate siapa: Mereka masuk ke dalam tenda.,Siapa yang masuk ke dalam tenda?
generate kemana: Mereka masuk ke dalam tenda.,Ke mana Mereka masuk ?
generate apa: Banyak penonton duduk di kursi melingkar.,Apa yang duduk di kursi melingkar?
generate dimana: Banyak penonton duduk di kursi melingkar.,Di mana Banyak penonton duduk ?
generate apa: Lampu panggung menyala dengan terang.,Apa yang menyala dengan terang?
generate siapa: Badut muncul dari balik tirai.,Siapa yang muncul dari balik tirai?
generate darimana: Badut muncul dari balik tirai.,Dari mana Badut muncul ?
generate apa: Badut itu memakai sepatu sangat besar.,Apa yang memakai sepatu besar?
generate siapa: Badut melempar bola ke udara.,Siapa yang melempar bola ke udara?
generate apa: Badut melempar bola ke udara.,Apa yang Badut lempar ke udara?
generate kemana: Badut melempar bola ke udara.,Ke mana Badut melempar bola?
generate siapa: Badut menangkap bola dengan lucu.,Siapa yang menangkap bola dengan lucu?
generate apa: Badut menangkap bola dengan lucu.,Apa yang Badut tangkap dengan lucu?
generate apa: Pertunjukan selanjutnya adalah akrobat tali.,Apa yang akrobat?
generate apa: Pemain akrobat berjalan di atas tali kecil.,Apa yang berjalan di atas tali kecil?
generate dimana: Pemain akrobat berjalan di atas tali kecil.,Di mana Pemain akrobat berjalan ?
generate apa: Pemain itu memegang tongkat panjang untuk keseimbangan.,Apa yang memegang tongkat panjang untuk keseimbangan?
generate apa: Pemain itu memegang tongkat panjang untuk keseimbangan.,Apa yang Pemain itu pegang untuk keseimbangan?
generate siapa: Penonton menahan napas dengan tegang.,Siapa yang menahan napas dengan tegang?
generate apa: Pemain akrobat berhasil menyeberangi tali.,Apa yang berhasil menyeberangi tali?
generate apa: Pemain akrobat berhasil menyeberangi tali.,Apa yang Pemain akrobat berhasili?
generate apa: Semua orang bertepuk tangan meriah.,Apa yang bertepuk tangan meriah?
generate apa: Semua orang bertepuk tangan meriah.,Apa yang Semua orang tepuk?
generate siapa: Pertunjukan menampilkan gajah pintar menari.,Siapa yang menampilkan gajah pintar?
generate apa: Pertunjukan menampilkan gajah pintar menari.,Apa yang Pertunjukan tampilkan?
generate siapa: Gajah mengangkat kaki depan ke atas.,Siapa yang mengangkat kaki depan ke atas?
generate apa: Gajah mengangkat kaki depan ke atas.,Apa yang Gajah angkat ke atas?
generate kemana: Gajah mengangkat kaki depan ke atas.,Ke mana Gajah mengangkat kaki depan?
generate siapa: Sirkus berlangsung selama dua jam.,Siapa yang berlangsung selama dua jam?
generate siapa: Gilang keluar dari tenda dengan bahagia.,Siapa yang keluar dari tenda bahagia?
generate darimana: Gilang keluar dari tenda dengan bahagia.,Dari mana Gilang keluar ?
generate apa: Hari raya telah tiba.,Apa yang telah tiba?
generate siapa: Keluarga Rani pergi ke rumah nenek.,Siapa yang pergi ke rumah nenek?
generate kemana: Keluarga Rani pergi ke rumah nenek.,Ke mana Keluarga Rani pergi ?
generate apa: Rumah nenek berada di desa terpencil.,Apa yang berada di desa terpencil?
generate dimana: Rumah nenek berada di desa terpencil.,Di mana Rumah nenek berada ?
generate siapa: Ayah mengemudikan mobil melewati jalan berliku.,Siapa yang mengemudikan melewati jalan berliku?
generate apa: Ayah mengemudikan mobil melewati jalan berliku.,Apa yang Ayah kemudi?
generate darimana: Pemandangan gunung terlihat dari jauh.,Dari mana  terlihat ?
generate apa: Mobil ayah tiba di halaman rumah nenek.,Apa yang tiba di halaman rumah nenek?
generate dimana: Mobil ayah tiba di halaman rumah nenek.,Di mana Mobil ayah tiba ?
generate siapa: Nenek menyambut mereka di teras.,Siapa yang menyambut mereka di teras?
generate apa: Nenek menyambut mereka di teras.,Apa yang Nenek sambut di teras?
generate dimana: Nenek menyambut mereka di teras.,Di mana Nenek menyambut mereka?
generate siapa: Rani memeluk nenek dengan erat.,Siapa yang memeluk nenek dengan erat?
generate apa: Rani memeluk nenek dengan erat.,Apa yang Rani peluk dengan erat?
generate siapa: Nenek memasak opor ayam lezat.,Siapa yang memasak opor ayam lezat?
generate siapa: Rani masuk ke dalam rumah.,Siapa yang masuk ke dalam rumah?
generate kemana: Rani masuk ke dalam rumah.,Ke mana Rani masuk ?
generate apa: Meja makan sudah penuh dengan makanan.,Apa yang sudah penuh dengan makanan?
generate siapa: Rani memakan opor ayam dengan ketupat.,Siapa yang memakan opor ayam dengan ketupat?
generate apa: Rani memakan opor ayam dengan ketupat.,Apa yang Rani makan dengan ketupat?
"generate siapa: Setelah makan, Rani pergi ke halaman belakang.",Siapa yang pergi makan ke halaman belakang?
"generate kemana: Setelah makan, Rani pergi ke halaman belakang.",Ke mana Rani pergi makan ?
generate siapa: Nenek memelihara banyak ayam petelur.,Siapa yang memelihara ayam petelur banyak?
generate apa: Nenek memelihara banyak ayam petelur.,Apa yang Nenek pelihara banyak?
generate siapa: Rani membantu nenek mengumpulkan telur ayam.,Siapa yang membantu mengumpulkan telur ayam?
generate apa: Rani membantu nenek mengumpulkan telur ayam.,Apa yang Rani bantukan?
generate siapa: Rani memasukkan telur ke dalam keranjang rotan.,Siapa yang memasukkan telur ke dalam keranjang rotan?
generate apa: Rani memasukkan telur ke dalam keranjang rotan.,Apa yang Rani masukkan ke dalam keranjang rotan?
generate kemana: Rani memasukkan telur ke dalam keranjang rotan.,Ke mana Rani memasukkan telur?
generate siapa: Rani mendapat dua puluh butir telur.,Siapa yang mendapat dua puluh butir telur?
generate apa: Rani mendapat dua puluh butir telur.,Apa yang Rani dapat?
generate siapa: Nenek memberikan Rani hadiah uang saku.,Siapa yang memberikan Rani hadiah uang saku?
generate siapa: Nenek memberikan Rani hadiah uang saku.,Siapa yang Nenek berikan?
generate siapa: Rani mengucapkan terima kasih kepada nenek.,Siapa yang mengucapkan terima kasih kepada nenek?
generate apa: Rani mengucapkan terima kasih kepada nenek.,Apa yang Rani ucapkan kepada nenek?
generate siapa: Sore hari Rani bermain di sawah dekat rumah.,Siapa yang bermain sore hari di sawah dekat rumah?
generate dimana: Sore hari Rani bermain di sawah dekat rumah.,Di mana Rani bermain ?
generate siapa: Rani menikmati udara desa yang bersih.,Siapa yang menikmati udara desa yang bersih?
generate apa: Rani menikmati udara desa yang bersih.,Apa yang Rani nikmati?
generate siapa: Malam hari mereka berkumpul di ruang tamu.,Siapa yang berkumpul malam hari di ruang tamu?
generate siapa: Mereka mengobrol dengan sangat hangat.,Siapa yang mengobrol?
generate siapa: Sekolah Santi mengadakan kegiatan ekstrakurikuler tari.,Siapa yang mengadakan kegiatan ekstrakurikuler tari?
generate apa: Sekolah Santi mengadakan kegiatan ekstrakurikuler tari.,Apa yang Sekolah Santi adakan?
generate siapa: Santi memilih ekstrakurikuler tari piring.,Siapa yang memilih ekstrakurikuler tari piring?
generate apa: Santi memilih ekstrakurikuler tari piring.,Apa yang Santi pilih?
generate apa: Tari piring berasal dari Sumatera Barat.,Apa yang berasal dari sumatera barat?
generate darimana: Tari piring berasal dari Sumatera Barat.,Dari mana Tari piring berasal ?
generate apa: Pelatih tari membawa banyak piring kecil.,Apa yang Pelatih tari bawa banyak?
generate siapa: Santi memegang dua piring di kedua tangan.,Siapa yang memegang dua piring di kedua tangan?
generate apa: Santi memegang dua piring di kedua tangan.,Apa yang Santi pegang di kedua tangan?
generate dimana: Santi memegang dua piring di kedua tangan.,Di mana Santi memegang dua piring?
generate siapa: Pelatih memutar musik tradisional Minang.,Siapa yang memutar musik tradisional Minang?
generate siapa: Santi mulai menggerakkan kaki mengikuti irama.,Siapa yang mulai menggerakkan irama?
generate apa: Santi mulai menggerakkan kaki mengikuti irama.,Apa yang Santi mulaikan?
generate apa: Tangan Santi berayun ke atas dan bawah.,Apa yang berayun ke atas dan bawah?
generate kemana: Tangan Santi berayun ke atas dan bawah.,Ke mana Tangan Santi berayun ?
generate siapa: Piring tidak boleh jatuh ke lantai.,Siapa yang boleh jatuh tidak ke lantai?
generate kemana: Piring tidak boleh jatuh ke lantai.,Ke mana Piring boleh jatuh ?
generate siapa: Santi memutar pergelangan tangan perlahan.,Siapa yang memutar pergelangan tangan perlahan?
generate apa: Santi memutar pergelangan tangan perlahan.,Apa yang Santi putar perlahan?
generate apa: Bunyi piring berdenting menyentuh cincin.,Apa yang berdenting menyentuh cincin?
generate apa: Bunyi piring berdenting menyentuh cincin.,Apa yang Bunyi piring denting?
generate siapa: Santi berlatih gerakan langkah maju mundur.,Siapa yang berlatih gerakan langkah?
generate apa: Santi berlatih gerakan langkah maju mundur.,Apa yang Santi latih?
generate siapa: Pelatih mencontohkan putaran tubuh yang cepat.,Siapa yang mencontohkan putaran tubuh yang cepat?
generate apa: Pelatih mencontohkan putaran tubuh yang cepat.,Apa yang Pelatih contohkan?
generate siapa: Santi mencoba memutar tubuhnya.,Siapa yang memutar tubuh nya mencoba?
generate apa: Santi mencoba memutar tubuhnya.,Apa yang Santi putar mencoba?
generate apa: Piring di tangan Santi hampir terjatuh.,Apa yang terjatuh hampir di tangan Santi?
generate dimana: Piring di tangan Santi hampir terjatuh.,Di mana di tangan Santi terjatuh ?
generate siapa: Santi menggenggam piring lebih kuat.,Siapa yang menggenggam piring kuat?
generate apa: Santi menggenggam piring lebih kuat.,Apa yang Santi genggam?
generate apa: Teman-teman Santi juga giat berlatih.,Apa yang giat berlatih juga?
generate siapa: Mereka bergerak serempak mengikuti musik.,Siapa yang bergerak mengikuti musik serempak?
generate apa: Mereka bergerak serempak mengikuti musik.,Apa yang Mereka geraki serempak?
generate apa: Peluh membasahi wajah Santi.,Apa yang membasahi wajah Santi?
generate apa: Latihan tari piring selesai sore hari.,Apa yang selesai sore hari?
generate apa: Latihan tari piring selesai sore hari.,Apa yang Latihan tari piring selesai?
generate siapa: Santi meletakkan piring di kotak penyimpanan.,Siapa yang meletakkan piring di kotak penyimpanan?
generate apa: Santi meletakkan piring di kotak penyimpanan.,Apa yang Santi letakkan di kotak penyimpanan?
generate dimana: Santi meletakkan piring di kotak penyimpanan.,Di mana Santi meletakkan piring?
generate siapa: Santi merasa gerakan tarinya semakin bagus.,Siapa yang merasa gerakan tari nya bagus?
generate apa: Santi merasa gerakan tarinya semakin bagus.,Apa yang Santi rasa?
generate siapa: Santi berjalan pulang ke rumah bersama teman-teman.,Siapa yang berjalan pulang ke rumah bersama teman-teman?
generate kemana: Santi berjalan pulang ke rumah bersama teman-teman.,Ke mana Santi berjalan pulang ?
generate siapa: Kakak membelikan Vina sebuah mainan baru.,Siapa yang membelikan Vina sebuah mainan baru?
generate siapa: Kakak membelikan Vina sebuah mainan baru.,Siapa yang Kakak belikan?
generate apa: Mainan itu adalah sebuah puzzle gambar pemandangan.,Apa yang puzzle?
generate siapa: Kotak puzzle berisi lima ratus kepingan kecil.,Siapa yang berisi lima ratus kepingan kecil?
generate apa: Kotak puzzle berisi lima ratus kepingan kecil.,Apa yang Kotak puzzle isi?
generate siapa: Vina menuangkan kepingan puzzle di atas karpet.,Siapa yang menuangkan kepingan puzzle di atas karpet?
generate apa: Vina menuangkan kepingan puzzle di atas karpet.,Apa yang Vina tuangkan di atas karpet?
generate dimana: Vina menuangkan kepingan puzzle di atas karpet.,Di mana Vina menuangkan kepingan puzzle?
generate apa: Kepingan puzzle berserakan di mana-mana.,Apa yang berserakan di mana-mana?
generate dimana: Kepingan puzzle berserakan di mana-mana.,Di mana Kepingan puzzle berserakan ?
generate siapa: Vina mencari kepingan bagian sudut terlebih dahulu.,Siapa yang mencari kepingan bagian sudut terlebih dahulu?
generate apa: Vina mencari kepingan bagian sudut terlebih dahulu.,Apa yang Vina cari terlebih dahulu?
generate siapa: Vina menemukan empat sudut gambar.,Siapa yang menemukan empat sudut gambar?
generate apa: Vina menemukan empat sudut gambar.,Apa yang Vina temukan?
generate siapa: Vina mencari kepingan yang memiliki tepi lurus.,Siapa yang mencari kepingan yang memiliki tepi lurus?
generate apa: Vina mencari kepingan yang memiliki tepi lurus.,Apa yang Vina cari?
generate siapa: Vina merangkai bingkai luar gambar pemandangan.,Siapa yang merangkai bingkai gambar pemandangan?
generate apa: Vina merangkai bingkai luar gambar pemandangan.,Apa yang Vina rangkai?
generate siapa: Vina mulai menyusun gambar bagian langit.,Siapa yang mulai menyusun gambar bagian langit?
generate apa: Vina mulai menyusun gambar bagian langit.,Apa yang Vina mulai?
generate siapa: Vina mencari kepingan berwarna biru cerah.,Siapa yang mencari kepingan?
generate apa: Vina mencari kepingan berwarna biru cerah.,Apa yang Vina cari?
generate siapa: Kakak datang membantu Vina menyusun kepingan.,Siapa yang datang membantu kepingan?
generate apa: Kakak datang membantu Vina menyusun kepingan.,Apa yang Kakak datang?
generate siapa: Kakak menemukan bagian gambar matahari.,Siapa yang menemukan bagian gambar matahari?
generate apa: Kakak menemukan bagian gambar matahari.,Apa yang Kakak temukan?
generate siapa: Mereka mencari bagian gambar pegunungan hijau.,Siapa yang mencari bagian gambar pegunungan hijau?
generate apa: Mereka mencari bagian gambar pegunungan hijau.,Apa yang Mereka cari?
generate siapa: Vina mencocokkan potongan-potongan kecil.,Siapa yang mencocokkan potongan-potongan kecil?
generate apa: Vina mencocokkan potongan-potongan kecil.,Apa yang Vina cocokkan?
generate apa: Gambar pemandangan mulai terlihat jelas.,Apa yang terlihat mulai jelas?
generate apa: Menyusun puzzle membutuhkan kesabaran tinggi.,Apa yang membutuhkan kesabaran tinggi?
generate apa: Menyusun puzzle membutuhkan kesabaran tinggi.,Apa yang Menyusun puzzle butuhkan?
generate siapa: Ibu membawakan minuman jus mangga segar.,Siapa yang membawakan minuman jus mangga segar?
generate apa: Ibu membawakan minuman jus mangga segar.,Apa yang Ibu bawakan?
generate apa: Vina dan kakak meminum jus tersebut.,Apa yang meminum jus tersebut?
generate apa: Vina dan kakak meminum jus tersebut.,Apa yang Vina dan kakak pinum?
generate siapa: Mereka melanjutkan menyusun puzzle kembali.,Siapa yang melanjutkan menyusun puzzle?
generate apa: Mereka melanjutkan menyusun puzzle kembali.,Apa yang Mereka lanjut?
generate siapa: Vina merasa sangat bangga.,Siapa yang merasa sangat bangga?
generate siapa: Ibu membingkai hasil puzzle Vina di dinding.,Siapa yang membingkai hasil puzzle Vina di dinding?
generate siapa: Ibu membingkai hasil puzzle Vina di dinding.,Siapa yang Ibu bingkai di dinding?
generate dimana: Ibu membingkai hasil puzzle Vina di dinding.,Di mana Ibu membingkai hasil puzzle Vina?
generate apa: Musim tanam padi telah selesai.,Apa yang telah selesai?
generate apa: Air sawah masih menggenang dangkal.,Apa yang menggenang masih dangkal?
generate siapa: Ujang pergi ke sawah membawa ember hitam.,Siapa yang pergi membawa ember hitam ke sawah?
generate apa: Ujang pergi ke sawah membawa ember hitam.,Apa yang Ujang pergi ke sawah?
generate kemana: Ujang pergi ke sawah membawa ember hitam.,Ke mana Ujang pergi membawa ember hitam?
generate siapa: Ujang ingin mencari siput sawah.,Siapa yang ingin mencari siput sawah?
generate apa: Ujang ingin mencari siput sawah.,Apa yang Ujang cari?
generate siapa: Siput bersembunyi di pangkal batang padi.,Siapa yang bersembunyi di pangkal batang padi?
generate dimana: Siput bersembunyi di pangkal batang padi.,Di mana Siput bersembunyi ?
generate siapa: Ujang menggulung celana panjang ke atas lutut.,Siapa yang menggulung celana panjang ke atas lutut?
generate apa: Ujang menggulung celana panjang ke atas lutut.,Apa yang Ujang gulung ke atas lutut?
generate kemana: Ujang menggulung celana panjang ke atas lutut.,Ke mana Ujang menggulung celana panjang?
generate siapa: Ujang turun ke lumpur sawah perlahan.,Siapa yang turun ke lumpur sawah perlahan?
generate kemana: Ujang turun ke lumpur sawah perlahan.,Ke mana Ujang turun ?
generate siapa: Ujang berjalan menyusuri pematang sawah.,Siapa yang berjalan menyusuri pematang sawah?
generate apa: Ujang berjalan menyusuri pematang sawah.,Apa yang Ujang jalani?
generate siapa: Ujang melihat cangkang hitam di dalam air.,Siapa yang melihat cangkang hitam di dalam air?
generate apa: Ujang melihat cangkang hitam di dalam air.,Apa yang Ujang lihat di dalam air?
generate dimana: Ujang melihat cangkang hitam di dalam air.,Di mana Ujang melihat cangkang hitam?
generate siapa: Ujang memungut siput sawah tersebut.,Siapa yang memungut siput sawah tersebut?
generate apa: Ujang memungut siput sawah tersebut.,Apa yang Ujang pungut?
generate siapa: Ujang memasukkan siput ke dalam ember.,Siapa yang memasukkan siput ke dalam ember?
generate apa: Ujang memasukkan siput ke dalam ember.,Apa yang Ujang masukkan ke dalam ember?
generate kemana: Ujang memasukkan siput ke dalam ember.,Ke mana Ujang memasukkan siput?
generate siapa: Ujang melangkah pelan agar padi tidak rusak.,Siapa yang melangkah pelan agar padi tidak rusak?
generate apa: Ujang melangkah pelan agar padi tidak rusak.,Apa yang Ujang langkah agar padi tidak rusak?
generate apa: Banyak siput menempel di daun padi.,Apa yang menempel di daun padi?
generate siapa: Ember Ujang semakin berat berisi siput.,Siapa yang berisi siput semakin berat?
generate apa: Ember Ujang semakin berat berisi siput.,Apa yang Ember Ujang isi semakin berat?
generate apa: Terik matahari siang menyengat punggung Ujang.,Apa yang menyengat punggung Ujang?
generate siapa: Terik matahari siang menyengat punggung Ujang.,Siapa yang Terik matahari siang sengat?
generate siapa: Ujang memakai topi caping bambu.,Siapa yang memakai topi caping bambu?
generate siapa: Ujang menemukan seekor belut kecil.,Siapa yang menemukan seekor belut kecil?
generate apa: Ujang menemukan seekor belut kecil.,Apa yang Ujang temukan?
generate apa: Belut kecil meluncur cepat masuk ke lumpur.,Apa yang meluncur masuk cepat ke lumpur?
generate kemana: Belut kecil meluncur cepat masuk ke lumpur.,Ke mana Belut kecil meluncur masuk ?
generate siapa: Ujang kembali fokus mencari siput.,Siapa yang fokus kembali?
generate siapa: Ujang naik dari lumpur sawah.,Siapa yang naik dari lumpur sawah?
generate darimana: Ujang naik dari lumpur sawah.,Dari mana Ujang naik ?
generate siapa: Ujang mencuci kaki di saluran irigasi.,Siapa yang mencuci kaki di saluran irigasi?
generate apa: Ujang mencuci kaki di saluran irigasi.,Apa yang Ujang cuci di saluran irigasi?
generate dimana: Ujang mencuci kaki di saluran irigasi.,Di mana Ujang mencuci kaki?
generate siapa: Ujang membawa ember berisi siput pulang.,Siapa yang membawa berisi siput pulang?
generate siapa: Ibu akan memasak siput itu menjadi lauk lezat.,Siapa yang akan memasak menjadi lauk lezat?
generate apa: Bel istirahat berbunyi tanda istirahat pertama.,Apa yang berbunyi tanda istirahat pertama?
generate apa: Bel istirahat berbunyi tanda istirahat pertama.,Apa yang Bel istirahat bunyi?
generate apa: Anak-anak berlarian keluar kelas.,Apa yang berlarian keluar kelas?
generate apa: Anak-anak berlarian keluar kelas.,Apa yang Anak-anak lari?
generate siapa: Edo dan Dika berlari menuju lapangan bola.,Siapa yang berlari menuju lapangan bola?
generate apa: Mereka berdua berlomba lari cepat.,Apa yang berlomba?
generate siapa: Dika jatuh tengkurap di tanah lapangan.,Siapa yang jatuh tengkurap di tanah lapangan?
generate apa: Dika jatuh tengkurap di tanah lapangan.,Apa yang Dika jatuh di tanah lapangan?
generate dimana: Dika jatuh tengkurap di tanah lapangan.,Di mana Dika jatuh tengkurap?
generate siapa: Lutut Dika bergesekan dengan kerikil tajam.,Siapa yang bergesekan dengan kerikil tajam?
generate siapa: Dika meringis menahan rasa sakit.,Siapa yang meringis menahan rasa sakit?
generate siapa: Edo berhenti berlari melihat temannya jatuh.,Siapa yang berhenti berlari?
generate siapa: Edo berbalik menghampiri Dika dengan segera.,Siapa yang berbalik menghampiri Dika dengan menghampiri?
generate siapa: Edo berbalik menghampiri Dika dengan segera.,Siapa yang Edo baliki dengan menghampiri?
generate siapa: Edo mengulurkan tangan kanan kepada Dika.,Siapa yang mengulurkan tangan kanan kepada dika?
generate apa: Edo mengulurkan tangan kanan kepada Dika.,Apa yang Edo ulurkan kepada dika?
generate siapa: Edo membantu Dika berdiri perlahan-lanya.,Siapa yang membantu berdiri perlahan-lanya?
generate apa: Edo membantu Dika berdiri perlahan-lanya.,Apa yang Edo bantui?
generate apa: Darah segar mengalir dari luka lutut Dika.,Apa yang mengalir dari luka lutut dika?
generate darimana: Darah segar mengalir dari luka lutut Dika.,Dari mana Darah segar mengalir ?
generate siapa: Dika menangis terisak-isak pelan.,Siapa yang menangis terisak-isak?
generate siapa: Edo merangkul pundak Dika erat.,Siapa yang merangkul pundak Dika erat?
generate siapa: Edo merangkul pundak Dika erat.,Siapa yang Edo rangkul?
generate siapa: Edo membawa Dika menuju ruang kesehatan.,Siapa yang membawa Dika menuju ruang kesehatan?
generate siapa: Edo membawa Dika menuju ruang kesehatan.,Siapa yang Edo bawa menuju ruang kesehatan?
generate apa: Guru piket menyambut mereka di ruang kesehatan.,Apa yang menyambut mereka di ruang kesehatan?
generate apa: Guru piket menyambut mereka di ruang kesehatan.,Apa yang Guru piket sambut di ruang kesehatan?
generate dimana: Guru piket menyambut mereka di ruang kesehatan.,Di mana Guru piket menyambut mereka?
generate siapa: Guru membersihkan luka Dika dengan obat merah.,Siapa yang membersihkan luka Dika dengan obat merah?
generate siapa: Guru membersihkan luka Dika dengan obat merah.,Siapa yang Guru bersihkan dengan obat merah?
generate siapa: Guru menempelkan plester pada luka lutut.,Siapa yang menempelkan plester pada luka lutut?
generate apa: Guru menempelkan plester pada luka lutut.,Apa yang Guru tempelkan pada luka lutut?
generate siapa: Dika berhenti menangis setelah diobati.,Siapa yang berhenti menangis?
generate siapa: Guru memuji tindakan Edo yang cepat.,Siapa yang memuji tindakan Edo yang cepat?
generate siapa: Edo merasa senang bisa membantu teman.,Siapa yang merasa membantu teman senang?
generate apa: Edo merasa senang bisa membantu teman.,Apa yang Edo rasa senang?
generate siapa: Mereka duduk beristirahat di kursi panjang.,Siapa yang duduk beristirahat di kursi panjang?
generate dimana: Mereka duduk beristirahat di kursi panjang.,Di mana Mereka duduk beristirahat ?
generate siapa: Bel masuk kelas kembali berbunyi.,Siapa yang masuk berbunyi kelas?
generate apa: Bel masuk kelas kembali berbunyi.,Apa yang Bel masuki?
generate apa: Ibu bangun pagi menyiapkan sarapan.,Apa yang bangun menyiapkan sarapan?
generate apa: Ibu bangun pagi menyiapkan sarapan.,Apa yang Ibu bangunkan?
generate siapa: Ibu juga membuatkan bekal untuk Sinta.,Siapa yang membuatkan bekal juga untuk Sinta?
generate apa: Ibu juga membuatkan bekal untuk Sinta.,Apa yang Ibu buatkan juga untuk Sinta?
generate siapa: Bekal Sinta diletakkan di kotak kuning.,Siapa yang diletakkan di kotak kuning?
generate dimana: Bekal Sinta diletakkan di kotak kuning.,Di mana Sinta diletakkan ?
generate apa: Ibu memasukkan nasi goreng ayam ke dalam kotak.,Apa yang memasukkan nasi goreng ayam ke dalam kotak?
generate apa: Ibu memasukkan nasi goreng ayam ke dalam kotak.,Apa yang Ibu masukkan ke dalam kotak?
generate kemana: Ibu memasukkan nasi goreng ayam ke dalam kotak.,Ke mana Ibu memasukkan nasi goreng ayam?
generate siapa: Ibu menambahkan telur dadar dan sayur buncis.,Siapa yang menambahkan telur dadar?
generate apa: Ibu menutup kotak bekal tersebut rapat.,Apa yang menutup kotak bekal tersebut rapat?
generate apa: Ibu menutup kotak bekal tersebut rapat.,Apa yang Ibu tutup?
generate siapa: Sinta memasukkan kotak bekal ke tas ransel.,Siapa yang memasukkan kotak bekal ke tas ransel?
generate apa: Sinta memasukkan kotak bekal ke tas ransel.,Apa yang Sinta masukkan ke tas ransel?
generate kemana: Sinta memasukkan kotak bekal ke tas ransel.,Ke mana Sinta memasukkan kotak bekal?
generate siapa: Sinta berangkat ke sekolah berjalan kaki.,Siapa yang berangkat ke sekolah berjalan kaki?
generate kemana: Sinta berangkat ke sekolah berjalan kaki.,Ke mana Sinta berangkat ?
generate siapa: Sinta belajar di kelas dengan sungguh-sungguh.,Siapa yang belajar di kelas dengan sungguh-sungguh?
generate dimana: Sinta belajar di kelas dengan sungguh-sungguh.,Di mana Sinta belajar ?
generate apa: Waktu istirahat siang telah tiba.,Apa yang telah tiba?
generate siapa: Sinta mencuci tangan di wastafel sekolah.,Siapa yang mencuci tangan di wastafel sekolah?
generate apa: Sinta mencuci tangan di wastafel sekolah.,Apa yang Sinta cuci di wastafel sekolah?
generate dimana: Sinta mencuci tangan di wastafel sekolah.,Di mana Sinta mencuci tangan?
generate siapa: Sinta mengambil kotak kuning dari tas ransel.,Siapa yang mengambil kotak kuning dari tas ransel?
generate apa: Sinta mengambil kotak kuning dari tas ransel.,Apa yang Sinta ambil dari tas ransel?
generate darimana: Sinta mengambil kotak kuning dari tas ransel.,Dari mana Sinta mengambil kotak kuning?
generate siapa: Sinta duduk di bangku taman sekolah.,Siapa yang duduk di bangku taman sekolah?
generate dimana: Sinta duduk di bangku taman sekolah.,Di mana Sinta duduk ?
generate apa: Sari teman sebangku Sinta ikut duduk.,Apa yang ikut duduk?
generate siapa: Sinta membuka tutup kotak bekalnya.,Siapa yang membuka tutup kotak bekal nya?
generate apa: Sinta membuka tutup kotak bekalnya.,Apa yang Sinta buka?
generate siapa: Sari membawa bekal roti lapis keju.,Siapa yang membawa bekal roti?
generate apa: Sari membawa bekal roti lapis keju.,Apa yang Sari bawa?
generate siapa: Sinta menawarkan nasi goreng kepada Sari.,Siapa yang menawarkan nasi kepada sari?
generate siapa: Sari memberikan separuh roti lapis kepada Sinta.,Siapa yang memberikan separuh roti lapis kepada sinta?
generate apa: Sari memberikan separuh roti lapis kepada Sinta.,Apa yang Sari berikan kepada sinta?
generate siapa: Mereka saling bertukar makanan ringan.,Siapa yang bertukar makanan ringan saling?
generate apa: Mereka saling bertukar makanan ringan.,Apa yang Mereka tukar saling?
generate siapa: Sinta memakan roti lapis keju lezat.,Siapa yang memakan roti?
generate apa: Sinta memakan roti lapis keju lezat.,Apa yang Sinta makan?
generate siapa: Sari memuji nasi goreng buatan ibu Sinta.,Siapa yang memuji nasi buatan ibu Sinta?
generate siapa: Mereka makan siang dengan sangat rukun.,Siapa yang makan siang?
generate apa: Mereka makan siang dengan sangat rukun.,Apa yang Mereka makan?
generate apa: Kotak bekal Sinta sudah kosong bersih.,Apa yang sudah kosong bersih?
generate siapa: Sinta menutup kembali kotak bekalnya.,Siapa yang menutup kembali kotak bekal nya?
generate apa: Sinta menutup kembali kotak bekalnya.,Apa yang Sinta tutupi?
generate apa: Mobil-mobilan berserakan di atas lantai.,Apa yang berserakan di atas lantai?
generate dimana: Mobil-mobilan berserakan di atas lantai.,Di mana Mobil-mobilan berserakan ?
generate apa: Balok susun berserakan di dekat kasur.,Apa yang berserakan di dekat kasur?
generate dimana: Balok susun berserakan di dekat kasur.,Di mana Balok susun berserakan ?
generate siapa: Ibu meminta Dito merapikan mainan tersebut.,Siapa yang meminta merapikan mainan tersebut?
generate siapa: Dito mengambil keranjang plastik besar.,Siapa yang mengambil keranjang plastik besar?
generate apa: Dito mengambil keranjang plastik besar.,Apa yang Dito ambil?
generate siapa: Dito memungut mobil-mobilan satu per satu.,Siapa yang memungut mobil-mobilan satu satu?
generate siapa: Dito memasukkan mobil-mobilan ke keranjang.,Siapa yang memasukkan mobil-mobilan ke keranjang?
generate apa: Dito memasukkan mobil-mobilan ke keranjang.,Apa yang Dito masukkan ke keranjang?
generate kemana: Dito memasukkan mobil-mobilan ke keranjang.,Ke mana Dito memasukkan mobil-mobilan?
generate siapa: Dito merangkak mengambil balok susun.,Siapa yang merangkak mengambil balok susun?
generate apa: Dito merangkak mengambil balok susun.,Apa yang Dito rangkak?
generate siapa: Dito memisahkan balok susun berwarna merah.,Siapa yang memisahkan balok susun?
generate apa: Dito memisahkan balok susun berwarna merah.,Apa yang Dito pisahkan?
generate siapa: Dito menaruh balok susun ke kotak kayu.,Siapa yang menaruh balok susun ke kotak kayu?
generate apa: Dito menaruh balok susun ke kotak kayu.,Apa yang Dito taruh ke kotak kayu?
generate kemana: Dito menaruh balok susun ke kotak kayu.,Ke mana Dito menaruh balok susun?
generate siapa: Dito menemukan robot mainan di bawah kolong tempat tidur.,Siapa yang menemukan robot mainan di bawah kolong tempat tidur?
generate apa: Dito menemukan robot mainan di bawah kolong tempat tidur.,Apa yang Dito temukan di bawah kolong tempat tidur?
generate dimana: Dito menemukan robot mainan di bawah kolong tempat tidur.,Di mana Dito menemukan robot mainan?
generate siapa: Dito menarik robot itu dengan sapu.,Siapa yang menarik robot itu dengan sapu?
generate siapa: Dito merapikan buku cerita di rak.,Siapa yang merapikan buku cerita di rak?
generate apa: Dito merapikan buku cerita di rak.,Apa yang Dito rapikan di rak?
generate dimana: Dito merapikan buku cerita di rak.,Di mana Dito merapikan buku cerita?
generate siapa: Dito menyapu debu di lantai kamar.,Siapa yang menyapu debu di lantai kamar?
generate apa: Dito menyapu debu di lantai kamar.,Apa yang Dito sapu di lantai kamar?
generate dimana: Dito menyapu debu di lantai kamar.,Di mana Dito menyapu debu?
generate siapa: Dito membuang debu ke tempat sampah luar.,Siapa yang membuang debu ke tempat sampah luar?
generate apa: Dito membuang debu ke tempat sampah luar.,Apa yang Dito buang ke tempat sampah luar?
generate kemana: Dito membuang debu ke tempat sampah luar.,Ke mana Dito membuang debu?
generate siapa: Dito mengembalikan keranjang mainan ke sudut kamar.,Siapa yang mengembalikan keranjang mainan ke sudut kamar?
generate apa: Dito mengembalikan keranjang mainan ke sudut kamar.,Apa yang Dito kembalikan ke sudut kamar?
generate kemana: Dito mengembalikan keranjang mainan ke sudut kamar.,Ke mana Dito mengembalikan keranjang mainan?
generate siapa: Ibu masuk melihat kamar Dito.,Siapa yang masuk melihat kamar Dito?
generate siapa: Ibu masuk melihat kamar Dito.,Siapa yang Ibu masuk?
generate siapa: Ibu tersenyum melihat kamar yang bersih.,Siapa yang tersenyum melihat kamar yang bersih?
generate apa: Ibu tersenyum melihat kamar yang bersih.,Apa yang Ibu senyum?
generate siapa: Ibu memberi Dito hadiah permen cokelat.,Siapa yang memberi Dito hadiah permen cokelat?
generate siapa: Ibu memberi Dito hadiah permen cokelat.,Siapa yang Ibu beri?
generate siapa: Dito merasa senang kamarnya menjadi rapi.,Siapa yang merasa kamar nya senang?
generate apa: Dito merasa senang kamarnya menjadi rapi.,Apa yang Dito rasa senang?
generate siapa: Dito berjanji akan selalu merapikan mainan.,Siapa yang berjanji selalu?
generate siapa: Tika memiliki sebuah boneka beruang.,Siapa yang memiliki sebuah boneka beruang?
generate apa: Boneka beruang itu bernama Ciko.,Apa yang bernama Ciko?
generate siapa: Boneka beruang itu bernama Ciko.,Siapa yang Boneka beruang itu nama?
generate siapa: Ciko memiliki bulu berwarna cokelat muda.,Siapa yang memiliki bulu?
generate apa: Ciko memiliki bulu berwarna cokelat muda.,Apa yang Ciko miliki?
generate siapa: Tika memeluk Ciko saat tidur malam.,Siapa yang memeluk Ciko?
generate siapa: Tika memeluk Ciko saat tidur malam.,Siapa yang Tika peluk?
generate siapa: Siang ini Tika bermain dokter-dokteran.,Siapa yang bermain dokter-dokteran?
generate apa: Siang ini Tika bermain dokter-dokteran.,Apa yang Tika main?
generate siapa: Tika menjadikan Ciko sebagai pasien rumah sakit.,Siapa yang menjadikan Ciko sebagai pasien rumah sakit?
generate siapa: Tika menjadikan Ciko sebagai pasien rumah sakit.,Siapa yang Tika jadikan sebagai pasien rumah sakit?
generate siapa: Tika memakai jas dokter mainan putih.,Siapa yang memakai jas dokter mainan putih?
generate apa: Tika memakai jas dokter mainan putih.,Apa yang Tika pakai?
generate siapa: Tika membaringkan Ciko di atas tempat tidur.,Siapa yang membaringkan Ciko di atas tempat tidur?
generate siapa: Tika membaringkan Ciko di atas tempat tidur.,Siapa yang Tika baringkan di atas tempat tidur?
generate siapa: Tika mengambil stetoskop mainan dari plastik.,Siapa yang mengambil stetoskop mainan dari plastik?
generate apa: Tika mengambil stetoskop mainan dari plastik.,Apa yang Tika ambil dari plastik?
generate darimana: Tika mengambil stetoskop mainan dari plastik.,Dari mana Tika mengambil stetoskop mainan?
generate siapa: Tika memeriksa detak jantung boneka beruang.,Siapa yang memeriksa detak jantung boneka beruang?
generate apa: Tika memeriksa detak jantung boneka beruang.,Apa yang Tika periksa?
generate siapa: Tika menggelengkan kepala pura-pura cemas.,Siapa yang menggelengkan kepala pura-pura cemas?
generate apa: Tika menggelengkan kepala pura-pura cemas.,Apa yang Tika gelengkan?
generate siapa: Tika mengambil termometer mainan hijau.,Siapa yang mengambil termometer mainan hijau?
generate apa: Tika mengambil termometer mainan hijau.,Apa yang Tika ambil?
generate siapa: Tika memeriksa suhu tubuh Ciko.,Siapa yang memeriksa suhu tubuh Ciko?
generate siapa: Tika memeriksa suhu tubuh Ciko.,Siapa yang Tika periksa?
generate siapa: Tika mengambil botol obat sirup mainan.,Siapa yang mengambil botol obat sirup mainan?
generate apa: Tika mengambil botol obat sirup mainan.,Apa yang Tika ambil?
generate siapa: Tika menyuapkan obat menggunakan sendok plastik.,Siapa yang menyuapkan menggunakan sendok plastik?
generate siapa: Tika mengusap dahi Ciko dengan sayang.,Siapa yang mengusap dahi Ciko sayang?
generate siapa: Tika mengusap dahi Ciko dengan sayang.,Siapa yang Tika usap sayang?
generate siapa: Tika menyelimuti Ciko agar tetap hangat.,Siapa yang menyelimuti Ciko agar tetap hangat?
generate siapa: Tika menyelimuti Ciko agar tetap hangat.,Siapa yang Tika selimuti agar tetap hangat?
generate siapa: Tika meminta Ciko beristirahat tenang.,Siapa yang meminta beristirahat?
generate apa: Permainan dokter-dokteran selesai dengan menyenangkan.,Apa yang selesai menyenangkan dengan menyenangkan?
generate siapa: Tika mendudukkan Ciko di kursi rias.,Siapa yang mendudukkan Ciko di kursi rias?
generate siapa: Tika mendudukkan Ciko di kursi rias.,Siapa yang Tika dudukkan di kursi rias?
generate dimana: Tika mendudukkan Ciko di kursi rias.,Di mana Tika mendudukkan Ciko?
generate siapa: Tika menyisir bulu boneka beruang tersebut.,Siapa yang menyisir bulu boneka beruang tersebut?
generate siapa: Tika membawa Ciko ke ruang tamu.,Siapa yang membawa Ciko ke ruang tamu?
generate siapa: Tika membawa Ciko ke ruang tamu.,Siapa yang Tika bawa ke ruang tamu?
generate kemana: Tika membawa Ciko ke ruang tamu.,Ke mana Tika membawa Ciko?
generate siapa: Tika menonton televisi sambil memangku Ciko.,Siapa yang menonton memangku Ciko?
generate siapa: Tika menonton televisi sambil memangku Ciko.,Siapa yang Tika tonton?
generate siapa: Nenek membawakan sekeranjang buah apel.,Siapa yang membawakan sekeranjang buah apel?
generate apa: Nenek membawakan sekeranjang buah apel.,Apa yang Nenek bawakan?
generate siapa: Rini ingin membuat jus apel dingin.,Siapa yang ingin membuat jus apel dingin?
generate apa: Rini ingin membuat jus apel dingin.,Apa yang Rini buat?
generate siapa: Rini membawa tiga buah apel ke wastafel.,Siapa yang membawa tiga buah apel ke wastafel?
generate apa: Rini membawa tiga buah apel ke wastafel.,Apa yang Rini bawa ke wastafel?
generate kemana: Rini membawa tiga buah apel ke wastafel.,Ke mana Rini membawa tiga buah apel?
generate siapa: Rini mencuci buah apel di bawah air mengalir.,Siapa yang mencuci buah apel di bawah air mengalir?
generate apa: Rini mencuci buah apel di bawah air mengalir.,Apa yang Rini cuci di bawah air mengalir?
generate dimana: Rini mencuci buah apel di bawah air mengalir.,Di mana Rini mencuci buah apel?
generate siapa: Rini mengelap apel menggunakan kain bersih.,Siapa yang mengelap menggunakan kain bersih?
generate siapa: Rini mengambil pisau di laci dapur.,Siapa yang mengambil pisau di laci dapur?
generate apa: Rini mengambil pisau di laci dapur.,Apa yang Rini ambil di laci dapur?
generate dimana: Rini mengambil pisau di laci dapur.,Di mana Rini mengambil pisau?
generate siapa: Rini memotong apel menjadi dua bagian.,Siapa yang memotong menjadi dua bagian?
generate apa: Rini memotong apel menjadi dua bagian.,Apa yang Rini potongi?
generate siapa: Rini membuang biji apel ke tempat sampah.,Siapa yang membuang biji apel ke tempat sampah?
generate apa: Rini membuang biji apel ke tempat sampah.,Apa yang Rini buang ke tempat sampah?
generate kemana: Rini membuang biji apel ke tempat sampah.,Ke mana Rini membuang biji apel?
generate siapa: Rini memotong apel menjadi dadu kecil.,Siapa yang memotong menjadi dadu kecil?
generate apa: Rini memotong apel menjadi dadu kecil.,Apa yang Rini potongi?
generate siapa: Rini menyiapkan mesin blender di atas meja.,Siapa yang menyiapkan mesin blender di atas meja?
generate apa: Rini menyiapkan mesin blender di atas meja.,Apa yang Rini siapkan di atas meja?
generate dimana: Rini menyiapkan mesin blender di atas meja.,Di mana Rini menyiapkan mesin blender?
generate siapa: Rini memasukkan potongan apel ke dalam blender.,Siapa yang memasukkan potongan apel ke dalam blender?
generate apa: Rini memasukkan potongan apel ke dalam blender.,Apa yang Rini masukkan ke dalam blender?
generate kemana: Rini memasukkan potongan apel ke dalam blender.,Ke mana Rini memasukkan potongan apel?
generate siapa: Rini menambahkan dua sendok gula pasir.,Siapa yang menambahkan dua sendok gula pasir?
generate apa: Rini menambahkan dua sendok gula pasir.,Apa yang Rini tambahkan?
generate siapa: Rini menuangkan air putih matang setengah gelas.,Siapa yang menuangkan air putih matang setengah gelas?
generate siapa: Rini menambahkan es batu kotak.,Siapa yang menambahkan es batu kotak?
generate apa: Rini menambahkan es batu kotak.,Apa yang Rini tambahkan?
generate siapa: Rini menutup rapat bagian atas blender.,Siapa yang menutup rapat bagian blender?
generate apa: Rini menutup rapat bagian atas blender.,Apa yang Rini tutup?
generate siapa: Rini menekan tombol mesin blender dengan telunjuk.,Siapa yang menekan tombol mesin blender dengan telunjuk?
generate apa: Rini menekan tombol mesin blender dengan telunjuk.,Apa yang Rini tekan dengan telunjuk?
generate apa: Mesin blender berputar sangat kencang.,Apa yang berputar sangat kencang?
generate apa: Potongan apel hancur menjadi cairan kental.,Apa yang hancur menjadi cairan kental?
generate apa: Potongan apel hancur menjadi cairan kental.,Apa yang Potongan apel hancuri?
generate siapa: Rini mematikan mesin blender tersebut.,Siapa yang mematikan mesin blender tersebut?
generate apa: Rini mematikan mesin blender tersebut.,Apa yang Rini matikan?
generate siapa: Rini menyiapkan dua gelas kaca bening.,Siapa yang menyiapkan dua gelas kaca bening?
generate apa: Rini menyiapkan dua gelas kaca bening.,Apa yang Rini siapkan?
generate siapa: Rini menuangkan jus apel ke dalam gelas.,Siapa yang menuangkan jus apel ke dalam gelas?
generate apa: Rini menuangkan jus apel ke dalam gelas.,Apa yang Rini tuangkan ke dalam gelas?
generate kemana: Rini menuangkan jus apel ke dalam gelas.,Ke mana Rini menuangkan jus apel?
generate siapa: Rini menyajikan jus apel untuk ibu.,Siapa yang menyajikan jus apel untuk ibu?
generate apa: Rini menyajikan jus apel untuk ibu.,Apa yang Rini sajikan untuk ibu?
generate apa: Ibu meminum jus apel buatan Rini.,Apa yang meminum jus apel buatan Rini?
generate apa: Zaman dahulu gajah memiliki hidung sangat pendek.,Apa yang memiliki hidung pendek?
generate apa: Zaman dahulu gajah memiliki hidung sangat pendek.,Apa yang Zaman dahulu gajah miliki?
generate apa: Gajah muda berjalan di pinggir sungai jernih.,Apa yang berjalan di pinggir sungai jernih?
generate dimana: Gajah muda berjalan di pinggir sungai jernih.,Di mana Gajah muda berjalan ?
generate apa: Gajah muda menundukkan kepala ke permukaan air.,Apa yang menundukkan kepala ke permukaan air?
generate apa: Gajah muda menundukkan kepala ke permukaan air.,Apa yang Gajah muda tundukkan ke permukaan air?
generate kemana: Gajah muda menundukkan kepala ke permukaan air.,Ke mana Gajah muda menundukkan kepala?
generate apa: Tiba-tiba seekor buaya muncul dari dalam air.,Apa yang muncul Tiba-tiba dari dalam air?
generate darimana: Tiba-tiba seekor buaya muncul dari dalam air.,Dari mana seekor buaya muncul ?
generate apa: Buaya itu menggigit hidung gajah muda.,Apa yang menggigit hidung gajah muda?
generate apa: Buaya itu menggigit hidung gajah muda.,Apa yang Buaya itu gigit?
generate apa: Gajah muda merasa sangat terkejut.,Apa yang merasa terkejut?
generate apa: Gajah muda menarik tubuhnya ke arah belakang.,Apa yang menarik tubuh nya ke arah belakang?
generate apa: Gajah muda menarik tubuhnya ke arah belakang.,Apa yang Gajah muda menarik ke arah belakang?
generate kemana: Gajah muda menarik tubuhnya ke arah belakang.,Ke mana Gajah muda menarik tubuh nya?
generate siapa: Buaya menarik hidung gajah ke arah depan.,Siapa yang menarik hidung gajah ke arah depan?
generate apa: Buaya menarik hidung gajah ke arah depan.,Apa yang Buaya menarik ke arah depan?
generate kemana: Buaya menarik hidung gajah ke arah depan.,Ke mana Buaya menarik hidung gajah?
generate siapa: Mereka saling tarik menarik dengan sangat kuat.,Siapa yang tarik menarik saling?
generate apa: Hidung gajah muda menjadi semakin panjang melar.,Apa yang menjadi melar semakin panjang?
generate apa: Gajah muda mendorong buaya menggunakan kaki depan.,Apa yang Gajah muda dorongkan?
generate apa: Gajah muda lari menjauhi sungai mengerikan itu.,Apa yang lari menjauhi sungai itu?
generate apa: Gajah muda lari menjauhi sungai mengerikan itu.,Apa yang Gajah muda lari?
generate apa: Gajah muda melihat hidungnya di genangan air.,Apa yang melihat hidung nya di genangan air?
generate apa: Gajah muda melihat hidungnya di genangan air.,Apa yang Gajah muda lihat di genangan air?
generate dimana: Gajah muda melihat hidungnya di genangan air.,Di mana Gajah muda melihat hidung nya?
generate apa: Hidung itu berubah menjadi belalai yang panjang.,Apa yang berubah menjadi belalai yang panjang?
generate apa: Hidung itu berubah menjadi belalai yang panjang.,Apa yang Hidung itu rubahi?
generate apa: Gajah muda mencoba mengambil buah di pohon.,Apa yang mencoba mengambil buah di pohon?
generate apa: Gajah muda mencoba mengambil buah di pohon.,Apa yang Gajah muda coba di pohon?
generate dimana: Gajah muda mencoba mengambil buah di pohon.,Di mana Gajah muda mencoba mengambil buah?
generate apa: Belalai itu bisa memetik buah dengan mudah.,Apa yang bisa memetik buah dengan mudah?
generate apa: Gajah muda juga bisa menyedot air sungai.,Apa yang bisa menyedot air sungai juga?
generate apa: Gajah muda juga bisa menyedot air sungai.,Apa yang Gajah muda sedot juga?
generate siapa: Belalai menyemprotkan air ke punggung gajah sendiri.,Siapa yang menyemprotkan air ke punggung gajah sendiri?
generate apa: Belalai menyemprotkan air ke punggung gajah sendiri.,Apa yang Belalai semprotkan ke punggung gajah sendiri?
generate kemana: Belalai menyemprotkan air ke punggung gajah sendiri.,Ke mana Belalai menyemprotkan air?
generate apa: Gajah muda merasa sangat senang sekarang.,Apa yang merasa sangat senang sekarang?
generate apa: Belalai panjang sangat berguna bagi kelangsungan gajah.,Apa yang berguna sangat bagi kelangsungan gajah?
generate apa: Gajah muda menceritakan hal itu kepada teman-temannya.,Apa yang menceritakan hal itu kepada teman-teman?
generate apa: Gajah muda menceritakan hal itu kepada teman-temannya.,Apa yang Gajah muda ceritakan kepada teman-teman?
generate apa: Sejak saat itu semua gajah memiliki belalai.,Apa yang memiliki belalai sejak saat itu?
generate apa: Sejak saat itu semua gajah memiliki belalai.,Apa yang semua gajah miliki sejak saat itu?
generate kapan: Sejak saat itu semua gajah memiliki belalai.,Kapan semua gajah memiliki belalai?
generate apa: Dahulu kala jerapah bertubuh mirip seperti kuda.,Apa yang bertubuh mirip seperti kuda?
generate apa: Leher jerapah juga berukuran sangat pendek.,Apa yang berukuran juga sangat pendek?
generate siapa: Jerapah memakan rumput di tanah lapang luas.,Siapa yang memakan rumput di tanah lapang luas?
generate apa: Jerapah memakan rumput di tanah lapang luas.,Apa yang Jerapah makan di tanah lapang luas?
generate dimana: Jerapah memakan rumput di tanah lapang luas.,Di mana Jerapah memakan rumput?
generate apa: Musim kemarau panjang melanda hutan lebat itu.,Apa yang melanda hutan lebat itu?
generate apa: Musim kemarau panjang melanda hutan lebat itu.,Apa yang Musim kemarau panjang landa?
generate siapa: Rumput di tanah menjadi kering dan mati.,Siapa yang menjadi kering dan mati di tanah?
generate apa: Semua hewan kesulitan mencari rumput hijau segar.,Apa yang mencari rumput hijau segar?
generate apa: Semua hewan kesulitan mencari rumput hijau segar.,Apa yang Semua hewan kesulitan cari?
generate apa: Jerapah melihat daun hijau di atas pohon.,Apa yang melihat daun hijau di atas pohon?
generate apa: Jerapah melihat daun hijau di atas pohon.,Apa yang Jerapah lihat di atas pohon?
generate dimana: Jerapah melihat daun hijau di atas pohon.,Di mana Jerapah melihat daun hijau?
generate siapa: Jerapah berusaha menjulurkan lehernya ke arah atas.,Siapa yang berusaha menjulurkan leher nya ke arah atas?
generate apa: Jerapah berusaha menjulurkan lehernya ke arah atas.,Apa yang Jerapah usahakan ke arah atas?
generate kemana: Jerapah berusaha menjulurkan lehernya ke arah atas.,Ke mana Jerapah berusaha menjulurkan leher nya?
generate siapa: Jerapah berjinjit menggunakan kedua kaki depannya.,Siapa yang berjinjit menggunakan kedua kaki depan nya?
generate apa: Jerapah berjinjit menggunakan kedua kaki depannya.,Apa yang Jerapah jinjitkan?
generate siapa: Jerapah berhasil memakan daun paling bawah pohon.,Siapa yang berhasil memakan daun bawah pohon?
generate apa: Setiap hari jerapah melakukan rutinitas tersebut.,Apa yang melakukan rutinitas tersebut?
generate apa: Setiap hari jerapah melakukan rutinitas tersebut.,Apa yang Setiap hari jerapah lakukan?
generate siapa: Jerapah ingin memakan daun di dahan atas.,Siapa yang ingin memakan daun di dahan atas?
generate apa: Jerapah ingin memakan daun di dahan atas.,Apa yang Jerapah makan di dahan atas?
generate dimana: Jerapah ingin memakan daun di dahan atas.,Di mana Jerapah ingin memakan daun?
generate siapa: Jerapah meregangkan leher dengan sekuat tenaga besarnya.,Siapa yang meregangkan leher dengan sekuat tenaga besar nya?
generate apa: Jerapah meregangkan leher dengan sekuat tenaga besarnya.,Apa yang Jerapah regangkan dengan sekuat tenaga besar nya?
generate apa: Kaki depan jerapah juga ikut memanjang tinggi.,Apa yang ikut memanjang juga?
generate siapa: Jerapah bisa mencapai pucuk pohon paling tinggi.,Siapa yang bisa mencapai pucuk pohon paling tinggi paling?
generate apa: Daun di pucuk pohon terasa sangat segar.,Apa yang terasa sangat segar di pucuk pohon?
generate dimana: Daun di pucuk pohon terasa sangat segar.,Di mana di pucuk pohon terasa ?
generate apa: Jerapah makan dengan sangat kenyang setiap hari.,Apa yang makan dengan sangat kenyang setiap hari?
generate apa: Hewan lain melihat perubahan bentuk fisik jerapah.,Apa yang melihat perubahan bentuk fisik jerapah?
generate apa: Hewan lain melihat perubahan bentuk fisik jerapah.,Apa yang Hewan lain lihat?
generate siapa: Mereka merasa sangat takjub melihatnya.,Siapa yang merasa melihat nya?
generate apa: Mereka merasa sangat takjub melihatnya.,Apa yang Mereka rasa?
generate apa: Musim kemarau bukan menjadi masalah bagi jerapah.,Apa yang Musim kemarau jadi bukan?
generate apa: Leher panjang menjadi ciri khas hewan jerapah.,Apa yang menjadi ciri khas hewan jerapah?
generate apa: Leher panjang menjadi ciri khas hewan jerapah.,Apa yang Leher panjang jadi?
generate apa: Semua jerapah lahir dengan leher panjang sekarang.,Apa yang lahir dengan leher panjang sekarang?
generate apa: Beruang hitam berjalan menyusuri hutan pinus sepi.,Apa yang berjalan menyusuri hutan pinus sepi?
generate apa: Beruang hitam berjalan menyusuri hutan pinus sepi.,Apa yang Beruang hitam jalani?
generate apa: Beruang hitam merasa sangat lapar hari ini.,Apa yang merasa hari ini sangat lapar?
generate apa: Beruang hitam merasa sangat lapar hari ini.,Apa yang Beruang hitam rasa sangat lapar?
generate siapa: Beruang mencari buah beri di balik semak.,Siapa yang mencari buah di balik semak?
generate apa: Beruang mencari buah beri di balik semak.,Apa yang Beruang cari di balik semak?
generate dimana: Beruang mencari buah beri di balik semak.,Di mana Beruang mencari buah?
generate apa: Semak-semak itu tidak memiliki buah beri matang.,Apa yang memiliki buah tidak?
generate apa: Semak-semak itu tidak memiliki buah beri matang.,Apa yang Semak-semak itu miliki tidak?
generate apa: Beruang hitam mencium aroma manis yang kuat.,Apa yang mencium aroma manis yang kuat?
generate apa: Beruang hitam mencium aroma manis yang kuat.,Apa yang Beruang hitam cium?
generate siapa: Beruang mengikuti arah aroma sedap tersebut segera.,Siapa yang mengikuti arah aroma sedap tersebut segera?
generate apa: Beruang mengikuti arah aroma sedap tersebut segera.,Apa yang Beruang ikuti segera?
generate apa: Aroma itu berasal dari sebuah pohon besar.,Apa yang berasal dari sebuah pohon besar?
generate darimana: Aroma itu berasal dari sebuah pohon besar.,Dari mana Aroma itu berasal ?
generate dimana: Di dahan pohon terdapat sarang lebah madu.,Di mana  terdapat sarang lebah madu?
generate apa: Banyak lebah terbang menjaga sekitar sarang itu.,Apa yang terbang menjaga sekitar sarang itu?
generate apa: Beruang hitam memanjat batang pohon besar perlahan.,Apa yang memanjat batang pohon besar perlahan?
generate apa: Beruang hitam memanjat batang pohon besar perlahan.,Apa yang Beruang hitam panjat perlahan?
generate siapa: Beruang mendekati sarang lebah itu dengan hati-hati.,Siapa yang mendekati sarang lebah itu dengan hati-hati?
generate siapa: Beruang memasukkan cakar ke lubang dalam sarang.,Siapa yang memasukkan cakar ke lubang dalam sarang?
generate apa: Beruang memasukkan cakar ke lubang dalam sarang.,Apa yang Beruang masukkan ke lubang dalam sarang?
generate kemana: Beruang memasukkan cakar ke lubang dalam sarang.,Ke mana Beruang memasukkan cakar?
generate siapa: Beruang mengambil segenggam cairan lengket berwarna kuning.,Siapa yang mengambil segenggam cairan lengket?
generate apa: Cairan itu adalah madu lebah segar manis.,Apa yang madu?
generate siapa: Beruang memasukkan madu ke dalam mulut besarnya.,Siapa yang memasukkan madu ke dalam mulut besar nya?
generate apa: Beruang memasukkan madu ke dalam mulut besarnya.,Apa yang Beruang masukkan ke dalam mulut besar nya?
generate kemana: Beruang memasukkan madu ke dalam mulut besarnya.,Ke mana Beruang memasukkan madu?
generate siapa: Beruang memejamkan mata menikmati rasa madu itu.,Siapa yang memejamkan menikmati rasa madu itu?
generate apa: Lebah-lebah merasa marah kepada beruang hitam pencuri.,Apa yang merasa marah kepada beruang hitam pencuri?
generate siapa: Lebah menyengat ujung hidung beruang hitam bertubi-tubi.,Siapa yang menyengat ujung hidung beruang hitam bertubi-tubi?
generate apa: Lebah menyengat ujung hidung beruang hitam bertubi-tubi.,Apa yang Lebah sengat?
generate siapa: Beruang tidak peduli dengan rasa sengatan lebah.,Siapa yang peduli tidak dengan rasa sengatan lebah?
generate siapa: Beruang terus memakan madu dengan sangat lahap.,Siapa yang memakan madu terus dengan lahap sangat lahap?
generate apa: Beruang terus memakan madu dengan sangat lahap.,Apa yang Beruang makan terus dengan lahap sangat lahap?
generate apa: Bulu tebal beruang menahan sengatan lebah lainnya.,Apa yang menahan sengatan lebah lainnya?
generate apa: Bulu tebal beruang menahan sengatan lebah lainnya.,Apa yang Bulu tebal beruang tahan?
generate siapa: Beruang turun dari atas pohon beringin tua.,Siapa yang turun dari atas pohon beringin tua?
generate darimana: Beruang turun dari atas pohon beringin tua.,Dari mana Beruang turun ?
generate apa: Sejak hari itu beruang sangat menyukai madu.,Apa yang menyukai madu sejak hari itu sangat?
generate apa: Sejak hari itu beruang sangat menyukai madu.,Apa yang beruang sukai sejak hari itu sangat?
generate apa: Ribuan tahun lalu unta tidak memiliki punuk.,Apa yang memiliki punuk ribuan tahun lalu tidak?
generate apa: Ribuan tahun lalu unta tidak memiliki punuk.,Apa yang unta miliki ribuan tahun lalu tidak?
generate siapa: Unta hidup di gurun pasir yang panas.,Siapa yang hidup di gurun pasir yang panas?
generate apa: Hewan lain bekerja keras membangun tempat tinggal.,Apa yang bekerja membangun tempat tinggal keras?
generate apa: Hewan lain bekerja keras membangun tempat tinggal.,Apa yang Hewan lain bekerja keras?
generate siapa: Kuda mengangkut batu besar setiap siang hari.,Siapa yang mengangkut batu besar setiap siang hari?
generate apa: Kuda mengangkut batu besar setiap siang hari.,Apa yang Kuda angkut?
generate siapa: Keledai membawa tumpukan kayu bakar dari hutan.,Siapa yang membawa tumpukan kayu bakar dari hutan?
generate apa: Keledai membawa tumpukan kayu bakar dari hutan.,Apa yang Keledai bawa dari hutan?
generate darimana: Keledai membawa tumpukan kayu bakar dari hutan.,Dari mana Keledai membawa tumpukan kayu bakar?
generate siapa: Unta hanya duduk bermalas-malasan di atas pasir.,Siapa yang duduk bermalas-malasan hanya di atas pasir?
generate dimana: Unta hanya duduk bermalas-malasan di atas pasir.,Di mana Unta duduk bermalas-malasan ?
generate siapa: Unta menolak membantu pekerjaan berat hewan lain.,Siapa yang menolak membantu pekerjaan berat hewan lain?
generate siapa: Unta hanya memakan rumput gurun kering semalaman.,Siapa yang memakan rumput gurun kering semalaman hanya?
generate apa: Unta hanya memakan rumput gurun kering semalaman.,Apa yang Unta makan hanya?
generate apa: Seekor jin gurun melihat sifat kemalasan unta.,Apa yang melihat sifat kemalasan unta?
generate apa: Seekor jin gurun melihat sifat kemalasan unta.,Apa yang Seekor jin gurun lihat?
generate apa: Jin gurun menghampiri unta yang sedang berbaring.,Apa yang menghampiri unta yang sedang berbaring?
generate apa: Jin gurun menghampiri unta yang sedang berbaring.,Apa yang Jin gurun hampiri?
generate siapa: Jin meminta unta bekerja membantu kelompok kuda.,Siapa yang meminta bekerja unta?
generate apa: Jin meminta unta bekerja membantu kelompok kuda.,Apa yang Jin pinta?
generate siapa: Unta menolak permintaan jin gurun tersebut angkuh.,Siapa yang menolak permintaan jin gurun tersebut angkuh?
generate siapa: Unta beralasan dirinya sangat lelah dan mengantuk.,Siapa yang beralasan diri nya sangat lelah dan mengantuk?
generate apa: Unta beralasan dirinya sangat lelah dan mengantuk.,Apa yang Unta alasan sangat lelah dan mengantuk?
generate apa: Jin gurun merasa sangat marah kepada unta.,Apa yang merasa marah kepada unta?
generate siapa: Jin membaca sebuah mantra ajaib penunduk hewan.,Siapa yang membaca sebuah mantra ajaib penunduk hewan?
generate apa: Jin membaca sebuah mantra ajaib penunduk hewan.,Apa yang Jin baca?
generate apa: Asap tebal tiba-tiba menyelimuti tubuh unta itu.,Apa yang menyelimuti tubuh unta itu tiba-tiba?
generate apa: Asap tebal tiba-tiba menyelimuti tubuh unta itu.,Apa yang Asap tebal selimuti tiba-tiba?
generate apa: Punggung unta membengkak besar ke arah atas.,Apa yang membengkak besar ke arah atas?
generate kemana: Punggung unta membengkak besar ke arah atas.,Ke mana Punggung unta membengkak ?
generate apa: Sebuah benjolan besar muncul di punggung unta.,Apa yang muncul di punggung unta?
generate dimana: Sebuah benjolan besar muncul di punggung unta.,Di mana Sebuah benjolan besar muncul ?
generate apa: Jin berkata punuk itu menyimpan lemak cadangan.,Apa yang Jin kata?
generate siapa: Unta bisa bekerja berhari-hari tanpa makan minum.,Siapa yang bisa bekerja makan minum berhari-hari?
generate apa: Unta bisa bekerja berhari-hari tanpa makan minum.,Apa yang Unta bekerjakan berhari-hari?
generate siapa: Punuk memberi energi tambahan bagi unta pemalas.,Siapa yang memberi energi tambahan unta pemalas?
generate apa: Semua unta sekarang memiliki punuk di punggungnya.,Apa yang memiliki punuk sekarang di punggung nya?
generate apa: Semua unta sekarang memiliki punuk di punggungnya.,Apa yang Semua unta miliki sekarang di punggung nya?
generate dimana: Semua unta sekarang memiliki punuk di punggungnya.,Di mana Semua unta memiliki punuk?
generate apa: Bangau putih mencari ikan di genangan rawa.,Apa yang mencari ikan di genangan rawa?
generate apa: Bangau putih mencari ikan di genangan rawa.,Apa yang Bangau putih cari di genangan rawa?
generate dimana: Bangau putih mencari ikan di genangan rawa.,Di mana Bangau putih mencari ikan?
generate apa: Rawa itu memiliki air yang sangat dingin.,Apa yang memiliki air yang sangat dingin sangat?
generate siapa: Bangau berdiri menggunakan kedua kakinya di air.,Siapa yang berdiri menggunakan kedua kaki nya di air?
generate apa: Bangau berdiri menggunakan kedua kakinya di air.,Apa yang Bangau dirikan di air?
generate dimana: Bangau berdiri menggunakan kedua kakinya di air.,Di mana Bangau berdiri menggunakan kedua kaki nya?
generate apa: Ikan-ikan kecil berenang di sekitar kaki bangau.,Apa yang berenang di sekitar kaki bangau?
generate dimana: Ikan-ikan kecil berenang di sekitar kaki bangau.,Di mana Ikan-ikan kecil berenang ?
generate siapa: Bangau menunggu ikan dengan sangat sabar sekali.,Siapa yang menunggu ikan dengan sabar sangat sabar sekali?
generate apa: Bangau menunggu ikan dengan sangat sabar sekali.,Apa yang Bangau tunggu dengan sabar sangat sabar sekali?
generate apa: Angin kencang bertiup melintasi rawa pada sore.,Apa yang bertiup melintasi rawa pada sore?
generate apa: Angin kencang bertiup melintasi rawa pada sore.,Apa yang Angin kencang tiupi pada sore?
generate apa: Air dingin membuat kaki bangau membeku kaku.,Apa yang membuat kaki bangau?
generate apa: Air dingin membuat kaki bangau membeku kaku.,Apa yang Air dingin buat?
generate siapa: Bangau merasa sangat kedinginan di tengah rawa.,Siapa yang merasa sangat kedinginan di tengah rawa?
generate dimana: Bangau merasa sangat kedinginan di tengah rawa.,Di mana Bangau merasa ?
generate siapa: Bangau mengangkat kaki kanannya ke arah atas.,Siapa yang mengangkat kaki kanan nya ke arah atas?
generate apa: Bangau mengangkat kaki kanannya ke arah atas.,Apa yang Bangau angkat ke arah atas?
generate kemana: Bangau mengangkat kaki kanannya ke arah atas.,Ke mana Bangau mengangkat kaki kanan nya?
generate siapa: Bangau menyembunyikan kaki kanan di balik sayapnya.,Siapa yang menyembunyikan kaki kanan di balik sayap?
generate apa: Bangau menyembunyikan kaki kanan di balik sayapnya.,Apa yang Bangau sembunyikan di balik sayap?
generate dimana: Bangau menyembunyikan kaki kanan di balik sayapnya.,Di mana Bangau menyembunyikan kaki kanan?
generate apa: Sayap tebal menghangatkan kaki kanan burung bangau.,Apa yang menghangatkan kaki kanan burung bangau?
generate siapa: Bangau berdiri seimbang menggunakan satu kaki kiri.,Siapa yang berdiri menggunakan satu kaki kiri seimbang?
generate apa: Bangau berdiri seimbang menggunakan satu kaki kiri.,Apa yang Bangau dirikan seimbang?
generate apa: Beberapa saat kemudian kaki kiri terasa dingin.,Apa yang terasa beberapa saat kemudian dingin?
generate kapan: Beberapa saat kemudian kaki kiri terasa dingin.,Kapan kaki kiri terasa ?
generate siapa: Bangau menurunkan kaki kanannya kembali ke air.,Siapa yang menurunkan kembali kaki kanan nya ke air?
generate apa: Bangau menurunkan kaki kanannya kembali ke air.,Apa yang Bangau turuni ke air?
generate kemana: Bangau menurunkan kaki kanannya kembali ke air.,Ke mana Bangau menurunkan kembali kaki kanan nya?
generate siapa: Bangau berganti mengangkat kaki kirinya ke atas.,Siapa yang berganti mengangkat kaki kiri nya ke atas?
generate apa: Bangau berganti mengangkat kaki kirinya ke atas.,Apa yang Bangau ganti ke atas?
generate kemana: Bangau berganti mengangkat kaki kirinya ke atas.,Ke mana Bangau berganti mengangkat kaki kiri nya?
generate siapa: Bangau menghangatkan kaki kiri di balik bulu.,Siapa yang menghangatkan kaki kiri di balik bulu?
generate apa: Bangau menghangatkan kaki kiri di balik bulu.,Apa yang Bangau hangatkan di balik bulu?
generate dimana: Bangau menghangatkan kaki kiri di balik bulu.,Di mana Bangau menghangatkan kaki kiri?
generate apa: Cara ini membuat bangau tidak merasa kedinginan.,Apa yang membuat bangau tidak?
generate siapa: Bangau tetap bisa mengawasi ikan di air.,Siapa yang bisa mengawasi ikan tetap di air?
generate apa: Bangau tetap bisa mengawasi ikan di air.,Apa yang Bangau awasi tetap di air?
generate dimana: Bangau tetap bisa mengawasi ikan di air.,Di mana Bangau bisa mengawasi ikan?
generate apa: Seekor ikan lele berenang mendekati kaki bangau.,Apa yang berenang mendekati kaki bangau?
generate apa: Seekor ikan lele berenang mendekati kaki bangau.,Apa yang Seekor ikan lele renangi?
generate siapa: Bangau mematuk ikan lele menggunakan paruh panjangnya.,Siapa yang mematuk menggunakan paruh panjang nya?
generate siapa: Bangau menelan ikan itu dengan gerakan cepat.,Siapa yang menelan ikan itu dengan gerakan cepat?
generate apa: Bangau menelan ikan itu dengan gerakan cepat.,Apa yang Bangau telan dengan gerakan cepat?
generate siapa: Bangau menemukan cara terbaik mencari makan siang.,Siapa yang menemukan cara terbaik?
generate apa: Burung bangau lain meniru cara berdiri tersebut.,Apa yang Burung bangau lain tiru?
generate siapa: Zebra dahulu memiliki bulu berwarna putih polos.,Siapa yang memiliki bulu dahulu?
generate apa: Zebra dahulu memiliki bulu berwarna putih polos.,Apa yang Zebra miliki dahulu?
generate siapa: Zebra bermain bersama babon di padang rumput.,Siapa yang bermain bersama babon di padang rumput?
generate dimana: Zebra bermain bersama babon di padang rumput.,Di mana Zebra bermain ?
generate apa: Cuaca hari itu bersinar sangat terik sekali.,Apa yang bersinar sangat terik sekali?
generate siapa: Zebra merasa kehausan setelah berlarian mengejar teman.,Siapa yang merasa berlarian teman?
generate apa: Zebra merasa kehausan setelah berlarian mengejar teman.,Apa yang Zebra rasa?
generate siapa: Zebra melihat sebuah genangan kolam air kecil.,Siapa yang melihat sebuah genangan kolam air kecil?
generate apa: Zebra melihat sebuah genangan kolam air kecil.,Apa yang Zebra lihat?
generate siapa: Babon sedang minum di pinggir kolam itu.,Siapa yang sedang minum di pinggir kolam itu?
generate dimana: Babon sedang minum di pinggir kolam itu.,Di mana Babon sedang minum ?
generate siapa: Zebra meminta izin untuk ikut minum air.,Siapa yang meminta ikut air?
generate apa: Zebra meminta izin untuk ikut minum air.,Apa yang Zebra pinta?
generate siapa: Babon melarang zebra mendekati genangan kolam air.,Siapa yang melarang mendekati genangan kolam air?
generate apa: Babon melarang zebra mendekati genangan kolam air.,Apa yang Babon melarangi?
generate siapa: Babon mengklaim kolam itu sebagai miliknya sendiri.,Siapa yang mengklaim kolam itu sebagai milik sendiri?
generate apa: Babon mengklaim kolam itu sebagai miliknya sendiri.,Apa yang Babon klaim sebagai milik sendiri?
generate siapa: Zebra tetap melangkah maju menuju arah air.,Siapa yang melangkah tetap maju menuju arah air?
generate siapa: Babon marah lalu menyerang zebra putih itu.,Siapa yang marah menyerang zebra putih itu?
generate apa: Babon marah lalu menyerang zebra putih itu.,Apa yang Babon marah?
generate siapa: Mereka berkelahi di dekat api unggun pemburu.,Siapa yang berkelahi di dekat api unggun pemburu?
generate dimana: Mereka berkelahi di dekat api unggun pemburu.,Di mana Mereka berkelahi ?
generate apa: Kayu bakar di api unggun masih menyala.,Apa yang menyala masih di api unggun?
generate dimana: Kayu bakar di api unggun masih menyala.,Di mana Kayu bakar menyala ?
generate siapa: Babon mendorong zebra dengan sangat keras sekali.,Siapa yang mendorong zebra?
generate apa: Babon mendorong zebra dengan sangat keras sekali.,Apa yang Babon dorong?
generate apa: Tubuh zebra membentur tumpukan sisa kayu bakar.,Apa yang membentur tumpukan sisa kayu bakar?
generate apa: Tubuh zebra membentur tumpukan sisa kayu bakar.,Apa yang Tubuh zebra bentur?
generate apa: Kayu arang hitam menempel di bulu zebra.,Apa yang menempel di bulu zebra?
generate dimana: Kayu arang hitam menempel di bulu zebra.,Di mana Kayu arang hitam menempel ?
generate siapa: Zebra melompat menjauhi tumpukan api unggun panas.,Siapa yang melompat menjauhi tumpukan api unggun panas?
generate apa: Zebra melompat menjauhi tumpukan api unggun panas.,Apa yang Zebra lompati?
generate apa: Bulu putih zebra kini memiliki garis hitam.,Apa yang memiliki garis hitam kini?
generate apa: Bulu putih zebra kini memiliki garis hitam.,Apa yang Bulu putih zebra miliki kini?
generate apa: Garis-garis hitam itu tidak bisa hilang dicuci.,Apa yang bisa hilang dicuci tidak?
generate siapa: Zebra berlari menuju semak hutan untuk bersembunyi.,Siapa yang berlari bersembunyi menuju semak hutan?
generate siapa: Zebra menyadari sesuatu yang sangat ajaib terjadi.,Siapa yang menyadari sesuatu yang sangat ajaib terjadi?
generate apa: Zebra menyadari sesuatu yang sangat ajaib terjadi.,Apa yang Zebra sadari?
generate apa: Garis hitam membantunya bersembunyi di rimbunan semak.,Apa yang membantu bersembunyi nya di rimbunan semak?
generate apa: Garis hitam membantunya bersembunyi di rimbunan semak.,Apa yang Garis hitam bantui di rimbunan semak?
generate dimana: Garis hitam membantunya bersembunyi di rimbunan semak.,Di mana Garis hitam membantu bersembunyi nya?
generate siapa: Singa tidak bisa melihat zebra dengan jelas.,Siapa yang bisa melihat zebra tidak dengan jelas?
generate apa: Singa tidak bisa melihat zebra dengan jelas.,Apa yang Singa lihat tidak dengan jelas?
generate siapa: Zebra merasa bangga dengan bulu belangnya sekarang.,Siapa yang merasa bangga dengan bulu belang sekarang?
generate apa: Zebra merasa bangga dengan bulu belangnya sekarang.,Apa yang Zebra rasa dengan bulu belang sekarang?
generate apa: Katak hijau dahulu berjalan seperti seekor kadal.,Apa yang berjalan dahulu seperti seekor kadal?
generate siapa: Katak merayap perlahan di atas tanah basah.,Siapa yang merayap perlahan di atas tanah basah?
generate apa: Kaki belakang katak berukuran sangat pendek sekali.,Apa yang berukuran sangat pendek sekali?
generate siapa: Katak sedang mencari serangga terbang siang ini.,Siapa yang sedang mencari serangga terbang siang ini?
generate apa: Seekor lalat hinggap di atas batu besar.,Apa yang hinggap di atas batu besar?
generate dimana: Seekor lalat hinggap di atas batu besar.,Di mana Seekor lalat hinggap ?
generate apa: Katak merayap mendekati lalat itu sangat pelan.,Apa yang mendekati lalat itu pelan?
generate apa: Gerakan merayap katak ternyata terlalu lambat laun.,Apa yang lambat ternyata terlalu laun?
generate apa: Lalat keburu terbang menjauhi batu besar itu.,Apa yang terbang menjauhi batu besar itu?
generate apa: Lalat keburu terbang menjauhi batu besar itu.,Apa yang Lalat keburu terbangi?
generate siapa: Katak merasa sangat kesal dan perutnya lapar.,Siapa yang merasa sangat kesal dan perut nya lapar?
generate siapa: Katak melihat seekor belalang hijau merumput tenang.,Siapa yang melihat seekor belalang hijau?
generate siapa: Belalang melompat sangat tinggi ke udara bebas.,Siapa yang melompat sangat tinggi ke udara bebas?
generate kemana: Belalang melompat sangat tinggi ke udara bebas.,Ke mana Belalang melompat ?
generate siapa: Belalang berpindah tempat dengan gerakan sangat cepat.,Siapa yang berpindah tempat dengan gerakan sangat cepat?
generate apa: Belalang berpindah tempat dengan gerakan sangat cepat.,Apa yang Belalang pindah dengan gerakan sangat cepat?
generate siapa: Katak ingin meniru gerakan tubuh belalang itu.,Siapa yang ingin meniru gerakan tubuh belalang itu?
generate siapa: Katak menarik kedua kaki belakangnya erat-erat kuat.,Siapa yang menarik kedua kaki belakang nya erat-erat kuat?
generate siapa: Katak menekan kakinya ke tanah basah licin.,Siapa yang menekan kaki nya ke tanah basah licin?
generate apa: Katak menekan kakinya ke tanah basah licin.,Apa yang Katak tekan ke tanah basah licin?
generate kemana: Katak menekan kakinya ke tanah basah licin.,Ke mana Katak menekan kaki nya?
generate siapa: Katak mendorong tubuhnya melesat ke arah atas.,Siapa yang mendorong melesat tubuh nya ke arah atas?
generate apa: Katak mendorong tubuhnya melesat ke arah atas.,Apa yang Katak dorong ke arah atas?
generate kemana: Katak mendorong tubuhnya melesat ke arah atas.,Ke mana Katak mendorong melesat tubuh nya?
generate apa: Tubuh katak melayang di atas rerumputan tanah.,Apa yang melayang di atas rerumputan tanah?
generate dimana: Tubuh katak melayang di atas rerumputan tanah.,Di mana Tubuh katak melayang ?
generate siapa: Katak mendarat agak jauh di depan sana.,Siapa yang mendarat agak jauh di depan sana?
generate dimana: Katak mendarat agak jauh di depan sana.,Di mana Katak mendarat ?
generate siapa: Katak melompat lagi ke arah gerombolan rerumputan.,Siapa yang melompat lagi ke arah gerombolan rerumputan?
generate kemana: Katak melompat lagi ke arah gerombolan rerumputan.,Ke mana Katak melompat ?
generate darimana: Lompatan kedua lebih tinggi dari lompatan pertama.,Dari mana  Lompatan ?
generate apa: Seekor nyamuk melintas di depan wajah katak.,Apa yang melintas di depan wajah katak?
generate dimana: Seekor nyamuk melintas di depan wajah katak.,Di mana Seekor nyamuk melintas ?
generate siapa: Katak melompat sambil menjulurkan lidahnya ke luar.,Siapa yang melompat menjulurkan lidah nya ke luar?
generate kemana: Katak melompat sambil menjulurkan lidahnya ke luar.,Ke mana Katak melompat menjulurkan lidah nya?
generate siapa: Katak berhasil menangkap nyamuk segar bergizi itu.,Siapa yang berhasil menangkap nyamuk segar?
generate siapa: Katak selalu menggunakan lompatan untuk berpindah tempat.,Siapa yang menggunakan berpindah tempat selalu?
generate apa: Burung-burung mengadakan pertemuan besar di tengah hutan.,Apa yang mengadakan pertemuan besar di tengah hutan?
generate apa: Burung-burung mengadakan pertemuan besar di tengah hutan.,Apa yang Burung-burung adakan di tengah hutan?
generate dimana: Burung-burung mengadakan pertemuan besar di tengah hutan.,Di mana Burung-burung mengadakan pertemuan besar?
generate apa: Tikus dan hewan darat juga mengadakan rapat.,Apa yang mengadakan rapat juga?
generate apa: Tikus dan hewan darat juga mengadakan rapat.,Apa yang Tikus dan hewan darat adakan juga?
generate siapa: Mereka berselisih tentang pemilik hutan sejati selamanya.,Siapa yang berselisih tentang pemilik hutan sejati selama nya?
generate siapa: Kelelawar bingung memilih kelompok yang dirasa benar.,Siapa yang bingung memilih kelompok yang dirasa benar?
generate apa: Kelelawar bingung memilih kelompok yang dirasa benar.,Apa yang Kelelawar bingung?
generate siapa: Kelelawar memiliki sayap lebar seperti seekor burung.,Siapa yang memiliki sayap lebar seekor burung?
generate apa: Kelelawar memiliki sayap lebar seperti seekor burung.,Apa yang Kelelawar miliki?
generate siapa: Kelelawar juga memiliki gigi tajam seperti tikus.,Siapa yang memiliki gigi tajam tikus juga?
generate apa: Kelelawar juga memiliki gigi tajam seperti tikus.,Apa yang Kelelawar miliki juga?
generate apa: Saat burung menang pertarungan kelelawar bergabung burung.,Apa yang menang bergabung burung?
generate apa: Saat burung menang pertarungan kelelawar bergabung burung.,Apa yang Saat burung menang?
generate siapa: Kelelawar memamerkan sayap lebarnya kepada kelompok burung.,Siapa yang memamerkan sayap lebar nya kepada kelompok burung?
generate apa: Kelelawar memamerkan sayap lebarnya kepada kelompok burung.,Apa yang Kelelawar pamerkan kepada kelompok burung?
generate apa: Saat hewan darat menang kelelawar pindah kelompok.,Apa yang menang pindah kelompok?
generate apa: Saat hewan darat menang kelelawar pindah kelompok.,Apa yang hewan darat menang?
generate siapa: Kelelawar menunjukkan gigi tajamnya kepada kelompok tikus.,Siapa yang menunjukkan gigi tajam nya kepada kelompok tikus?
generate apa: Kelelawar menunjukkan gigi tajamnya kepada kelompok tikus.,Apa yang Kelelawar tunjukkan kepada kelompok tikus?
generate apa: Kedua kelompok akhirnya mengetahui kecurangan si kelelawar.,Apa yang mengetahui kecurangan si kelelawar akhirnya?
generate apa: Kedua kelompok akhirnya mengetahui kecurangan si kelelawar.,Apa yang Kedua kelompok ketahui akhirnya?
generate apa: Raja elang mengusir kelelawar dari kelompok burung.,Apa yang mengusir kelelawar dari kelompok burung?
generate apa: Raja elang mengusir kelelawar dari kelompok burung.,Apa yang Raja elang usir dari kelompok burung?
generate darimana: Raja elang mengusir kelelawar dari kelompok burung.,Dari mana Raja elang mengusir kelelawar?
generate apa: Raja singa mengusir kelelawar dari kelompok darat.,Apa yang mengusir kelelawar dari kelompok darat?
generate apa: Raja singa mengusir kelelawar dari kelompok darat.,Apa yang Raja singa usir dari kelompok darat?
generate darimana: Raja singa mengusir kelelawar dari kelompok darat.,Dari mana Raja singa mengusir kelelawar?
generate siapa: Kelelawar merasa sangat malu dan sedih hatinya.,Siapa yang merasa sangat malu dan sedih hati nya?
generate siapa: Kelelawar terbang menjauh menuju gua gelap gulita.,Siapa yang terbang menjauh menuju gua gelap gulita?
generate siapa: Kelelawar bersembunyi di langit-langit gua batu itu.,Siapa yang bersembunyi di langit-langit gua batu itu?
generate dimana: Kelelawar bersembunyi di langit-langit gua batu itu.,Di mana Kelelawar bersembunyi ?
generate siapa: Kelelawar tidak ingin menatap hewan lain lagi.,Siapa yang ingin menatap hewan lain tidak lagi?
generate apa: Kelelawar tidak ingin menatap hewan lain lagi.,Apa yang Kelelawar tatap tidak lagi?
generate siapa: Kelelawar menggantungkan kedua kakinya di batu atap.,Siapa yang menggantungkan kedua kaki nya di batu atap?
generate apa: Kelelawar menggantungkan kedua kakinya di batu atap.,Apa yang Kelelawar gantungkan di batu atap?
generate dimana: Kelelawar menggantungkan kedua kakinya di batu atap.,Di mana Kelelawar menggantungkan kedua kaki nya?
generate kemana: Kepala kelelawar dibiarkan menghadap ke arah bawah.,Ke mana  dibiarkan menghadap ?
generate apa: Posisi ini membuat kelelawar merasa aman tersembunyi.,Apa yang Posisi ini buat?
generate siapa: Kelelawar bisa melihat datangnya bahaya dari bawah.,Siapa yang bisa melihat datang bahaya dari bawah?
generate apa: Kelelawar bisa melihat datangnya bahaya dari bawah.,Apa yang Kelelawar lihat dari bawah?
generate darimana: Kelelawar bisa melihat datangnya bahaya dari bawah.,Dari mana Kelelawar bisa melihat datang bahaya?
generate siapa: Kelelawar hanya keluar mencari makan saat malam.,Siapa yang keluar mencari hanya saat malam?
generate kapan: Kelelawar hanya keluar mencari makan saat malam.,Kapan Kelelawar keluar mencari ?
generate apa: Hewan lain sedang tidur di malam hari.,Apa yang sedang tidur di malam hari?
generate kapan: Hewan lain sedang tidur di malam hari.,Kapan Hewan lain sedang tidur ?
generate dimana: Hewan lain sedang tidur di malam hari.,Di mana Hewan lain sedang tidur ?
generate siapa: Kelelawar tidur sepanjang siang di dalam gua.,Siapa yang tidur sepanjang siang di dalam gua?
generate kapan: Kelelawar tidur sepanjang siang di dalam gua.,Kapan Kelelawar tidur ?
generate dimana: Kelelawar tidur sepanjang siang di dalam gua.,Di mana Kelelawar tidur ?
generate apa: Kebiasaan tidur terbalik ini bertahan sampai selamanya.,Apa yang bertahan selama nya?
generate siapa: Kura-kura dahulu tidak memiliki cangkang keras pelindung.,Siapa yang memiliki cangkang keras pelindung dahulu tidak?
generate apa: Kura-kura dahulu tidak memiliki cangkang keras pelindung.,Apa yang Kura-kura miliki dahulu tidak?
generate siapa: Kura-kura berjalan lambat di lantai hutan lebat.,Siapa yang berjalan lambat di lantai hutan lebat?
generate dimana: Kura-kura berjalan lambat di lantai hutan lebat.,Di mana Kura-kura berjalan ?
generate siapa: Kura-kura sering merasa ketakutan saat berjalan jauh.,Siapa yang merasa ketakutan sering?
generate apa: Kura-kura sering merasa ketakutan saat berjalan jauh.,Apa yang Kura-kura rasa sering?
generate apa: Angin kencang menerbangkan dedaunan kering di udara.,Apa yang menerbangkan dedaunan kering di udara?
generate apa: Angin kencang menerbangkan dedaunan kering di udara.,Apa yang Angin kencang terbangkan di udara?
generate dimana: Angin kencang menerbangkan dedaunan kering di udara.,Di mana Angin kencang menerbangkan dedaunan kering?
generate apa: Ranting pohon jatuh mengenai tubuh kura-kura kecil.,Apa yang jatuh mengenai tubuh kura-kura kecil?
generate siapa: Kura-kura meminta bantuan pelindung kepada dewa hutan.,Siapa yang meminta bantuan pelindung kepada dewa hutan?
generate apa: Kura-kura meminta bantuan pelindung kepada dewa hutan.,Apa yang Kura-kura pinta kepada dewa hutan?
generate apa: Dewa hutan memberikan sebuah rumah batu bulat.,Apa yang memberikan sebuah rumah batu bulat?
generate apa: Dewa hutan memberikan sebuah rumah batu bulat.,Apa yang Dewa hutan berikan?
generate apa: Rumah batu itu berbentuk setengah mangkuk terbalik.,Apa yang berbentuk setengah mangkuk?
generate apa: Rumah batu itu berbentuk setengah mangkuk terbalik.,Apa yang Rumah batu itu bentuk?
generate siapa: Kura-kura masuk bersembunyi ke dalam rumah batu.,Siapa yang masuk bersembunyi ke dalam rumah batu?
generate kemana: Kura-kura masuk bersembunyi ke dalam rumah batu.,Ke mana Kura-kura masuk bersembunyi ?
generate siapa: Kura-kura merasa sangat aman di dalam sana.,Siapa yang merasa sangat aman di dalam sana?
generate dimana: Kura-kura merasa sangat aman di dalam sana.,Di mana Kura-kura merasa ?
generate apa: Namun kura-kura tidak bisa berpindah tempat lagi.,Apa yang bisa berpindah tempat Namun tidak lagi?
generate apa: Namun kura-kura tidak bisa berpindah tempat lagi.,Apa yang kura-kura pindah Namun tidak lagi?
generate siapa: Kura-kura merasa kelaparan terkurung di dalam rumah.,Siapa yang merasa kelaparan di dalam rumah?
generate apa: Kura-kura merasa kelaparan terkurung di dalam rumah.,Apa yang Kura-kura rasa di dalam rumah?
generate dimana: Kura-kura merasa kelaparan terkurung di dalam rumah.,Di mana Kura-kura merasa kelaparan?
generate apa: Dewa hutan merasa kasihan melihat kura-kura itu.,Apa yang merasa melihat kura-kura itu?
generate apa: Dewa hutan merasa kasihan melihat kura-kura itu.,Apa yang Dewa hutan rasa?
generate apa: Dewa hutan menyatukan rumah batu dengan tubuh.,Apa yang menyatukan rumah batu dengan tubuh?
generate apa: Dewa hutan menyatukan rumah batu dengan tubuh.,Apa yang Dewa hutan satukan dengan tubuh?
generate apa: Rumah batu berubah menjadi cangkang tebal keras.,Apa yang berubah menjadi cangkang tebal keras?
generate apa: Rumah batu berubah menjadi cangkang tebal keras.,Apa yang Rumah batu rubahi?
generate siapa: Kura-kura bisa berjalan bebas membawa rumahnya sendiri.,Siapa yang bisa berjalan membawa rumah nya sendiri bebas?
generate apa: Kura-kura bisa berjalan bebas membawa rumahnya sendiri.,Apa yang Kura-kura jalan bebas?
generate apa: Seekor rubah datang mendekati kura-kura di jalan.,Apa yang datang mendekati kura-kura di jalan?
generate apa: Seekor rubah datang mendekati kura-kura di jalan.,Apa yang Seekor rubah datangi di jalan?
generate dimana: Seekor rubah datang mendekati kura-kura di jalan.,Di mana Seekor rubah datang mendekati kura-kura?
generate siapa: Kura-kura segera menarik kepalanya ke dalam cangkang.,Siapa yang menarik kepala nya segera ke dalam cangkang?
generate apa: Kura-kura segera menarik kepalanya ke dalam cangkang.,Apa yang Kura-kura menarik segera ke dalam cangkang?
generate kemana: Kura-kura segera menarik kepalanya ke dalam cangkang.,Ke mana Kura-kura menarik kepala nya?
generate siapa: Rubah menggigit cangkang keras itu dengan taring.,Siapa yang menggigit cangkang keras itu dengan taring?
generate apa: Rubah menggigit cangkang keras itu dengan taring.,Apa yang Rubah gigit dengan taring?
generate siapa: Rubah lari pergi meninggalkan kura-kura tersebut ketakutan.,Siapa yang lari pergi kura-kura tersebut ketakutan?
generate siapa: Kura-kura kembali mengeluarkan kepala dan kaki jalannya.,Siapa yang mengeluarkan kepala kembali?
generate apa: Kura-kura kembali mengeluarkan kepala dan kaki jalannya.,Apa yang Kura-kura keluarkan kembali?
generate siapa: Kura-kura hidup tenang bersama cangkang rumahnya selamanya.,Siapa yang hidup tenang bersama cangkang rumah selama nya?
generate apa: Rusa jantan melihat pantulan dirinya di danau.,Apa yang melihat pantulan diri nya di danau?
generate apa: Rusa jantan melihat pantulan dirinya di danau.,Apa yang Rusa jantan lihat di danau?
generate dimana: Rusa jantan melihat pantulan dirinya di danau.,Di mana Rusa jantan melihat pantulan diri nya?
generate siapa: Rusa memiliki tubuh yang sangat gagah berani.,Siapa yang memiliki tubuh yang sangat gagah berani sangat?
generate apa: Rusa memiliki tubuh yang sangat gagah berani.,Apa yang Rusa miliki sangat?
generate siapa: Rusa juga memiliki kaki yang kuat berlari.,Siapa yang memiliki kaki yang kuat berlari juga?
generate apa: Rusa juga memiliki kaki yang kuat berlari.,Apa yang Rusa miliki juga?
generate apa: Namun rusa merasa kepalanya sangat polos botak.,Apa yang merasa kepala nya polos botak Namun?
generate apa: Namun rusa merasa kepalanya sangat polos botak.,Apa yang rusa rasa Namun?
generate apa: Anjing hutan selalu mengejek kepala rusa itu.,Apa yang mengejek kepala rusa itu selalu?
generate apa: Anjing hutan selalu mengejek kepala rusa itu.,Apa yang Anjing hutan ejek selalu?
generate apa: Rusa jantan merasa sangat sedih dan malu.,Apa yang merasa sangat sedih dan malu?
generate siapa: Rusa memohon bantuan kepada peri hutan baik.,Siapa yang memohon bantuan kepada peri hutan baik?
generate apa: Rusa memohon bantuan kepada peri hutan baik.,Apa yang Rusa mohon kepada peri hutan baik?
generate apa: Peri hutan membawa dua dahan pohon mati.,Apa yang membawa dua dahan pohon mati?
generate apa: Peri hutan membawa dua dahan pohon mati.,Apa yang Peri hutan bawa?
generate apa: Peri menyentuhkan dahan mati ke kepala rusa.,Apa yang menyentuhkan dahan mati ke kepala rusa?
generate apa: Peri menyentuhkan dahan mati ke kepala rusa.,Apa yang Peri sentuhkan ke kepala rusa?
generate kemana: Peri menyentuhkan dahan mati ke kepala rusa.,Ke mana Peri menyentuhkan dahan mati?
generate apa: Ajaibnya dahan itu menempel kuat di kepala.,Apa yang menempel Ajaibnya kuat di kepala?
generate dimana: Ajaibnya dahan itu menempel kuat di kepala.,Di mana dahan itu menempel ?
generate apa: Dahan tersebut berubah menjadi tanduk keras indah.,Apa yang berubah menjadi tanduk keras indah?
generate apa: Dahan tersebut berubah menjadi tanduk keras indah.,Apa yang Dahan tersebut rubahi?
generate apa: Tanduk itu bercabang-cabang seperti pohon ranting kecil.,Apa yang bercabang-cabang seperti pohon ranting kecil?
generate apa: Rusa jantan berkaca kembali di tepi danau.,Apa yang berkaca di tepi danau?
generate apa: Anjing hutan datang kembali berniat mengejek rusa.,Apa yang datang berniat rusa?
generate apa: Anjing hutan datang kembali berniat mengejek rusa.,Apa yang Anjing hutan datang?
generate siapa: Rusa menundukkan kepala dan memamerkan tanduk runcingnya.,Siapa yang menundukkan kepala?
generate apa: Rusa menundukkan kepala dan memamerkan tanduk runcingnya.,Apa yang Rusa tundukkan?
generate siapa: Rusa mendorong anjing hutan menggunakan tanduk kuat.,Siapa yang mendorong menggunakan tanduk kuat?
generate kemana: Anjing hutan lari ketakutan masuk ke semak.,Ke mana Anjing hutan lari ketakutan masuk ?
generate apa: Rusa jantan berjalan keliling hutan dengan bangga.,Apa yang berjalan bangga keliling hutan dengan bangga?
generate apa: Rusa jantan berjalan keliling hutan dengan bangga.,Apa yang Rusa jantan jalan dengan bangga?
generate apa: Tanduk itu berguna menyingkirkan ranting pohon rintangan.,Apa yang berguna menyingkirkan ranting pohon rintangan?
generate siapa: Rusa bisa berlari kencang tanpa hambatan belukar.,Siapa yang bisa berlari kencang tanpa hambatan belukar?
generate apa: Rusa betina sangat mengagumi tanduk rusa jantan.,Apa yang mengagumi tanduk rusa jantan sangat?
generate apa: Rusa betina sangat mengagumi tanduk rusa jantan.,Apa yang Rusa betina kagumi sangat?
generate apa: Setiap tahun tanduk rusa akan lepas sendiri.,Apa yang akan lepas setiap tahun sendiri?
generate apa: Tanduk baru akan tumbuh lebih besar lagi.,Apa yang akan tumbuh lebih besar lagi?
generate siapa: Rusa selalu merawat tanduk indahnya setiap hari.,Siapa yang merawat tanduk indah nya selalu setiap hari?
generate apa: Rusa selalu merawat tanduk indahnya setiap hari.,Apa yang Rusa rawat selalu setiap hari?
generate siapa: Andi bangun lebih awal dari biasanya pagi.,Siapa yang bangun lebih awal biasanya dari biasanya pagi?
generate kapan: Andi bangun lebih awal dari biasanya pagi.,Kapan Andi bangun ?
generate darimana: Andi bangun lebih awal dari biasanya pagi.,Dari mana Andi bangun ?
generate apa: Hari ini adalah hari pertama masuk sekolah.,Apa yang hari pertama?
generate apa: Andi mandi menggunakan air hangat yang segar.,Apa yang menggunakan air hangat yang segar?
generate apa: Andi mandi menggunakan air hangat yang segar.,Apa yang Andi mandi gunakan?
generate siapa: Andi memakai seragam merah putih dengan rapi.,Siapa yang memakai seragam merah putih dengan rapi?
generate apa: Andi memakai seragam merah putih dengan rapi.,Apa yang Andi pakai dengan rapi?
generate apa: Ibu menyiapkan sarapan nasi goreng telur dadar.,Apa yang menyiapkan sarapan nasi goreng telur dadar?
generate siapa: Andi menghabiskan sarapan pagi dengan sangat cepat.,Siapa yang menghabiskan sarapan pagi?
generate siapa: Ayah mengantar Andi menggunakan sepeda motor matik.,Siapa yang mengantar menggunakan sepeda motor matik?
generate siapa: Mereka tiba di depan gerbang sekolah besar.,Siapa yang tiba di depan gerbang sekolah besar?
generate dimana: Mereka tiba di depan gerbang sekolah besar.,Di mana Mereka tiba ?
generate apa: Banyak siswa baru datang bersama orang tua.,Apa yang datang bersama orang tua?
generate siapa: Andi mencium tangan ayah untuk berpamitan masuk.,Siapa yang mencium berpamitan tangan ayah?
generate apa: Andi mencium tangan ayah untuk berpamitan masuk.,Apa yang Andi cium?
generate siapa: Andi melangkah masuk ke halaman sekolah luas.,Siapa yang melangkah masuk ke halaman sekolah luas?
generate kemana: Andi melangkah masuk ke halaman sekolah luas.,Ke mana Andi melangkah masuk ?
generate siapa: Andi melihat papan nama menempel kelas satu.,Siapa yang melihat papan nama?
generate apa: Andi melihat papan nama menempel kelas satu.,Apa yang Andi lihat?
generate siapa: Andi berjalan masuk ke dalam ruang kelas.,Siapa yang berjalan masuk ke dalam ruang kelas?
generate kemana: Andi berjalan masuk ke dalam ruang kelas.,Ke mana Andi berjalan masuk ?
generate siapa: Andi memilih kursi kosong di baris depan.,Siapa yang memilih kursi kosong di baris depan?
generate apa: Andi memilih kursi kosong di baris depan.,Apa yang Andi pilih di baris depan?
generate dimana: Andi memilih kursi kosong di baris depan.,Di mana Andi memilih kursi kosong?
generate apa: Seorang anak laki-laki duduk di sebelah Andi.,Apa yang duduk di sebelah andi?
generate dimana: Seorang anak laki-laki duduk di sebelah Andi.,Di mana Seorang anak laki-laki duduk ?
generate apa: Anak laki-laki teman baru itu bernama Budi.,Apa yang bernama Budi?
generate siapa: Anak laki-laki teman baru itu bernama Budi.,Siapa yang Anak laki-laki teman baru itu nama?
generate siapa: Andi berkenalan dengan Budi sambil tersenyum ramah.,Siapa yang berkenalan dengan budi?
generate apa: Bel sekolah berbunyi dengan suara sangat nyaring.,Apa yang berbunyi dengan suara sangat nyaring?
generate apa: Ibu guru melangkah masuk ke dalam ruangan.,Apa yang melangkah masuk ke dalam ruangan?
generate kemana: Ibu guru melangkah masuk ke dalam ruangan.,Ke mana Ibu guru melangkah masuk ?
generate apa: Ibu guru memperkenalkan diri kepada murid-murid baru.,Apa yang memperkenalkan diri kepada murid-murid baru?
generate apa: Ibu guru memperkenalkan diri kepada murid-murid baru.,Apa yang Ibu guru kenalkan kepada murid-murid baru?
generate apa: Ibu guru membagikan buku tulis gambar baru.,Apa yang membagikan buku tulis gambar baru?
generate apa: Ibu guru membagikan buku tulis gambar baru.,Apa yang Ibu guru bagikan?
generate apa: Murid-murid belajar bernyanyi bersama-sama penuh riang.,Apa yang belajar bernyanyi?
generate apa: Waktu istirahat tiba pada pukul sembilan tepat.,Apa yang tiba?
generate siapa: Andi dan Budi memakan bekal roti bersama.,Siapa yang memakan bekal roti bersama?
generate apa: Andi dan Budi memakan bekal roti bersama.,Apa yang Andi dan Budi makan bersama?
generate siapa: Andi sangat menyukai hari pertama sekolah ini.,Siapa yang menyukai hari pertama sekolah ini sangat?
generate apa: Andi sangat menyukai hari pertama sekolah ini.,Apa yang Andi sukai sangat?
generate siapa: Sekolah mengadakan kegiatan pemilihan dokter cilik teladan.,Siapa yang mengadakan kegiatan pemilihan dokter cilik teladan?
generate apa: Sekolah mengadakan kegiatan pemilihan dokter cilik teladan.,Apa yang Sekolah adakan?
generate siapa: Rina mendaftar menjadi peserta seleksi acara tersebut.,Siapa yang mendaftar menjadi peserta seleksi acara tersebut?
generate apa: Rina mendaftar menjadi peserta seleksi acara tersebut.,Apa yang Rina daftari?
generate siapa: Rina membaca banyak buku tentang kesehatan anak.,Siapa yang membaca buku kesehatan anak banyak?
generate apa: Rina membaca banyak buku tentang kesehatan anak.,Apa yang Rina baca banyak?
generate apa: Guru pembina memberikan lembar tes kepada peserta.,Apa yang memberikan lembar tes kepada peserta?
generate apa: Guru pembina memberikan lembar tes kepada peserta.,Apa yang Guru pembina berikan kepada peserta?
generate siapa: Rina menjawab semua pertanyaan tes dengan benar.,Siapa yang menjawab semua pertanyaan tes benar?
generate apa: Rina menjawab semua pertanyaan tes dengan benar.,Apa yang Rina jawab?
generate apa: Guru pembina mengumumkan hasil tes seleksi itu.,Apa yang mengumumkan hasil tes seleksi itu?
generate apa: Guru pembina mengumumkan hasil tes seleksi itu.,Apa yang Guru pembina umumkan?
generate siapa: Rina mendapat seragam jas putih ukuran kecil.,Siapa yang mendapat seragam jas putih ukuran kecil?
generate apa: Rina mendapat seragam jas putih ukuran kecil.,Apa yang Rina dapat?
generate apa: Rina juga mendapat lencana bergambar palang merah.,Apa yang Rina dapat juga?
generate siapa: Tugas Rina menjaga ruang Usaha Kesehatan Sekolah.,Siapa yang menjaga ruang Usaha?
generate siapa: Tugas Rina menjaga ruang Usaha Kesehatan Sekolah.,Siapa yang Tugas Rina jaga?
generate apa: Saat jam istirahat Toni jatuh di lapangan.,Apa yang jatuh di lapangan?
generate dimana: Saat jam istirahat Toni jatuh di lapangan.,Di mana jam istirahat Toni jatuh ?
generate siapa: Toni menangis karena lutut kirinya sedikit berdarah.,Siapa yang menangis sedikit?
generate apa: Teman-teman memapah Toni ke ruang kesehatan segera.,Apa yang memapah Toni ke ruang kesehatan segera?
generate siapa: Teman-teman memapah Toni ke ruang kesehatan segera.,Siapa yang Teman-teman papah ke ruang kesehatan segera?
generate kemana: Teman-teman memapah Toni ke ruang kesehatan segera.,Ke mana Teman-teman memapah Toni?
generate apa: Rina cepat mengambil kotak obat pertolongan pertama.,Apa yang mengambil kotak obat pertolongan pertama?
generate apa: Rina cepat mengambil kotak obat pertolongan pertama.,Apa yang Rina cepat ambil?
generate siapa: Rina membersihkan luka Toni menggunakan kapas basah.,Siapa yang membersihkan menggunakan kapas basah?
generate apa: Rina membersihkan luka Toni menggunakan kapas basah.,Apa yang Rina bersihkan?
generate siapa: Rina mengoleskan cairan antiseptik pada luka berdarah.,Siapa yang mengoleskan cairan antiseptik pada luka berdarah?
generate apa: Rina mengoleskan cairan antiseptik pada luka berdarah.,Apa yang Rina oleskan pada luka berdarah?
generate siapa: Toni meringis pelan menahan perih di lutut.,Siapa yang meringis menahan perih pelan di lutut?
generate apa: Toni meringis pelan menahan perih di lutut.,Apa yang Toni ringis pelan di lutut?
generate dimana: Toni meringis pelan menahan perih di lutut.,Di mana Toni meringis menahan perih?
generate siapa: Rina menempelkan plester cokelat dengan sangat hati-hati.,Siapa yang menempelkan plester cokelat?
generate apa: Rina menempelkan plester cokelat dengan sangat hati-hati.,Apa yang Rina tempelkan?
generate siapa: Rina memberikan segelas air putih hangat diminum.,Siapa yang memberikan segelas air putih hangat?
generate apa: Rina memberikan segelas air putih hangat diminum.,Apa yang Rina berikan?
generate siapa: Toni meminum air putih untuk menenangkan diri.,Siapa yang meminum menenangkan diri?
generate apa: Toni meminum air putih untuk menenangkan diri.,Apa yang Toni pinumkan?
generate siapa: Toni mengucapkan terima kasih kepada dokter Rina.,Siapa yang mengucapkan terima kasih kepada dokter rina?
generate apa: Toni mengucapkan terima kasih kepada dokter Rina.,Apa yang Toni ucapkan kepada dokter rina?
generate apa: Guru pembina memuji tindakan Rina yang cekatan.,Apa yang memuji tindakan Rina yang cekatan?
generate siapa: Guru pembina memuji tindakan Rina yang cekatan.,Siapa yang Guru pembina puji?
generate siapa: Desa Mekar Sari mengadakan perlombaan menyanyi tahunan.,Siapa yang mengadakan perlombaan menyanyi tahunan?
generate dimana: Panggung besar didirikan di lapangan balai desa.,Di mana  didirikan ?
generate siapa: Siti mendaftar sebagai peserta lomba tarik suara.,Siapa yang mendaftar sebagai peserta lomba tarik suara?
generate siapa: Siti berlatih menyanyi setiap sore hari cerah.,Siapa yang berlatih menyanyi setiap sore hari cerah?
generate apa: Siti berlatih menyanyi setiap sore hari cerah.,Apa yang Siti latihi?
generate siapa: Siti memilih lagu tentang keindahan alam desa.,Siapa yang memilih lagu keindahan alam desa?
generate apa: Siti memilih lagu tentang keindahan alam desa.,Apa yang Siti pilih?
generate apa: Malam perlombaan tiba dengan suasana sangat meriah.,Apa yang tiba dengan suasana sangat meriah?
generate apa: Banyak warga berkumpul menonton di depan panggung.,Apa yang berkumpul menonton di depan panggung?
generate dimana: Banyak warga berkumpul menonton di depan panggung.,Di mana Banyak warga berkumpul menonton ?
generate apa: Pembawa acara memanggil nama peserta satu persatu.,Apa yang memanggil nama peserta satu persatu?
generate apa: Pembawa acara memanggil nama peserta satu persatu.,Apa yang Pembawa acara panggil?
generate siapa: Tiba giliran nomor Siti naik ke panggung.,Siapa yang naik ke panggung?
generate kemana: Tiba giliran nomor Siti naik ke panggung.,Ke mana Siti naik ?
generate siapa: Siti memakai gaun panjang berwarna merah jambu.,Siapa yang memakai gaun panjang?
generate apa: Siti memakai gaun panjang berwarna merah jambu.,Apa yang Siti pakai?
generate siapa: Jantung Siti berdebar di dada sangat kencang.,Siapa yang berdebar di dada sangat kencang?
generate dimana: Jantung Siti berdebar di dada sangat kencang.,Di mana Jantung Siti berdebar ?
generate siapa: Siti memegang mikrofon dengan tangan sedikit gemetar.,Siapa yang memegang mikrofon dengan tangan sedikit gemetar?
generate apa: Siti memegang mikrofon dengan tangan sedikit gemetar.,Apa yang Siti pegang dengan tangan sedikit gemetar?
generate siapa: Siti menarik napas panjang dan menjadi tenang.,Siapa yang menarik napas panjang?
generate siapa: Siti menyanyikan lirik lagu dengan nada merdu.,Siapa yang menyanyikan lirik lagu dengan nada merdu?
generate apa: Siti menyanyikan lirik lagu dengan nada merdu.,Apa yang Siti nyanyikan dengan nada merdu?
generate siapa: Siti bernyanyi sambil tersenyum manis menatap penonton.,Siapa yang bernyanyi tersenyum penonton?
generate apa: Siti bernyanyi sambil tersenyum manis menatap penonton.,Apa yang Siti nyanyi?
generate siapa: Lagu berakhir dengan nada tinggi yang sempurna.,Siapa yang berakhir dengan nada tinggi yang sempurna?
generate apa: Semua penonton bertepuk tangan bergemuruh sangat keras.,Apa yang Semua penonton tepuk?
generate siapa: Siti menundukkan badan ke depan memberi hormat.,Siapa yang menundukkan memberi hormat ke depan?
generate apa: Siti menundukkan badan ke depan memberi hormat.,Apa yang Siti tunduki ke depan?
generate kemana: Siti menundukkan badan ke depan memberi hormat.,Ke mana Siti menundukkan memberi hormat?
generate siapa: Siti turun dari anak tangga panggung lega.,Siapa yang turun dari anak tangga panggung lega?
generate darimana: Siti turun dari anak tangga panggung lega.,Dari mana Siti turun ?
generate apa: Kepala desa mengumumkan pemenang lomba menyanyi itu.,Apa yang mengumumkan pemenang lomba?
generate apa: Kepala desa mengumumkan pemenang lomba menyanyi itu.,Apa yang Kepala desa umumkan?
generate siapa: Siti berhasil meraih posisi juara pertama bernyanyi.,Siapa yang berhasil meraih posisi juara pertama bernyanyi?
generate apa: Siti berhasil meraih posisi juara pertama bernyanyi.,Apa yang Siti berhasil?
generate apa: Ayah dan ibu memeluk Siti sangat gembira.,Apa yang memeluk Siti sangat gembira?
generate siapa: Ayah dan ibu memeluk Siti sangat gembira.,Siapa yang Ayah dan ibu peluk sangat gembira?
generate apa: Malam ini adalah jadwal piket poskamling ayah.,Apa yang jadwal?
generate siapa: Ayah bersiap pergi menuju pos ronda desa.,Siapa yang bersiap pergi menuju pos ronda desa?
generate siapa: Ayah memakai jaket tebal dan kain sarung.,Siapa yang memakai jaket tebal?
generate siapa: Ayah membawa lampu senter hitam ukuran besar.,Siapa yang membawa lampu senter hitam ukuran besar?
generate apa: Ayah membawa lampu senter hitam ukuran besar.,Apa yang Ayah bawa?
generate siapa: Doni melihat ayah berangkat dari jendela kaca.,Siapa yang melihat berangkat ayah dari jendela kaca?
generate apa: Doni melihat ayah berangkat dari jendela kaca.,Apa yang Doni lihat dari jendela kaca?
generate darimana: Doni melihat ayah berangkat dari jendela kaca.,Dari mana Doni melihat berangkat ayah?
generate siapa: Ayah berjalan menuju pos ronda di pertigaan.,Siapa yang berjalan menuju pos ronda di pertigaan?
generate dimana: Ayah berjalan menuju pos ronda di pertigaan.,Di mana Ayah berjalan ?
generate apa: Beberapa tetangga bapak sudah berkumpul di pos.,Apa yang sudah berkumpul di pos?
generate dimana: Beberapa tetangga bapak sudah berkumpul di pos.,Di mana Beberapa tetangga bapak sudah berkumpul ?
generate siapa: Mereka menyalakan api kecil di kaleng bekas.,Siapa yang menyalakan api kecil di kaleng bekas?
generate apa: Mereka menyalakan api kecil di kaleng bekas.,Apa yang Mereka nyalakan di kaleng bekas?
generate dimana: Mereka menyalakan api kecil di kaleng bekas.,Di mana Mereka menyalakan api kecil?
generate siapa: Ayah duduk bersila di bangku kayu panjang.,Siapa yang duduk bersila di bangku kayu panjang?
generate dimana: Ayah duduk bersila di bangku kayu panjang.,Di mana Ayah duduk bersila ?
generate apa: Bapak-bapak mengobrol sambil meminum kopi panas hitam.,Apa yang mengobrol meminum kopi panas hitam?
generate apa: Bapak-bapak mengobrol sambil meminum kopi panas hitam.,Apa yang Bapak-bapak kobrol?
generate apa: Waktu malam menunjukkan pukul dua belas tepat.,Apa yang menunjukkan pukul dua belas tepat?
generate apa: Waktu malam menunjukkan pukul dua belas tepat.,Apa yang Waktu malam tunjukkan?
generate siapa: Ayah dan Pak RT mulai berkeliling desa.,Siapa yang mulai berkeliling desa?
generate apa: Ayah dan Pak RT mulai berkeliling desa.,Apa yang Ayah dan Pak RT mulai?
generate siapa: Mereka memukul kentongan bambu secara berirama pelan.,Siapa yang memukul berirama kentongan bambu?
generate kemana: Suara kentongan tanda aman terdengar ke rumah.,Ke mana  terdengar ?
generate siapa: Ayah memeriksa kunci pintu pagar rumah warga.,Siapa yang memeriksa kunci pintu pagar rumah warga?
generate apa: Ayah memeriksa kunci pintu pagar rumah warga.,Apa yang Ayah periksa?
generate siapa: Ayah mengarahkan cahaya senter ke jalan gelap.,Siapa yang mengarahkan cahaya senter ke jalan gelap?
generate apa: Ayah mengarahkan cahaya senter ke jalan gelap.,Apa yang Ayah karahkan ke jalan gelap?
generate kemana: Ayah mengarahkan cahaya senter ke jalan gelap.,Ke mana Ayah mengarahkan cahaya senter?
generate apa: Suasana desa malam ini sangat sepi aman.,Apa yang sepi sangat aman?
generate siapa: Mereka kembali ke pos ronda selesai berkeliling.,Siapa yang kembali ke pos ronda?
generate kemana: Mereka kembali ke pos ronda selesai berkeliling.,Ke mana Mereka kembali ?
generate siapa: Ibu membawakan piring singkong rebus untuk ayah.,Siapa yang membawakan piring singkong rebus untuk ayah?
generate apa: Ibu membawakan piring singkong rebus untuk ayah.,Apa yang Ibu bawakan untuk ayah?
generate siapa: Ibu menyerahkan bungkusan itu kepada Doni terbangun.,Siapa yang menyerahkan terbangun bungkusan itu?
generate siapa: Doni mengantarkan singkong rebus ke pos ronda.,Siapa yang mengantarkan singkong rebus ke pos ronda?
generate kemana: Doni mengantarkan singkong rebus ke pos ronda.,Ke mana Doni mengantarkan singkong rebus?
generate siapa: Ayah membagikan makanan singkong kepada teman piket.,Siapa yang membagikan makanan singkong kepada teman piket?
generate apa: Ayah membagikan makanan singkong kepada teman piket.,Apa yang Ayah bagikan kepada teman piket?
generate siapa: Mereka makan singkong sambil menjaga keamanan desa.,Siapa yang makan menjaga keamanan desa?
generate apa: Mereka makan singkong sambil menjaga keamanan desa.,Apa yang Mereka makan?
generate siapa: Doni segera pulang kembali ke rumah tidur.,Siapa yang pulang segera ke rumah tidur?
generate kemana: Doni segera pulang kembali ke rumah tidur.,Ke mana Doni pulang ?
generate apa: Kegiatan siskamling membuat lingkungan desa selalu aman.,Apa yang membuat lingkungan desa aman?
generate siapa: Andi memiliki sepeda mini beroda empat hijau.,Siapa yang memiliki sepeda mini?
generate siapa: Andi ingin bisa mengendarai sepeda roda dua.,Siapa yang ingin bisa mengendarai sepeda roda dua?
generate apa: Andi ingin bisa mengendarai sepeda roda dua.,Apa yang Andi kendarai?
generate siapa: Ayah melepaskan dua roda bantuan kecil di belakang.,Siapa yang melepaskan dua roda bantuan kecil di belakang?
generate apa: Ayah melepaskan dua roda bantuan kecil di belakang.,Apa yang Ayah lepaskan di belakang?
generate dimana: Ayah melepaskan dua roda bantuan kecil di belakang.,Di mana Ayah melepaskan dua roda bantuan kecil?
generate siapa: Ayah membawa sepeda Andi ke lapangan rumput.,Siapa yang membawa sepeda Andi ke lapangan rumput?
generate siapa: Ayah membawa sepeda Andi ke lapangan rumput.,Siapa yang Ayah bawa ke lapangan rumput?
generate kemana: Ayah membawa sepeda Andi ke lapangan rumput.,Ke mana Ayah membawa sepeda Andi?
generate apa: Lapangan rumput mengurangi risiko sakit saat jatuh.,Apa yang mengurangi jatuh risiko sakit?
generate apa: Lapangan rumput mengurangi risiko sakit saat jatuh.,Apa yang Lapangan rumput kurang?
generate siapa: Andi menaiki sadel sepeda hijau tersebut berani.,Siapa yang menaiki sadel sepeda hijau tersebut berani?
generate apa: Andi menaiki sadel sepeda hijau tersebut berani.,Apa yang Andi naiki?
generate siapa: Kaki Andi memijak pedal bagian kiri kanan.,Siapa yang memijak pedal bagian kiri kanan?
generate apa: Kaki Andi memijak pedal bagian kiri kanan.,Apa yang Kaki Andi pijak?
generate siapa: Ayah memegang erat bagian belakang jok sepeda.,Siapa yang memegang bagian belakang jok sepeda erat?
generate apa: Ayah memegang erat bagian belakang jok sepeda.,Apa yang Ayah pegang erat?
generate siapa: Andi mulai mengayuh pedal dengan dorongan perlahan.,Siapa yang mulai mengayuh pedal dengan dorongan perlahan?
generate apa: Andi mulai mengayuh pedal dengan dorongan perlahan.,Apa yang Andi mulai dengan dorongan perlahan?
generate apa: Sepeda hijau melaju lurus ke arah depan.,Apa yang melaju lurus ke arah depan?
generate kemana: Sepeda hijau melaju lurus ke arah depan.,Ke mana Sepeda hijau melaju ?
generate siapa: Ayah berlari kecil mengikuti gerakan sepeda Andi.,Siapa yang berlari mengikuti gerakan sepeda Andi kecil?
generate siapa: Ayah berlari kecil mengikuti gerakan sepeda Andi.,Siapa yang Ayah lari kecil?
generate siapa: Andi merasa keseimbangan tubuhnya menjadi sedikit goyah.,Siapa yang merasa keseimbangan tubuh nya?
generate apa: Andi merasa keseimbangan tubuhnya menjadi sedikit goyah.,Apa yang Andi rasa?
generate apa: Stang sepeda tiba-tiba berbelok tajam ke kiri.,Apa yang berbelok tiba-tiba tajam ke kiri?
generate kemana: Stang sepeda tiba-tiba berbelok tajam ke kiri.,Ke mana Stang sepeda berbelok ?
generate kemana: Andi terjatuh lemas ke atas rumput tebal.,Ke mana  terjatuh ?
generate siapa: Andi tidak menangis sama sekali merasa sakit.,Siapa yang menangis tidak sama sekali?
generate siapa: Ayah membangunkan Andi dan membersihkan kotoran rumput.,Siapa yang membangunkan Andi?
generate siapa: Ayah membangunkan Andi dan membersihkan kotoran rumput.,Siapa yang Ayah bangunkan?
generate siapa: Andi kembali menaiki sepeda kesayangannya pantang menyerah.,Siapa yang menaiki menyerah sepeda kesayangan nya kembali?
generate siapa: Andi mengayuh pedal lebih cepat dari sebelumnya.,Siapa yang mengayuh pedal lebih cepat dari sebelumnya?
generate apa: Andi mengayuh pedal lebih cepat dari sebelumnya.,Apa yang Andi ayuh lebih cepat dari sebelumnya?
generate kapan: Andi mengayuh pedal lebih cepat dari sebelumnya.,Kapan Andi mengayuh pedal?
generate darimana: Andi mengayuh pedal lebih cepat dari sebelumnya.,Dari mana Andi mengayuh pedal?
generate apa: Kecepatan membantu putaran sepeda menjadi lebih seimbang.,Apa yang menjadi lebih seimbang?
generate siapa: Ayah perlahan melepaskan pegangannya dari jok belakang.,Siapa yang melepaskan pegangan nya perlahan dari jok belakang?
generate apa: Ayah perlahan melepaskan pegangannya dari jok belakang.,Apa yang Ayah lepaskan perlahan dari jok belakang?
generate darimana: Ayah perlahan melepaskan pegangannya dari jok belakang.,Dari mana Ayah melepaskan pegangan nya?
generate siapa: Andi mengayuh sepeda sendirian melaju tanpa bantuan.,Siapa yang mengayuh melaju sepeda sendirian tanpa bantuan?
generate apa: Andi mengayuh sepeda sendirian melaju tanpa bantuan.,Apa yang Andi ayuh tanpa bantuan?
generate siapa: Andi berhasil melaju sejauh jarak sepuluh meter.,Siapa yang berhasil melaju sejauh jarak sepuluh meter?
generate siapa: Andi menekan tuas rem rem secara perlahan.,Siapa yang menekan tuas rem rem perlahan?
generate apa: Andi menekan tuas rem rem secara perlahan.,Apa yang Andi tekan perlahan?
generate dimana: Sepeda berhenti dengan sangat mulus di ujung.,Di mana Sepeda berhenti ?
generate apa: Siswa kelas lima sekolah mengadakan bakti sosial.,Apa yang mengadakan bakti sosial?
generate apa: Siswa kelas lima sekolah mengadakan bakti sosial.,Apa yang Siswa kelas lima sekolah adakan?
generate siapa: Mereka mengunjungi gedung panti asuhan pinggir kota.,Siapa yang mengunjungi gedung panti asuhan pinggir kota?
generate apa: Mereka mengunjungi gedung panti asuhan pinggir kota.,Apa yang Mereka kunjungi?
generate apa: Siswa membawa kardus sumbangan buku dan pakaian layak.,Apa yang membawa kardus sumbangan buku?
generate apa: Siswa membawa kardus sumbangan buku dan pakaian layak.,Apa yang Siswa bawa?
generate siapa: Rombongan tiba di lokasi panti asuhan siang.,Siapa yang tiba di lokasi panti asuhan siang?
generate kapan: Rombongan tiba di lokasi panti asuhan siang.,Kapan Rombongan tiba ?
generate dimana: Rombongan tiba di lokasi panti asuhan siang.,Di mana Rombongan tiba ?
generate apa: Pengurus panti menyambut para siswa dengan sangat hangat.,Apa yang menyambut para siswa?
generate apa: Anak-anak panti asuhan berbaris rapi di aula.,Apa yang berbaris rapi di aula?
generate dimana: Anak-anak panti asuhan berbaris rapi di aula.,Di mana Anak-anak panti asuhan berbaris ?
generate apa: Ketua kelas menyerahkan sumbangan simbolis kepada pengurus.,Apa yang menyerahkan sumbangan simbolis kepada pengurus?
generate apa: Ketua kelas menyerahkan sumbangan simbolis kepada pengurus.,Apa yang Ketua kelas serahkan kepada pengurus?
generate apa: Siswa membagikan kotak nasi makanan kepada anak.,Apa yang membagikan kotak nasi makanan kepada anak?
generate apa: Siswa membagikan kotak nasi makanan kepada anak.,Apa yang Siswa bagikan kepada anak?
generate siapa: Mereka duduk melingkar membaur di atas karpet.,Siapa yang duduk melingkar membaur di atas karpet?
generate dimana: Mereka duduk melingkar membaur di atas karpet.,Di mana Mereka duduk melingkar membaur ?
generate siapa: Fina berkenalan dengan anak perempuan bernama Sari.,Siapa yang berkenalan dengan anak perempuan bernama sari?
generate siapa: Sari bercerita tenang tentang kegiatannya di panti.,Siapa yang bercerita tenang tentang kegiatan di panti?
generate dimana: Sari bercerita tenang tentang kegiatannya di panti.,Di mana Sari bercerita ?
generate siapa: Sari mengatakan sangat suka membaca buku cerita.,Siapa yang mengatakan suka buku cerita?
generate siapa: Fina mengambil sebuah buku dongeng baru bergambar.,Siapa yang mengambil sebuah buku dongeng baru?
generate apa: Fina mengambil sebuah buku dongeng baru bergambar.,Apa yang Fina ambil?
generate siapa: Fina memberikan buku dongeng bagus kepada Sari.,Siapa yang memberikan buku dongeng bagus kepada sari?
generate apa: Fina memberikan buku dongeng bagus kepada Sari.,Apa yang Fina berikan kepada sari?
generate apa: Fina dan teman-teman mengadakan permainan tebak kelompok.,Apa yang mengadakan permainan tebak kelompok?
generate apa: Fina dan teman-teman mengadakan permainan tebak kelompok.,Apa yang Fina dan teman-teman adakan?
generate siapa: Mereka bermain tebak kata hewan dengan meriah.,Siapa yang bermain tebak kata hewan dengan meriah?
generate apa: Mereka bermain tebak kata hewan dengan meriah.,Apa yang Mereka main dengan meriah?
generate apa: Suara tawa keras memenuhi ruangan aula panti.,Apa yang memenuhi ruangan aula panti?
generate apa: Suara tawa keras memenuhi ruangan aula panti.,Apa yang Suara tawa keras penuhi?
generate apa: Pemenang permainan mendapat hadiah sebungkus makanan ringan.,Apa yang mendapat hadiah sebungkus makanan ringan?
generate apa: Pemenang permainan mendapat hadiah sebungkus makanan ringan.,Apa yang Pemenang permainan dapat?
generate apa: Siswa harus kembali menuju sekolah sore ini.,Apa yang harus kembali menuju sekolah sore ini?
generate siapa: Mereka berpamitan menyalami anak-anak penghuni panti asuhan.,Siapa yang berpamitan menyalami anak-anak penghuni panti asuhan?
generate apa: Mereka berpamitan menyalami anak-anak penghuni panti asuhan.,Apa yang Mereka pamiti?
generate siapa: Fina melambaikan tangan panjang ke arah Sari.,Siapa yang melambaikan tangan panjang ke arah sari?
generate apa: Fina melambaikan tangan panjang ke arah Sari.,Apa yang Fina lambaikan ke arah sari?
generate kemana: Fina melambaikan tangan panjang ke arah Sari.,Ke mana Fina melambaikan tangan panjang?
generate apa: Kegiatan bakti sosial ini mengajarkan rasa peduli.,Apa yang mengajarkan rasa?
generate apa: Kegiatan bakti sosial ini mengajarkan rasa peduli.,Apa yang Kegiatan bakti sosial ini ajarkan?
generate apa: Semua siswa merasa bersyukur memiliki keluarga utuh.,Apa yang merasa bersyukur keluarga utuh?
generate apa: Semua siswa merasa bersyukur memiliki keluarga utuh.,Apa yang Semua siswa rasa?
generate siapa: Liburan sekolah semester Bayu dihabiskan di desa.,Siapa yang dihabiskan di desa?
generate dimana: Liburan sekolah semester Bayu dihabiskan di desa.,Di mana Bayu dihabiskan ?
generate siapa: Kakek akan memanen hamparan padi di sawah.,Siapa yang akan memanen hamparan padi di sawah?
generate apa: Kakek akan memanen hamparan padi di sawah.,Apa yang Kakek memanen di sawah?
generate dimana: Kakek akan memanen hamparan padi di sawah.,Di mana Kakek akan memanen hamparan padi?
generate siapa: Pagi hari Bayu memakai topi caping bambu.,Siapa yang memakai topi caping bambu pagi hari?
generate apa: Pagi hari Bayu memakai topi caping bambu.,Apa yang Bayu pakai pagi hari?
generate kapan: Pagi hari Bayu memakai topi caping bambu.,Kapan Bayu memakai topi caping bambu?
generate siapa: Bayu membawa sebotol besar air minum dingin.,Siapa yang membawa sebotol besar air minum dingin?
generate siapa: Mereka berjalan menyusuri pematang sawah jalan setapak.,Siapa yang berjalan menyusuri pematang sawah jalan setapak?
generate apa: Mereka berjalan menyusuri pematang sawah jalan setapak.,Apa yang Mereka jalani?
generate siapa: Padi di sawah menguning layaknya hamparan emas.,Siapa yang menguning layak nya hamparan emas di sawah?
generate apa: Padi di sawah menguning layaknya hamparan emas.,Apa yang Padi uning di sawah?
generate dimana: Padi di sawah menguning layaknya hamparan emas.,Di mana Padi menguning layak nya hamparan emas?
generate apa: Banyak buruh tani lain ikut membantu kakek.,Apa yang ikut membantu kakek?
generate apa: Banyak buruh tani lain ikut membantu kakek.,Apa yang Banyak buruh tani lain ikut?
generate siapa: Kakek memotong batang padi menggunakan arit tajam.,Siapa yang memotong menggunakan arit tajam?
generate apa: Kakek memotong batang padi menggunakan arit tajam.,Apa yang Kakek potongkan?
generate siapa: Bayu bertugas rajin mengumpulkan potongan batang padi.,Siapa yang bertugas rajin potongan batang padi?
generate siapa: Bayu menumpuk padi panen di atas tikar.,Siapa yang menumpuk padi panen di atas tikar?
generate dimana: Bayu menumpuk padi panen di atas tikar.,Di mana Bayu menumpuk padi panen?
generate siapa: Kakek membawa alat mesin perontok padi manual.,Siapa yang membawa alat mesin perontok padi manual?
generate apa: Kakek membawa alat mesin perontok padi manual.,Apa yang Kakek bawa?
generate siapa: Kakek menginjak pedal alat kayu perontok itu.,Siapa yang menginjak pedal alat kayu perontok itu?
generate apa: Kakek menginjak pedal alat kayu perontok itu.,Apa yang Kakek injak?
generate siapa: Kakek memukul batang padi mendekati putaran roda.,Siapa yang memukul mendekati putaran roda?
generate apa: Kakek memukul batang padi mendekati putaran roda.,Apa yang Kakek pukuli?
generate apa: Bulir-bulir gabah padi rontok jatuh ke tikar.,Apa yang jatuh ke tikar?
generate kemana: Bulir-bulir gabah padi rontok jatuh ke tikar.,Ke mana Bulir-bulir gabah padi rontok jatuh ?
generate siapa: Bayu membantu memasukkan butiran gabah ke karung.,Siapa yang membantu memasukkan butiran gabah ke karung?
generate apa: Bayu membantu memasukkan butiran gabah ke karung.,Apa yang Bayu bantukan ke karung?
generate kemana: Bayu membantu memasukkan butiran gabah ke karung.,Ke mana Bayu membantu memasukkan butiran gabah?
generate siapa: Tangan leher Bayu terasa sedikit gatal daun.,Siapa yang terasa sedikit gatal daun?
generate siapa: Kakek mencuci tubuh Bayu di aliran parit.,Siapa yang mencuci tubuh Bayu di aliran parit?
generate siapa: Kakek mencuci tubuh Bayu di aliran parit.,Siapa yang Kakek cuci di aliran parit?
generate dimana: Kakek mencuci tubuh Bayu di aliran parit.,Di mana Kakek mencuci tubuh Bayu?
generate kapan: Siang hari terik nenek mengantar rantang makanan.,Kapan  terik mengantar rantang makanan?
generate siapa: Mereka makan siang berteduh di bawah pohon.,Siapa yang makan siang di bawah pohon?
generate apa: Mereka makan siang berteduh di bawah pohon.,Apa yang Mereka makan di bawah pohon?
generate dimana: Mereka makan siang berteduh di bawah pohon.,Di mana Mereka makan siang?
generate apa: Angin sepoi sawah bertiup membawa rasa sejuk.,Apa yang membawa rasa sejuk?
generate apa: Angin sepoi sawah bertiup membawa rasa sejuk.,Apa yang Angin sepoi sawah bertiup bawa?
generate apa: Panen potong padi selesai menjelang waktu sore.,Apa yang selesai menjelang waktu sore?
generate siapa: Kakek mengangkut karung gabah menggunakan gerobak sapi.,Siapa yang mengangkut menggunakan gerobak sapi?
generate apa: Kakek mengangkut karung gabah menggunakan gerobak sapi.,Apa yang Kakek angkutkan?
generate siapa: Bayu ikut duduk tenang di atas gerobak.,Siapa yang ikut duduk di atas gerobak?
generate dimana: Bayu ikut duduk tenang di atas gerobak.,Di mana Bayu ikut duduk ?
generate apa: Pengalaman panen padi sangat melelahkan tapi menyenangkan.,Apa yang melelahkan sangat?
generate apa: Hari ini nenek kandung berulang tahun keenam puluh.,Apa yang nenek berulang?
generate apa: Keluarga besar kumpul bersama di rumah kakek.,Apa yang kumpul bersama di rumah kakek?
generate dimana: Keluarga besar kumpul bersama di rumah kakek.,Di mana Keluarga besar kumpul ?
generate apa: Ibu sibuk memasak banyak makanan di dapur.,Apa yang memasak makanan banyak di dapur?
generate apa: Ibu sibuk memasak banyak makanan di dapur.,Apa yang Ibu sibuk pasak banyak di dapur?
generate dimana: Ibu sibuk memasak banyak makanan di dapur.,Di mana Ibu sibuk memasak makanan?
generate siapa: Paman memasang dekorasi lampion balon di ruangan.,Siapa yang memasang dekorasi lampion balon di ruangan?
generate apa: Paman memasang dekorasi lampion balon di ruangan.,Apa yang Paman memasang di ruangan?
generate dimana: Paman memasang dekorasi lampion balon di ruangan.,Di mana Paman memasang dekorasi lampion balon?
generate siapa: Dina menyiapkan kado kejutan spesial untuk nenek.,Siapa yang menyiapkan kado kejutan spesial untuk nenek?
generate apa: Dina menyiapkan kado kejutan spesial untuk nenek.,Apa yang Dina siapkan untuk nenek?
generate siapa: Nenek duduk tenang di kursi utama ruangan.,Siapa yang duduk tenang di kursi utama ruangan?
generate dimana: Nenek duduk tenang di kursi utama ruangan.,Di mana Nenek duduk ?
generate siapa: Ayah membawa kue tart rasa cokelat lezat.,Siapa yang membawa kue tart rasa cokelat lezat?
generate apa: Kue itu memiliki angka lilin enam puluh.,Apa yang memiliki angka lilin enam puluh?
generate apa: Kue itu memiliki angka lilin enam puluh.,Apa yang Kue itu miliki?
generate apa: Seluruh anggota keluarga menyanyikan lagu panjang umurnya.,Apa yang menyanyikan lagu panjang umurnya?
generate apa: Seluruh anggota keluarga menyanyikan lagu panjang umurnya.,Apa yang Seluruh anggota keluarga nyanyikan?
generate siapa: Nenek meniup nyala lilin dengan sekali hembusan.,Siapa yang meniup nyala lilin sekali dengan sekali hembusan?
generate apa: Nenek meniup nyala lilin dengan sekali hembusan.,Apa yang Nenek tiup sekali dengan sekali hembusan?
generate apa: Semua orang bertepuk tangan gembira sangat meriah.,Apa yang bertepuk tangan gembira sangat meriah?
generate apa: Semua orang bertepuk tangan gembira sangat meriah.,Apa yang Semua orang tepuk sangat meriah?
generate siapa: Nenek memotong kue tart cokelat potongan pertama.,Siapa yang memotong kue tart cokelat potongan pertama?
generate apa: Nenek memotong kue tart cokelat potongan pertama.,Apa yang Nenek potong?
generate siapa: Dina maju ke depan menyodorkan kotak kado.,Siapa yang maju menyodorkan kotak kado ke depan?
generate apa: Dina maju ke depan menyodorkan kotak kado.,Apa yang Dina majukan ke depan?
generate kemana: Dina maju ke depan menyodorkan kotak kado.,Ke mana Dina maju menyodorkan kotak kado?
generate siapa: Nenek membuka robek kertas kado dengan hati-hati.,Siapa yang membuka robek kertas kado dengan hati-hati?
generate apa: Nenek membuka robek kertas kado dengan hati-hati.,Apa yang Nenek buka dengan hati-hati?
generate siapa: Nenek melihat syal rajutan berwarna merah hati.,Siapa yang melihat syal rajutan?
generate apa: Nenek melihat syal rajutan berwarna merah hati.,Apa yang Nenek lihat?
generate siapa: Nenek sangat menyukai hasil hadiah cucunya itu.,Siapa yang menyukai hasil hadiah cucu nya itu sangat?
generate apa: Nenek sangat menyukai hasil hadiah cucunya itu.,Apa yang Nenek sukai sangat?
generate siapa: Nenek langsung melilitkan memakai syal merah tebal.,Siapa yang melilitkan memakai syal merah tebal langsung?
generate apa: Nenek langsung melilitkan memakai syal merah tebal.,Apa yang Nenek liliti langsung?
generate siapa: Mereka makan malam bersama menyantap masakan nikmat.,Siapa yang makan menyantap masakan nikmat?
generate apa: Mereka makan malam bersama menyantap masakan nikmat.,Apa yang Mereka makan?
generate siapa: Paman memetik gitar akustik menghibur suasana keluarga.,Siapa yang memetik menghibur suasana keluarga?
generate apa: Sepupu kembar Dina ikut bernyanyi lagu riang.,Apa yang ikut bernyanyi lagu riang?
generate apa: Sepupu kembar Dina ikut bernyanyi lagu riang.,Apa yang Sepupu kembar Dina ikuti?
generate siapa: Nenek tersenyum bahagia melihat seluruh keluarganya kumpul.,Siapa yang tersenyum melihat seluruh keluarga nya bahagia?
generate apa: Nenek tersenyum bahagia melihat seluruh keluarganya kumpul.,Apa yang Nenek senyum bahagia?
generate apa: Sekolah swasta Santi mengadakan kelas kesenian membatik.,Apa yang mengadakan kelas kesenian?
generate apa: Sekolah swasta Santi mengadakan kelas kesenian membatik.,Apa yang Sekolah swasta Santi adakan?
generate apa: Guru kesenian sengaja mengundang pengrajin batik lokal.,Apa yang mengundang pengrajin batik lokal sengaja?
generate apa: Guru kesenian sengaja mengundang pengrajin batik lokal.,Apa yang Guru kesenian undang sengaja?
generate apa: Pengrajin wanita membawa kain mori berwarna putih.,Apa yang membawa kain mori?
generate apa: Pengrajin wanita membawa kain mori berwarna putih.,Apa yang Pengrajin wanita bawa?
generate siapa: Pengrajin menyalakan api kompor dan wajan besi.,Siapa yang menyalakan api kompor?
generate siapa: Santi menggambar desain pola bunga di kain.,Siapa yang menggambar desain pola bunga di kain?
generate apa: Santi menggambar desain pola bunga di kain.,Apa yang Santi gambar di kain?
generate dimana: Santi menggambar desain pola bunga di kain.,Di mana Santi menggambar desain pola bunga?
generate siapa: Santi menggunakan pensil tumpul menggambar pola kelopak.,Siapa yang menggunakan pensil?
generate apa: Santi menggunakan pensil tumpul menggambar pola kelopak.,Apa yang Santi gunakan?
generate siapa: Pengrajin membagikan gagang canting kepada setiap siswa.,Siapa yang membagikan gagang canting kepada setiap siswa?
generate apa: Pengrajin membagikan gagang canting kepada setiap siswa.,Apa yang Pengrajin bagikan kepada setiap siswa?
generate siapa: Santi mengambil sedikit panas malam menggunakan canting.,Siapa yang mengambil menggunakan canting sedikit panas?
generate apa: Santi mengambil sedikit panas malam menggunakan canting.,Apa yang Santi ambilkan sedikit panas?
generate siapa: Santi meniup ujung canting menetralkan rasa panas.,Siapa yang meniup menetralkan rasa panas?
generate apa: Santi meniup ujung canting menetralkan rasa panas.,Apa yang Santi tiupkan?
generate siapa: Santi menggoreskan ujung canting mengikuti pola pensil.,Siapa yang menggoreskan mengikuti pola pensil?
generate apa: Santi menggoreskan ujung canting mengikuti pola pensil.,Apa yang Santi goresi?
generate apa: Lilin cair langsung menempel membentuk garis bunga.,Apa yang menempel membentuk garis bunga langsung?
generate apa: Lilin cair langsung menempel membentuk garis bunga.,Apa yang Lilin cair tempel langsung?
generate apa: Tangan memegang canting Santi bergerak sangat tenang.,Apa yang bergerak sangat tenang?
generate apa: Proses melukis cairan lilin memakan waktu lama.,Apa yang memakan waktu lama?
generate apa: Proses melukis cairan lilin memakan waktu lama.,Apa yang Proses melukis cairan lilin makan?
generate siapa: Pengrajin mencelupkan kain basah ke pewarna biru.,Siapa yang mencelupkan kain basah ke pewarna biru?
generate apa: Pengrajin mencelupkan kain basah ke pewarna biru.,Apa yang Pengrajin celupkan ke pewarna biru?
generate kemana: Pengrajin mencelupkan kain basah ke pewarna biru.,Ke mana Pengrajin mencelupkan kain basah?
generate dimana: Kain batik basah Santi dijemur di jemuran.,Di mana  dijemur ?
generate apa: Angin kencang mengeringkan serat kain batik tersebut.,Apa yang mengeringkan serat kain batik tersebut?
generate apa: Angin kencang mengeringkan serat kain batik tersebut.,Apa yang Angin kencang keringkan?
generate siapa: Santi memegang kain hasil karya batiknya bangga.,Siapa yang memegang kain hasil karya batik nya?
generate apa: Santi memegang kain hasil karya batiknya bangga.,Apa yang Santi pegang?
generate siapa: Santi berniat memberikan kain batik kepada ibunya.,Siapa yang berniat memberikan kain batik kepada ibu?
generate apa: Santi berniat memberikan kain batik kepada ibunya.,Apa yang Santi niatkan kepada ibu?
generate siapa: Membatik menjadi seni tradisional yang sangat mengasyikkan.,Siapa yang menjadi seni tradisional yang sangat mengasyikkan sangat?
generate apa: Pasukan siswa penggalang bersiap mengikuti lomba pramuka.,Apa yang bersiap mengikuti lomba pramuka?
generate apa: Pasukan siswa penggalang bersiap mengikuti lomba pramuka.,Apa yang Pasukan siswa penggalang siapi?
generate siapa: Regu Elang maju mewakili nama sekolah Rian.,Siapa yang maju mewakili nama sekolah Rian?
generate siapa: Regu Elang maju mewakili nama sekolah Rian.,Siapa yang Regu Elang majui?
generate siapa: Mereka rajin berlatih tali-temali setiap jadwal sore.,Siapa yang rajin berlatih setiap jadwal sore?
generate apa: Mereka rajin berlatih tali-temali setiap jadwal sore.,Apa yang Mereka rajin?
generate dimana: Hari pelaksanaan perlombaan diadakan di bumi perkemahan.,Di mana  diadakan ?
generate apa: Lomba tantangan pertama adalah mendirikan tenda cepat.,Apa yang mendirikan tenda cepat?
generate apa: Lomba tantangan pertama adalah mendirikan tenda cepat.,Apa yang Lomba tantangan pertama dirikan?
generate siapa: Regu Elang membagi tugas pekerjaan masing-masing anggota.,Siapa yang membagi tugas pekerjaan masing-masing anggota?
generate apa: Regu Elang membagi tugas pekerjaan masing-masing anggota.,Apa yang Regu Elang bagi?
generate siapa: Rian memukul pasak tenda menggunakan palu kayu.,Siapa yang memukul menggunakan palu kayu?
generate apa: Rian memukul pasak tenda menggunakan palu kayu.,Apa yang Rian pukulkan?
generate apa: Lomba tantangan kedua adalah memecahkan sandi morse.,Apa yang memecahkan sandi morse?
generate apa: Lomba tantangan kedua adalah memecahkan sandi morse.,Apa yang Lomba tantangan kedua pecahkan?
generate apa: Panitia perlombaan meniup peluit bunyi panjang pendek.,Apa yang meniup peluit bunyi panjang pendek?
generate apa: Panitia perlombaan meniup peluit bunyi panjang pendek.,Apa yang Panitia perlombaan tiup?
generate apa: Rian teliti mencatat sandi rumit di kertas.,Apa yang mencatat sandi rumit di kertas?
generate apa: Rian teliti mencatat sandi rumit di kertas.,Apa yang Rian teliti catat di kertas?
generate dimana: Rian teliti mencatat sandi rumit di kertas.,Di mana Rian teliti mencatat sandi rumit?
generate siapa: Teman Rian menerjemahkan huruf sandi menjadi kalimat.,Siapa yang menerjemahkan menjadi kalimat?
generate apa: Teman Rian menerjemahkan huruf sandi menjadi kalimat.,Apa yang Teman Rian terjemahi?
generate siapa: Mereka sukses berhasil menemukan pesan tersembunyi tersebut.,Siapa yang berhasil menemukan pesan tersebut sukses?
generate apa: Mereka sukses berhasil menemukan pesan tersembunyi tersebut.,Apa yang Mereka berhasilkan sukses?
generate siapa: Regu Elang merayap masuk di bawah jaring.,Siapa yang merayap di bawah jaring?
generate dimana: Regu Elang merayap masuk di bawah jaring.,Di mana Regu Elang merayap ?
generate siapa: Mereka berlari-lari menyentuh garis batas akhir.,Siapa yang berlari-lari menyentuh garis batas akhir?
generate apa: Mereka berlari-lari menyentuh garis batas akhir.,Apa yang Mereka lari?
generate apa: Sorak penonton ramai menggema di bumi perkemahan.,Apa yang menggema ramai di bumi perkemahan?
generate dimana: Sorak penonton ramai menggema di bumi perkemahan.,Di mana Sorak penonton menggema ?
generate apa: Panitia acara menghitung skor poin seluruh peserta.,Apa yang menghitung skor poin seluruh peserta?
generate apa: Panitia acara menghitung skor poin seluruh peserta.,Apa yang Panitia acara hitung?
generate apa: Regu Elang rupanya mendapat nilai paling tertinggi.,Apa yang mendapat nilai tertinggi?
generate apa: Regu Elang rupanya mendapat nilai paling tertinggi.,Apa yang Regu Elang rupa nya dapat?
generate siapa: Rian mewakili menerima piala juara satu.,Siapa yang mewakili menerima piala juara satu?
generate siapa: Regu Elang bersorak merayakan kemenangan kelompok bernyanyi.,Siapa yang bersorak merayakan kemenangan kelompok bernyanyi?
generate siapa: Mereka pulang membawa piala untuk sekolah.,Siapa yang pulang membawa piala untuk sekolah?
generate apa: Mereka pulang membawa piala untuk sekolah.,Apa yang Mereka pulang untuk sekolah?
generate siapa: Yoga menerima paket kotak hadiah dari paman.,Siapa yang menerima paket kotak hadiah dari paman?
generate apa: Yoga menerima paket kotak hadiah dari paman.,Apa yang Yoga terima dari paman?
generate darimana: Yoga menerima paket kotak hadiah dari paman.,Dari mana Yoga menerima paket kotak hadiah?
generate siapa: Yoga menyobek kotak menggunakan pisau gunting.,Siapa yang menyobek menggunakan pisau gunting?
generate apa: Yoga menyobek kotak menggunakan pisau gunting.,Apa yang Yoga sobekkan?
generate dimana: Di dalam kotak terdapat mainan robot canggih.,Di mana  terdapat mainan robot canggih?
generate apa: Robot canggih itu berwarna perak dan biru.,Apa yang berwarna perak dan biru?
generate siapa: Yoga teliti membaca buku petunjuk pada kertas lipat.,Siapa yang membaca buku petunjuk teliti pada kertas lipat?
generate apa: Yoga teliti membaca buku petunjuk pada kertas lipat.,Apa yang Yoga baca teliti pada kertas lipat?
generate siapa: Yoga mengambil dua baterai baru di laci.,Siapa yang mengambil dua baterai baru di laci?
generate apa: Yoga mengambil dua baterai baru di laci.,Apa yang Yoga ambil di laci?
generate dimana: Yoga mengambil dua baterai baru di laci.,Di mana Yoga mengambil dua baterai baru?
generate siapa: Yoga memasukkan ujung baterai ke punggung robot.,Siapa yang memasukkan ujung baterai ke punggung robot?
generate apa: Yoga memasukkan ujung baterai ke punggung robot.,Apa yang Yoga masukkan ke punggung robot?
generate kemana: Yoga memasukkan ujung baterai ke punggung robot.,Ke mana Yoga memasukkan ujung baterai?
generate siapa: Yoga memencet tombol daya merah di dada.,Siapa yang memencet tombol daya merah di dada?
generate apa: Yoga memencet tombol daya merah di dada.,Apa yang Yoga pencet di dada?
generate dimana: Yoga memencet tombol daya merah di dada.,Di mana Yoga memencet tombol daya merah?
generate apa: Mata robot langsung menyala berwarna hijau.,Apa yang menyala berwarna langsung?
generate apa: Robot itu berbicara mengucapkan kalimat bahasa asing.,Apa yang berbicara mengucapkan kalimat bahasa asing?
generate apa: Robot itu berbicara mengucapkan kalimat bahasa asing.,Apa yang Robot itu bicarakan?
generate siapa: Yoga menggenggam erat remot kontrol dari jarak jauh.,Siapa yang menggenggam remot kontrol erat dari jarak jauh?
generate apa: Yoga menggenggam erat remot kontrol dari jarak jauh.,Apa yang Yoga genggam erat dari jarak jauh?
generate darimana: Yoga menggenggam erat remot kontrol dari jarak jauh.,Dari mana Yoga menggenggam remot kontrol?
generate siapa: Yoga menggerakkan tuas kemudi remot ke depan.,Siapa yang menggerakkan tuas kemudi remot ke depan?
generate apa: Yoga menggerakkan tuas kemudi remot ke depan.,Apa yang Yoga gerakkan ke depan?
generate kemana: Yoga menggerakkan tuas kemudi remot ke depan.,Ke mana Yoga menggerakkan tuas kemudi remot?
generate siapa: Yoga menekan tombol arah panah belok kiri.,Siapa yang menekan tombol arah panah belok kiri?
generate apa: Yoga menekan tombol arah panah belok kiri.,Apa yang Yoga tekan?
generate siapa: Robot berputar gasing ke kiri sangat cepat.,Siapa yang berputar gasing ke kiri sangat cepat?
generate apa: Robot berputar gasing ke kiri sangat cepat.,Apa yang Robot putar ke kiri sangat cepat?
generate kemana: Robot berputar gasing ke kiri sangat cepat.,Ke mana Robot berputar gasing?
generate siapa: Robot bisa mengangkat kedua lengan capit di tangannya.,Siapa yang bisa mengangkat kedua lengan capit di tangan?
generate apa: Robot bisa mengangkat kedua lengan capit di tangannya.,Apa yang Robot angkat di tangan?
generate dimana: Robot bisa mengangkat kedua lengan capit di tangannya.,Di mana Robot bisa mengangkat kedua lengan capit?
generate siapa: Yoga membuat arena lintasan balang dari buku.,Siapa yang membuat arena lintasan balang dari buku?
generate apa: Yoga membuat arena lintasan balang dari buku.,Apa yang Yoga buat dari buku?
generate darimana: Yoga membuat arena lintasan balang dari buku.,Dari mana Yoga membuat arena lintasan balang?
generate siapa: Yoga mengendalikan laju robot melewati rintangan buku.,Siapa yang mengendalikan melewati rintangan buku?
generate apa: Yoga mengendalikan laju robot melewati rintangan buku.,Apa yang Yoga kendali?
generate siapa: Robot berhasil melewati rintangan tanpa tabrakan.,Siapa yang berhasil melewati rintangan tabrakan?
generate apa: Robot berhasil melewati rintangan tanpa tabrakan.,Apa yang Robot berhasili?
generate siapa: Adik Yoga hanya melihat aksi robot dengan kagum.,Siapa yang melihat aksi robot hanya dengan kagum?
generate apa: Adik Yoga hanya melihat aksi robot dengan kagum.,Apa yang Adik Yoga lihat hanya dengan kagum?
generate apa: Yoga berbaik hati meminjamkan remot kontrol kemudi.,Apa yang Yoga baikkan?
generate apa: Adik kecil bermain robot di atas karpet.,Apa yang bermain robot di atas karpet?
generate apa: Adik kecil bermain robot di atas karpet.,Apa yang Adik kecil main di atas karpet?
generate dimana: Adik kecil bermain robot di atas karpet.,Di mana Adik kecil bermain robot?
generate apa: Mainan gerak ini sangat menghibur rasa bosan.,Apa yang menghibur rasa bosan sangat?
generate apa: Mainan gerak ini sangat menghibur rasa bosan.,Apa yang Mainan gerak ini hibur sangat?
generate siapa: Yoga berjanji selalu merawat mainan robot tersebut.,Siapa yang berjanji merawat mainan robot tersebut?
generate apa: Yoga berjanji selalu merawat mainan robot tersebut.,Apa yang Yoga janji?
generate apa: Halaman belakang rumah Tina memiliki tanah kosong.,Apa yang memiliki tanah kosong?
generate apa: Halaman belakang rumah Tina memiliki tanah kosong.,Apa yang Halaman belakang rumah Tina miliki?
generate siapa: Ayah sengaja membeli bibit pohon mangga madu.,Siapa yang membeli bibit pohon mangga madu sengaja?
generate apa: Ayah sengaja membeli bibit pohon mangga madu.,Apa yang Ayah beli sengaja?
generate siapa: Bibit berakar pohon ditanam di kantong plastik.,Siapa yang berakar ditanam pohon di kantong plastik?
generate apa: Bibit berakar pohon ditanam di kantong plastik.,Apa yang Bibit akar di kantong plastik?
generate dimana: Bibit berakar pohon ditanam di kantong plastik.,Di mana Bibit berakar ditanam pohon?
generate siapa: Ayah mengajak Tina menanam pohon mangga bersama.,Siapa yang mengajak menanam pohon mangga?
generate siapa: Ayah mengambil sebatang cangkul dari dalam gudang.,Siapa yang mengambil sebatang cangkul dari dalam gudang?
generate apa: Ayah mengambil sebatang cangkul dari dalam gudang.,Apa yang Ayah ambil dari dalam gudang?
generate darimana: Ayah mengambil sebatang cangkul dari dalam gudang.,Dari mana Ayah mengambil sebatang cangkul?
generate siapa: Ayah menggali tanah membentuk lubang berukuran sedang.,Siapa yang menggali membentuk lubang?
generate siapa: Tina membantu melepaskan sobekan plastik dari akar.,Siapa yang membantu melepaskan sobekan plastik dari akar?
generate apa: Tina membantu melepaskan sobekan plastik dari akar.,Apa yang Tina bantukan dari akar?
generate darimana: Tina membantu melepaskan sobekan plastik dari akar.,Dari mana Tina membantu melepaskan sobekan plastik?
generate apa: Tanah kompos menempel kuat pada akar pohon.,Apa yang menempel kuat pada akar pohon?
generate siapa: Ayah meletakkan akar bibit ke dalam lubang.,Siapa yang meletakkan akar bibit ke dalam lubang?
generate apa: Ayah meletakkan akar bibit ke dalam lubang.,Apa yang Ayah letakkan ke dalam lubang?
generate kemana: Ayah meletakkan akar bibit ke dalam lubang.,Ke mana Ayah meletakkan akar bibit?
generate siapa: Ayah memegang tengah batang pohon agar berdiri tegak.,Siapa yang memegang tengah batang pohon?
generate siapa: Tina mendorong kumpulan tanah menutupi celah akar.,Siapa yang mendorong menutupi celah akar?
generate apa: Tina mendorong kumpulan tanah menutupi celah akar.,Apa yang Tina dorongi?
generate siapa: Tina menekan tanah di sekitar batang.,Siapa yang menekan tanah di sekitar batang?
generate apa: Tina menekan tanah di sekitar batang.,Apa yang Tina tekan di sekitar batang?
generate dimana: Tina menekan tanah di sekitar batang.,Di mana Tina menekan tanah?
generate siapa: Ayah menancapkan sebatang bambu di sebelah bibit.,Siapa yang menancapkan sebatang bambu di sebelah bibit?
generate dimana: Ayah menancapkan sebatang bambu di sebelah bibit.,Di mana Ayah menancapkan sebatang bambu?
generate siapa: Ayah mengikat batang pohon pada bambu penopang.,Siapa yang mengikat batang pohon pada bambu penopang?
generate apa: Ayah mengikat batang pohon pada bambu penopang.,Apa yang Ayah ikat pada bambu penopang?
generate apa: Bambu penyangga mencegah pohon tumbang tertiup angin.,Apa yang mencegah pohon tumbang?
generate apa: Bambu penyangga mencegah pohon tumbang tertiup angin.,Apa yang Bambu penyangga cegah?
generate siapa: Tina mengangkat teko untuk menyiram tanaman warna hijau.,Siapa yang mengangkat menyiram tanaman warna hijau?
generate apa: Tina mengangkat teko untuk menyiram tanaman warna hijau.,Apa yang Tina angkat?
generate siapa: Tina mengisi penuh teko dengan air keran.,Siapa yang mengisi penuh teko dengan air keran?
generate apa: Tina mengisi penuh teko dengan air keran.,Apa yang Tina isi dengan air keran?
generate siapa: Tina perlahan menyiram tanah di sekitar bibit.,Siapa yang menyiram tanah perlahan di sekitar bibit?
generate apa: Tina perlahan menyiram tanah di sekitar bibit.,Apa yang Tina siram perlahan di sekitar bibit?
generate dimana: Tina perlahan menyiram tanah di sekitar bibit.,Di mana Tina menyiram tanah?
generate apa: Air bening meresap membasahi butir tanah kering.,Apa yang meresap membasahi butir tanah kering?
generate apa: Air bening meresap membasahi butir tanah kering.,Apa yang Air bening resapi?
generate siapa: Ayah menaburkan segenggam pupuk kompos di atas.,Siapa yang menaburkan segenggam pupuk kompos di atas?
generate dimana: Ayah menaburkan segenggam pupuk kompos di atas.,Di mana Ayah menaburkan segenggam pupuk kompos?
generate siapa: Pupuk akan memberi nutrisi pertumbuhan pohon.,Siapa yang akan memberi nutrisi pertumbuhan pohon?
generate apa: Pupuk akan memberi nutrisi pertumbuhan pohon.,Apa yang Pupuk beri?
generate siapa: Mereka mencuci bersih alat berkebun dengan selang air.,Siapa yang mencuci alat bersih dengan selang air?
generate apa: Mereka mencuci bersih alat berkebun dengan selang air.,Apa yang Mereka cuci bersih dengan selang air?
generate siapa: Tina berdoa agar pohon mangga lekas berbuah manis.,Siapa yang berdoa?
generate siapa: Ayah mengingatkan jadwal Tina menyiram pohon setiap sore.,Siapa yang mengingatkan jadwal Tina?
generate apa: Menanam pohon membuat lingkungan terasa asri.,Apa yang membuat lingkungan?
generate apa: Menanam pohon membuat lingkungan terasa asri.,Apa yang Menanam pohon buat?
generate apa: Hari Minggu pagi turun gerimis rintik-rintik.,Apa yang Hari Minggu pagi turun?
generate siapa: Dodi terpaksa bermain di dalam kamar yang kering.,Siapa yang bermain terpaksa di dalam kamar yang kering?
generate dimana: Dodi terpaksa bermain di dalam kamar yang kering.,Di mana Dodi bermain ?
generate siapa: Kakak mengambil beberapa lembar kertas bekas.,Siapa yang mengambil beberapa lembar kertas bekas?
generate apa: Kakak mengambil beberapa lembar kertas bekas.,Apa yang Kakak ambil?
generate siapa: Kakak bersedia mengajari Dodi membuat pesawat kertas.,Siapa yang bersedia mengajari pesawat kertas?
generate apa: Kakak bersedia mengajari Dodi membuat pesawat kertas.,Apa yang Kakak sediai?
generate siapa: Dodi melipat kertas persegi menjadi setengah.,Siapa yang melipat menjadi setengah?
generate siapa: Dodi membuka kembali lipatan kertas itu perlahan.,Siapa yang membuka kembali lipatan kertas itu perlahan?
generate apa: Dodi membuka kembali lipatan kertas itu perlahan.,Apa yang Dodi bukai perlahan?
generate siapa: Dodi melipat siku kedua ujung atas tengah.,Siapa yang melipat siku kedua ujung tengah?
generate apa: Dodi melipat siku kedua ujung atas tengah.,Apa yang Dodi lipat?
generate apa: Ujung lipatan kertas membentuk segitiga sama kaki.,Apa yang membentuk segitiga sama kaki?
generate apa: Ujung lipatan kertas membentuk segitiga sama kaki.,Apa yang Ujung lipatan kertas bentuk?
generate siapa: Kakak menyuruh adik melipat kertas itu lagi.,Siapa yang menyuruh adik lagi?
generate apa: Kakak menyuruh adik melipat kertas itu lagi.,Apa yang Kakak suruh lagi?
generate siapa: Dodi melipat sisi bagian samping membentuk sayap.,Siapa yang melipat membentuk sayap?
generate apa: Dodi melipat sisi bagian samping membentuk sayap.,Apa yang Dodi lipat?
generate apa: Pesawat lipat kertas milik Dodi sudah selesai.,Apa yang sudah selesai?
generate apa: Pesawat terbang itu berwarna biru kertas cerah.,Apa yang berwarna kertas cerah biru?
generate apa: Pesawat terbang itu berwarna biru kertas cerah.,Apa yang Pesawat terbang itu warna biru?
generate siapa: Kakak membuat kreasi pesawat berwarna kuning terang.,Siapa yang membuat kreasi pesawat?
generate siapa: Kakak menambahkan jepitan kertas berat di bagian hidung.,Siapa yang menambahkan jepitan kertas berat di bagian hidung?
generate apa: Kakak menambahkan jepitan kertas berat di bagian hidung.,Apa yang Kakak tambahkan di bagian hidung?
generate dimana: Kakak menambahkan jepitan kertas berat di bagian hidung.,Di mana Kakak menambahkan jepitan kertas berat?
generate siapa: Mereka pergi bergeser ke ruang tamu yang luas.,Siapa yang pergi bergeser ke ruang tamu yang luas?
generate kemana: Mereka pergi bergeser ke ruang tamu yang luas.,Ke mana Mereka pergi bergeser ?
generate siapa: Dodi melempar pesawat birunya ke udara.,Siapa yang melempar pesawat biru nya ke udara?
generate apa: Dodi melempar pesawat birunya ke udara.,Apa yang Dodi lempar ke udara?
generate kemana: Dodi melempar pesawat birunya ke udara.,Ke mana Dodi melempar pesawat biru nya?
generate apa: Pesawat warna biru melayang lurus meluncur jauh.,Apa yang melayang meluncur lurus?
generate apa: Pesawat terbang biru mendarat pelan di sofa.,Apa yang mendarat pelan di sofa?
generate dimana: Pesawat terbang biru mendarat pelan di sofa.,Di mana Pesawat terbang biru mendarat ?
generate siapa: Kakak melempar pesawat kuning sangat kuat.,Siapa yang melempar pesawat kuning kuat?
generate apa: Kakak melempar pesawat kuning sangat kuat.,Apa yang Kakak lempar?
generate apa: Pesawat kuning berputar membuat lingkaran udara.,Apa yang berputar membuat lingkaran udara?
generate apa: Pesawat kuning berputar membuat lingkaran udara.,Apa yang Pesawat kuning putar?
generate siapa: Dodi bersorak gembira melihat pesawat berputar.,Siapa yang bersorak melihat pesawat gembira?
generate apa: Dodi bersorak gembira melihat pesawat berputar.,Apa yang Dodi sorak gembira?
generate apa: Mereka berdua menerbangkan pesawat kertas berulang kali.,Apa yang menerbangkan pesawat kertas berulang kali?
generate apa: Mereka berdua menerbangkan pesawat kertas berulang kali.,Apa yang Mereka berdua terbangkan berulang kali?
generate siapa: Ayah membantu mengambil pesawat pakai sapu.,Siapa yang membantu mengambil pesawat?
generate apa: Permainan lipat sederhana ini sangat disukai Dodi.,Apa yang disukai Dodi sangat?
generate siapa: Permainan lipat sederhana ini sangat disukai Dodi.,Siapa yang Permainan lipat sederhana ini sukai sangat?
generate siapa: Rio pergi berlibur ke pesisir pantai laut.,Siapa yang pergi berlibur ke pesisir pantai laut?
generate kemana: Rio pergi berlibur ke pesisir pantai laut.,Ke mana Rio pergi berlibur ?
generate apa: Matahari siang bersinar terik menyinari pasir putih.,Apa yang bersinar menyinari pasir putih terik?
generate apa: Matahari siang bersinar terik menyinari pasir putih.,Apa yang Matahari siang sinari terik?
generate siapa: Rio membawa ember cetak dan sekop mainan.,Siapa yang membawa ember?
generate apa: Rio membawa ember cetak dan sekop mainan.,Apa yang Rio bawa?
generate siapa: Rio duduk di batas ombak air.,Siapa yang duduk di batas ombak air?
generate dimana: Rio duduk di batas ombak air.,Di mana Rio duduk ?
generate apa: Rio antusias mulai menggali gundukan pasir besar.,Apa yang mulai menggali gundukan pasir besar?
generate apa: Rio antusias mulai menggali gundukan pasir besar.,Apa yang Rio antusias mulai?
generate siapa: Rio memukul pasir menggunakan punggung sekop.,Siapa yang memukul menggunakan punggung sekop?
generate apa: Rio memukul pasir menggunakan punggung sekop.,Apa yang Rio pukulkan?
generate siapa: Kakak datang membantu Rio membangun istana.,Siapa yang datang membantu istana?
generate siapa: Kakak membuat dinding panjang benteng pelindung istana.,Siapa yang membuat dinding panjang benteng pelindung istana?
generate apa: Rio mencetak pasir menggunakan ember kerucut.,Apa yang Rio cetakkan?
generate siapa: Rio meletakkan menara di empat sudut.,Siapa yang meletakkan menara di empat sudut?
generate apa: Rio meletakkan menara di empat sudut.,Apa yang Rio letakkan di empat sudut?
generate dimana: Rio meletakkan menara di empat sudut.,Di mana Rio meletakkan menara?
generate siapa: Kakak berkeliling mencari kerang kecil dan cangkang siput.,Siapa yang berkeliling mencari kerang kecil?
generate apa: Kakak berkeliling mencari kerang kecil dan cangkang siput.,Apa yang Kakak kelilingi?
generate siapa: Kakak menempelkan kerang menghiasi pintu gerbang.,Siapa yang menempelkan menghiasi pintu gerbang?
generate apa: Kakak menempelkan kerang menghiasi pintu gerbang.,Apa yang Kakak tempeli?
generate siapa: Rio menggali parit mengelilingi dinding istana.,Siapa yang menggali parit?
generate apa: Rio menggali parit mengelilingi dinding istana.,Apa yang Rio gali?
generate apa: Air sisa ombak masuk mengisi parit buatan.,Apa yang masuk mengisi parit buatan?
generate apa: Air sisa ombak masuk mengisi parit buatan.,Apa yang Air sisa ombak masuki?
generate siapa: Ayah memegang kamera mengambil foto istana pasir.,Siapa yang memegang mengambil foto istana pasir?
generate apa: Pengunjung lewat pantai memuji karya istana megah.,Apa yang memuji karya istana megah?
generate apa: Pengunjung lewat pantai memuji karya istana megah.,Apa yang Pengunjung lewat pantai puji?
generate apa: Tiba-tiba riak ombak besar datang menyapu pesisir.,Apa yang datang menyapu pesisir Tiba-tiba?
generate apa: Tiba-tiba riak ombak besar datang menyapu pesisir.,Apa yang riak ombak besar datang Tiba-tiba?
generate apa: Air dorongan ombak menghantam dinding benteng pasir.,Apa yang menghantam dinding benteng pasir?
generate apa: Air dorongan ombak menghantam dinding benteng pasir.,Apa yang Air dorongan ombak hantam?
generate siapa: Rio tidak menangis melihat istananya hancur.,Siapa yang menangis melihat istana nya tidak?
generate apa: Rio tidak menangis melihat istananya hancur.,Apa yang Rio tangis tidak?
generate apa: Air sapuan laut meratakan pasir menjadi datar.,Apa yang meratakan menjadi pasir?
generate apa: Air sapuan laut meratakan pasir menjadi datar.,Apa yang Air sapuan laut ratai?
generate siapa: Rio mencuci tangan di air laut.,Siapa yang mencuci tangan di air laut?
generate apa: Rio mencuci tangan di air laut.,Apa yang Rio cuci di air laut?
generate dimana: Rio mencuci tangan di air laut.,Di mana Rio mencuci tangan?
generate siapa: Rio berlari mencari es kelapa muda.,Siapa yang berlari mencari es kelapa muda?
generate apa: Rio berlari mencari es kelapa muda.,Apa yang Rio lari?
generate siapa: Doni melihat pertunjukan festival layang-layang di televisi.,Siapa yang melihat pertunjukan festival layang-layang di televisi?
generate apa: Doni melihat pertunjukan festival layang-layang di televisi.,Apa yang Doni lihat di televisi?
generate dimana: Doni melihat pertunjukan festival layang-layang di televisi.,Di mana Doni melihat pertunjukan festival layang-layang?
generate siapa: Doni ingin memiliki layang-layang kepala naga.,Siapa yang ingin memiliki layang-layang kepala naga?
generate apa: Doni ingin memiliki layang-layang kepala naga.,Apa yang Doni miliki?
generate siapa: Ayah berjanji nanti siang membantu Doni membuat layang-layang.,Siapa yang berjanji layang-layang nanti?
generate siapa: Mereka membeli kerangka batang bambu di pasar.,Siapa yang membeli kerangka batang bambu di pasar?
generate apa: Mereka membeli kerangka batang bambu di pasar.,Apa yang Mereka beli di pasar?
generate dimana: Mereka membeli kerangka batang bambu di pasar.,Di mana Mereka membeli kerangka batang bambu?
generate siapa: Ayah memotong bambu menjadi lingkaran.,Siapa yang memotong menjadi lingkaran?
generate siapa: Ayah merajut rangka menggunakan benang pancing.,Siapa yang merajut menggunakan benang pancing?
generate siapa: Ayah merakit kerangka badan naga yang beruas-ruas.,Siapa yang merakit kerangka badan naga yang beruas-ruas?
generate siapa: Doni menempelkan kertas layang warna merah.,Siapa yang menempelkan kertas layang warna merah?
generate siapa: Doni mengoleskan lem kayu agar merekat.,Siapa yang mengoleskan lem kayu?
generate siapa: Ayah memotong kertas emas untuk sisik dengan gunting.,Siapa yang memotong kertas emas untuk sisik dengan gunting?
generate apa: Ayah memotong kertas emas untuk sisik dengan gunting.,Apa yang Ayah potong untuk sisik dengan gunting?
generate siapa: Doni menempelkan sisik emas sepanjang badan dengan hati-hati.,Siapa yang menempelkan sisik emas sepanjang badan dengan hati-hati?
generate apa: Doni menempelkan sisik emas sepanjang badan dengan hati-hati.,Apa yang Doni tempelkan sepanjang badan dengan hati-hati?
generate siapa: Mereka membuat mata naga dengan plastik hitam.,Siapa yang membuat mata naga dengan plastik hitam?
generate apa: Mereka membuat mata naga dengan plastik hitam.,Apa yang Mereka buat dengan plastik hitam?
generate siapa: Ayah mengikat tali kama bagian kepala dengan kencang.,Siapa yang mengikat tali kama bagian kepala dengan kencang?
generate apa: Ayah mengikat tali kama bagian kepala dengan kencang.,Apa yang Ayah ikat dengan kencang?
generate apa: Layang-layang naga raksasa menghabiskan waktu dua hari.,Apa yang menghabiskan waktu dua hari?
generate apa: Layang-layang naga raksasa menghabiskan waktu dua hari.,Apa yang Layang-layang naga raksasa habiskan?
generate apa: Sore ini angin bertiup sangat kencang.,Apa yang angin sangat kencang?
generate siapa: Ayah membawa layang-layang ke lapangan rumput.,Siapa yang membawa layang-layang ke lapangan rumput?
generate apa: Ayah membawa layang-layang ke lapangan rumput.,Apa yang Ayah bawa ke lapangan rumput?
generate kemana: Ayah membawa layang-layang ke lapangan rumput.,Ke mana Ayah membawa layang-layang?
generate siapa: Ayah memegang ekor naga yang panjang.,Siapa yang memegang ekor naga yang panjang?
generate apa: Ayah memegang ekor naga yang panjang.,Apa yang Ayah pegang?
generate siapa: Doni berlari dengan cepat menarik gulungan benang yang tebal.,Siapa yang berlari menarik gulungan benang yang tebal dengan cepat?
generate apa: Doni berlari dengan cepat menarik gulungan benang yang tebal.,Apa yang Doni lari dengan cepat?
generate siapa: Angin mengangkat kepala naga ke udara.,Siapa yang mengangkat kepala naga ke udara?
generate apa: Angin mengangkat kepala naga ke udara.,Apa yang Angin angkat ke udara?
generate kemana: Angin mengangkat kepala naga ke udara.,Ke mana Angin mengangkat kepala naga?
generate siapa: Ayah melepaskan badan naga ke langit.,Siapa yang melepaskan badan naga ke langit?
generate apa: Ayah melepaskan badan naga ke langit.,Apa yang Ayah lepaskan ke langit?
generate kemana: Ayah melepaskan badan naga ke langit.,Ke mana Ayah melepaskan badan naga?
generate apa: Layang-layang naga meliuk-liuk gagah di angkasa.,Apa yang meliuk-liuk gagah di angkasa?
generate dimana: Layang-layang naga meliuk-liuk gagah di angkasa.,Di mana Layang-layang naga meliuk-liuk ?
generate apa: Bentuknya menyerupai naga asli yang sedang terbang.,Apa yang menyerupai naga asli yang sedang terbang?
generate apa: Bentuknya menyerupai naga asli yang sedang terbang.,Apa yang Bentuk nya serupai?
generate apa: Anak-anak di lapangan berkumpul mengagumi layang-layang besar Doni.,Apa yang berkumpul mengagumi layang-layang besar Doni di lapangan?
generate siapa: Anak-anak di lapangan berkumpul mengagumi layang-layang besar Doni.,Siapa yang Anak-anak kumpuli di lapangan?
generate dimana: Anak-anak di lapangan berkumpul mengagumi layang-layang besar Doni.,Di mana Anak-anak berkumpul mengagumi layang-layang besar Doni?
generate siapa: Doni memegang gulungan benang sangat erat.,Siapa yang memegang gulungan benang erat?
generate apa: Doni memegang gulungan benang sangat erat.,Apa yang Doni pegang?
generate apa: Ayah duduk tersenyum melihat kebahagiaan anak lelakinya.,Apa yang tersenyum melihat kebahagiaan anak lelaki nya?
generate apa: Ayah duduk tersenyum melihat kebahagiaan anak lelakinya.,Apa yang Ayah duduk senyum?
generate siapa: Nenek sering salah membaca tulisan koran.,Siapa yang salah membaca tulisan koran sering?
generate apa: Nenek sering salah membaca tulisan koran.,Apa yang Nenek salah sering?
generate apa: Mata nenek mulai kabur dimakan usia.,Apa yang kabur dimakan usia mulai?
generate apa: Mata nenek mulai kabur dimakan usia.,Apa yang Mata nenek kaburkan mulai?
generate siapa: Ayah mengajak nenek pergi ke optik.,Siapa yang mengajak pergi nenek ke optik?
generate apa: Ayah mengajak nenek pergi ke optik.,Apa yang Ayah ajaki ke optik?
generate kemana: Ayah mengajak nenek pergi ke optik.,Ke mana Ayah mengajak pergi nenek?
generate apa: Toko kacamata optik berada di pusat perbelanjaan.,Apa yang berada di pusat perbelanjaan?
generate dimana: Toko kacamata optik berada di pusat perbelanjaan.,Di mana Toko kacamata optik berada ?
generate apa: Petugas wanita optik menyambut nenek dengan sangat ramah.,Apa yang menyambut nenek?
generate apa: Petugas wanita optik menyambut nenek dengan sangat ramah.,Apa yang Petugas wanita optik sambut?
generate siapa: Petugas mempersilahkan nenek duduk di kursi periksa.,Siapa yang mempersilahkan nenek di kursi periksa?
generate apa: Petugas mempersilahkan nenek duduk di kursi periksa.,Apa yang Petugas persilahkan di kursi periksa?
generate dimana: Petugas mempersilahkan nenek duduk di kursi periksa.,Di mana Petugas mempersilahkan nenek?
generate apa: Nenek fokus menatap layar berisi deretan huruf.,Apa yang menatap berisi deretan huruf?
generate apa: Nenek fokus menatap layar berisi deretan huruf.,Apa yang Nenek fokus tatapi?
generate apa: Petugas cekatan memasangkan bingkai uji mata nenek.,Apa yang memasangkan bingkai uji mata nenek?
generate apa: Petugas cekatan memasangkan bingkai uji mata nenek.,Apa yang Petugas cekatan masangkan?
generate siapa: Petugas mengganti lensa tebal bergantian untuk di pasang.,Siapa yang mengganti di lensa tebal bergantian?
generate apa: Petugas mengganti lensa tebal bergantian untuk di pasang.,Apa yang Petugas ganti?
generate siapa: Nenek berhasil menemukan lensa paling terang.,Siapa yang berhasil menemukan lensa terang?
generate apa: Nenek berhasil menemukan lensa paling terang.,Apa yang Nenek berhasilkan?
generate apa: Petugas mencatat ukuran mata minus.,Apa yang mencatat ukuran mata minus?
generate apa: Petugas mencatat ukuran mata minus.,Apa yang Petugas catat?
generate siapa: Nenek memilih bingkai kacamata warna marun.,Siapa yang memilih bingkai kacamata warna marun?
generate apa: Nenek memilih bingkai kacamata warna marun.,Apa yang Nenek pilih?
generate apa: Petugas mesin merakit lensa kaca ke bingkai.,Apa yang merakit lensa kaca ke bingkai?
generate apa: Petugas mesin merakit lensa kaca ke bingkai.,Apa yang Petugas mesin rakit ke bingkai?
generate kemana: Petugas mesin merakit lensa kaca ke bingkai.,Ke mana Petugas mesin merakit lensa kaca?
generate apa: Proses waktu perakitan memakan waktu tiga puluh menit.,Apa yang memakan waktu tiga puluh menit?
generate siapa: Ayah membelikan minuman kopi hangat di kafe.,Siapa yang membelikan minuman kopi hangat di kafe?
generate apa: Ayah membelikan minuman kopi hangat di kafe.,Apa yang Ayah belikan di kafe?
generate dimana: Ayah membelikan minuman kopi hangat di kafe.,Di mana Ayah membelikan minuman kopi hangat?
generate apa: Petugas lap membersihkan kacamata memakai cairan khusus.,Apa yang membersihkan kacamata?
generate apa: Petugas lap membersihkan kacamata memakai cairan khusus.,Apa yang Petugas lap bersihkan?
generate siapa: Nenek memakai kacamata menatap di depan cermin.,Siapa yang memakai kacamata di depan cermin?
generate apa: Nenek memakai kacamata menatap di depan cermin.,Apa yang Nenek pakai di depan cermin?
generate dimana: Nenek memakai kacamata menatap di depan cermin.,Di mana Nenek memakai kacamata?
generate siapa: Nenek langsung bisa melihat wajah ayah dengan jelas.,Siapa yang bisa melihat wajah ayah langsung dengan jelas?
generate apa: Nenek langsung bisa melihat wajah ayah dengan jelas.,Apa yang Nenek lihat langsung dengan jelas?
generate siapa: Nenek membaca tulisan kecil di kemasan kopi.,Siapa yang membaca tulisan kecil di kemasan kopi?
generate apa: Nenek membaca tulisan kecil di kemasan kopi.,Apa yang Nenek baca di kemasan kopi?
generate dimana: Nenek membaca tulisan kecil di kemasan kopi.,Di mana Nenek membaca tulisan kecil?
generate siapa: Ayah membayar kacamata di kasir.,Siapa yang membayar kacamata di kasir?
generate apa: Ayah membayar kacamata di kasir.,Apa yang Ayah bayar di kasir?
generate dimana: Ayah membayar kacamata di kasir.,Di mana Ayah membayar kacamata?
generate siapa: Nenek sangat senang mendapat kacamata terang.,Siapa yang mendapat kacamata terang sangat senang?
generate apa: Nenek sangat senang mendapat kacamata terang.,Apa yang Nenek dapat sangat senang?
generate siapa: Nenek bisa kembali membaca koran di pagi hari.,Siapa yang bisa kembali membaca koran di pagi hari?
generate apa: Nenek bisa kembali membaca koran di pagi hari.,Apa yang Nenek kembali di pagi hari?
generate kapan: Nenek bisa kembali membaca koran di pagi hari.,Kapan Nenek bisa kembali membaca koran?
generate dimana: Nenek bisa kembali membaca koran di pagi hari.,Di mana Nenek bisa kembali membaca koran?
generate siapa: Paman membelikan hadiah besar untuk Tari.,Siapa yang membelikan hadiah besar untuk Tari?
generate apa: Paman membelikan hadiah besar untuk Tari.,Apa yang Paman belikan untuk Tari?
generate apa: Hadiah kardus itu berisi sepasang sepatu roda.,Apa yang berisi sepasang sepatu roda?
generate apa: Hadiah kardus itu berisi sepasang sepatu roda.,Apa yang Hadiah kardus itu isi?
generate apa: Sepatu roda memiliki empat roda karet.,Apa yang memiliki empat roda karet?
generate apa: Sepatu roda memiliki empat roda karet.,Apa yang Sepatu roda miliki?
generate siapa: Tari segera memakai pelindung lutut dan siku.,Siapa yang memakai pelindung lutut segera?
generate apa: Tari segera memakai pelindung lutut dan siku.,Apa yang Tari pakai segera?
generate siapa: Tari juga memakai helm sepeda biru untuk melindungi kepalanya.,Siapa yang memakai melindungi kepala nya juga?
generate apa: Tari juga memakai helm sepeda biru untuk melindungi kepalanya.,Apa yang Tari pakai juga?
generate siapa: Tari mencoba memakai sepatu di ruang tamu.,Siapa yang memakai sepatu mencoba di ruang tamu?
generate apa: Tari mencoba memakai sepatu di ruang tamu.,Apa yang Tari pakai mencoba di ruang tamu?
generate dimana: Tari mencoba memakai sepatu di ruang tamu.,Di mana Tari memakai sepatu?
generate siapa: Tari berdiri memegang bantalan pinggiran sofa.,Siapa yang berdiri memegang bantalan pinggiran sofa?
generate siapa: Tari jatuh ke karpet tebal di dekat sofa.,Siapa yang jatuh ke karpet tebal di dekat sofa?
generate kemana: Tari jatuh ke karpet tebal di dekat sofa.,Ke mana Tari jatuh ?
generate apa: Ayah cepat datang membimbing Tari keluar garasi.,Apa yang datang membimbing garasi?
generate apa: Lantai semen garasi memiliki permukaan sangat rata.,Apa yang Lantai semen garasi miliki?
generate siapa: Ayah memegang erat kedua belah tangan Tari.,Siapa yang memegang kedua belah tangan Tari erat?
generate siapa: Ayah memegang erat kedua belah tangan Tari.,Siapa yang Ayah pegang erat?
generate siapa: Tari menggerakkan kaki kanannya ke arah serong luar.,Siapa yang menggerakkan kaki kanan nya ke arah serong luar?
generate apa: Tari menggerakkan kaki kanannya ke arah serong luar.,Apa yang Tari gerakkan ke arah serong luar?
generate kemana: Tari menggerakkan kaki kanannya ke arah serong luar.,Ke mana Tari menggerakkan kaki kanan nya?
generate apa: Tari bergantian mengayunkan kaki kirinya ke belakang.,Apa yang mengayunkan kaki kiri nya ke belakang?
generate apa: Tari bergantian mengayunkan kaki kirinya ke belakang.,Apa yang Tari bergantian ayunkan ke belakang?
generate kemana: Tari bergantian mengayunkan kaki kirinya ke belakang.,Ke mana Tari bergantian mengayunkan kaki kiri nya?
generate siapa: Tari meluncur sangat pelan serta hati-hati.,Siapa yang meluncur sangat pelan serta hati-hati?
generate siapa: Ayah perlahan melepaskan pegangan lengannya daro tari.,Siapa yang melepaskan pegangan lengan nya daro tari perlahan?
generate siapa: Tari berhasil meluncur sampai jarak dua meter.,Siapa yang berhasil meluncur sampai jarak dua meter?
generate apa: Tari tekun berlatih menjaga titik keseimbangan tubuhnya.,Apa yang berlatih menjaga titik keseimbangan tubuh nya?
generate apa: Tari tekun berlatih menjaga titik keseimbangan tubuhnya.,Apa yang Tari tekun latih?
generate siapa: Tari memutar badannya di ujung garasi.,Siapa yang memutar badan nya di ujung garasi?
generate apa: Tari memutar badannya di ujung garasi.,Apa yang Tari putar di ujung garasi?
generate dimana: Tari memutar badannya di ujung garasi.,Di mana Tari memutar badan nya?
generate apa: Keringat bercucuran membasahi wajah lelah tari.,Apa yang membasahi wajah lelah tari?
generate siapa: Ibu membawakan segelas jus jeruk dingin yang manis.,Siapa yang membawakan segelas jus jeruk dingin yang manis?
generate apa: Ibu membawakan segelas jus jeruk dingin yang manis.,Apa yang Ibu bawakan?
generate siapa: Tari beristirahat meminum jus segar.,Siapa yang beristirahat meminum jus segar?
generate apa: Tari beristirahat meminum jus segar.,Apa yang Tari istirahat?
generate siapa: Tari berjanji akan giat berlatih besok dengan lebih semangat.,Siapa yang berjanji besok?
generate apa: Tari berjanji akan giat berlatih besok dengan lebih semangat.,Apa yang Tari janji?
generate siapa: Siti selalu memiliki payung lipat warna kuning.,Siapa yang memiliki payung lipat warna kuning selalu?
generate apa: Payung lucu tersebut bergambar paruh bebek kecil.,Apa yang bergambar paruh bebek kecil?
generate apa: Payung lucu tersebut bergambar paruh bebek kecil.,Apa yang Payung lucu tersebut gambar?
generate siapa: Siti selalu membawa payungnya di tas ransel.,Siapa yang membawa payung nya selalu di tas ransel?
generate apa: Siti selalu membawa payungnya di tas ransel.,Apa yang Siti bawa selalu di tas ransel?
generate dimana: Siti selalu membawa payungnya di tas ransel.,Di mana Siti membawa payung nya?
generate apa: Banyak anak berteduh di depan teras kelas.,Apa yang berteduh di depan teras kelas?
generate dimana: Banyak anak berteduh di depan teras kelas.,Di mana Banyak anak berteduh ?
generate siapa: Siti mengeluarkan payung kuning dari ranselnya.,Siapa yang mengeluarkan payung kuning dari ransel nya?
generate apa: Siti mengeluarkan payung kuning dari ranselnya.,Apa yang Siti keluarkan dari ransel nya?
generate darimana: Siti mengeluarkan payung kuning dari ranselnya.,Dari mana Siti mengeluarkan payung kuning?
generate siapa: Siti menekan tombol tuas gagang paying dengan jempolnya.,Siapa yang menekan tombol tuas gagang paying dengan jempol?
generate apa: Siti menekan tombol tuas gagang paying dengan jempolnya.,Apa yang Siti tekan dengan jempol?
generate apa: Payung kuning terbuka dengan suara nyaring.,Apa yang terbuka dengan suara nyaring?
generate siapa: Siti melangkah masuk ke rintik hujan deras.,Siapa yang melangkah masuk ke rintik hujan deras?
generate kemana: Siti melangkah masuk ke rintik hujan deras.,Ke mana Siti melangkah masuk ?
generate apa: Payung kuning melindungi pakaian Siti dari basah.,Apa yang melindungi pakaian Siti?
generate siapa: Payung kuning melindungi pakaian Siti dari basah.,Siapa yang Payung kuning lindungi?
generate siapa: Siti melihat temannya berlari menembus hujan.,Siapa yang melihat hujan?
generate apa: Siti melihat temannya berlari menembus hujan.,Apa yang Siti lihat?
generate apa: Teman kelas Siti bernama Rani lupa membawa payung.,Apa yang lupa membawa payung?
generate apa: Teman kelas Siti bernama Rani lupa membawa payung.,Apa yang Teman kelas Siti bernama Rani lupa?
generate siapa: Siti memanggil nama Rani dengan sangat keras.,Siapa yang memanggil nama Rani?
generate siapa: Siti memanggil nama Rani dengan sangat keras.,Siapa yang Siti panggil?
generate siapa: Siti mengajak Rani berlindung di bawah payungnya.,Siapa yang mengajak berlindung Rani di bawah payung?
generate siapa: Siti mengajak Rani berlindung di bawah payungnya.,Siapa yang Siti ajak di bawah payung?
generate dimana: Siti mengajak Rani berlindung di bawah payungnya.,Di mana Siti mengajak berlindung Rani?
generate siapa: Rani segera mendekat ke bahu sebelah Siti.,Siapa yang mendekat segera ke bahu sebelah siti?
generate kemana: Rani segera mendekat ke bahu sebelah Siti.,Ke mana Rani mendekat ?
generate apa: Payung kuning cukup menutupi mereka berdua.,Apa yang menutupi mereka berdua cukup?
generate apa: Payung kuning cukup menutupi mereka berdua.,Apa yang Payung kuning tutupi cukup?
generate siapa: Mereka tapak berjalan bersama menuju jalan raya.,Siapa yang tapak berjalan bersama menuju jalan raya?
generate siapa: Ayah Rani datang menjemput dengan mobil putih.,Siapa yang datang menjemput dengan mobil putih?
generate apa: Mobil ayah berhenti di pinggir aspal jalan.,Apa yang berhenti di pinggir aspal jalan?
generate dimana: Mobil ayah berhenti di pinggir aspal jalan.,Di mana Mobil ayah berhenti ?
generate siapa: Rani mengucapkan terima kasih kepada Siti.,Siapa yang mengucapkan terima kasih kepada siti?
generate apa: Rani mengucapkan terima kasih kepada Siti.,Apa yang Rani ucapkan kepada siti?
generate siapa: Rani masuk ke bangku di dalam mobil.,Siapa yang masuk ke bangku di dalam mobil?
generate kemana: Rani masuk ke bangku di dalam mobil.,Ke mana Rani masuk ?
generate siapa: Siti melanjutkan perjalanan pulang ke rumah.,Siapa yang melanjutkan perjalanan ke rumah?
generate apa: Siti melanjutkan perjalanan pulang ke rumah.,Apa yang Siti lanjutkan ke rumah?
generate kemana: Siti melanjutkan perjalanan pulang ke rumah.,Ke mana Siti melanjutkan perjalanan?
generate apa: Payung kuning sangat berguna di musim penghujan.,Apa yang berguna sangat di musim penghujan?
generate dimana: Payung kuning sangat berguna di musim penghujan.,Di mana Payung kuning berguna ?
generate apa: Bagas dan temannya bermain peran lakon bajak laut.,Apa yang bermain peran lakon bajak laut?
generate apa: Bagas dan temannya bermain peran lakon bajak laut.,Apa yang Bagas dan teman nya main?
generate siapa: Bagas membuat topi kapten dari koran bekas.,Siapa yang membuat topi kapten dari koran bekas?
generate apa: Bagas membuat topi kapten dari koran bekas.,Apa yang Bagas buat dari koran bekas?
generate darimana: Bagas membuat topi kapten dari koran bekas.,Dari mana Bagas membuat topi kapten?
generate siapa: Kakak iseng menyembunyikan kotak kue di halaman belakang.,Siapa yang iseng menyembunyikan kotak kue di halaman belakang?
generate apa: Kakak iseng menyembunyikan kotak kue di halaman belakang.,Apa yang Kakak isengkan di halaman belakang?
generate dimana: Kakak iseng menyembunyikan kotak kue di halaman belakang.,Di mana Kakak iseng menyembunyikan kotak kue?
generate siapa: Kakak menggambar peta denah harta karun.,Siapa yang menggambar peta denah harta karun?
generate apa: Kakak menggambar peta denah harta karun.,Apa yang Kakak gambar?
generate apa: Peta kertas itu memiliki gambar pohon batu.,Apa yang memiliki gambar pohon batu?
generate apa: Peta kertas itu memiliki gambar pohon batu.,Apa yang Peta kertas itu miliki?
generate apa: Garis titik putus-putus menunjukkan arah rute langkah.,Apa yang menunjukkan arah rute lang?
generate apa: Garis titik putus-putus menunjukkan arah rute langkah.,Apa yang Garis titik putus-putus tunjukkan?
generate siapa: Bagas memegang erat peta gulung harta karun.,Siapa yang memegang peta gulung harta karun erat?
generate apa: Bagas memegang erat peta gulung harta karun.,Apa yang Bagas pegang erat?
generate apa: Teman-teman riuh mengikuti Bagas berbaris di belakang.,Apa yang mengikuti berbaris Bagas di belakang?
generate siapa: Teman-teman riuh mengikuti Bagas berbaris di belakang.,Siapa yang Teman-teman riuh ikut di belakang?
generate dimana: Teman-teman riuh mengikuti Bagas berbaris di belakang.,Di mana Teman-teman riuh mengikuti berbaris Bagas?
generate apa: Petunjuk arah pertama mengarah ke pangkal pohon mangga.,Apa yang mengarah ke pangkal pohon mangga?
generate kemana: Petunjuk arah pertama mengarah ke pangkal pohon mangga.,Ke mana Petunjuk arah pertama mengarah ?
generate siapa: Bagas berjalan lima langkah dari mangga.,Siapa yang berjalan lima langkah dari mangga?
generate apa: Bagas berjalan lima langkah dari mangga.,Apa yang Bagas jalan dari mangga?
generate darimana: Bagas berjalan lima langkah dari mangga.,Dari mana Bagas berjalan lima langkah?
generate siapa: Mereka melihat batu besar di pinggir pagar.,Siapa yang melihat batu besar di pinggir pagar?
generate apa: Mereka melihat batu besar di pinggir pagar.,Apa yang Mereka lihat di pinggir pagar?
generate dimana: Mereka melihat batu besar di pinggir pagar.,Di mana Mereka melihat batu besar?
generate apa: Petunjuk kedua menyuruh tim belok kanan.,Apa yang menyuruh tim belok kanan?
generate apa: Petunjuk kedua menyuruh tim belok kanan.,Apa yang Petunjuk kedua suruh?
generate siapa: Mereka menyusuri pagar kayu tiga langkah.,Siapa yang menyusuri pagar kayu tiga lang?
generate siapa: Peta menunjukkan tanda silang di pot tanaman.,Siapa yang menunjukkan tanda di pot tanaman?
generate apa: Peta menunjukkan tanda silang di pot tanaman.,Apa yang Peta tunjukkan di pot tanaman?
generate dimana: Peta menunjukkan tanda silang di pot tanaman.,Di mana Peta menunjukkan tanda?
generate siapa: Bagas menggali tanah yang gembur pakai sekop.,Siapa yang menggali tanah yang gembur pakai sekop?
generate apa: Sekop besi Bagas membentur tutup kotak kaleng.,Apa yang membentur tutup kotak kaleng?
generate apa: Sekop besi Bagas membentur tutup kotak kaleng.,Apa yang Sekop besi Bagas bentur?
generate siapa: Bagas menarik kotak kaleng dari dalam tanah.,Siapa yang menarik kotak kaleng dari dalam tanah?
generate apa: Bagas menarik kotak kaleng dari dalam tanah.,Apa yang Bagas menarik dari dalam tanah?
generate darimana: Bagas menarik kotak kaleng dari dalam tanah.,Dari mana Bagas menarik kotak kaleng?
generate apa: Kotak kaleng berisi ratusan koin cokelat.,Apa yang berisi ratusan koin cokelat?
generate apa: Kotak kaleng berisi ratusan koin cokelat.,Apa yang Kotak kaleng isi?
generate apa: Koin cokelat itu berupa permen yang manis.,Apa yang berupa permen yang manis?
generate apa: Koin cokelat itu berupa permen yang manis.,Apa yang Koin cokelat itu rupa?
generate siapa: Mereka berteriak gembira menemukan isi harta karun.,Siapa yang berteriak menemukan isi harta karun gembira?
generate apa: Mereka berteriak gembira menemukan isi harta karun.,Apa yang Mereka teriakkan gembira?
generate siapa: Bagas membagikan koin permen kepada semua teman.,Siapa yang membagikan koin permen kepada semua teman?
generate apa: Bagas membagikan koin permen kepada semua teman.,Apa yang Bagas bagikan kepada semua teman?
generate siapa: Mereka duduk melingkar memakan permen cokelat.,Siapa yang duduk melingkar memakan permen cokelat?
generate apa: Mereka duduk melingkar memakan permen cokelat.,Apa yang Mereka dudukkan?
generate apa: Permainan mencari harta karun sangat mendebarkan.,Apa yang mencari harta karun sangat mendebarkan?
generate apa: Permainan mencari harta karun sangat mendebarkan.,Apa yang Permainan cari sangat mendebarkan?
generate siapa: Dito membeli mainan rakit kapal selam.,Siapa yang membeli mainan rakit kapal selam?
generate apa: Dito membeli mainan rakit kapal selam.,Apa yang Dito beli?
generate apa: Mainan kuning ini memiliki baling-baling putar di belakang.,Apa yang memiliki baling-baling putar di belakang?
generate apa: Mainan kuning ini memiliki baling-baling putar di belakang.,Apa yang Mainan kuning ini miliki di belakang?
generate dimana: Mainan kuning ini memiliki baling-baling putar di belakang.,Di mana Mainan kuning ini memiliki baling-baling putar?
generate siapa: Dito mengisi ember air hingga penuh.,Siapa yang mengisi ember air penuh?
generate apa: Dito mengisi ember air hingga penuh.,Apa yang Dito isi penuh?
generate siapa: Dito meletakkan kapal selam ke atas permukaan air.,Siapa yang meletakkan kapal selam ke atas permukaan air?
generate apa: Dito meletakkan kapal selam ke atas permukaan air.,Apa yang Dito letakkan ke atas permukaan air?
generate kemana: Dito meletakkan kapal selam ke atas permukaan air.,Ke mana Dito meletakkan kapal selam?
generate apa: Kapal selam mengapung stabil di air tenang.,Apa yang mengapung stabil di air tenang?
generate dimana: Kapal selam mengapung stabil di air tenang.,Di mana Kapal selam mengapung ?
generate apa: Buku petunjuk meminta Dito untuk memutar pegas.,Apa yang meminta memutar pegas?
generate apa: Buku petunjuk meminta Dito untuk memutar pegas.,Apa yang Buku petunjuk pinta?
generate siapa: Dito memutar kunci pegas lima kali.,Siapa yang memutar kunci pegas lima kali?
generate apa: Tangan dito melepaskan kapal selam ke dalam ember.,Apa yang melepaskan kapal selam ke dalam ember?
generate apa: Tangan dito melepaskan kapal selam ke dalam ember.,Apa yang Tangan dito lepaskan ke dalam ember?
generate kemana: Tangan dito melepaskan kapal selam ke dalam ember.,Ke mana Tangan dito melepaskan kapal selam?
generate apa: Baling-baling belakang berputar sangat cepat.,Apa yang berputar sangat cepat?
generate apa: Kapal selam bergerak membelah muka air.,Apa yang bergerak membelah muka air?
generate apa: Kapal selam bergerak membelah muka air.,Apa yang Kapal selam gerak?
generate apa: Kapal memiliki dua lubang celah lambung.,Apa yang memiliki dua lubang celah lambung?
generate apa: Kapal memiliki dua lubang celah lambung.,Apa yang Kapal miliki?
generate apa: Air masuk lambung melalui saluran lubang.,Apa yang masuk lambung melalui saluran lubang?
generate apa: Air masuk lambung melalui saluran lubang.,Apa yang Air masuk melalui saluran lubang?
generate apa: Berat kapal selam bertambah isi air.,Apa yang bertambah isi air?
generate apa: Berat kapal selam bertambah isi air.,Apa yang Berat kapal selam tambah?
generate apa: Kapal selam tenggelam turun dasar ember.,Apa yang tenggelam turun dasar ember?
generate apa: Kapal selam tenggelam turun dasar ember.,Apa yang Kapal selam tenggelam?
generate apa: Kapal selam terus menabrak dinding dasar.,Apa yang menabrak dinding dasar terus?
generate apa: Kapal selam terus menabrak dinding dasar.,Apa yang Kapal selam tabrak terus?
generate apa: Gelembung nafas udara keluar dari celah cerobong mainan.,Apa yang keluar dari celah cerobong mainan?
generate darimana: Gelembung nafas udara keluar dari celah cerobong mainan.,Dari mana Gelembung nafas udara keluar ?
generate siapa: Dito melihat laju kapalnya sisi ember.,Siapa yang melihat laju kapal nya sisi ember?
generate apa: Dito melihat laju kapalnya sisi ember.,Apa yang Dito lihat?
generate apa: Gerakan baling-baling perlahan mulai melemah.,Apa yang mulai melemah perlahan?
generate apa: Kapal selam berhenti di tengah dasar ember.,Apa yang berhenti di tengah dasar ember?
generate dimana: Kapal selam berhenti di tengah dasar ember.,Di mana Kapal selam berhenti ?
generate siapa: Dito mengangkat kapal mainan basah itu.,Siapa yang mengangkat kapal mainan basah itu?
generate apa: Dito mengangkat kapal mainan basah itu.,Apa yang Dito angkat?
generate siapa: Dito mengosongkan air di lubang pembuangan.,Siapa yang mengosongkan air di lubang pembuangan?
generate apa: Dito mengosongkan air di lubang pembuangan.,Apa yang Dito osongkan di lubang pembuangan?
generate dimana: Dito mengosongkan air di lubang pembuangan.,Di mana Dito mengosongkan air?
generate siapa: Dito menyukai percobaan ilmu sains mainan.,Siapa yang menyukai percobaan ilmu sains mainan?
generate apa: Dito menyukai percobaan ilmu sains mainan.,Apa yang Dito sukai?
generate siapa: Raka berbaring di kamar redup.,Siapa yang berbaring di kamar redup?
generate dimana: Raka berbaring di kamar redup.,Di mana Raka berbaring ?
generate siapa: Raka memejamkan mata membayangkan luar angkasa.,Siapa yang memejamkan membayangkan mata luar angkasa?
generate apa: Raka memejamkan mata membayangkan luar angkasa.,Apa yang Raka pejamkan luar angkasa?
generate siapa: Raka membayangkan memakai baju astronaut putih.,Siapa yang membayangkan memakai baju astronaut putih?
generate siapa: Raka duduk mengendalikan roket di kursi pilot.,Siapa yang duduk mengendalikan roket di kursi pilot?
generate apa: Raka duduk mengendalikan roket di kursi pilot.,Apa yang Raka dudukkan di kursi pilot?
generate dimana: Raka duduk mengendalikan roket di kursi pilot.,Di mana Raka duduk mengendalikan roket?
generate apa: Mesin roket menyala dengan suara gemuruh api.,Apa yang menyala dengan suara gemuruh api?
generate apa: Roket menembus awan putih.,Apa yang menembus awan putih?
generate apa: Roket menembus awan putih.,Apa yang Roket tembus?
generate apa: Tubuh astronot Raka melayang tanpa beban.,Apa yang melayang tanpa beban?
generate siapa: Raka melihat bola bumi berwarna biru.,Siapa yang melihat bola bumi?
generate siapa: Roket Raka mendekati jalur planet merah.,Siapa yang mendekati jalur planet merah?
generate apa: Roket Raka mendekati jalur planet merah.,Apa yang Roket Raka dekati?
generate siapa: Raka mengemudikan roket untuk menghindari meteor jatuh.,Siapa yang mengemudikan menghindari meteor jatuh?
generate apa: Roket mendarat di permukaan daratan bulan.,Apa yang mendarat di permukaan daratan bulan?
generate dimana: Roket mendarat di permukaan daratan bulan.,Di mana Roket mendarat ?
generate siapa: Raka membuka pintu palka roket perlahan.,Siapa yang membuka pintu palka roket perlahan?
generate apa: Raka membuka pintu palka roket perlahan.,Apa yang Raka buka perlahan?
generate siapa: Raka menjejakkan sepatu di bulan.,Siapa yang menjejakkan sepatu di bulan?
generate apa: Raka menjejakkan sepatu di bulan.,Apa yang Raka jejakkan di bulan?
generate dimana: Raka menjejakkan sepatu di bulan.,Di mana Raka menjejakkan sepatu?
generate siapa: Raka melompat tinggi di udara.,Siapa yang melompat tinggi di udara?
generate dimana: Raka melompat tinggi di udara.,Di mana Raka melompat ?
generate darimana: Gravitasi bulan lebih kecil dari bumi.,Dari mana  Gravitasi ?
generate siapa: Raka menancapkan tiang bendera kertas di tanah bulan.,Siapa yang menancapkan tiang bendera kertas di tanah bulan?
generate apa: Raka menancapkan tiang bendera kertas di tanah bulan.,Apa yang Raka tancapkan di tanah bulan?
generate dimana: Raka menancapkan tiang bendera kertas di tanah bulan.,Di mana Raka menancapkan tiang bendera kertas?
generate siapa: Raka melihat ribuan bintang di angkasa.,Siapa yang melihat ribuan bintang di angkasa?
generate apa: Raka melihat ribuan bintang di angkasa.,Apa yang Raka lihat di angkasa?
generate dimana: Raka melihat ribuan bintang di angkasa.,Di mana Raka melihat ribuan bintang?
generate apa: Seekor alien hijau datang menyapa Raka.,Apa yang datang menyapa Raka?
generate siapa: Seekor alien hijau datang menyapa Raka.,Siapa yang Seekor alien hijau datang?
generate apa: Alien hijau memberi batu bersinar terang.,Apa yang memberi batu?
generate apa: Alien hijau memberi batu bersinar terang.,Apa yang Alien hijau beri?
generate siapa: Raka berterima kasih untuk kado alien tersebut.,Siapa yang berterima kasih untuk kado alien tersebut?
generate apa: Raka berterima kasih untuk kado alien tersebut.,Apa yang Raka terima untuk kado alien tersebut?
generate apa: Alarm jam berbunyi sangat bising di pagi hari.,Apa yang berbunyi sangat bising di pagi hari?
generate kapan: Alarm jam berbunyi sangat bising di pagi hari.,Kapan Alarm jam berbunyi ?
generate dimana: Alarm jam berbunyi sangat bising di pagi hari.,Di mana Alarm jam berbunyi ?
generate siapa: Raka kaget terbangun membuyarkan mimpinya.,Siapa yang kaget terbangun mimpi nya?
generate apa: Raka kaget terbangun membuyarkan mimpinya.,Apa yang Raka kaget?
generate siapa: Raka tersenyum mengingat petualangan seru khayalannya.,Siapa yang tersenyum mengingat petualangan seru khayalan nya?
generate apa: Raka tersenyum mengingat petualangan seru khayalannya.,Apa yang Raka senyum?
generate siapa: Raka bersiap mandi untuk pergi ke sekolah.,Siapa yang bersiap pergi mandi ke sekolah?
generate apa: Raka bersiap mandi untuk pergi ke sekolah.,Apa yang Raka siapi ke sekolah?
generate kemana: Raka bersiap mandi untuk pergi ke sekolah.,Ke mana Raka bersiap pergi mandi?
generate apa: Pelajaran ruang sains membahas tentang waktu bayangan.,Apa yang membahas tentang waktu bayangan?
generate siapa: Guru mengajak siswa menuju lapangan terbuka.,Siapa yang mengajak siswa menuju lapangan terbuka?
generate apa: Guru mengajak siswa menuju lapangan terbuka.,Apa yang Guru ajak menuju lapangan terbuka?
generate apa: Guru membawa alat piring kertas spidol.,Apa yang membawa alat piring kertas spidol?
generate apa: Guru membawa alat piring kertas spidol.,Apa yang Guru bawa?
generate siapa: Guru membawa malam plastisin sedotan plastik.,Siapa yang membawa malam plastisin sedotan plastik?
generate apa: Guru membawa malam plastisin sedotan plastik.,Apa yang Guru bawa?
generate siapa: Guru membagikan alat bahan tiap kelompok.,Siapa yang membagikan alat bahan tiap kelompok?
generate apa: Guru membagikan alat bahan tiap kelompok.,Apa yang Guru bagikan?
generate siapa: Tio membuat proyek jam matahari bersama.,Siapa yang membuat proyek jam matahari bersama?
generate apa: Tio membuat proyek jam matahari bersama.,Apa yang Tio buat bersama?
generate siapa: Tio meletakkan gumpalan plastisin di tengah piring.,Siapa yang meletakkan gumpalan plastisin di tengah piring?
generate apa: Tio meletakkan gumpalan plastisin di tengah piring.,Apa yang Tio letakkan di tengah piring?
generate dimana: Tio meletakkan gumpalan plastisin di tengah piring.,Di mana Tio meletakkan gumpalan plastisin?
generate siapa: Tio menancapkan sedotan lurus menembus plastisin.,Siapa yang menancapkan menembus plastisin?
generate apa: Tio menancapkan sedotan lurus menembus plastisin.,Apa yang Tio tancap?
generate apa: Sedotan tiang harus tegak arah lurus ke langit.,Apa yang harus tegak ke langit?
generate kemana: Sedotan tiang harus tegak arah lurus ke langit.,Ke mana Sedotan tiang harus tegak ?
generate siapa: Mereka meletakkan piring kertas di bawah matahari.,Siapa yang meletakkan piring kertas di bawah matahari?
generate apa: Mereka meletakkan piring kertas di bawah matahari.,Apa yang Mereka letakkan di bawah matahari?
generate dimana: Mereka meletakkan piring kertas di bawah matahari.,Di mana Mereka meletakkan piring kertas?
generate apa: Sinar cahaya matahari menyinari sisi sebelah timur.,Apa yang menyinari sisi timur?
generate apa: Sinar cahaya matahari menyinari sisi sebelah timur.,Apa yang Sinar cahaya matahari sinari?
generate siapa: Sedotan menghasilkan sebuah bayangan piring kertas.,Siapa yang menghasilkan sebuah bayangan piring kertas?
generate apa: Sedotan menghasilkan sebuah bayangan piring kertas.,Apa yang Sedotan hasilkan?
generate siapa: Tio menandai letak bayangan pakai spidol.,Siapa yang menandai letak bayangan?
generate apa: Tio menandai letak bayangan pakai spidol.,Apa yang Tio tandai?
generate siapa: Tio menulis penunjuk tanda waktu tersebut.,Siapa yang menulis penunjuk tanda waktu tersebut?
generate apa: Tio menulis penunjuk tanda waktu tersebut.,Apa yang Tio tulis?
generate apa: Saat ini menunjukkan jam sembilan pagi.,Apa yang menunjukkan jam sembilan pagi?
generate apa: Saat ini menunjukkan jam sembilan pagi.,Apa yang Saat ini tunjukkan?
generate siapa: Satu jam kemudian mereka mengecek piring.,Siapa yang mengecek piring satu jam kemudian?
generate apa: Satu jam kemudian mereka mengecek piring.,Apa yang mereka mengecek satu jam kemudian?
generate apa: Bayangan garis sedotan berpindah posisi sedikit ke kanan.,Apa yang berpindah posisi sedikit ke kanan?
generate apa: Bayangan garis sedotan berpindah posisi sedikit ke kanan.,Apa yang Bayangan garis sedotan pindah sedikit ke kanan?
generate kemana: Bayangan garis sedotan berpindah posisi sedikit ke kanan.,Ke mana Bayangan garis sedotan berpindah posisi?
generate apa: Matahari bola telah bergerak naik lebih tinggi.,Apa yang telah bergerak naik?
generate siapa: Tio kembali menandai letak bayangan baru.,Siapa yang menandai letak bayangan baru kembali?
generate apa: Tio kembali menandai letak bayangan baru.,Apa yang Tio tandai kembali?
generate siapa: Tio menulis angka sepuluh tanda kedua.,Siapa yang menulis angka sepuluh tanda kedua?
generate apa: Tio menulis angka sepuluh tanda kedua.,Apa yang Tio tulis?
generate darimana: Waktu hari dapat diukur panjangnya dari letak bayangan.,Dari mana  dapat diukur panjang nya?
generate apa: Orang zaman dahulu sering menggunakan cara ini.,Apa yang menggunakan cara ini dahulu sering?
generate apa: Orang zaman dahulu sering menggunakan cara ini.,Apa yang Orang zaman gunakan dahulu sering?
generate apa: Siswa sangat antusias pada proyek sains alam.,Apa yang antusias sangat?
generate siapa: Tio membawa hasil jam matahari pulang.,Siapa yang membawa hasil jam matahari?
generate apa: Tio membawa hasil jam matahari pulang.,Apa yang Tio bawa?
generate apa: Luna memiliki toko seperangkat set cat air.,Apa yang memiliki toko seperangkat set cat air?
generate apa: Luna memiliki toko seperangkat set cat air.,Apa yang Luna miliki?
generate apa: Luna ingin melukis pemandangan.,Apa yang ingin melukis pemandangan?
generate apa: Luna ingin melukis pemandangan.,Apa yang Luna lukis?
generate apa: Luna menyiapkan kertas tebal di atas meja.,Apa yang menyiapkan kertas tebal di atas meja?
generate apa: Luna menyiapkan kertas tebal di atas meja.,Apa yang Luna siapkan di atas meja?
generate dimana: Luna menyiapkan kertas tebal di atas meja.,Di mana Luna menyiapkan kertas tebal?
generate apa: Luna mengambil kuas tebal halus di dalam kotak.,Apa yang mengambil kuas tebal halus di dalam kotak?
generate apa: Luna mengambil kuas tebal halus di dalam kotak.,Apa yang Luna ambil di dalam kotak?
generate dimana: Luna mengambil kuas tebal halus di dalam kotak.,Di mana Luna mengambil kuas tebal halus?
generate apa: Luna membasahi permukaan lembar kertas air.,Apa yang membasahi permukaan lembar kertas air?
generate apa: Luna membasahi permukaan lembar kertas air.,Apa yang Luna basahi?
generate apa: Luna mencelupkan kuas ke kotak cat hitam.,Apa yang mencelupkan kuas ke kotak cat hitam?
generate apa: Luna mencelupkan kuas ke kotak cat hitam.,Apa yang Luna celupkan ke kotak cat hitam?
generate kemana: Luna mencelupkan kuas ke kotak cat hitam.,Ke mana Luna mencelupkan kuas?
generate apa: Luna menyapukan kuas warna ke kertas basah.,Apa yang menyapukan kuas warna ke kertas basah?
generate apa: Luna menyapukan kuas warna ke kertas basah.,Apa yang Luna sapukan ke kertas basah?
generate kemana: Luna menyapukan kuas warna ke kertas basah.,Ke mana Luna menyapukan kuas warna?
generate apa: Cat pigmen hitam menyebar membentuk langit kelam.,Apa yang menyebar membentuk langit kelam?
generate apa: Cat pigmen hitam menyebar membentuk langit kelam.,Apa yang Cat pigmen hitam sebar?
generate apa: Luna menambahkan warna nila dan biru tua.,Apa yang menambahkan warna nila?
generate apa: Luna menambahkan warna nila dan biru tua.,Apa yang Luna tambahkan?
generate apa: Luna mengeringkan kertas gambar dengan hawa angin.,Apa yang mengeringkan kertas gambar dengan hawa angin?
generate apa: Luna mengeringkan kertas gambar dengan hawa angin.,Apa yang Luna keringkan dengan hawa angin?
generate apa: Luna mengambil sikat gigi bersih bekas.,Apa yang mengambil sikat gigi bersih bekas?
generate apa: Luna mengambil sikat gigi bersih bekas.,Apa yang Luna ambil?
generate apa: Luna mencelupkan sikat bulu cat putih.,Apa yang mencelupkan sikat bulu cat putih?
generate apa: Luna mencelupkan sikat bulu cat putih.,Apa yang Luna celupkan?
generate apa: Luna mendekatkan sikat jari kertas gambar.,Apa yang mendekatkan sikat jari kertas gambar?
generate apa: Luna mendekatkan sikat jari kertas gambar.,Apa yang Luna dekatkan?
generate apa: Luna menggesek bulu sikat menggunakan jempolnya.,Apa yang Luna gesekkan?
generate apa: Cipratan bintik kecil cat menghujani kertas gambar.,Apa yang menghujani kertas gambar?
generate apa: Cipratan bintik kecil cat menghujani kertas gambar.,Apa yang Cipratan bintik kecil cat hujani?
generate apa: Luna menggambar bulan bentuk sabit di pojok.,Apa yang menggambar bulan bentuk sabit di pojok?
generate apa: Luna menggambar bulan bentuk sabit di pojok.,Apa yang Luna gambar di pojok?
generate dimana: Luna menggambar bulan bentuk sabit di pojok.,Di mana Luna menggambar bulan bentuk sabit?
generate apa: Luna melukis siluet bentuk pohon pinus.,Apa yang melukis siluet bentuk pohon pinus?
generate apa: Luna melukis siluet bentuk pohon pinus.,Apa yang Luna lukis?
generate apa: Lukisan kertas langit berbintang Luna sudah kering.,Apa yang sudah kering?
generate siapa: Ibu memuji lukisan karya anak perempuannya.,Siapa yang memuji lukisan karya anak perempuan nya?
generate apa: Luna mencuci perabotan kuas di wastafel dapur.,Apa yang mencuci perabotan kuas di wastafel dapur?
generate apa: Luna mencuci perabotan kuas di wastafel dapur.,Apa yang Luna cuci di wastafel dapur?
generate dimana: Luna mencuci perabotan kuas di wastafel dapur.,Di mana Luna mencuci perabotan kuas?
generate apa: Luna meletakkan lukisan di meja belajar.,Apa yang meletakkan lukisan di meja belajar?
generate apa: Luna meletakkan lukisan di meja belajar.,Apa yang Luna letakkan di meja belajar?
generate dimana: Luna meletakkan lukisan di meja belajar.,Di mana Luna meletakkan lukisan?
generate siapa: Bobi memiliki keranjang mainan kotak balok.,Siapa yang memiliki keranjang mainan kotak balok?
generate apa: Bobi memiliki keranjang mainan kotak balok.,Apa yang Bobi miliki?
generate siapa: Sore ini Bobi bermain kayu warna-warni.,Siapa yang bermain kayu warna-warni?
generate apa: Sore ini Bobi bermain kayu warna-warni.,Apa yang Bobi main?
generate siapa: Bobi ingin membangun menara yang sangat tinggi.,Siapa yang ingin membangun menara yang sangat tinggi sangat?
generate apa: Bobi ingin membangun menara yang sangat tinggi.,Apa yang Bobi bangun sangat?
generate siapa: Bobi meletakkan tiga balok datar sebagai pondasi.,Siapa yang meletakkan tiga balok datar pondasi?
generate apa: Bobi meletakkan tiga balok datar sebagai pondasi.,Apa yang Bobi letakkan?
generate siapa: Bobi menaruh tiga balok lain di atasnya.,Siapa yang menaruh tiga balok lain di atas nya?
generate apa: Bobi menaruh tiga balok lain di atasnya.,Apa yang Bobi taruh di atas nya?
generate dimana: Bobi menaruh tiga balok lain di atasnya.,Di mana Bobi menaruh tiga balok lain?
generate apa: Menara balok tumbuh menjulang ke arah atas.,Apa yang tumbuh ke arah atas?
generate kemana: Menara balok tumbuh menjulang ke arah atas.,Ke mana Menara balok tumbuh ?
generate siapa: Bobi menambahkan balok bulat silinder bertingkat.,Siapa yang menambahkan balok bulat silinder bertingkat?
generate apa: Bobi menambahkan balok bulat silinder bertingkat.,Apa yang Bobi tambahkan?
generate apa: Tangan jari Bobi menyusun kayu dengan sangat hati-hati.,Apa yang menyusun kayu dengan hati-hati sangat hati-hati?
generate apa: Tangan jari Bobi menyusun kayu dengan sangat hati-hati.,Apa yang Tangan jari Bobi susun dengan hati-hati sangat hati-hati?
generate apa: Menara pucuk kayu melebihi tinggi kepala Bobi.,Apa yang melebihi kepala Bobi tinggi?
generate siapa: Menara pucuk kayu melebihi tinggi kepala Bobi.,Siapa yang Menara pucuk kayu lebihi tinggi?
generate siapa: Bobi menambahkan kotak kuning di atas.,Siapa yang menambahkan kotak kuning di atas?
generate apa: Bobi menambahkan kotak kuning di atas.,Apa yang Bobi tambahkan di atas?
generate dimana: Bobi menambahkan kotak kuning di atas.,Di mana Bobi menambahkan kotak kuning?
generate siapa: Bobi meletakkan balok lancip segitiga sebagai penutup.,Siapa yang meletakkan balok lancip segitiga sebagai penutup?
generate apa: Bobi meletakkan balok lancip segitiga sebagai penutup.,Apa yang Bobi letakkan sebagai penutup?
generate apa: Menara balok kayu berdiri tegap di ubin teras.,Apa yang berdiri tegap di ubin teras?
generate dimana: Menara balok kayu berdiri tegap di ubin teras.,Di mana Menara balok kayu berdiri ?
generate kemana: Kucing peliharaan Bobi mendekat ke area.,Ke mana Kucing peliharaan Bobi mendekat ?
generate apa: Kucing nakal itu bernama Moli si ekor panjang.,Apa yang bernama Moli si ekor panjang?
generate siapa: Kucing nakal itu bernama Moli si ekor panjang.,Siapa yang Kucing nakal itu nama?
generate siapa: Moli menggesekkan tubuhnya di sisi pinggir menara.,Siapa yang menggesekkan tubuh nya di sisi pinggir menara?
generate apa: Moli menggesekkan tubuhnya di sisi pinggir menara.,Apa yang Moli gesekkan di sisi pinggir menara?
generate dimana: Moli menggesekkan tubuhnya di sisi pinggir menara.,Di mana Moli menggesekkan tubuh nya?
generate apa: Pondasi bawah menara balok bergeser di senggol kucing.,Apa yang bergeser di senggol kucing?
generate dimana: Pondasi bawah menara balok bergeser di senggol kucing.,Di mana Pondasi bawah menara balok bergeser ?
generate apa: Menara balok bergoyang miring ke arah kiri.,Apa yang bergoyang miring ke arah kiri?
generate kemana: Menara balok bergoyang miring ke arah kiri.,Ke mana Menara balok bergoyang ?
generate darimana: Suara benturan keras terdengar jatuh dari lantai.,Dari mana  terdengar jatuh ?
generate siapa: Menara runtuh menutupi bersih teras rumah.,Siapa yang runtuh menutupi teras rumah?
generate apa: Menara runtuh menutupi bersih teras rumah.,Apa yang Menara runtuhi?
generate siapa: Moli panik mendengar suara balok jatuh.,Siapa yang panik mendengar suara balok?
generate apa: Moli panik mendengar suara balok jatuh.,Apa yang Moli panik?
generate siapa: Bobi hanya tertawa geli melihat kucingnya.,Siapa yang tertawa melihat kucing nya hanya?
generate apa: Bobi hanya tertawa geli melihat kucingnya.,Apa yang Bobi tertawa hanya?
generate siapa: Bobi memasukkan balok ke dalam keranjang mainan plastik.,Siapa yang memasukkan balok ke dalam keranjang mainan plastik?
generate apa: Bobi memasukkan balok ke dalam keranjang mainan plastik.,Apa yang Bobi masukkan ke dalam keranjang mainan plastik?
generate kemana: Bobi memasukkan balok ke dalam keranjang mainan plastik.,Ke mana Bobi memasukkan balok?
generate siapa: Bobi kembali merangkai pondasi awal balok.,Siapa yang merangkai pondasi awal balok kembali?
generate apa: Bobi kembali merangkai pondasi awal balok.,Apa yang Bobi rangkai kembali?
generate apa: Cendol gula aren ini lezat sekali.,Apa yang lezat sekali?
generate siapa: Bapak mau ke toko perlengkapan sepeda dulu.,Siapa yang mau ke toko perlengkapan sepeda dulu?
generate kemana: Bapak mau ke toko perlengkapan sepeda dulu.,Ke mana Bapak mau ?
generate siapa: Bobo mengagetkan Paman saja.,Siapa yang mengagetkan Paman saja?
generate siapa: Bobo mengagetkan Paman saja.,Siapa yang Bobo agetkan saja?
generate siapa: Penyelidikan Paman sudah selesai.,Siapa yang sudah selesai?
generate siapa: Paman Dick Selidik membelikan Bobo es krim.,Siapa yang membelikan Bobo es krim?
generate siapa: Paman Dick Selidik membelikan Bobo es krim.,Siapa yang Paman Dick Selidik belikan?
generate siapa: Mereka suka bersama.,Siapa yang suka bersama?
generate siapa: Mereka suka rumput.,Siapa yang suka rumput?
generate apa: Mereka suka rumput.,Apa yang Mereka suka?
generate siapa: Aku ada sepeda kecil.,Siapa yang ada sepeda kecil?
generate siapa: Ayah ada sepeda besar.,Siapa yang ada sepeda besar?
generate siapa: Motor bisa melaju lebih cepat dari sepeda.,Siapa yang bisa melaju lebih cepat dari sepeda?
generate darimana: Motor bisa melaju lebih cepat dari sepeda.,Dari mana Motor bisa melaju ?
generate siapa: Motor dapat kejar mobil.,Siapa yang dapat kejar mobil?
generate apa: Motor dapat kejar mobil.,Apa yang Motor kejar?
generate dimana: Ada mobil di jalan juga.,Di mana  Ada mobil?
generate dimana: Ada jalan rusak di depan.,Di mana  Ada jalan rusak?
generate siapa: Aku juga bisa bawa eskavator.,Siapa yang bisa bawa eskavator juga?
generate apa: Aku juga bisa bawa eskavator.,Apa yang Aku bawa juga?
"generate siapa: Suatu hari, Ibu Kambing pergi keluar.","Siapa yang pergi keluar suatu hari ,?"
generate siapa: Ibu Kambing meninggalkan Anak-anak Kambing sendirian di rumah.,Siapa yang meninggalkan Anak-anak Kambing sendirian di rumah?
generate siapa: Ibu Kambing meninggalkan Anak-anak Kambing sendirian di rumah.,Siapa yang Ibu Kambing tinggalkan di rumah?
generate dimana: Ibu Kambing meninggalkan Anak-anak Kambing sendirian di rumah.,Di mana Ibu Kambing meninggalkan Anak-anak Kambing sendirian?
generate siapa: Ibu Kambing berhasil mengusir si Serigala Peniru.,Siapa yang berhasil mengusir si Serigala?
generate siapa: Ibu Kambing berhasil mengusir si Serigala Peniru.,Siapa yang Ibu Kambing berhasil?
generate apa: Pada Suatu pagi yang cerah banyak binatang menuju sumber air.Binatang-binatang itu mengelilingi telaga.,Apa yang binatang yang cerah banyak?
generate siapa: Mereka memperhatikan sang Badak.,Siapa yang memperhatikan sang Badak?
generate siapa: Mereka memperhatikan sang Badak.,Siapa yang Mereka perhatikan?
generate siapa: Aku punya tanduk.,Siapa yang punya tanduk?
generate apa: Aku punya tanduk.,Apa yang Aku punya?
generate siapa: Badak Segera bangun.,Siapa yang bangun Segera?
generate siapa: Kancil mendekat ke arah badak.,Siapa yang mendekat ke arah badak?
generate kemana: Kancil mendekat ke arah badak.,Ke mana Kancil mendekat ?
generate apa: Tuan besar berkubang di selokan kecil.,Apa yang berkubang di selokan kecil?
generate dimana: Tuan besar berkubang di selokan kecil.,Di mana Tuan besar berkubang ?
generate siapa: Musang berjalan mengelilingi tembok bangunan gudang.,Siapa yang berjalan mengelilingi tembok bangunan gudang?
generate siapa: Musang masuk ke ruangan gudang.,Siapa yang masuk ke ruangan gudang?
generate kemana: Musang masuk ke ruangan gudang.,Ke mana Musang masuk ?
generate siapa: Dia mencari musang itu.,Siapa yang mencari musang itu?
generate apa: Dia mencari musang itu.,Apa yang Dia cari?
generate apa: Pemilik gudang mengejar Musang sambil membawa kayu.,Apa yang mengejar membawa kayu?
generate apa: Pemilik gudang mengejar Musang sambil membawa kayu.,Apa yang Pemilik gudang kejar?
generate apa: Pemilik gudang menangkap Musang.,Apa yang menangkap Musang?
generate siapa: Pemilik gudang menangkap Musang.,Siapa yang Pemilik gudang tangkap?
generate siapa: Ki Manhadong duduk termenung di tepi sungai.,Siapa yang duduk di tepi sungai?
generate dimana: Ki Manhadong duduk termenung di tepi sungai.,Di mana Ki Manhadong duduk ?
generate siapa: Ki manhadong bangun.,Siapa yang bangun?
"generate apa: Pada zaman dahulu kala, sebuah Keluarga memakan salak.",Apa yang memakan salak?
"generate apa: Pada zaman dahulu kala, sebuah Keluarga memakan salak.",Apa yang sebuah Keluarga makan?
"generate apa: Suatu hari, sang Ayah meninggal dunia.","Apa yang meninggal dunia suatu hari ,?"
"generate apa: Suatu hari, sang Ayah meninggal dunia.","Apa yang sang Ayah tinggal suatu hari ,?"
generate dimana: Ia dimakamkan di pemakaman umum tepi kota yang cukup jauh.,Di mana  dimakamkan ?
generate apa: Pada hari ketujuh setelah sang Ayah wafat.,Apa yang wafat?
generate apa: Ibu ketiga anak itu masih sedih.,Apa yang sedih masih?
generate siapa: Ia ingin membawa bunga ke makam suaminya.,Siapa yang ingin membawa bunga ke makam suami?
generate apa: Ia ingin membawa bunga ke makam suaminya.,Apa yang Ia bawa ke makam suami?
generate kemana: Ia ingin membawa bunga ke makam suaminya.,Ke mana Ia ingin membawa bunga?
generate siapa: Ia berpesan pada ketiga anaknya.,Siapa yang berpesan pada ketiga anak?
generate siapa: Ibu pergi membawa bunga untuk makam Ayah.,Siapa yang pergi membawa bunga untuk makam ayah?
generate apa: Ibu pergi membawa bunga untuk makam Ayah.,Apa yang Ibu pergi untuk makam ayah?
generate apa: Ibu pergi kalian harus saling menjaga.,Apa yang harus menjaga saling?
generate siapa: Dia pandai menyamar jadi manusia.,Siapa yang menyamar jadi manusia pandai?
generate apa: Dia pandai menyamar jadi manusia.,Apa yang Dia samari pandai?
generate siapa: Dia meniru suara dan rupa.,Siapa yang meniru suara?
generate apa: Dia meniru suara dan rupa.,Apa yang Dia tiru?
generate siapa: Kalian harus berhati-hati.,Siapa yang harus berhati-hati?
generate apa: Ketiga anak itu berjanji akan berhati-hati.,Apa yang berjanji berhati-hati?
generate siapa: Mereka mengantar Ibu mereka di muka rumah.,Siapa yang mengantar Ibu mereka di muka rumah?
generate siapa: Mereka mengantar Ibu mereka di muka rumah.,Siapa yang Mereka antar di muka rumah?
generate dimana: Mereka mengantar Ibu mereka di muka rumah.,Di mana Mereka mengantar Ibu mereka?
generate apa: Sang Ibu memerhatikan ketiga anaknya dari jauh dengan agak cemas.,Apa yang memerhatikan ketiga anak nya jauh dengan cemas?
generate apa: Sang Ibu memerhatikan ketiga anaknya dari jauh dengan agak cemas.,Apa yang Sang Ibu perhatikan dengan cemas?
generate siapa: Ia ingin membawa bunga untuk makam suaminya.,Siapa yang ingin membawa bunga untuk makam suami?
generate apa: Ia ingin membawa bunga untuk makam suaminya.,Apa yang Ia bawa untuk makam suami?
generate siapa: Ia pun pergi dengan hati gelisah.,Siapa yang pergi dengan hati gelisah?
generate apa: Raksasa tua datang ke rumah ketiga anak itu.,Apa yang datang ke rumah ketiga anak itu?
generate kemana: Raksasa tua datang ke rumah ketiga anak itu.,Ke mana Raksasa tua datang ?
generate apa: Raksasa tua itu menuruti perintah mereka.,Apa yang menuruti perintah mereka?
generate apa: Raksasa tua itu menuruti perintah mereka.,Apa yang Raksasa tua itu turuti?
generate apa: Ketiga anak itu bergantian mengintip di lubang kecil pintu.,Apa yang mengintip bergantian di lubang kecil pintu?
generate dimana: Ketiga anak itu bergantian mengintip di lubang kecil pintu.,Di mana Ketiga anak itu mengintip ?
generate apa: Raksasa tua itu segera pergi dari rumah itu.,Apa yang pergi segera dari rumah itu?
generate darimana: Raksasa tua itu segera pergi dari rumah itu.,Dari mana Raksasa tua itu pergi ?
generate siapa: Ia kembali ke rumah ketiga anak itu.,Siapa yang kembali ke rumah ketiga anak itu?
generate kemana: Ia kembali ke rumah ketiga anak itu.,Ke mana Ia kembali ?
generate apa: Raksasa itu menunjukan tangannya.,Apa yang menunjukan tangan nya?
generate apa: Raksasa itu menunjukan tangannya.,Apa yang Raksasa itu menunjukan?
generate apa: Ketiga anak itu mengintip.,Apa yang mengintip?
generate siapa: Mereka melihat tangan yang tidak berbulu dan berkulit putih.,Siapa yang melihat tangan yang tidak berbulu dan berkulit putih tidak?
generate apa: Mereka melihat tangan yang tidak berbulu dan berkulit putih.,Apa yang Mereka lihat tidak?
generate apa: Raksasa jahat itu pergi.,Apa yang pergi?
"generate siapa: Ia meminum air rendaman bunga mawar, lalu kembali ke rumah anak-anak itu untuk ketiga kalinya.",Siapa yang meminum air rendaman bunga mawar ke rumah anak-anak itu untuk ketiga kali?
"generate apa: Ia meminum air rendaman bunga mawar, lalu kembali ke rumah anak-anak itu untuk ketiga kalinya.",Apa yang Ia pinum ke rumah anak-anak itu untuk ketiga kali?
"generate kemana: Ia meminum air rendaman bunga mawar, lalu kembali ke rumah anak-anak itu untuk ketiga kalinya.",Ke mana Ia meminum air rendaman bunga mawar?
generate siapa: Ibu sudah datang.,Siapa yang sudah datang?
generate apa: Ketiga anak itu membuka pintu.,Apa yang membuka pintu?
generate apa: Ketiga anak itu membuka pintu.,Apa yang Ketiga anak itu buka?
generate apa: Raksasa itu merubah wujudnya menjadi Ibu mereka.,Apa yang merubah menjadi Ibu mereka?
generate siapa: Raksasa itu merubah wujudnya menjadi Ibu mereka.,Siapa yang Raksasa itu rubahi?
generate apa: Ketiga anak itu membiarkan Ibu palsu itu masuk.,Apa yang membiarkan masuk Ibu palsu itu?
generate siapa: Ketiga anak itu membiarkan Ibu palsu itu masuk.,Siapa yang Ketiga anak itu biar?
generate siapa: Hari sudah malam.,Siapa yang malam sudah?
generate apa: Si anak bungsu tidur bersama raksasa tua yang kini tampak seperti ibu mereka.,Apa yang tidur bersama raksasa tua yang kini tampak seperti ibu kini?
generate apa: Anak pertama dan kedua terbangun.,Apa yang terbangun?
generate siapa: Mereka menajamkan telinga.,Siapa yang menajamkan telinga?
generate apa: Mereka menajamkan telinga.,Apa yang Mereka tajamkan?
generate siapa: Mereka mengendap keluar dari kamar.,Siapa yang mengendap keluar dari kamar?
generate darimana: Mereka mengendap keluar dari kamar.,Dari mana Mereka mengendap ?
generate siapa: Mereka melihat sosok punggung ibu mereka.,Siapa yang melihat sosok punggung ibu mereka?
generate apa: Mereka melihat sosok punggung ibu mereka.,Apa yang Mereka lihat?
generate siapa: Ia sedang menyiapkan bahan makanan.,Siapa yang sedang menyiapkan bahan makanan?
generate siapa: Ia memotong-motong sayur.,Siapa yang memotong-motong sayur?
generate apa: Ia memotong-motong sayur.,Apa yang Ia potong?
generate apa: Ibu memasukkannya rempah-rempah ke dalam air mendidih.,Apa yang memasukkan rempah-rempah ke dalam air mendidih?
generate apa: Ibu memasukkannya rempah-rempah ke dalam air mendidih.,Apa yang Ibu masukkan ke dalam air mendidih?
generate kemana: Ibu memasukkannya rempah-rempah ke dalam air mendidih.,Ke mana Ibu memasukkan rempah-rempah?
generate apa: Sang Ibu lalu mengambil pisau daging.,Apa yang mengambil pisau daging?
generate apa: Sang Ibu lalu mengambil pisau daging.,Apa yang Sang Ibu ambil?
generate siapa: Ibu sedang menyiapkan sarapan untuk kalian.,Siapa yang sedang menyiapkan sarapan untuk kalian?
generate apa: Ibu sedang menyiapkan sarapan untuk kalian.,Apa yang Ibu siapkan untuk kalian?
generate apa: Ibu pulang dari perjalanan yang sangat jauh.,Apa yang pulang dari perjalanan yang sangat jauh sangat?
generate darimana: Ibu pulang dari perjalanan yang sangat jauh.,Dari mana Ibu pulang ?
generate apa: Ibu mengasah pisau daging.,Apa yang mengasah pisau daging?
generate apa: Ibu mengasah pisau daging.,Apa yang Ibu asah?
generate apa: Dinding rumah hancur berlubang.,Apa yang hancur berlubang?
generate dimana: Kepala raksasa itu terjebak di lubang dinding itu.,Di mana  terjebak ?
generate apa: Raksasa itu meronta dan mengamuk.,Apa yang meronta?
generate siapa: Ia mencoba menarik kepalanya.,Siapa yang mencoba menarik kepala nya?
generate apa: Ia mencoba menarik kepalanya.,Apa yang Ia coba?
generate siapa: Ia lalu menarik sekuat tenaga.,Siapa yang menarik lalu sekuat tenaga?
generate apa: Pagi hari seekor monyet memakan pisang matang.,Apa yang memakan pisang matang pagi hari?
generate apa: Pagi hari seekor monyet memakan pisang matang.,Apa yang seekor monyet makan pagi hari?
generate kapan: Pagi hari seekor monyet memakan pisang matang.,Kapan seekor monyet memakan pisang matang?
generate siapa: Monyet membawa kelapa ke tepi sungai.,Siapa yang membawa kelapa ke tepi sungai?
generate apa: Monyet membawa kelapa ke tepi sungai.,Apa yang Monyet bawa ke tepi sungai?
generate kemana: Monyet membawa kelapa ke tepi sungai.,Ke mana Monyet membawa kelapa?
generate apa: Burung kecil bernyanyi di atas pohon tinggi.,Apa yang bernyanyi di atas pohon tinggi?
generate dimana: Burung kecil bernyanyi di atas pohon tinggi.,Di mana Burung kecil bernyanyi ?
generate apa: Pada siang hari monyet beristirahat dengan tenang.,Apa yang beristirahat pada siang hari dengan tenang?
generate kapan: Pada siang hari monyet beristirahat dengan tenang.,Kapan monyet beristirahat ?
generate siapa: Monyet mengambil buah mangga dari keranjang bambu.,Siapa yang mengambil buah mangga dari keranjang bambu?
generate apa: Monyet mengambil buah mangga dari keranjang bambu.,Apa yang Monyet ambil dari keranjang bambu?
generate darimana: Monyet mengambil buah mangga dari keranjang bambu.,Dari mana Monyet mengambil buah mangga?
generate apa: Kura kura berjalan ke arah batu besar.,Apa yang berjalan ke arah batu besar?
generate kemana: Kura kura berjalan ke arah batu besar.,Ke mana Kura kura berjalan ?
generate apa: Pada sore hari monyet bermain air dengan gembira.,Apa yang bermain air pada sore hari dengan gembira?
generate apa: Pada sore hari monyet bermain air dengan gembira.,Apa yang monyet main pada sore hari dengan gembira?
generate siapa: Monyet melompat dari dahan pohon tua.,Siapa yang melompat dari dahan pohon tua?
generate darimana: Monyet melompat dari dahan pohon tua.,Dari mana Monyet melompat ?
generate apa: Lebah kecil terbang di sekitar bunga liar.,Apa yang terbang di sekitar bunga liar?
generate dimana: Lebah kecil terbang di sekitar bunga liar.,Di mana Lebah kecil terbang ?
generate apa: Pada malam hari monyet tidur dengan nyenyak.,Apa yang tidur pada malam hari dengan nyenyak?
generate kapan: Pada malam hari monyet tidur dengan nyenyak.,Kapan monyet tidur ?
generate siapa: Monyet melihat pelangi di langit biru.,Siapa yang melihat pelangi di langit biru?
generate apa: Monyet melihat pelangi di langit biru.,Apa yang Monyet lihat di langit biru?
generate dimana: Monyet melihat pelangi di langit biru.,Di mana Monyet melihat pelangi?
generate siapa: Tupai membawa kacang ke sarang kecil.,Siapa yang membawa kacang ke sarang kecil?
generate apa: Tupai membawa kacang ke sarang kecil.,Apa yang Tupai bawa ke sarang kecil?
generate kemana: Tupai membawa kacang ke sarang kecil.,Ke mana Tupai membawa kacang?
generate apa: Pada pagi hari monyet mencuci tangan dengan air bersih.,Apa yang mencuci tangan pada pagi hari dengan air bersih?
generate apa: Pada pagi hari monyet mencuci tangan dengan air bersih.,Apa yang monyet cuci pada pagi hari dengan air bersih?
generate kapan: Pada pagi hari monyet mencuci tangan dengan air bersih.,Kapan monyet mencuci tangan?
generate apa: Angin dingin bertiup dari arah bukit hijau.,Apa yang bertiup dari arah bukit hijau?
generate darimana: Angin dingin bertiup dari arah bukit hijau.,Dari mana Angin dingin bertiup ?
generate siapa: Pada pagi hari Ahmad membaca buku cerita.,Siapa yang membaca buku cerita pada pagi hari?
generate apa: Pada pagi hari Ahmad membaca buku cerita.,Apa yang Ahmad baca pada pagi hari?
generate kapan: Pada pagi hari Ahmad membaca buku cerita.,Kapan Ahmad membaca buku cerita?
generate siapa: Ahmad membawa tas sekolah ke ruang kelas.,Siapa yang membawa tas sekolah ke ruang kelas?
generate apa: Ahmad membawa tas sekolah ke ruang kelas.,Apa yang Ahmad bawa ke ruang kelas?
generate kemana: Ahmad membawa tas sekolah ke ruang kelas.,Ke mana Ahmad membawa tas sekolah?
generate apa: Ibu memasak sup hangat di dapur rumah.,Apa yang memasak sup hangat di dapur rumah?
generate apa: Ibu memasak sup hangat di dapur rumah.,Apa yang Ibu pasak di dapur rumah?
generate dimana: Ibu memasak sup hangat di dapur rumah.,Di mana Ibu memasak sup hangat?
generate siapa: Pada siang hari Ahmad bermain lompat tali dengan teman teman.,Siapa yang bermain lompat tali pada siang hari dengan teman?
generate apa: Pada siang hari Ahmad bermain lompat tali dengan teman teman.,Apa yang Ahmad main pada siang hari dengan teman?
generate kapan: Pada siang hari Ahmad bermain lompat tali dengan teman teman.,Kapan Ahmad bermain lompat tali?
generate siapa: Ahmad mengambil pensil dari dalam laci meja.,Siapa yang mengambil pensil dari dalam laci meja?
generate apa: Ahmad mengambil pensil dari dalam laci meja.,Apa yang Ahmad ambil dari dalam laci meja?
generate darimana: Ahmad mengambil pensil dari dalam laci meja.,Dari mana Ahmad mengambil pensil?
generate apa: Burung pipit hinggap di atas pagar kayu.,Apa yang hinggap di atas pagar kayu?
generate dimana: Burung pipit hinggap di atas pagar kayu.,Di mana Burung pipit hinggap ?
generate siapa: Pada sore hari Ahmad menyiram bunga dengan hati hati.,Siapa yang menyiram bunga pada sore hari dengan hati?
generate apa: Pada sore hari Ahmad menyiram bunga dengan hati hati.,Apa yang Ahmad siram pada sore hari dengan hati?
generate siapa: Ayah pulang dari kantor desa.,Siapa yang pulang dari kantor desa?
generate darimana: Ayah pulang dari kantor desa.,Dari mana Ayah pulang ?
generate siapa: Ahmad menulis tugas sekolah dengan rapi.,Siapa yang menulis tugas sekolah dengan rapi?
generate apa: Ahmad menulis tugas sekolah dengan rapi.,Apa yang Ahmad tulis dengan rapi?
generate siapa: Pada malam hari Ahmad belajar dengan tenang.,Siapa yang belajar pada malam hari dengan tenang?
generate kapan: Pada malam hari Ahmad belajar dengan tenang.,Kapan Ahmad belajar ?
generate apa: Kucing kecil tidur di dekat kursi tamu.,Apa yang tidur di dekat kursi tamu?
generate dimana: Kucing kecil tidur di dekat kursi tamu.,Di mana Kucing kecil tidur ?
generate siapa: Ahmad membeli roti dari toko dekat rumah.,Siapa yang membeli roti dari toko dekat rumah?
generate apa: Ahmad membeli roti dari toko dekat rumah.,Apa yang Ahmad beli dari toko dekat rumah?
generate darimana: Ahmad membeli roti dari toko dekat rumah.,Dari mana Ahmad membeli roti?
generate siapa: Pelangi muncul di langit cerah.,Siapa yang muncul di langit cerah?
generate dimana: Pelangi muncul di langit cerah.,Di mana Pelangi muncul ?
generate siapa: Pada pagi hari Ahmad membantu ibu dengan senang hati.,Siapa yang membantu ibu pada pagi hari dengan senang hati?
generate apa: Pada pagi hari Ahmad membantu ibu dengan senang hati.,Apa yang Ahmad bantu pada pagi hari dengan senang hati?
generate kapan: Pada pagi hari Ahmad membantu ibu dengan senang hati.,Kapan Ahmad membantu ibu?
generate siapa: Adik berjalan ke halaman belakang rumah.,Siapa yang berjalan ke halaman belakang rumah?
generate kemana: Adik berjalan ke halaman belakang rumah.,Ke mana Adik berjalan ?
generate apa: Bapak ingin membeli sepeda untuk pergi ke kantor.Sepeda lipat ini lebih praktis dan nyaman dikendarai.,Apa yang ingin membeli pergi sepeda ke kantor dan?
generate apa: Bapak ingin membeli sepeda untuk pergi ke kantor.Sepeda lipat ini lebih praktis dan nyaman dikendarai.,Apa yang Bapak lipat ini beli ke kantor dan?
generate kemana: Bapak ingin membeli sepeda untuk pergi ke kantor.Sepeda lipat ini lebih praktis dan nyaman dikendarai.,Ke mana Bapak lipat ini ingin membeli pergi sepeda?
"generate apa: Pagi-pagi sekali, Bapak berangkat ke kantor dengan sepeda barunya.Bapak tidak bisa mengantar anak-anak ke sekolah.","Apa yang berangkat pagi-pagi sekali , sekali ke kantor ke dengan sepeda baru nya tidak?"
"generate kapan: Pagi-pagi sekali, Bapak berangkat ke kantor dengan sepeda barunya.Bapak tidak bisa mengantar anak-anak ke sekolah.",Kapan Bapak Bapak tidak bisa anak-anak . berangkat ?
"generate kemana: Pagi-pagi sekali, Bapak berangkat ke kantor dengan sepeda barunya.Bapak tidak bisa mengantar anak-anak ke sekolah.",Ke mana Bapak Bapak tidak bisa anak-anak . berangkat ?
generate siapa: Mereka harus berjalan kaki.,Siapa yang harus berjalan kaki?
generate apa: Mereka harus berjalan kaki.,Apa yang Mereka jalan?
"generate siapa: Sorenya, Bapak pulang naik taksi.","Siapa yang pulang naik taksi sore ,?"
"generate apa: Sorenya, Bapak pulang naik taksi.","Apa yang Bapak pulang sore ,?"
generate siapa: Bapak menatap Bobo.,Siapa yang menatap Bobo?
generate siapa: Bapak menatap Bobo.,Siapa yang Bapak tatap?
generate siapa: Aku lupa kalau membawa sepeda.,Siapa yang lupa?
"generate siapa: Menjelang malam, Bapak pulang naik sepeda.","Siapa yang pulang naik sepeda menjelang malam ,?"
"generate apa: Menjelang malam, Bapak pulang naik sepeda.","Apa yang Bapak pulang menjelang malam ,?"
"generate kapan: Menjelang malam, Bapak pulang naik sepeda.",Kapan Bapak pulang naik sepeda?
generate siapa: Aku bawa layar hijau.,Siapa yang bawa layar hijau?
generate apa: Aku bawa layar hijau.,Apa yang Aku bawa?
generate siapa: Video yang latar belakangnya layar hijau bisa kita padukan dengan gambar lain.,Siapa yang bisa padukan dengan gambar lain?
generate siapa: Aku juga mau ikut main.,Siapa yang mau ikut main juga?
generate siapa: Kami mau membuat vlog.,Siapa yang mau membuat vlog?
generate siapa: Tentu saja kalian boleh ikut.,Siapa yang boleh ikut Tentu saja?
generate siapa: Kita semua berdiri di depan layer.,Siapa yang berdiri di depan layer?
generate dimana: Kita semua berdiri di depan layer.,Di mana semua berdiri ?
"generate siapa: Sekarang, kita berbicara bergantian.",Siapa yang berbicara Sekarang bergantian?
generate siapa: Aku tak sabar melihat hasilnya.,Siapa yang melihat hasil nya tak sabar?
generate apa: Aku tak sabar melihat hasilnya.,Apa yang Aku lihat tak sabar?
generate siapa: Kita lihat hasilnya.,Siapa yang lihat hasil nya?
generate apa: Kita lihat hasilnya.,Apa yang Kita lihat?
generate siapa: Bobo mendengarkan cerita.,Siapa yang mendengarkan cerita?
generate apa: Bobo mendengarkan cerita.,Apa yang Bobo dengarkan?
generate siapa: Kita harus membuat rencana.,Siapa yang harus membuat rencana?
generate apa: Kita harus membuat rencana.,Apa yang Kita buat?
generate apa: Keluarga Kelinci pun naik kereta api Bersama.Mereka berkumpul di gerbong.,Apa yang naik kereta api Bersama gerbong?
generate siapa: Keluarga Kelinci pun naik kereta api Bersama.Mereka berkumpul di gerbong.,Siapa yang Keluarga Kelinci Mereka gerbong . naik gerbong?
generate apa: Nenek pandai membuat kue yang lezat.,Apa yang membuat kue yang lezat?
generate apa: Nenek pandai membuat kue yang lezat.,Apa yang Nenek pandai buat?
generate apa: Paman pandai memakan kue.,Apa yang memakan kue?
generate apa: Paman pandai memakan kue.,Apa yang Paman pandai makan?
